:020000040800F2
:100000000000042079B5010845B2010847B2010893
:100010005BB201085DB201085FB20108C9B5010811
:10002000000000000000000000000000C193010873
:1000300061B201080000000075930108D99301081E
:1000400065B20108C9B50108C9B50108C9B50108FB
:10005000C9B50108C9B50108C9B50108C9B5010884
:10006000C9B50108C9B50108C9B5010891EC010875
:10007000CDEC010809ED010845ED010881ED01080D
:10008000BDED0108F9ED010835EE010871EE01083A
:10009000ADEE0108E9EE010825EF010861EF010866
:1000A0009DEF0108D9EF010815F00108C9B5010855
:1000B0000000000075B2010885B2010895B2010880
:1000C000A5B20108B5B20108C5B20108D5B2010850
:1000D000E5B20108F5B20108C9B50108C9B50108C2
:1000E000C9B50108C9B50108C9B50108C9B50108F4
:1000F000C9B50108C9B50108C9B50108C9B50108E4
:1001000005B3010815B30108C9B50108C9B501084F
:10011000C9B50108C9B50108C9B5010825B3010869
:1001200035B30108C9B50108C9B50108C9B5010849
:1001300045B3010855B301080000000065B301088C
:1001400075B30108C9B50108C9B50108C9B50108E9
:10015000C9B50108C9B50108C9B50108C9B5010883
:10016000C9B50108C9B50108C9B5010800000000FA
:10017000C9B50108C9B50108C9B5010800000000EA
:10018000C9B50108C9B50108C9B50108C9B5010853
:10019000C9B50108C9B50108C9B50108C9B5010843
:1001A000C9B50108C9B50108C9B5010800000000BA
:1001B000C9B5010800000000C9B50108C9B50108AA
:1001C000C9B5010800000000C9B50108C9B501089A
:1001D000C9B50108C9B50108C9B50108C9B5010803
:1001E000000000000000000000000000C9B5010888
:1001F0000000000000000000C9B50108C9B50108F1
:10020000C9B50108C9B50108C9B50108C9B50108D2
:10021000C9B50108C9B5010800000000C9B5010849
:10022000000000000000000000000000C9B5010847
:08023000C9B50108C9B50108B8
:1002380053B94AB9002908BF00281CBF4FF0FF3145
:100248004FF0FF3000F0E2B8ADF1080C6DE904CED4
:1002580029F0FCFBDDF804E0DDE9022304B0704777
:1002680000F1340191E838009C46A6464CF8045D3C
:1002780090E8FF0FE54600BD90EC210B704700BFEA
:1002880080EC210B704700BF90EC200B704700BF3B
:1002980080EC200B704700BFD0EC200B704700BFEC
:1002A800C0EC200B704700BFF0EC0201F0EC02112B
:1002B800F0EC0221F0EC0231F0EC0241F0EC0251DA
:1002C800F0EC0261F0EC0271F0EC0281F0EC0291CA
:1002D800F0EC02A1F0EC02B1F0EC02C1F0EC02D1BA
:1002E800F0EC02E1F0EC02F1704700BFE0EC020133
:1002F800E0EC0211E0EC0221E0EC0231E0EC02411A
:10030800E0EC0251E0EC0261E0EC0271E0EC028109
:10031800E0EC0291E0EC02A1E0EC02B1E0EC02C1F9
:10032800E0EC02D1E0EC02E1E0EC02F1704700BF42
:10033800B0FC0181B0FC0191B0FC01A1B0FC01B19D
:10034800704700BFA0FC0181A0FC0191A0FC01A1A5
:10035800A0FC01B1704700BFEC4600B52DE9005084
:100368002DE9FF1F4FF000032DE90C0001A929F02A
:100378004BFEDDF840E012B0704700BFEC4600B518
:100388002DE900502DE9FF1F4FF000032DE90C0067
:1003980001A929F077FEDDF840E012B0704700BFF0
:1003A800EC4600B52DE900502DE9FF1F4FF0000382
:1003B8002DE90C0001A929F087FEDDF840E012B014
:1003C800704700BFEC4600B52DE900502DE9FF1F2E
:1003D8004FF000032DE90C0001AB29F049FEDDF8D0
:1003E80040E012B0704700BFEC4600B52DE9005060
:1003F8002DE9FF1F4FF000032DE90C0001AA29F099
:10040800BDFEDDF840E012B0704700BF704700BF86
:1004180010F8012B11F8013B012A28BF9A42F7D0A6
:10042800D01A7047034613F8012B002AFBD1181A7B
:10043800013870470348044B834202D0034B03B191
:1004480018477047F4000020F40000200000000066
:10045800064B0749C91A891048BF0131491003D012
:10046800044B0BB101481847704700BFF400002047
:10047800F40000200000000010B5064C237843B9B2
:10048800FFF7D8FF044B13B10448AFF300800123F2
:10049800237010BDF8000020000000003CCA0208CC
:1004A80008B5054B1BB105490548AFF30080BDE809
:1004B8000840FFF7CDBF00BF00000000FC0000208F
:1004C8003CCA020880B400AF184BD3F88830174AEA
:1004D80043F47003C2F88830154B01221A60144B9C
:1004E8000022DA61124B00221A62114B00225A6272
:1004F8000F4B1B680E4A23F0A85323F410231360F4
:100508000B4B00229A620A4B1B68094A23F480238A
:100518001360074B00221A65044B4FF000629A6083
:1005280000BFBD465DF8047B704700BF00ED00E0EA
:10053800000C024680B582B000AF78607B68002B63
:1005480001D1012354E07B6893F83D30DBB2002BE6
:1005580011D17B68002283F83C20786800F022FFE4
:100568007B68DB6C002B02D17B68234ADA647B68EA
:10057800DB6C786898477B68022283F83D207B68AB
:100588001A687B6804331946104600F00DFD7B6835
:10059800012283F848207B68012283F83E207B688B
:1005A800012283F83F207B68012283F840207B6882
:1005B800012283F841207B68012283F842207B686E
:1005C800012283F843207B68012283F844207B685A
:1005D800012283F845207B68012283F846207B6846
:1005E800012283F847207B68012283F83D200023FD
:1005F80018460837BD4680BD4DAA010880B485B0AD
:1006080000AF78607B6893F83D30DBB2012B01D0F6
:10061800012372E07B68022283F83D207B681B6817
:10062800DA687B681B6842F00102DA607B681B6845
:10063800354A934240D07B681B68344A93423BD08A
:100648007B681B68B3F1804F36D07B681B68B3F1B9
:10065800A04F31D07B681B682D4A93422CD07B6811
:100668001B682C4A934227D07B681B682A4A93420E
:1006780022D07B681B68294A93421DD07B681B687F
:10068800274A934218D07B681B68264A934213D0A6
:100698007B681B68244A93420ED07B681B68234AF8
:1006A800934209D07B681B68214A934204D07B6837
:1006B8001B68204A934215D17B681B689A681E4BB9
:1006C8001340FB60FB68062B15D0FB68B3F5803F31
:1006D80011D07B681B681A687B681B6842F00102AE
:1006E8001A6008E07B681B681A687B681B6842F020
:1006F80001021A6000E000BF002318461437BD4607
:100708005DF8047B704700BF002C0140002C0150AD
:100718000004004000040050000800400008005099
:10072800000C0040000C005000340140003401501F
:1007380000400140004001500700010080B584B02E
:1007480000AF78607B681B68DB68FB607B681B68B0
:100758001B69BB60BB6803F00203002B26D0FB6853
:1007680003F00203002B21D07B681B686FF00202A4
:100778001A617B6801221A777B681B689B6903F002
:100788000303002B05D07B68D3F89430786898472A
:1007980009E07B68D3F89C30786898477B68D3F881
:1007A800A030786898477B6800221A77BB6803F006
:1007B8000403002B26D0FB6803F00403002B21D090
:1007C8007B681B686FF004021A617B6802221A7743
:1007D8007B681B689B6903F44073002B05D07B681A
:1007E800D3F894307868984709E07B68D3F89C3050
:1007F800786898477B68D3F8A030786898477B6812
:1008080000221A77BB6803F00803002B26D0FB6888
:1008180003F00803002B21D07B681B686FF00802E7
:100828001A617B6804221A777B681B68DB6903F00E
:100838000303002B05D07B68D3F894307868984779
:1008480009E07B68D3F89C30786898477B68D3F8D0
:10085800A030786898477B6800221A77BB6803F055
:100868001003002B26D0FB6803F01003002B21D0C7
:100878007B681B686FF010021A617B6808221A7780
:100888007B681B68DB6903F44073002B05D07B6829
:10089800D3F894307868984709E07B68D3F89C309F
:1008A800786898477B68D3F8A030786898477B6861
:1008B80000221A77BB6803F00103002B0ED0FB68F7
:1008C80003F00103002B09D07B681B686FF001025D
:1008D8001A617B68D3F8843078689847BB6803F05E
:1008E8008003002B04D1BB6803F40053002B0ED007
:1008F800FB6803F08003002B09D07B681B686FF44A
:1009080002521A617B68D3F8B43078689847BB689C
:1009180003F48073002B0ED0FB6803F08003002BD8
:1009280009D07B681B686FF480721A617B68D3F802
:10093800B83078689847BB6803F04003002B0ED0A6
:10094800FB6803F04003002B09D07B681B686FF03D
:1009580040021A617B68D3F88C3078689847BB6886
:1009680003F02003002B0ED0FB6803F02003002BBC
:1009780009D07B681B686FF020021A617B68D3F886
:10098800AC3078689847BB6803F48013002B0ED00E
:10099800FB6803F48013002B09D07B681B686FF495
:1009A80080121A617B68D3F8BC3078689847BB68B6
:1009B80003F40013002B0ED0FB6803F40013002B84
:1009C80009D07B681B686FF400121A617B68D3F842
:1009D800C03078689847BB6803F48003002B0ED0BA
:1009E800FB6803F48003002B09D07B681B686FF455
:1009F80080021A617B68D3F8C43078689847BB686E
:100A080003F40003002B0ED0FB6803F40003002B53
:100A180009D07B681B686FF400021A617B68D3F801
:100A2800C8307868984700BF1037BD4680BD0000C1
:100A380080B584B000AF786039600023FB737B68B1
:100A480093F83C30012B01D10223E6E07B680122B8
:100A580083F83C207B68022283F83D207B681B6872
:100A68009B68BB60BB6823F4441323F07703BB6027
:100A7800BB6823F47F43BB607B681B68BA689A60D5
:100A88003B681B68674A934200F0B180654A93420D
:100A980000F2B680644A934200F0A980624A934209
:100AA80000F2AE80614A934200F0A1805F4A93420F
:100AB80000F2A6805E4A934200F099805C4A934215
:100AC80000F29E80B3F1101F00F09180B3F1101F67
:100AD80000F29680B3F5801F00F08980B3F5801F7F
:100AE80000F28E80B3F5005F3ED0B3F5005F00F2F0
:100AF8008780B3F5805F00F08680B3F5805F7FD88C
:100B0800702B1AD0702B7BD8602B50D0602B77D8E5
:100B1800502B3CD0502B73D8402B58D0402B6FD83B
:100B2800302B64D0302B6BD8202B60D0202B67D88B
:100B3800002B5CD0102B5AD062E07B6818683B68A9
:100B480099683B685A683B68DB6800F00AFC7B6878
:100B58001B689B68BB60BB6843F07703BB607B681E
:100B68001B68BA689A604FE07B6818683B689968A8
:100B78003B685A683B68DB6800F0F3FB7B681B68DE
:100B88009A687B681B6842F480429A603CE07B6804
:100B980018683B6859683B68DB681A4600F004FB34
:100BA8007B681B685021184600F0BEFB2CE07B6870
:100BB80018683B6859683B68DB681A4600F066FBB2
:100BC8007B681B686021184600F0AEFB1CE07B6860
:100BD80018683B6859683B68DB681A4600F0E4FA15
:100BE8007B681B684021184600F09EFB0CE07B6880
:100BF8001A683B681B681946104600F095FB03E02D
:100C08000123FB7300E000BF7B68012283F83D20CD
:100C18007B68002283F83C20FB7B18461037BD46D2
:100C280080BD00BF700010004000100030001000B0
:100C38002000100080B483B000AF786000BF0C378C
:100C4800BD465DF8047B704780B483B000AF786020
:100C580000BF0C37BD465DF8047B704780B483B095
:100C680000AF786000BF0C37BD465DF8047B704765
:100C780080B483B000AF786000BF0C37BD465DF824
:100C8800047B704780B483B000AF786000BF0C3736
:100C9800BD465DF8047B704780B483B000AF7860D0
:100CA80000BF0C37BD465DF8047B704780B483B045
:100CB80000AF786000BF0C37BD465DF8047B704715
:100CC80080B483B000AF786000BF0C37BD465DF8D4
:100CD800047B704780B483B000AF786000BF0C37E6
:100CE800BD465DF8047B704780B487B000AFF860FC
:100CF8000B467A60FB720023FB757B68002B01D1E1
:100D080001234AE1FB6893F83D30DBB2012B40F048
:100D1800DD80FB7A1F2B00F2D68001A252F823F067
:100D2800A90D0008B10D0008B90D0008C10D000893
:100D3800C90D0008D10D0008D90D0008E10D000803
:100D4800E90D0008F10D0008F90D0008010E000872
:100D5800090E0008110E00081B0E0008250E0008D9
:100D68002F0E0008390E0008430E00084D0E00082B
:100D7800570E0008610E00086B0E0008750E00087B
:100D88007F0E0008890E0008930E00089D0E0008CB
:100D9800A70E0008B10E0008BB0E0008C50E00081B
:100DA800FB687A68DA64F7E0FB687A681A65F3E04A
:100DB800FB687A685A65EFE0FB687A689A65EBE049
:100DC800FB687A68DA65E7E0FB687A681A66E3E048
:100DD800FB687A685A66DFE0FB687A689A66DBE047
:100DE800FB687A68DA66D7E0FB687A681A67D3E046
:100DF800FB687A685A67CFE0FB687A689A67CBE045
:100E0800FB687A68DA67C7E0FB687A68C3F880200D
:100E1800C2E0FB687A68C3F88420BDE0FB687A68A2
:100E2800C3F88820B8E0FB687A68C3F88C20B3E080
:100E3800FB687A68C3F89020AEE0FB687A68C3F86C
:100E48009420A9E0FB687A68C3F89820A4E0FB68BE
:100E58007A68C3F89C209FE0FB687A68C3F8A020F2
:100E68009AE0FB687A68C3F8A42095E0FB687A6882
:100E7800C3F8A82090E0FB687A68C3F8AC208BE040
:100E8800FB687A68C3F8B02086E0FB687A68C3F824
:100E9800B42081E0FB687A68C3F8B8207CE0FB687E
:100EA8007A68C3F8BC2077E0FB687A68C3F8C0208A
:100EB80072E0FB687A68C3F8C4206DE0FB687A6862
:100EC800C3F8C82068E00123FB7565E0FB6893F868
:100ED8003D30DBB2002B5DD1FB7A0D2B57D801A238
:100EE80052F823F0250F00082D0F0008350F0008D1
:100EF8003D0F0008450F00084D0F0008550F00086A
:100F08005D0F0008650F00086D0F0008750F0008D9
:100F18007D0F0008850F00088D0F0008FB687A68B0
:100F2800DA6439E0FB687A681A6535E0FB687A6844
:100F38005A6531E0FB687A689A652DE0FB687A6843
:100F4800DA6529E0FB687A681A6625E0FB687A6842
:100F58005A6621E0FB687A689A661DE0FB687A6841
:100F6800DA6619E0FB687A681A6715E0FB687A6840
:100F78005A6711E0FB687A689A670DE0FB687A683F
:100F8800DA6709E0FB687A68C3F8802004E0012387
:100F9800FB7501E00123FB75FB7D18461C37BD4638
:100FA8005DF8047B704700BF80B485B000AF7860FF
:100FB80039607B681B68FB607B686B4A93422BD067
:100FC8007B686A4A934227D07B68B3F1804F23D06D
:100FD8007B68B3F1A04F1FD07B68654A93421BD052
:100FE8007B68644A934217D07B68634A934213D064
:100FF8007B68624A93420FD07B68614A93420BD068
:101008007B68604A934207D07B685F4A934203D06B
:101018007B685E4A934208D1FB6823F07003FB604B
:101028003B685B68FA681343FB607B684E4A9342EF
:1010380043D07B684D4A93423FD07B68B3F1804FE1
:101048003BD07B68B3F1A04F37D07B68484A9342C6
:1010580033D07B68474A93422FD07B68464A9342F5
:101068002BD07B68454A934227D07B68444A9342F9
:1010780023D07B68434A93421FD07B68424A9342FD
:101088001BD07B68414A934217D07B68404A934201
:1010980013D07B683F4A93420FD07B683E4A934205
:1010A8000BD07B683D4A934207D07B683C4A934209
:1010B80003D07B683B4A934208D1FB6823F4407312
:1010C800FB603B68DB68FA681343FB60FB6823F04E
:1010D80080023B685B691343FB603B689A687B68E6
:1010E800DA623B681A687B689A627B681E4A934298
:1010F80023D07B681D4A93421FD07B68224A9342C3
:101108001BD07B68214A934217D07B68204A9342C0
:1011180013D07B681F4A93420FD07B681E4A9342C4
:101128000BD07B681D4A934207D07B681C4A9342C8
:1011380003D07B681B4A934203D13B681A697B68DA
:101148001A637B681B6843F004027B681A607B683B
:1011580001225A617B68FA681A6000BF1437BD46DD
:101168005DF8047B704700BF002C0140002C015043
:10117800000400400004005000080040000800502F
:10118800000C0040000C00500034014000340150B5
:10119800004001400040015000440140004401501B
:1011A800004801400048015080B487B000AFF860A3
:1011B800B9607A60FB681B6A7B61FB681B6A23F075
:1011C8000102FB681A62FB68264A934223D0FB6837
:1011D800254A93421FD0FB68244A93421BD0FB68E0
:1011E800234A934217D0FB68224A934213D0FB68E4
:1011F800214A93420FD0FB68204A93420BD0FB68E8
:101208001F4A934207D0FB681E4A934203D0FB68EB
:101218001D4A934205D1FB681B6A23F00402FB6850
:101228001A62FB689B693B613B6923F0F0033B61F1
:101238007B681B013A6913433B617B6923F00A030E
:101248007B617A69BB6813437B61FB683A699A6181
:10125800FB687A691A6200BF1C37BD465DF8047BDB
:10126800704700BF002C0140002C015000340140A1
:10127800003401500040014000400150004401404A
:1012880000440150004801400048015080B487B034
:1012980000AFF860B9607A60FB681B6A7B61FB6825
:1012A8001B6A23F01002FB681A62FB681A4A934211
:1012B8000BD0FB68194A934207D0FB68184A93423F
:1012C80003D0FB68174A934205D1FB681B6A23F0D9
:1012D8004002FB681A62FB689B693B613B6923F427
:1012E80070433B617B681B033A6913433B617B692D
:1012F80023F0A0037B61BB681B017A6913437B6100
:10130800FB683A699A61FB687A691A6200BF1C3700
:10131800BD465DF8047B7047002C0140002C01504D
:10132800003401400034015080B485B000AF7860CB
:1013380039607B689B68FB60FB6823F4401323F0EB
:101348007003FB603A68FB68134343F00703FB60D4
:101358007B68FA689A6000BF1437BD465DF8047B65
:10136800704780B487B000AFF860B9607A603B60BE
:10137800FB689B687B617B6923F47F437B613B68E7
:101388001A027B681A43BB6813437A6913437B616B
:10139800FB687A699A6000BF1C37BD465DF8047B1C
:1013A8007047000080B483B000AF78607B68264A3D
:1013B800C3F884207B68254AC3F888207B68244AC0
:1013C800C3F88C207B68234AC3F890207B68224AA4
:1013D800C3F894207B68214AC3F898207B68204A88
:1013E800C3F89C207B681F4AC3F8A0207B681E4A6C
:1013F800C3F8A4207B681D4AC3F8A8207B681C4A50
:10140800C3F8AC207B681B4AC3F8B0207B681A4A33
:10141800C3F8B4207B68194AC3F8B8207B68184A17
:10142800C3F8BC207B68174AC3F8C0207B68164AFB
:10143800C3F8C4207B68154AC3F8C82000BF0C371E
:10144800BD465DF8047B704795A101083D0C000876
:10145800B50C0008C90C0008650C0008790C0008D8
:10146800510C00088D0C0008A10C0008DD0C0008C8
:101478001D16000831160008451600085916000800
:101488006D1600088116000895160008A9160008B0
:1014980080B485B000AF786039607B6893F83C30E1
:1014A800012B01D1022397E07B68012283F83C20BD
:1014B8007B68022283F83D207B681B685B68FB60C1
:1014C8007B681B689B68BB607B681B68454A9342C6
:1014D8000ED07B681B68444A934209D07B681B681E
:1014E800424A934204D07B681B68414A934208D120
:1014F800FB6823F47003FB603B685B68FA6813437E
:10150800FB60FB6823F0007323F07003FB603B680B
:101518001B68FA681343FB607B681B68FA685A60AB
:101528007B681B682F4A934240D07B681B682E4A11
:1015380093423BD07B681B68B3F1804F36D07B6801
:101548001B68B3F1A04F31D07B681B68294A9342CE
:101558002CD07B681B68284A934227D07B681B687D
:10156800264A934222D07B681B68254A93421DD0A5
:101578007B681B68234A934218D07B681B68224A01
:10158800934213D07B681B68184A93420ED07B683D
:101598001B68174A934209D07B681B681B4A934211
:1015A80004D07B681B681A4A93420CD1BB6823F0AD
:1015B8008003BB603B689B68BA681343BB607B6869
:1015C8001B68BA689A607B68012283F83D207B68B3
:1015D800002283F83C20002318461437BD465DF8E6
:1015E800047B7047002C0140002C0150003401405E
:1015F800003401500004004000040050000800407E
:1016080000080050000C0040000C00500040014051
:101618000040015080B483B000AF786000BF0C3741
:10162800BD465DF8047B704780B483B000AF786036
:1016380000BF0C37BD465DF8047B704780B483B0AB
:1016480000AF786000BF0C37BD465DF8047B70477B
:1016580080B483B000AF786000BF0C37BD465DF83A
:10166800047B704780B483B000AF786000BF0C374C
:10167800BD465DF8047B704780B483B000AF7860E6
:1016880000BF0C37BD465DF8047B704780B483B05B
:1016980000AF786000BF0C37BD465DF8047B70472B
:1016A80080B483B000AF786000BF0C37BD465DF8EA
:1016B800047B704780B483B000AF786039607B6882
:1016C8001B6823F470123B681A437B681A6000BFDA
:1016D8000C37BD465DF8047B704780B483B000AF1B
:1016E800786039607B681B6823F0E0723B681A43B6
:1016F8007B681A6000BF0C37BD465DF8047B7047F5
:1017080080B483B000AF78607B681B6803F0E07337
:1017180018460C37BD465DF8047B704780B485B029
:1017280000AF786039603B68FB607B680A4A934287
:1017380004D1FB68013B03F00C03FB607B68DB68AA
:1017480023F00C02FB681A437B68DA6000BF143789
:10175800BD465DF8047B70470010024680B487B030
:1017680000AFF860B9607A603B60FB6860331A4686
:10177800BB689B0013447B617B691B6803F0E062D4
:101788007B685B0003F078413B680B431A437B6935
:101798001A6000BF1C37BD465DF8047B704780B4F3
:1017A80085B000AF786039607B6860331A463B6863
:1017B8009B001344FB60FB681B68DB0E03F01F03F0
:1017C800BB60BB68092B07D8BB689A060121BB68B8
:1017D80001FA03F3134308E0BB689A060121BB68CA
:1017E80001FA03F3134343F0007318461437BD4658
:1017F8005DF8047B704780B487B000AFF860B960CB
:101808007A60FB6860331A46BB689B0013447B61AF
:101818007B691B6823F080727B681A437B691A60B6
:1018280000BF1C37BD465DF8047B704780B487B0A5
:1018380000AFF860B9607A60FB6860331A46BB682D
:101848009B0013447B617B691B6823F080627B6883
:101858001A437B691A6000BF1C37BD465DF8047BDC
:10186800704780B487B000AFF860B9607A60FB68F1
:1018780060331A46BB689B0013447B617B691B6815
:1018880023F000727B681A437B691A6000BF1C371B
:10189800BD465DF8047B704780B483B000AF7860C4
:1018A80039607B681B6F23F47F5323F03F033A684A
:1018B8001A437B681A677B681B6F23F000433A68FA
:1018C800002A02D04FF0004200E000221A437B6851
:1018D8001A6700BF0C37BD465DF8047B704780B4BB
:1018E80085B000AFF860B9607A60FB685A69BB6878
:1018F80003F00403072101FA03F3DB431A40BB6832
:1019080003F00403796801FA03F31A43FB685A6188
:1019180000BF1437BD465DF8047B704780B483B0C0
:1019280000AF78607B68DB6803F44063002B01D16B
:10193800012300E0002318460C37BD465DF8047B00
:101948007047000080B489B000AFF860B9607A6071
:10195800FB682B4A934220D0FB6830331A46BB6899
:101968001B0A9B0003F00C031344FB61FB691A6814
:10197800BB6803F01F031F2101FA03F3DB431A407E
:101988007B689B0E03F01F01BB6803F01F0301FA7D
:1019980003F31A43FB691A602BE0FB689A6ABB6879
:1019A80003F01F030F2101FA03F3DB431A407B689E
:1019B80023F07F43002B04D17B689B0E03F01F03A9
:1019C80010E07B687B617B6993FAA3F33B613B6919
:1019D800BB61BB69002B01D1202303E0BB69B3FACB
:1019E80083F3DBB2B96801F01F018B401A43FB682F
:1019F8009A6200BF2437BD465DF8047B704700BF7C
:101A08000010024680B487B000AF786039603B6848
:101A180023F07F43002B07D13B689B0E03F01F0385
:101A2800012202FA03F315E03B683B613B6993FA34
:101A3800A3F3FB60FB687B617B69002B01D120234A
:101A480003E07B69B3FA83F3DBB203F01F030122DF
:101A580002FA03F37A68926A1A437B689A6200BFB3
:101A68001C37BD465DF8047B704780B483B000AF77
:101A7800786039607B689A6A3B689B0E03F01F03A5
:101A8800012101FA03F3DB431A407B689A6200BF25
:101A98000C37BD465DF8047B704780B483B000AF57
:101AA80078607B68DB6803F0030318460C37BD4693
:101AB8005DF8047B704780B483B000AF78607B68C2
:101AC800DB6C03F4C073002B01D1012300E0002379
:101AD80018460C37BD465DF8047B704780B48BB060
:101AE80000AFF860B9607A60FB682D4A934242D033
:101AF800BB6823F07F43002B04D1BB689B0E03F027
:101B08001F0211E0BB68BB61BB6993FAA3F37B6159
:101B18007B69FB61FB69002B01D1202303E0FB6992
:101B2800B3FA83F3DBB21A46BB685B0E03F001011C
:101B38000B469B000B445B00D21A13465B00134410
:101B48007B62FB6814331A46BB685B0E9B0003F08C
:101B5800040313443B623B6A1A6807217B6A01FA53
:101B680003F3DB431A4079687B6A01FA03F31A43EB
:101B78003B6A1A600EE0FB685A69BB681B02DB43CC
:101B88001A40BB6819027B680B4023F0FF031A4315
:101B9800FB685A6100BF2C37BD465DF8047B70476F
:101BA8000010024680B485B000AFF860B9607A6072
:101BB800FB68D3F8C020BB6823F07F43DB431A409F
:101BC8007B6803F018030849D940BB680B4023F031
:101BD8007F431A43FB68C3F8C02000BF1437BD46D3
:101BE8005DF8047B704700BFFFFF0F0080B483B02F
:101BF80000AF78607B689B6823F0204323F03F03A5
:101C08007A68936000BF0C37BD465DF8047B704767
:101C180080B483B000AF78607B689B6803F00053A2
:101C2800B3F1005F01D1012300E0002318460C370F
:101C3800BD465DF8047B704780B483B000AF786020
:101C48007B689B6823F0104323F03F0343F08052E6
:101C58007B689A6000BF0C37BD465DF8047B70470F
:101C680080B483B000AF78607B689B6803F08053D2
:101C7800B3F1805F01D1012300E0002318460C373F
:101C8800BD465DF8047B704780B483B000AF7860D0
:101C98007B689B6823F0004323F03F0343F0010275
:101CA8007B689A6000BF0C37BD465DF8047B7047BF
:101CB80080B483B000AF78607B689B6823F00043F2
:101CC80023F03F0343F002027B689A6000BF0C37A1
:101CD800BD465DF8047B704780B483B000AF786080
:101CE8007B689B6803F00103012B01D1012300E00D
:101CF800002318460C37BD465DF8047B704780B456
:101D080083B000AF78607B689B6803F00203022B06
:101D180001D1012300E0002318460C37BD465DF8C9
:101D2800047B704780B483B000AF78607B689B68A1
:101D380023F0004323F03F0343F004027B689A60DA
:101D480000BF0C37BD465DF8047B704780B483B094
:101D580000AF78607B689B6823F0004323F03F0363
:101D680043F010027B689A6000BF0C37BD465DF8EF
:101D7800047B704780B483B000AF78607B689B6851
:101D880003F00403042B01D1012300E000231846CB
:101D98000C37BD465DF8047B704780B483B000AF54
:101DA80078607B689B6823F0004323F03F0343F08F
:101DB80020027B689A6000BF0C37BD465DF8047B43
:101DC800704780B483B000AF78607B689B6803F08D
:101DD8000803082B01D1012300E0002318460C3723
:101DE800BD465DF8047B704780B58AB000AF786067
:101DF800002387F8273000233B620023FB617B68C0
:101E0800002B01D10123B3E27B681B69002B03D0AF
:101E18007B681B688B4A93427B689B6F002B09D1B8
:101E2800786818F065FB7B680022DA677B68002217
:101E380083F874207B681B681846FFF7E9FE0346A1
:101E4800002B04D07B681B681846FFF7CFFE7B6821
:101E58001B681846FFF704FF0346002B15D17B6863
:101E68001B681846FFF7E8FE774B1B689B09774A03
:101E7800A2FB03239B0901335B00FB6002E0FB68C4
:101E8800013BFB60FB68002BF9D17B681B68184697
:101E9800FFF7E6FE0346002B0ED17B689B6F43F0ED
:101EA80010027B689A677B68DB6F43F001027B68EE
:101EB800DA67012387F827307B681B681846FFF725
:101EC80059FFB8617B689B6F03F01003002B40F04B
:101ED8004482BB69002B40F040827B689B6F23F4EF
:101EE800817343F002027B689A677B681B68184617
:101EF800FFF7F2FE0346002B40D17B681B68514A6E
:101F0800934228D07B681B68514A934209D15048B4
:101F1800FFF7E2FE0346002B0CBF01230023DBB2D0
:101F280008E04848FFF7D8FE0346002B0CBF012302
:101F38000023DBB2002B21D07B681B68444A934204
:101F480001D1444A00E0444A7B685B681946104660
:101F5800FFF7B0FB12E07B681A687B689B6819463C
:101F68001046FFF7DBFB3C4B1B6823F470127B68C1
:101F78005B6803F47013384913430B607B681B6874
:101F8800304A934210D07B6893F824305A037B6818
:101F98005B6C1A437B689B681A437B6893F82C3008
:101FA8001B0413433B6230E07B681B7F9A037B680A
:101FB80093F824305B0313437A68526C002A02D0EA
:101FC8004FF4805200E000221A437B685B691A4391
:101FD8007B681B69002B04DA7B681B6923F00043CC
:101FE80001E04FF400131A437B681B6818498B42C1
:101FF80003D17B6893F8403003E07B6893F8403066
:102008005B0013433A6A13433B627B6893F82C30B6
:10201800012B2FD17B681B680A4A934207D07B6843
:102028001B6B013B5B043A6A13433B6222E07B680B
:1020380093F82430002B11D13B6A43F480333B6280
:1020480018E000BF0010024604000020632D3E0582
:102058000080024208830242081302467B689B6F95
:1020680043F020027B689A677B68DB6F43F00102CC
:102078007B68DA677B681B68924A934218D07B6852
:102088005B6B002B09D07B685B6B03F478727B6811
:102098009B6B13433A6A13433B627B681B68DA689D
:1020A800894B13407A681268396A0B43D36031E070
:1020B8007B685B6B002B09D07B685B6B03F4E07279
:1020C8007B689B6B13433A6A13433B627B681B68CC
:1020D800DA687E4B13407A681268396A0B43D3601A
:1020E8007B681B6A002B08D07B681B68596C7B686F
:1020F8001A6A7B681B680A435A647B68DB6E002B8C
:1021080008D07B681B68596C7B68DA6E7B681B6833
:102118000A435A647B681B686A4A934200F09380BA
:102128007B681B681846FFF725FE78617B681B688B
:102138001846FFF746FE38617B69002B61D13B6981
:10214800002B5ED17B681B7F9A037B681B68604904
:102158008B4202D17B68DB6B02E07B68DB6B5B0048
:1021680013433B627B681B68DB6823F4804323F0DE
:1021780003037A681268396A0B43D3607B68DB68AB
:10218800002B07D07B681A687B68DB681946104605
:10219800FFF782FB7B6893F85430012B1ED17B68D4
:1021A8005B6B002B7B681B681A694A4B13407A6883
:1021B800926D11047A68D26D11437A68126E1143D8
:1021C8007A68526E11437A68926E92080A431A43EB
:1021D8007B681B6842F001021A6107E07B681B6894
:1021E8001A697B681B6822F001021A617B681B6808
:1021F8001B6923F070417B681A6D7B681B680A4372
:102208001A617B681B69012B0CD17B681B681B6BEF
:1022180023F00F017B689B6A5A1E7B681B680A4380
:102228001A6307E07B681B681A6B7B681B6822F0DF
:102238000F021A637B689B6F23F0030343F00102CC
:102248007B689A6792E07B6893F85430012B11D130
:102258007B689A6D7B68DB6D1A437B681B6E1A433B
:102268007B689B6E1343FA691343FB61FB6943F078
:102278000103FB617B681B681A69174B13407A6876
:102288001268F9690B4313617B6818687B689B6C5B
:102298001A460021FFF723FB7B6818687B68DB6C14
:1022A8001A466FF0FB01FFF71AFB7B681B69002BCE
:1022B80014D17B681B689A6A7B681B6862F00F02FE
:1022C8009A6224E00010024613C0F0FF0D80DEFF82
:1022D800008002421EF800FC02FCFFF77B681B69C5
:1022E800B3F5001F13D17B681B689B6A7B689B6AE8
:1022F800013B9B0003F01C036FF00F0202FA03F18D
:102308007B68D3F888207B681B680A439A627B68DD
:102318001B68DA68184B13403A6A9A420BD17B68FB
:102328000022DA677B689B6F23F0030343F0010206
:102338007B689A671AE07B689B6F23F0120343F06F
:1023480010027B689A677B68DB6F43F001027B6849
:10235800DA67012387F8273008E07B689B6F43F032
:1023680010027B689A67012387F8273097F827308F
:1023780018462837BD4680BDF3FF3F8380B584B03B
:1023880000AF78607B681B681846FFF7F3FC0346CC
:10239800002B5DD17B6893F87430012B01D10223A7
:1023A80059E07B68012283F87420786801F03CFBCF
:1023B8000346FB73FB7B002B45D17B689B6F23F4A3
:1023C800706323F0010343F480727B689A677B682B
:1023D8001B68234A934211D07B689B6F03F4805398
:1023E800B3F5805F06D17B68DB6F23F006027B685C
:1023F800DA6706E07B680022DA6702E07B68002281
:10240800DA677B681B681C221A607B68002283F8E5
:1024180074207B681B68124A93420ED07B681B6845
:10242800DB6803F00073002B07D07B689B6F23F4F5
:10243800405343F480527B689A677B681B68184650
:10244800FFF770FC06E07B68002283F8742001E047
:102458000223FB73FB7B18461037BD4680BD00BFC7
:102468000010024680B584B000AF78607B6893F8AE
:102478007430012B01D1022323E07B68012283F809
:1024880074200321786801F013FA0346FB73FB7B81
:10249800002B11D1786801F037FB0346FB73FB7BF7
:1024A800002B09D17B689B6F23F4885323F0010329
:1024B80043F001027B689A677B68002283F87420E6
:1024C800FB7B18461037BD4680BD000080B586B03E
:1024D80000AF786039607B689B69082B02D10823BC
:1024E8007B6127E07B681B686A4A934211D07B684E
:1024F8001B68DB6803F00103002B07D07B689B6F28
:1025080043F020027B689A670123BEE004237B61C5
:1025180010E07B681B68DB6803F00103002B07D021
:102528007B689B6F43F020027B689A670123ACE0CD
:1025380004237B6103F052FC386121E03B68B3F16E
:10254800FF3F1DD003F04AFC02463B69D31A3A68A4
:102558009A4202D33B68002B12D17B681B681A6829
:102568007B691340002B0BD17B689B6F43F00402FF
:102578007B689A677B68002283F87420032384E0D1
:102588007B681B681A687B691340002BD6D07B6870
:102598009B6F43F400727B689A677B681B681846D8
:1025A800FFF7BCF90346002B6ED07B6893F8243004
:1025B800002B69D17B681B68364A93422ED07B6812
:1025C8001B681B6803F00803082B11D17B689B6FFD
:1025D80023F480727B689A677B689B6F03F480534F
:1025E800002B05D17B689B6F43F001027B689A67DB
:1025F8007B681B68DB68FB607B69082B04D17B6800
:102608001B6808221A603FE0FB6803F48043002B34
:102618003AD17B681B680C221A6035E07B681B681E
:102628001B6803F00803082B26D17B681B68184633
:10263800FFF7A0FB0346002B12D17B681B685A6882
:102648007B681B6822F00C025A607B689B6F23F43E
:10265800807323F0010343F001027B689A670BE063
:102668007B689B6F43F020027B689A677B68DB6F0F
:1026780043F001027B68DA677B681B7F002B03D17C
:102688007B681B680C221A60002318461837BD4661
:1026980080BD00BF0010024680B483B000AF7860F0
:1026A8007B681B681B6C18460C37BD465DF8047BBD
:1026B8007047000080B588B000AF78600023FB61E8
:1026C8007B681B681B68BB617B681B685B687B61F8
:1026D800BB6903F00203002B17D07B6903F00203E8
:1026E800002B12D07B689B6F03F01003002B05D1E1
:1026F8007B689B6F43F400627B689A67786801F097
:1027080015FC7B681B6802221A60BB6903F004038E
:10271800002B04D07B6903F00403002B0BD1BB69A9
:1027280003F00803002B00F0A4807B6903F0080382
:10273800002B00F09E807B689B6F03F01003002B3A
:1027480005D17B689B6F43F400727B689A677B684E
:102758001B683D4A934247D07B681B681846FFF7C1
:10276800DDF80346002B7DD07B681B68DB683B6186
:102778003B6903F40053002B74D17B681B681B680A
:1027880003F00803082B6DD17B681B681846FFF718
:10279800F1FA0346002B1AD17B681B685A687B68DC
:1027A8001B6822F00C025A607B689B6F23F48072CE
:1027B8007B689A677B689B6F03F48053002B51D129
:1027C8007B689B6F43F001027B689A674AE07B68ED
:1027D8009B6F43F010027B689A677B68DB6F43F05E
:1027E80001027B68DA673DE07B681B681846FFF7E3
:1027F80095F80346002B35D07B6893F82430002BDE
:1028080030D17B681B681B6803F00803082B29D1AB
:102818007B681B681846FFF7ADFA0346002B15D1F5
:102828007B681B685A687B681B6822F00C025A6038
:102838007B689B6F23F4807323F0010343F001024C
:102848007B689A670EE000BF001002467B689B6FAA
:1028580043F020027B689A677B68DB6F43F00102D4
:102868007B68DA67786800F057F97B681B680C2288
:102878001A607B681B686D4A93426FD0BB6903F08E
:102888002003002B04D07B6903F02003002B09D11F
:10289800BB6903F04003002B60D07B6903F0400361
:1028A800002B5BD07B689B6F03F01003002B05D1D6
:1028B8007B689B6F43F400527B689A677B681B6850
:1028C8001846FFF7F8F8F8607B681B681846FFF7AA
:1028D80025F8B8607B681B68DB683B61FB68002BE8
:1028E80035D03B6903F00073002B07D0BB68002B81
:1028F8002DD03B6903F40053002B28D17B681B685B
:102908001B6803F04003402B21D17B681B681846E5
:10291800FFF757FA0346002B19D17B681B685A68E2
:102928007B681B6822F060025A607B689B6F23F407
:1029380080527B689A677B689B6F03F48073002BD7
:1029480005D17B689B6F43F001027B689A677868C2
:1029580001F0CEFA7B681B6860221A60BB6903F03D
:102968008003002B11D07B6903F08003002B0CD06F
:102978007B689B6F43F480327B689A67786800F0C5
:10298800D5F87B681B6880221A60BB6903F48073E2
:10299800002B12D07B6903F48073002B0DD07B6869
:1029A8009B6F43F400327B689A67786801F0AAFA53
:1029B8007B681B684FF480721A60BB6903F400736C
:1029C800002B12D07B6903F40073002B0DD07B68B9
:1029D8009B6F43F480227B689A67786801F09CFAC1
:1029E8007B681B684FF400721A60BB6903F0100320
:1029F800002B3DD07B6903F01003002B38D07B6897
:102A08005B6C002B02D10123FB611BE07B681B6818
:102A1800064A93420CD07B681B68DB6803F003030B
:102A2800002B0FD00123FB610CE000BF0010024611
:102A38007B681B681846FFF730F80346002B01D067
:102A48000123FB61FB69012B0ED17B689B6F43F46B
:102A580080627B689A677B68DB6F43F002027B6861
:102A6800DA67786800F06CF87B681B6810221A60D7
:102A7800BB6903F00103002B1BD07B6903F0010342
:102A8800002B16D07B689B6F03F01003002B05D139
:102A98007B689B6F43F001027B689A67786800F057
:102AA8006DF87B681B685A687B681B6822F0010216
:102AB8005A607B681B68174A934226D1BB6903F4A6
:102AC8000063002B0CD07B6903F40063002B07D054
:102AD800786800F03FF87B681B684FF400621A6062
:102AE800BB6903F48053002B0FD07B6903F4805338
:102AF800002B0AD0786800F037F87B681B685A68A2
:102B08007B681B6822F480525A6000BF2037BD469C
:102B180080BD00BF0010024680B483B000AF78606B
:102B280000BF0C37BD465DF8047B704780B483B0A6
:102B380000AF786000BF0C37BD465DF8047B704776
:102B480080B483B000AF786000BF0C37BD465DF835
:102B5800047B704780B483B000AF786000BF0C3747
:102B6800BD465DF8047B704780B483B000AF7860E1
:102B780000BF0C37BD465DF8047B704780B483B056
:102B880000AF786000BF0C37BD465DF8047B704726
:102B980080B5BCB000AF78603960002387F8EF30AB
:102BA8000023BB607B681B68A84A934203D17B68FB
:102BB8001B69B3F1004F7B6893F87430012B02D185
:102BC800022300F06DBE7B68012283F874207B68C5
:102BD8001B681846FFF7CEF80346002B40F04D86D9
:102BE8007B681B68994A934200F0EA833B681B683C
:102BF80023F07F43002B08D13B681B689B0E03F032
:102C08001F03012202FA03F31DE03B681B68C7F8A3
:102C1800D030D7F8D03093FAA3F3C7F8CC30D7F830
:102C2800CC30C7F8D430D7F8D430002B01D12023CA
:102C380004E0D7F8D430B3FA83F3DBB203F01F0310
:102C4800012202FA03F37A681268D1697A68126875
:102C58000B43D3617B6818683B6859683B681B68FD
:102C68001A46FEF76FFE7B681B681846FFF782F866
:102C7800C7F8E0007B681B681846FFF7A2F8C7F89A
:102C8800DC00D7F8E030002B40F0ED81D7F8DC30DD
:102C9800002B40F0E8817B6818683B6819683B683E
:102CA8009B681A46FEF71AFF3B685A697B681B68DF
:102CB800DB689B0803F003035B0002FA03F3C7F821
:102CC800D8303B681B69042B46D07B6818683B6882
:102CD80019693B681A68D7F8D830FEF73FFD7B685A
:102CE80018683B6819693B68DB691A46FEF783FD7B
:102CF8003B689B7E012B1ED17B6818683B6819696D
:102D08003B685B7E002B02D14FF0007300E000238C
:102D18001A46FEF7A6FD7B6818683B6819693B6888
:102D28005B7E012B02D14FF0806300E000231A463E
:102D3800FEF77CFD97E17B6818683B681B690022F9
:102D48001946FEF78EFD7B6818683B681B690022F0
:102D58001946FEF76BFD86E17B681B680021184663
:102D6800FEF71DFD034623F07F43002B0AD17B6845
:102D78001B6800211846FEF712FD03469B0E03F060
:102D88001F021EE07B681B6800211846FEF707FD3E
:102D98000346C7F8C430D7F8C43093FAA3F3C7F88A
:102DA800C030D7F8C030C7F8C830D7F8C830002BC3
:102DB80001D1202304E0D7F8C830B3FA83F3DBB29B
:102DC8001A463B681B6823F07F43002B05D13B68FC
:102DD8001B689B0E03F01F0318E03B681B68C7F8CD
:102DE800B830D7F8B83093FAA3F3C7F8B430D7F8A7
:102DF800B430C7F8BC30D7F8BC30002B01D1202341
:102E080004E0D7F8BC30B3FA83F3DBB29A4207D1B7
:102E18007B6818683B681A6800230021FEF79EFC4F
:102E28007B681B6801211846FEF7B9FC034623F0AE
:102E38007F43002B0CD17B681B6801211846FEF7E5
:102E4800AEFC03469B0E03F01F0220E00010024672
:102E58007B681B6801211846FEF7A1FC0346C7F8EA
:102E6800AC30D7F8AC3093FAA3F3C7F8A830D7F84A
:102E7800A830C7F8B030D7F8B030002B01D12023E4
:102E880004E0D7F8B030B3FA83F3DBB21A463B68F4
:102E98001B6823F07F43002B05D13B681B689B0E02
:102EA80003F01F0318E03B681B68C7F8A030D7F889
:102EB800A03093FAA3F3C7F89C30D7F89C30C7F832
:102EC800A430D7F8A430002B01D1202304E0D7F890
:102ED800A430B3FA83F3DBB29A4207D17B6818684F
:102EE8003B681A6800230121FEF738FC7B681B68E1
:102EF80002211846FEF753FC034623F07F43002BBC
:102F08000AD17B681B6802211846FEF748FC034675
:102F18009B0E03F01F021EE07B681B680221184607
:102F2800FEF73DFC0346C7F89430D7F8943093FA7F
:102F3800A3F3C7F89030D7F89030C7F89830D7F88F
:102F48009830002B01D1202304E0D7F89830B3FA49
:102F580083F3DBB21A463B681B6823F07F43002BE0
:102F680005D13B681B689B0E03F01F0318E03B6804
:102F78001B68C7F88830D7F8883093FAA3F3C7F8E6
:102F88008430D7F88430C7F88C30D7F88C30002BD1
:102F980001D1202304E0D7F88C30B3FA83F3DBB2F5
:102FA8009A4207D17B6818683B681A680023022197
:102FB800FEF7D4FB7B681B6803211846FEF7EFFB7E
:102FC800034623F07F43002B0AD17B681B6803214B
:102FD8001846FEF7E4FB03469B0E03F01F021AE0B7
:102FE8007B681B6803211846FEF7D9FB0346FB677D
:102FF800FB6F93FAA3F3BB67BB6FC7F88030D7F8B2
:103008008030002B01D1202304E0D7F88030B3FAB8
:1030180083F3DBB21A463B681B6823F07F43002B1F
:1030280005D13B681B689B0E03F01F0311E03B684A
:103038001B683B673B6F93FAA3F3FB66FB6E7B67EA
:103048007B6F002B01D1202303E07B6FB3FA83F35E
:10305800DBB29A4207D17B6818683B681A6800237C
:103068000321FEF77BFB7B681B681846FEF734FEDE
:103078000346002B40F00E847B6818683B6819688B
:103088003B68DB681A46FEF78DFD3B68DB6813F585
:10309800803F40F0D6803B681B6823F07F43002BBD
:1030A8000BD13B681B689B0E013303F01F03092BF0
:1030B80094BF01230023DBB219E03B681B687B66E1
:1030C8007B6E93FAA3F33B663B6EBB66BB6E002B2D
:1030D80001D1202303E0BB6EB3FA83F3DBB20133E3
:1030E80003F01F03092B94BF01230023DBB2002B3D
:1030F8004DD03B681B6823F07F43002B07D13B680A
:103108001B689B0E01339B0603F0F84215E03B68F1
:103118001B68BB65BB6D93FAA3F37B657B6DFB6591
:10312800FB6D002B01D1202303E0FB6DB3FA83F381
:10313800DBB201339B0603F0F8423B681B6823F0BF
:103148007F43002B09D13B681B689B0E013303F0BA
:103158001F03012101FA03F317E03B681B68FB64B6
:10316800FB6C93FAA3F3BB64BB6C3B653B6D002B14
:1031780001D1202303E03B6DB3FA83F3DBB20133C3
:1031880003F01F03012101FA03F313434EE03B68E8
:103198001B6823F07F43002B07D13B681B689B0EFD
:1031A80001339B0603F0F84215E03B681B683B645B
:1031B8003B6C93FAA3F3FB63FB6B7B647B6C002B88
:1031C80001D1202303E07B6CB3FA83F3DBB2013334
:1031D8009B0603F0F8423B681B6823F07F43002BF3
:1031E80009D13B681B689B0E013303F01F030121C3
:1031F80001FA03F317E03B681B687B637B6B93FA68
:10320800A3F33B633B6BBB63BB6B002B01D1202358
:1032180003E0BB6BB3FA83F3DBB2013303F01F03A4
:10322800012101FA03F3134343F00073C7F8E830B0
:103238007B6818683B689B681A46D7F8E810FEF761
:103248004DFC3B681B68002B80F224837B681B685D
:10325800994A934201D1994B00E0994B1846FEF7E1
:103268004FFAC7F8E4007B681B68934A934209D178
:103278009148FEF731FD0346002B0CBF01230023C4
:10328800DBB208E08F48FEF727FD0346002B0CBF92
:1032980001230023DBB2002B00F088803B681B6809
:1032A800894A934232D1D7F8E43003F40003002B63
:1032B8002CD17B681B68804A934205D07B681B68C9
:1032C800804A934240F0E3827B681B687A4A9342C3
:1032D80001D17A4A00E07A4AD7F8E43043F400038F
:1032E80019461046FEF7F9F9784B1B689B09784A8E
:1032F800A2FB03239B0901335B00BB6002E0BB68B0
:10330800013BBB60BB68002BF9D1C0E23B681B687E
:10331800704A934221D1D7F8E43003F08073002B30
:103328001BD17B681B68644A934205D07B681B6885
:10333800644A934240F0AD827B681B685E4A9342C0
:1033480001D15E4A00E05E4AD7F8E43043F080736A
:1033580019461046FEF7C1F99BE23B681B685E4AB6
:10336800934240F09782D7F8E43003F48003002BAF
:1033780040F090827B681B684F4A934205D07B6877
:103388001B68504A934240F085827B681B684A4A12
:10339800934201D1494A00E0494AD7F8E43043F45E
:1033A800800319461046FEF798F973E27B689B6F15
:1033B80043F020027B689A67012387F8EF3069E2BF
:1033C8003B681B68C7F8E8303B685B68022B00F075
:1033D80091817B681B69B3F1004F04D07B681B693E
:1033E8003E4A934207D17B681B68D7F8E810184615
:1033F800FEF708FBB0E07B68D3F888203B685B6881
:1034080003F01F030F2101FA03F3DB431A40D7F837
:10341800E83023F07F43002B05D1D7F8E8309B0E26
:1034280003F01F0311E0D7F8E830BB62BB6A93FAD8
:10343800A3F37B627B6AFB62FB6A002B01D120232A
:1034480003E0FB6AB3FA83F3DBB23968496801F039
:103458001F018B401A437B68C3F888203B685B6870
:103468009B085A1C7B689B6A9A4275D802F0C2FC7A
:103478000346B3F5805F66D8D7F8E83023F07F437A
:10348800002B0AD1D7F8E8309B0E03F01F03132B4B
:103498008CBF01230023DBB22BE0D7F8E830FB61B7
:1034A800FB6993FAA3F3BB61BB693B623B6A002BE0
:1034B80016D1202318E000BF008002420883024290
:1034C8000813024600100246000008CE040000203F
:1034D800632D3E05000004CA010000801000008032
:1034E8003B6AB3FA83F3DBB2132B8CBF01230023AF
:1034F800DBB2002B27D0D7F8E83023F07F43002B2E
:1035080009D1D7F8E8309B0E03F01F03093B0122CD
:1035180002FA03F315E0D7F8E8303B613B6993FA08
:10352800A3F3FB60FB687B617B69002B01D120233F
:1035380003E07B69B3FA83F3DBB2093B012202FAA9
:1035480003F3C7F8E8307B6818683B685B68D7F80E
:10355800E8201946FEF7F6F97B6818683B689B680F
:103568001A46D7F8E810FEF7B9FA3B681B68002B33
:1035780080F290817B681B68974A934201D1974BF0
:1035880000E0974B1846FEF7BBF8C7F8E4003B6825
:103598001B68944A934226D1D7F8E43003F4000319
:1035A800002B20D17B681B688B4A934201D18B4A40
:1035B80000E08B4AD7F8E43043F40003194610467C
:1035C800FEF78BF8884B1B689B09884AA2FB0323EC
:1035D8009B095B00BB6002E0BB68013BBB60BB684A
:1035E800002BF9D167E03B681B68814A934216D1EA
:1035F800D7F8E43003F08073002B10D17B681B6888
:10360800754A934201D1754A00E0754AD7F8E4300B
:1036180043F0807319461046FEF75FF84BE03B68AD
:103628001B68744A934216D1D7F8E43003F4800338
:10363800002B10D17B681B68674A934201D1674A07
:1036480000E0674AD7F8E43043F48003194610468F
:10365800FEF743F82FE03B681B68674A93422AD17C
:10366800D7F8E43003F48003002B24D17B681B686F
:10367800624A93421FD17B681B68574A934201D123
:10368800564A00E0564AD7F8E43043F48003194616
:103698001046FEF722F802F0ADFB0346B3F5805F53
:1036A80009D87B681B68D3F8D0207B681B6842F078
:1036B8000102C3F8D02002F09DFB0346B3F5005F7A
:1036C80040F0E8803B681B684D4A934240F0E28036
:1036D800D7F8E43003F48003002B40F0DB807B68EC
:1036E8001B68D3F8D0207B681B6842F00102C3F83E
:1036F800D020CFE07B681B69B3F1004F04D07B6812
:103708001B69404A934206D17B681B68D7F8E810CA
:103718001846FEF7AAF93B681B68002B80F2BA80AE
:103728007B681B682C4A934201D12C4B00E02C4B40
:103738001846FDF7E5FFC7F8E4003B681B68324A06
:10374800934210D17B681B68234A934201D1234AD4
:1037580000E0234AD7F8E43023F400031946104662
:10376800FDF7BBFF6DE03B681B68284A934210D108
:103778007B681B68184A934201D1184A00E0184A2E
:10378800D7F8E43023F0807319461046FDF7A5FFFB
:1037980057E03B681B68174A934210D17B681B6847
:1037A8000D4A934201D10D4A00E00D4AD7F8E430A2
:1037B80023F4800319461046FDF78FFF41E03B686C
:1037C8001B680D4A93423CD17B681B68024A9342AE
:1037D8001ED1024A1DE000BF008002420883024257
:1037E80008130246002000B604000020632D3E05A1
:1037F800004000BA01000080001000B2001002462C
:10380800000020D710000080000008CE000004CA85
:10381800254AD7F8E43023F4800319461046FDF70B
:103828005CFF02F0E7FA0346B3F5805F09D87B68CE
:103838001B68D3F8D0207B681B6842F00102C3F8EC
:10384800D02002F0D7FA0346B3F5005F22D13B68D7
:103858001B68164A93421DD1D7F8E43003F480035D
:10386800002B17D17B681B68D3F8D0207B681B68B6
:1038780042F00102C3F8D0200CE07B689B6F43F054
:1038880020027B689A67012387F8EF3002E000BFC7
:1038980000E000BF7B68002283F8742097F8EF30BF
:1038A8001846F037BD4680BD08130246000020D7F1
:1038B80080B588B000AF786039600023FB613B6851
:1038C800BB617B681B681846FEF754FA38617B6851
:1038D8001B681846FEF775FAF8603B69002B03D1A0
:1038E800FB68002B00F099807B681B68DB6803F09D
:1038F8000073002B2BD07B6893F82430012B26D142
:103908007B681B7F012B22D10123BB6114E0FB697B
:10391800444A93420DD97B689B6F43F010027B6841
:103928009A677B68DB6F43F001027B68DA670123E3
:1039380074E0FB690133FB617B681B681B6803F05B
:103948004003402BE3D17B681B6840221A60BB69A7
:10395800022B14D07B681B681846FEF70BFA034647
:10396800002B0CD07B681B681846FEF7C8F9034685
:10397800002B04D17B681B681846FEF7E7F9BB6982
:10398800012B14D07B681B681846FEF71AFA034609
:10399800002B0CD07B681B681846FEF7B0F903466D
:1039A800002B04D17B681B681846FEF7F6F9BB6943
:1039B800022B05D0BB69032B05D10C237B6105E0E5
:1039C80008237B6102E004237B6100BF02F006FA52
:1039D800B8601BE002F002FA0246BB68D31A052B56
:1039E80014D97B681B689A687B691340002B0DD03B
:1039F8007B689B6F43F010027B689A677B68DB6F7C
:103A080043F001027B68DA67012307E07B681B68E3
:103A18009A687B691340002BDCD1002318462037B5
:103A2800BD4680BDFFDB0C0080B584B000AF786078
:103A38007B681B681846FEF74FF90346002B5AD1DE
:103A48007B681B689A682E4B1340002B0DD07B684F
:103A58009B6F43F010027B689A677B68DB6F43F0CB
:103A680001027B68DA67012346E07B681B68012254
:103A78001A607B681B681846FEF706F97B681B6AA4
:103A8800002B04D07B681B681E4A934233D002F097
:103A9800A5F9F86028E07B681B681846FEF71CF952
:103AA8000346002B04D17B681B681846FEF7ECF828
:103AB80002F094F90246FB68D31A022B14D97B68EA
:103AC8001B681B6803F00103012B0DD07B689B6FFB
:103AD80043F010027B689A677B68DB6F43F0010252
:103AE8007B68DA67012307E07B681B681B6803F0C3
:103AF8000103012BCFD1002318461037BD4680BDE6
:103B08003F0000800010024680B584B000AF7860A6
:103B18007B681B681846FEF7F2F8F8607B681B683C
:103B28001846FEF7D9F80346002B47D0FB68002B50
:103B380044D17B681B689B6803F00D03012B0CD1F3
:103B48007B681B681846FEF7B3F87B681B6803227E
:103B58001A6002F043F9B86029E07B689B6F43F074
:103B680010027B689A677B68DB6F43F001027B6811
:103B7800DA67012323E002F031F90246BB68D31A61
:103B8800022B14D97B681B689B6803F00103002B88
:103B98000DD07B689B6F43F010027B689A677B6847
:103BA800DB6F43F001027B68DA67012307E07B687B
:103BB8001B689B6803F00103002BDCD10023184627
:103BC8001037BD4680BD000080B483B000AF786078
:103BD80039607B680F4A93420CD07B689A680E4B19
:103BE80013403A6802F48032134343F000427B6882
:103BF8009A6009E07B689B6823F0004323F03F0349
:103C080043F000427B689A6000BF0C37BD465DF800
:103C1800047B704700100246C0FFFE7F80B483B06B
:103C280000AF78607B689B6803F00043B3F1004FF6
:103C380001D1012300E0002318460C37BD465DF88A
:103C4800047B704780B58AB000AFF860B9607A60CD
:103C580000233B61FB6893F87430012B01D10223E8
:103C680038E1FB68012283F87420F868FFF74CFFFD
:103C7800034687F8273097F82730002B40F01E813D
:103C8800FB689B6F23F4885323F0020343F002027E
:103C9800FB689A67FB681B68904A934250D1FB689F
:103CA8001B685B6C03F00103BB61FB681B68DB6886
:103CB80003F003037B61FB681B68DA68FB681B6819
:103CC80022F00302DA60FB681B685A6CFB681B6809
:103CD80022F001025A64FB681B6800211846FFF7AE
:103CE80073FF14E03B6901333B613B697C4A9342B3
:103CF8000DD9FB689B6F23F0120343F01002FB6899
:103D08009A67FB68002283F874200123E2E0FB68CD
:103D18001B681846FFF782FF0346002BE2D1FB68B9
:103D28001B68D968FB681B687A690A43DA60FB6814
:103D38001B68596CFB681B68BA690A435A64B4E08B
:103D4800684B1B68C3F30B033B62664B1B681B0C79
:103D58009BB2FB613B6A40F25542934212D03B6AE8
:103D680040F2764293420DD03B6A40F28142934240
:103D780004D03B6A40F28242934272D1FB69B3F5A8
:103D8800405F6ED3F868FFF74FFE034687F8273089
:103D980097F82730002B40F08880FB681B689B68E9
:103DA80023F07062FB681B6842F010629A60BFF3F0
:103DB8005F8F00BFFB681B68D3F8C830D9B2FB68B7
:103DC8001A68494B0B43C2F8C830BFF35F8F00BF76
:103DD800FB681B68D3F8C420FB681B6842F080723C
:103DE800C3F8C420F868FFF78FFE034687F827302A
:103DF800BB68B3F1011F09D1FB681B689A683B4B8C
:103E08001340FA68126843F480339360FB681B68B8
:103E18009B6823F0004323F03F03FA68126843F0DD
:103E28000043936014E03B6901333B613B692C4AD2
:103E380093420DD9FB689B6F23F0120343F01002E5
:103E4800FB689A67FB68002283F87420012341E02D
:103E5800FB681B681846FFF7E1FE0346002BE2D11A
:103E680023E0FB681B68B9681846FFF7ADFE14E04D
:103E78003B6901333B613B69194A93420DD9FB68A1
:103E88009B6F23F0120343F01002FB689A67FB68EC
:103E9800002283F8742001231CE0FB681B68184685
:103EA800FFF7BCFE0346002BE2D1FB689B6F23F0B3
:103EB800030343F00102FB689A6705E0FB689B6F08
:103EC80043F01002FB689A67FB68002283F87420AD
:103ED80097F8273018462837BD4680BD001002469F
:103EE8007F6B2B02004004E000110203C0FFFE7F3D
:103EF80080B483B000AF786000BF0C37BD465DF872
:103F0800047B704780B483B000AF786000BF0C3783
:103F1800BD465DF8047B704780B483B000AF78601D
:103F280000BF0C37BD465DF8047B704780B483B092
:103F380000AF786000BF0C37BD465DF8047B704762
:103F480080B584B000AF786001F048FFF8607B6806
:103F5800002B01D10123F0E07B681B68794A93426A
:103F680000F09F807B681B68774A934200F0998035
:103F78007B681B68754A934200F093807B681B68D6
:103F8800734A934200F08D807B681B68714A9342A4
:103F980000F087807B681B686F4A934200F081803D
:103FA8007B681B686D4A93427BD07B681B686C4AB0
:103FB800934276D07B681B686A4A934271D07B68CB
:103FC8001B68694A93426CD07B681B68674A9342B6
:103FD80067D07B681B68664A934262D07B681B681F
:103FE800644A93425DD07B681B68634A934258D009
:103FF8007B681B68614A934253D07B681B68604AA0
:1040080093424ED07B681B685E4A934249D07B68D6
:104018001B685D4A934244D07B681B685B4A9342A5
:104028003FD07B681B685A4A93423AD07B681B682A
:10403800584A934235D07B681B68574A934230D020
:104048007B681B68554A93422BD07B681B68544A8F
:10405800934226D07B681B68524A934221D07B68E2
:104068001B68514A93421CD07B681B684F4A934295
:1040780017D07B681B684E4A934212D07B681B6836
:104088004C4A93420DD07B681B684B4A934208D038
:104098007B681B68494A934203D07B681B68484A7F
:1040A80093427B68002283F84C207B6893F8543055
:1040B800DBB2002B0ED17B6800221A667B680022D7
:1040C8005A667B6800229A667B680022DA667B68FB
:1040D80000221A677B68022283F854207B681B68D9
:1040E8005A697B681B6842F006025A610FE001F0CA
:1040F80075FE0246FB68D31A052B08D97B68102287
:104108009A657B68032283F85420012315E07B68B5
:104118001B685B6903F00103002BE8D1786800F0A5
:104128000DFC7B685A6B7B681A657B6800229A6570
:104138007B68012283F85420002318461037BD46B7
:1041480080BD00BF5000024050000250D000024025
:10415800D00002505001024050010250D0010240EC
:10416800D00102505002024050020250D0020240D8
:10417800D00202505003024050030250D0030240C4
:10418800D00302505004024050040250D0040240B0
:10419800D00402505005024050050250D00502409C
:1041A800D00502505006024050060250D006024088
:1041B800D00602505007024050070250D007024074
:1041C800D007025080B584B000AF786001F006FED9
:1041D800F8607B68002B01D10123B9E07B681B687C
:1041E80023F47F6323F00F03BB607B681B685A6965
:1041F8007B681B6842F006025A610FE001F0EEFD91
:104208000246FB68D31A052B08D97B6810229A65E9
:104218007B68032283F85420012399E07B681B689C
:104228005B6903F00103002BE8D17B681B6800225F
:104238001A607B681B6800225A617B681B68002231
:104248001A647B681B6800225A647B681B6800221A
:104258009A647B681B680022DA647B681B6800220A
:104268001A657B681B680022DA677B681B683A4A14
:10427800934222D07B681B68384A93421DD07B68E2
:104288001B68374A934218D07B681B68354A9342AB
:1042980013D07B681B68344A93420ED07B681B6836
:1042A800324A934209D07B681B68314A934204D052
:1042B8007B681B682F4A934201D1012300E0002349
:1042C800002B07D07B681B6800225A657B681B6837
:1042D80000229A65BB685A687B681B68C3F30B03A6
:1042E800503BDB0903F01F03012101FA03F3DB4311
:1042F8001A40BB685A607B681B684FF4FE42DA605C
:104308007B6800221A667B6800225A667B68002256
:104318009A667B680022DA667B6800221A677B68E7
:1043280000225A677B68DB6D002B02D07B68002275
:10433800DA657B6800221A657B6800229A657B68CB
:10434800002283F854207B68002283F84C20002345
:1043580018461037BD4680BD500602405006025030
:10436800D0060240D00602505007024050070250C3
:10437800D0070240D007025080B584B000AFF86083
:10438800B9607A603B60FB68002B01D101234FE0E4
:10439800FB6893F84C30012B01D1022348E0FB68FD
:1043A800012283F84C20FB6893F85430DBB2012BD0
:1043B80036D1FB68022283F85420FB6800229A65F4
:1043C8003B687A68B968F86800F092FAFB681B687D
:1043D8005A69FB681B6842F4BA425A61FB685B6E13
:1043E800002B07D0FB681B685A69FB681B6842F4FE
:1043F80000725A61FB681B6F002B07D0FB681B68B3
:104408005A69FB681B6842F400525A61FB681B68D2
:104418005A69FB681B6842F001025A61002307E0F1
:10442800FB6840229A65FB68002283F84C20012330
:1044380018461037BD4680BD80B584B000AF78609F
:1044480001F0CCFCF8607B68002B01D101236BE004
:104458007B6893F85430DBB2022B08D07B682022AB
:104468009A657B68002283F84C2001235CE07B6816
:104478001B685A697B681B6842F004025A617B68B2
:10448800052283F8542020E001F0A8FC0246FB68CE
:10449800D31A052B19D97B689B6D43F010027B68F2
:1044A8009A657B68032283F854207B681B6D03F0B0
:1044B8008003002B03D07B685B6F01221A737B6833
:1044C800002283F84C2001232EE07B681B681B69BF
:1044D80003F40053002BD7D07B681B685A697B68AC
:1044E8001B6842F002025A617B68042283F8542058
:1044F8007B681B684FF4FE42DA607B68012283F810
:1045080054207B681B6D03F08003002B07D07B6869
:104518005B6F01221A737B681B6800229A647B68B0
:10452800002283F84C20002318461037BD4680BD72
:1045380080B483B000AF78607B68002B01D1012381
:1045480019E07B6893F85430DBB2022B04D07B6807
:1045580020229A6501230EE07B68042283F8542008
:104568007B681B685B697A68126843F4005343F000
:1045780004035361002318460C37BD465DF8047BDD
:10458800704780B586B000AF78607B681B6823F4FD
:104598007F6323F00F037B617B681B68C3F30B0306
:1045A800503BDB0903F01F03012202FA03F33B61CE
:1045B8007B69DB683A691340FB60FB68002B00F0FD
:1045C8003B817B681B681B6903F48063002B11D057
:1045D8007B681B685B6903F48063002B0AD07B68E7
:1045E8001B684FF48062DA607B689B6D43F00102C0
:1045F8007B689A657B681B681B6903F40063002B62
:1046080011D07B681B685B6903F40063002B0AD038
:104618007B681B684FF40062DA607B689B6D43F02F
:1046280002027B689A657B681B681B6903F48053E8
:10463800002B11D07B681B685B6903F48053002B47
:104648000AD07B681B684FF48052DA607B689B6DE8
:1046580043F004027B689A657B681B681B6903F456
:104668008043002B11D07B681B685B6903F480438F
:10467800002B0AD07B681B684FF48042DA607B68A5
:104688009B6D43F008027B689A657B681B681B6911
:1046980003F40073002B13D07B681B685B6903F479
:1046A8000073002B0CD07B681B684FF40072DA6033
:1046B8007B685B6E002B03D07B685B6E78689847DD
:1046C8007B681B681B6903F40053002B4CD07B6884
:1046D8001B685B6903F40053002B45D07B681B689B
:1046E8004FF40052DA607B6893F85430DBB2042B45
:1046F8002ED17B681B685A697B681B6822F40052BC
:104708005A617B681B685A697B681B6842F0020221
:104718005A617B68012283F854207B681B6D03F083
:104728008003002B07D07B685B6F01221A737B68BC
:104738001B6800229A647B68002283F84C207B68FF
:10474800DB6E002B7AD07B68DB6E7868984775E063
:104758007B68052283F854207B681B6F002B03D0ED
:104768007B681B6F786898477B681B681B6903F434
:104778008073002B39D07B681B685B6903F48073F6
:10478800002B32D07B681B6D03F08003002B12D006
:104798007B681B68DB6F002B16D17B681B689B6CE2
:1047A800002B11D17B68012283F854207B685B6F52
:1047B80001221A7308E07B681B689B6C002B03D1ED
:1047C8007B68012283F854207B681B684FF4407291
:1047D800DA607B68002283F84C207B681B6E002B14
:1047E80003D07B681B6E786898477B689B6D002BAD
:1047F80025D07B681B685A697B681B6842F00202F7
:104808005A617B68012283F854207B681B6D03F092
:104818008003002B03D07B685B6F01221A737B68CF
:10482800002283F84C207B689B6E002B07D07B68A6
:104838009B6E7868984702E000BF00E000BF183719
:10484800BD4680BD80B483B000AF78607B6893F8C4
:104858005430DBB218460C37BD465DF8047B704710
:1048680080B483B000AF78607B689B6D18460C37C6
:10487800BD465DF8047B704780B485B000AF7860B2
:1048880039607B68002B01D101232BE07B681B6812
:1048980023F47F6323F00F03FB607B681B68C3F37B
:1048A8000B03503BDB0903F01F03012202FA03F359
:1048B800BB603B6803F01003002B12D03B6803F089
:1048C8001103112B06D1FB685A68BB681A43FB68B1
:1048D8005A6006E0FB685A68BB68DB431A40FB680D
:1048E8005A60002318461437BD465DF8047B7047AC
:1048F80080B485B000AFF860B9607A603B60FB684F
:104908001B689B6C1B0C1B043A6891B2FA6812680E
:104918000B439364FB681B684FF4FE42DA60FB6844
:104928001B68BA68DA64FB681B687A681A6500BF96
:104938001437BD465DF8047B7047000080B485B02D
:1049480000AF78607B681B6AFB607B681B685B69EB
:1049580023F443017B681B68FA680A435A617B6841
:104968005A697B68DB691A437B681B691A437B6851
:104978009B691343FB607B681B68534A934200F0B2
:10498800A0807B681B68514A934200F09A807B683C
:104998001B684F4A934200F094807B681B684D4A1D
:1049A800934200F08E807B681B684B4A934200F06C
:1049B80088807B681B68494A934200F082807B6844
:1049C8001B68474A93427CD07B681B68454A9342E0
:1049D80077D07B681B68444A934272D07B681B6817
:1049E800424A93426DD07B681B68414A934268D023
:1049F8007B681B683F4A934263D07B681B683E4ACA
:104A080093425ED07B681B683C4A934259D07B68CE
:104A18001B683B4A934254D07B681B68394A9342CF
:104A28004FD07B681B68384A93424AD07B681B6822
:104A3800364A934245D07B681B68354A934240D03A
:104A48007B681B68334A93423BD07B681B68324AB9
:104A5800934236D07B681B68304A934231D07B68DA
:104A68001B682F4A93422CD07B681B682D4A9342BF
:104A780027D07B681B682C4A934222D07B681B682E
:104A88002A4A93421DD07B681B68294A934218D052
:104A98007B681B68274A934213D07B681B68264AA9
:104AA80093420ED07B681B68244A934209D07B68E6
:104AB8001B68234A934204D07B681B68214A9342AF
:104AC80042D1012341E000BF500002405000025093
:104AD800D0000240D0000250500102405001025064
:104AE800D0010240D0010250500202405002025050
:104AF800D0020240D002025050030240500302503C
:104B0800D0030240D0030250500402405004025027
:104B1800D0040240D0040250500502405005025013
:104B2800D0050240D00502505006024050060250FF
:104B3800D0060240D00602505007024050070250EB
:104B4800D0070240D00702500023002B12D07B6808
:104B5800DA6A7B689B6A013B1B0503F07C731A4386
:104B68007B685B6A013B1B0103F47C731343FA689F
:104B78001343FB607B681B681B6C03F080217B6818
:104B88001B68FA680A431A647B689A687B685B68E2
:104B980003F07F031A437B681B6B1343FB607B683E
:104BA800DB68B3F5806F40F0B0807B681B68824A91
:104BB800934200F0A0807B681B68804A934200F013
:104BC8009A807B681B687E4A934200F094807B68D9
:104BD8001B687C4A934200F08E807B681B687A4A87
:104BE800934200F088807B681B68784A934200F003
:104BF80082807B681B68764A93427CD07B681B68FE
:104C0800744A934277D07B681B68734A934272D088
:104C18007B681B68714A93426DD07B681B68704A39
:104C2800934268D07B681B686E4A934263D07B6866
:104C38001B686D4A93425ED07B681B686B4A93423F
:104C480059D07B681B686A4A934254D07B681B68BA
:104C5800684A93424FD07B681B68674A93424AD0A0
:104C68007B681B68654A934245D07B681B68644A29
:104C7800934240D07B681B68624A93423BD07B6872
:104C88001B68614A934236D07B681B685F4A93422F
:104C980031D07B681B685E4A93422CD07B681B68C6
:104CA8005C4A934227D07B681B685B4A934222D0B8
:104CB8007B681B68594A93421DD07B681B68584A19
:104CC800934218D07B681B68564A934213D07B687E
:104CD8001B68554A93420ED07B681B68534A93421F
:104CE80009D07B681B68524A934204D07B681B68D2
:104CF800504A934201D1012300E00023002B0DD03C
:104D0800FB6843F48063FB6008E07B68DB68B3F50D
:104D1800007F03D1FB6843F40073FB607B681B686A
:104D28005A6C454B13407A681268F9680B43536410
:104D38007B681B6800229A647B681B68364A93422A
:104D480022D07B681B68354A93421DD07B681B685C
:104D5800334A934218D07B681B68324A934213D077
:104D68007B681B68304A93420ED07B681B682F4AC9
:104D7800934209D07B681B682D4A934204D07B6814
:104D88001B682C4A934201D1012300E00023002B29
:104D980007D07B681B6800225A657B681B68002265
:104DA8009A657B681B680022DA6700BF1437BD4626
:104DB8005DF8047B704700BF50000240500002506D
:104DC800D0000240D0000250500102405001025071
:104DD800D0010240D001025050020240500202505D
:104DE800D0020240D0020250500302405003025049
:104DF800D0030240D0030250500402405004025035
:104E0800D0040240D0040250500502405005025020
:104E1800D0050240D005025050060240500602500C
:104E2800D0060240D00602505007024050070250F8
:104E3800D0070240D00702508031C03C80B584B012
:104E480000AF786000F0CAFFF8607B68002B01D1E2
:104E58000123DBE07B681B686E4A934200F09F8069
:104E68007B681B686C4A934200F099807B681B68DA
:104E78006A4A934200F093807B681B68684A9342B1
:104E880000F08D807B681B68664A934200F087803B
:104E98007B681B68644A934200F081807B681B68CA
:104EA800624A93427BD07B681B68614A934276D002
:104EB8007B681B685F4A934271D07B681B685E4AB7
:104EC80093426CD07B681B685C4A934267D07B68CE
:104ED8001B685B4A934262D07B681B68594A9342BD
:104EE8005DD07B681B68584A934258D07B681B6822
:104EF800564A934253D07B681B68554A93424ED01A
:104F08007B681B68534A934249D07B681B68524AA6
:104F1800934244D07B681B68504A93423FD07B68D9
:104F28001B684F4A93423AD07B681B684D4A9342AC
:104F380035D07B681B684C4A934230D07B681B682D
:104F48004A4A93422BD07B681B68494A934226D031
:104F58007B681B68474A934221D07B681B68464A96
:104F680093421CD07B681B68444A934217D07B68E5
:104F78001B68434A934212D07B681B68414A93429C
:104F88000DD07B681B68404A934208D07B681B6839
:104F98003E4A934203D07B681B683D4A93427B6834
:104FA800002283F84C207B68022283F854207B6817
:104FB8001B685A697B681B6842F006025A610FE059
:104FC80000F00CFF0246FB68D31A052B08D97B6852
:104FD80010229A657B68032283F85420012315E088
:104FE8007B681B685B6903F00103002BE8D17868D4
:104FF80000F0CAFA7B689A6C7B681A657B680022A5
:105008009A657B68012283F85420002318461037DC
:10501800BD4680BD5000024050000250D000024002
:10502800D00002505001024050010250D00102400D
:10503800D00102505002024050020250D0020240F9
:10504800D00202505003024050030250D0030240E5
:10505800D00302505004024050040250D0040240D1
:10506800D00402505005024050050250D0050240BD
:10507800D00502505006024050060250D0060240A9
:10508800D00602505007024050070250D007024095
:10509800D007025080B586B000AF78607B68002BDF
:1050A80003D07B685B6F002B01D1012382E07B6812
:1050B80093F85430FB757B681B685B6903F4803395
:1050C8003B61FB7D012B05D0FB7D022B6AD13B693F
:1050D800002B67D07B6893F85430DBB2012B57D193
:1050E8007B6893F84C30012B01D1022362E07B6886
:1050F800012283F84C207B68022283F854207B68C5
:105108005B6F02221A737B6800229A657B685B6F6B
:1051180000221A617B681B685A697B681B6842F425
:10512800BA425A617B685B6E002B07D07B681B68AC
:105138005A697B681B6842F400725A617B681B6F6E
:10514800002B07D07B681B685A697B681B6842F490
:1051580000525A617B685B6F1B6807F10C010022E3
:10516800184600F027FD7B685B6F1B6819467B6853
:105178001A680B0C1B0413607B685B6F1B681A466C
:105188004FF6FC731340F9687A6812680B43D367CB
:105198007B681B685A697B681B6842F001025A6188
:1051A800002307E07B6840229A657B68002283F829
:1051B8004C20012318461837BD4680BD80B582B003
:1051C80000AF786039607B68002B02D03B68002B09
:1051D80001D1012304E03968786800F02DFB002331
:1051E80018460837BD4680BD80B58CB000AFF86062
:1051F800B9607A60FB68002B02D07B68002B01D174
:105208000123B6E0FB685B69012B04D1FB6804222B
:105218001A610123ADE0FB681B687A68B968184613
:1052280000F05CFC0346002B04D0FB6805221A61E1
:1052380001239EE0FB681B687A68B968184600F08D
:105248007DFC0346002B04D0FB6804221A6101236D
:105258008FE0FB6802221A73FB6800221A6107F1CB
:10526800280207F12C031946786800F0A3FCFB68B4
:105278001B68002B1AD1BB68002B06D1FB687A6823
:105288001A60FB6801229A606CE0FB68BA681A60D1
:105298007A684FF6FC731340F96ABA6A1943BB6817
:1052A80043F82210FB6802229A605BE0BB68002B7F
:1052B8000FD1FB681B681A464FF6FC731340F96A56
:1052C800BA6A19437B6843F82210FB687A681A6047
:1052D80043E0BB6A7B6107F114031A46B968F868B2
:1052E80000F098FC0346002B32D1FA69FB689B68F2
:1052F8009A421AD1FB685B68002B0BD0FB685B688D
:105308001A464FF6FC731340F96ABA6A19437B6868
:1053180043F822107A684FF6FC731340F96ABA6AA8
:105328001943BB6843F8221017E0B96ABA6ABB6828
:1053380053F821107B6843F822107A684FF6FC7303
:105348001340F96ABA6A1943BB6843F8221004E0AB
:10535800FB6806221A6101230BE0FB689B685A1C54
:10536800FB689A60FB6800221A61FB6801221A73C5
:10537800002318463037BD4680BD80B58AB000AFDF
:1053880078607B68002B01D1012352E07B681B68A1
:10539800002B04D17B6802221A61012349E07B6853
:1053A8005B68002B0CD07B685A687B681B689A4244
:1053B80001D100233DE07B6804221A61012338E013
:1053C8007B685B69012B04D17B6804221A61012385
:1053D8002FE07B6802221A737B6800221A617B68BF
:1053E8001B6807F1200207F12401184600F0E2FBD0
:1053F8003B6AFB6007F10C031A460021786800F04D
:1054080009FC7B681B681A464FF6FC731340796ADF
:10541800BA6910463A6A0B4340F822307B681A682A
:105428007B685A607B6800221A617B6801221A73C4
:10543800002318462837BD4680BD000080B485B0DB
:1054480000AF786039607B68002B02D03B68002B86
:1054580001D1012372E07B6893F85430FB737B68B9
:1054680093F85430DBB2022B02D0FB7B052B08D11A
:105478007B6840229A657B68002283F84C200123D0
:105488005CE03B681B7BDBB2022B04D13B6801224A
:105498001A61012352E07B681B682B4A934222D091
:1054A8007B681B68294A93421DD07B681B68284A81
:1054B800934218D07B681B68264A934213D07B68B6
:1054C8001B68254A93420ED07B681B68234A934287
:1054D80009D07B681B68224A934204D07B681B680A
:1054E800204A934201D1012300E00023002B0BD175
:1054F8003B681B681B6A03F00203002B04D03B685F
:1055080003221A61012319E07B681B6D812B08D1E6
:105518003B685B68002B0DD13B6804221A610123AC
:105528000CE03B685B68002B04D03B6804221A61DE
:10553800012303E07B683A685A670023184614374A
:10554800BD465DF8047B7047500602405006025085
:10555800D0060240D00602505007024050070250C1
:10556800D0070240D007025080B483B000AF786003
:105578007B681B681B691B0CDBB218460C37BD46E1
:105588005DF8047B7047000080B485B000AF786098
:105598007B689A6B7B68DB6B1343FB607B681B68DB
:1055A800854A934200F0A0807B681B68834A934237
:1055B80000F09A807B681B68814A934200F09480CF
:1055C8007B681B687F4A934200F08E807B681B686B
:1055D8007D4A934200F088807B681B687B4A93422F
:1055E80000F082807B681B68794A93427CD07B6894
:1055F8001B68784A934277D07B681B68764A934247
:1056080072D07B681B68754A93426DD07B681B68B3
:10561800734A934268D07B681B68724A934263D08E
:105628007B681B68704A93425ED07B681B686F4A30
:10563800934259D07B681B686D4A934254D07B686B
:105648001B686C4A93424FD07B681B686A4A934236
:105658004AD07B681B68694A934245D07B681B68BF
:10566800674A934240D07B681B68664A93423BD0A6
:105678007B681B68644A934236D07B681B68634A20
:10568800934231D07B681B68614A93422CD07B6877
:105698001B68604A934227D07B681B685E4A934226
:1056A80022D07B681B685D4A93421DD07B681B68CB
:1056B8005B4A934218D07B681B685A4A934213D0BE
:1056C8007B681B68584A93420ED07B681B68574A10
:1056D800934209D07B681B68554A934204D07B6883
:1056E8001B68544A934201D1012300E00023002B98
:1056F80004D07B681B6CFA681343FB607B681B68EB
:105708005B6923F443017B681B68FA680A435A61A2
:105718007B681B6800221A647B681B687A68526C75
:105728005A647B681B6800229A647B681B680022A5
:10573800DA647B681B6800221A657B681B68364A36
:10574800934222D07B681B68344A93421DD07B6801
:105758001B68334A934218D07B681B68314A9342CE
:1057680013D07B681B68304A93420ED07B681B6855
:105778002E4A934209D07B681B682D4A934204D075
:105788007B681B682B4A934201D1012300E0002368
:10579800002B07D07B681B6800225A657B681B6852
:1057A80000229A657B681B680022DA6700BF1437FD
:1057B800BD465DF8047B704750000240500002501F
:1057C800D0000240D0000250500102405001025067
:1057D800D0010240D0010250500202405002025053
:1057E800D0020240D002025050030240500302503F
:1057F800D0030240D003025050040240500402502B
:10580800D0040240D0040250500502405005025016
:10581800D0050240D0050250500602405006025002
:10582800D0060240D00602505007024050070250EE
:10583800D0070240D007025080B485B000AF78602E
:1058480039607B685A697B68DB691A437B68DB6B64
:105858001A437B681B691A437B689B691A433B6838
:105868001A607B681B6803F02003002B17D03B6885
:105878001A687B68D96A7B689B6B19437B689B6A4B
:10588800013B1B0503F07C7319437B685B6A013B92
:105898001B0103F47C730B431A433B681A607B6853
:1058A8001A6B7B68596840F27F230B401A433B68A8
:1058B8005A607B68DB68B3F5806F0CD17B681B6826
:1058C80003F02003002B11D03B685B6843F480622F
:1058D8003B685A600AE07B68DB68B3F5007F05D156
:1058E8003B685B6843F400723B685A607B685B6C9A
:1058F800002B0FD03B685A687B68196C7B685B6C1F
:1059080019437B689B6C1B0403F47C130B431A43F9
:105918003B685A607B689B6E9AB23B689A607B686A
:105928001B6803F00203002B4ED03B689A687B6823
:10593800DB6C013B1904674B0B401A433B689A60C8
:105948007B681B6D002B06DA3B689B6843F080522E
:105958003B689A6005E03B689B6823F080523B688F
:105968009A607B685B6D002B06DA3B689B6843F0A6
:1059780000523B689A6005E03B689B6823F0005240
:105988003B689A607B689B6D002B06DA3B689B68D6
:1059980043F080423B689A6005E03B689B6823F0CF
:1059A80080423B689A607B68DB6D002B06DA3B68B7
:1059B8009B6843F000423B689A6005E03B689B683F
:1059C80023F000423B689A607B681A6E3B68DA6095
:1059D8007B685A6E3B681A617B681B6803F0020398
:1059E800002B59D07B681B6D002B09DA7B681B6D77
:1059F8005B42FB60FB68C3F30C023B685A6105E03D
:105A08007B681B6DC3F30C023B685A617B685B6D56
:105A1800002B0DDA7B685B6D5B42FB603B685A6963
:105A2800FB6819042C4B0B401A433B685A6109E088
:105A38003B685A697B685B6D1904274B0B401A4316
:105A48003B685A617B689B6D002B08DA7B689B6D0D
:105A58005B42FB60FB689AB23B689A6104E07B6832
:105A68009B6D9AB23B689A617B68DB6D002B0BDA01
:105A78007B68DB6D5B42FB603B689A69FB681B04D3
:105A88001A433B689A6107E03B689A697B68DB6D5B
:105A98001B041A433B689A617B681A683B681A6260
:105AA8007B681B6803F00203002B06D03B681B6A67
:105AB80043F4E0623B681A6205E03B681B6A43F402
:105AC800A0623B681A6200BF1437BD465DF8047BCC
:105AD800704700BF0000FF070000FF1F80B487B0B9
:105AE80000AFF860B9607A60FA68BB681A437B68EF
:105AF80013431B0C1B043B6100237B61FB68002BD9
:105B080002D0FB687B610AE0BB68002B02D0BB684F
:105B18007B6104E07B68002B01D07B687B617B693B
:105B28001B0C1B043A699A4201D0012300E00023B0
:105B380018461C37BD465DF8047B704780B487B0B3
:105B480000AFF860B9607A6000237B61FB68002BC6
:105B580004D0FB681B6ADBB27B610EE0BB68002BDC
:105B680004D0BB681B6ADBB27B6106E07B68002B54
:105B780003D07B681B6ADBB27B61BB68002B07D054
:105B8800BB681B6ADBB27A699A4201D002230BE038
:105B98007B68002B07D07B681B6ADBB27A699A4264
:105BA80001D0032300E0002318461C37BD465DF8EA
:105BB800047B704780B485B000AFF860B9607A6044
:105BC800FB681B6A03F00203002B0CD0BB68002B98
:105BD80002D0BB680D4A1A607B68002B0FD07B6827
:105BE80007221A600BE0BB68002B02D0BB68084A8A
:105BF8001A607B68002B02D07B6805221A6000BF00
:105C08001437BD465DF8047B704700BF000001FEF5
:105C1800000001F880B489B000AFF860B9607A601C
:105C28000023FB610023BB6100237B617B681B6849
:105C38003B61BB68002B42D11DE0FB69002B07D1FB
:105C4800FB681B681A464FF6FC731340BB610FE0F4
:105C5800BB697B61FB681B681B0C1B04BA69134496
:105C68001A463B6952F823204FF6FC731340BB6178
:105C7800FB690133FB61FB689B68FA699A42DCD3D4
:105C880029E0FB69002B07D1FB681B681A464FF611
:105C9800FC731340BB610FE0BB697B61FB681B6849
:105CA8001B0C1B04BA6913441A463B6952F823209B
:105CB8004FF6FC731340BB61FB690133FB61FB6862
:105CC8009B68FA699A4206D2BA684FF6FC73134089
:105CD800BA699A42D5D1BB68002B08D0BA684FF68A
:105CE800FC731340BA699A4201D001232BE07B6808
:105CF800FA699A60FB681B681B0C1B047A691A43D3
:105D08007B685A60FB681B681B0C1B04BA691A4342
:105D18007B68DA607B68DB681A463B6952F8233097
:105D2800002B0FD07B68DB681A463B6952F823309A
:105D38004FF6FC721A40FB681B681B0C1B041A43C5
:105D48007B681A61002318462437BD465DF8047B3A
:105D58007047000080B500AF124B1B68114A43F42E
:105D680080731360032007F060FF05F0F5F8024622
:105D78000D4B1B6A03F00F030C49CB5C22FA03F3AB
:105D88000B4A1360042007F091FF0F2015F040FB29
:105D98000346002B01D0012302E015F019FB002374
:105DA800184680BD00200240000C024688CA02083E
:105DB8000400002080B400AF064B1B781A46064B3F
:105DC8001B681344044A136000BFBD465DF8047B9A
:105DD800704700BF0C0000201401002080B400AF01
:105DE800034B1B681846BD465DF8047B704700BF2F
:105DF8001401002080B400AF044B1B681B0C9BB23D
:105E08001846BD465DF8047B704700BF004004E0BB
:105E180080B582B000AF78607B68002B01D1012388
:105E2800B3E07B6893F84130DBB2002B2CD17B6860
:105E3800002283F840207B68564A5A657B68564A98
:105E48009A657B68554ADA657B68554A1A667B68A5
:105E5800544A5A667B68544A9A667B68534ADA669B
:105E68007B68534A1A677B68524A5A677B68524A6A
:105E78009A677B68DB6F002B02D17B684F4ADA6731
:105E88007B68DB6F786898477B68242283F8412019
:105E98007B681B681A687B681B6822F001021A601D
:105EA8007B685A687B681B6822F070621A617B689D
:105EB8001B689A687B681B6822F400429A607B68BA
:105EC800DB68012B07D17B689A687B681B6842F402
:105ED80000429A6006E07B689A687B681B6842F417
:105EE80004429A607B68DB68022B08D17B681B68D8
:105EF8005A687B681B6842F400625A6007E07B6856
:105F08001B685A687B681B6822F400625A607B68C9
:105F18001B685B687A68126843F0007343F40043B7
:105F280053607B681B68DA687B681B6822F4004250
:105F3800DA607B681A697B685B6942EA03017B68FF
:105F48009B691A027B681B680A43DA607B68D96917
:105F58007B681A6A7B681B680A431A607B681B683F
:105F68001A687B681B6842F001021A607B6800228D
:105F78005A647B68202283F841207B6800221A63D8
:105F88007B68002283F84220002318460837BD4664
:105F980080BD00BF577A00086B7A00087F7A000836
:105FA800937A0008C37A0008D77A0008EB7A0008C9
:105FB800FF7A0008137B0008A77A0008A9A6010841
:105FC80080B582B000AF78607B68002B01D10123D7
:105FD8002CE07B68242283F841207B681B681A68C0
:105FE8007B681B6822F001021A607B68D3F8803056
:105FF800002B03D17B680F4AC3F880207B68D3F855
:106008008030786898477B6800225A647B68002251
:1060180083F841207B6800221A637B68002283F89A
:1060280042207B68002283F8402000231846083766
:10603800BD4680BD61A7010880B487B000AFF86095
:106048000B467A60FB720023FB757B68002B07D137
:10605800FB685B6C43F48072FB685A6401237EE042
:10606800FB6893F84130DBB2202B51D1FB7A0A2B25
:1060780045D801A252F823F0AD600008B5600008C9
:10608800BD600008C5600008CD600008D560000844
:10609800DD600008E5600008ED600008F5600008B4
:1060A800FD600008FB687A685A6557E0FB687A6803
:1060B8009A6553E0FB687A68DA654FE0FB687A68AE
:1060C8001A664BE0FB687A685A6647E0FB687A68AC
:1060D8009A6643E0FB687A68DA663FE0FB687A68AC
:1060E8001A673BE0FB687A685A6737E0FB687A68AA
:1060F800DA6733E0FB687A68C3F880202EE0FB6833
:106108005B6C43F48072FB685A640123FB7525E0DD
:10611800FB6893F84130DBB2002B17D1FB7A092BCF
:1061280002D00A2B04D008E0FB687A68DA6715E029
:10613800FB687A68C3F8802010E0FB685B6C43F466
:106148008072FB685A640123FB7507E0FB685B6C8F
:1061580043F48072FB685A640123FB75FB7D184683
:106168001C37BD465DF8047B704700BF80B485B01E
:1061780000AF78600B46FB700023FB737B6893F8D5
:106188004130DBB2202B51D1FB780A2B45D801A234
:1061980052F823F0C9610008D1610008D9610008EC
:1061A800E1610008E9610008F1610008F96100088F
:1061B80001620008096200081162000819620008FB
:1061C8007B68314A5A6557E07B68304A9A6553E0E4
:1061D8007B682F4ADA654FE07B682E4A1A664BE0E7
:1061E8007B682D4A5A6647E07B682C4A9A6643E0EA
:1061F8007B682B4ADA663FE07B682A4A1A673BE0ED
:106208007B68294A5A6737E07B68284ADA6733E0AF
:106218007B68274AC3F880202EE07B685B6C43F4D8
:1062280080727B685A640123FB7325E07B6893F8CE
:106238004130DBB2002B17D1FB78092B02D00A2B97
:1062480004D008E07B68194ADA6715E07B68184AC9
:10625800C3F8802010E07B685B6C43F480727B6835
:106268005A640123FB7307E07B685B6C43F480721C
:106278007B685A640123FB73FB7B18461437BD46C1
:106288005DF8047B704700BF577A00086B7A0008F6
:106298007F7A0008937A0008C37A0008D77A000842
:1062A800EB7A0008FF7A0008137B0008A9A601080A
:1062B80061A7010880B588B002AFF8607A601A4615
:1062C8000B467B8113463B81FB6893F84130DBB278
:1062D800202B40F0DA80FB6893F84030012B01D185
:1062E8000223D3E0FB68012283F84020FFF776FD04
:1062F80078617B690093192301224FF40041F86803
:1063080003F060F90346002B01D00123BEE0FB68CF
:10631800212283F84120FB68102283F84220FB6881
:1063280000225A64FB687A685A62FB683A895A857F
:10633800FB6800225A63FB685B8D9BB2FF2B0ED96A
:10634800FB68FF221A85FB681B8DDAB27989514BED
:1063580000934FF08073F86803F084FB6CE0FB68EF
:106368005B8D9AB2FB681A85FB681B8DDAB2798956
:10637800484B00934FF00073F86803F073FB5BE041
:106388007A69396AF86803F076F90346002B01D078
:1063980001237BE0FB685B6A1A78FB681B689A62DA
:1063A800FB685B6A5A1CFB685A62FB685B8D9BB290
:1063B800013B9AB2FB685A85FB681B8D013B9AB278
:1063C800FB681A85FB685B8D9BB2002B34D0FB6899
:1063D8001B8D002B30D17B6900933B6A0022802102
:1063E800F86803F0EFF80346002B01D001234DE0D5
:1063F800FB685B8D9BB2FF2B0ED9FB68FF221A85C9
:10640800FB681B8DDAB27989002300934FF0807303
:10641800F86803F027FB0FE0FB685B8D9AB2FB6816
:106428001A85FB681B8DDAB27989002300934FF037
:106438000073F86803F016FBFB685B8D9BB2002BBA
:106448009ED17A69396AF86803F05CF90346002B33
:1064580001D001231AE0FB681B682022DA61FB687F
:106468001B685968FB681A680B4B0B405360FB6844
:10647800202283F84120FB68002283F84220FB6831
:10648800002283F84020002300E002231846183732
:10649800BD4680BD0020008000E800FE80B588B0C1
:1064A80002AFF8607A601A460B467B8113463B813F
:1064B800FB6893F84130DBB2202B40F0DB80FB68AF
:1064C80093F84030012B01D10223D4E0FB6801226C
:1064D80083F84020FFF782FC78617B6900931923D9
:1064E80001224FF40041F86803F06CF80346002BD2
:1064F80001D00123BFE0FB68222283F84120FB681A
:10650800102283F84220FB6800225A64FB687A68EC
:106518005A62FB683A895A85FB6800225A63FB680D
:106528005B8D9BB2FF2B0ED9FB68FF221A85FB6897
:106538001B8DDAB27989524B00934FF08073F8685B
:1065480003F090FA6DE0FB685B8D9AB2FB681A85E0
:10655800FB681B8DDAB27989494B00934FF00073C1
:10656800F86803F07FFA5CE07A69396AF86803F042
:106578000DF90346002B01D001237CE0FB681B6862
:106588005A6AFB685B6AD2B21A70FB685B6A5A1C6B
:10659800FB685A62FB681B8D013B9AB2FB681A853F
:1065A800FB685B8D9BB2013B9AB2FB685A85FB681E
:1065B8005B8D9BB2002B34D0FB681B8D002B30D138
:1065C8007B6900933B6A00228021F86802F0FAFF99
:1065D8000346002B01D001234DE0FB685B8D9BB285
:1065E800FF2B0ED9FB68FF221A85FB681B8DDAB2D8
:1065F8007989002300934FF08073F86803F032FA2A
:106608000FE0FB685B8D9AB2FB681A85FB681B8DEF
:10661800DAB27989002300934FF00073F86803F029
:1066280021FAFB685B8D9BB2002B9DD17A69396A90
:10663800F86803F067F80346002B01D001231AE03D
:10664800FB681B682022DA61FB681B685968FB68D5
:106658001A680C4B0B405360FB68202283F84120DA
:10666800FB68002283F84220FB68002283F8402060
:10667800002300E0022318461837BD4680BD00BF3E
:106688000024008000E800FE80B588B002AFF86002
:106698007A601A460B467B8113463B81FB6893F868
:1066A8004130DBB2202B67D1FB681B689B6903F480
:1066B8000043B3F5004F01D102235EE0FB6893F875
:1066C8004030012B01D1022357E0FB68012283F8F7
:1066D8004020FB68212283F84120FB68102283F8C0
:1066E8004220FB6800225A64FB687A685A62FB6899
:1066F8003A895A85FB68234ADA62FB68224A5A6358
:10670800FB685B8D9BB2FF2B06D9FB68FF221A85BD
:106718004FF080737B6107E0FB685B8D9AB2FB6882
:106728001A854FF000737B61FB681B68DB6A03F412
:106738000013B3F5001F0BD1FB681B8DDAB2798902
:106748004FF0004300937B69F86803F08BF909E088
:10675800FB681B8DDAB279890C4B00937B69F8686A
:1067680003F080F9FB68002283F840200121F868D3
:1067780003F0AAF9002300E0022318461837BD46A3
:1067880080BD00BF0000FFFF277B000800200080BD
:1067980080B588B002AFF8607A601A460B467B81F4
:1067A80013463B81FB6893F84130DBB2202B66D15E
:1067B800FB681B689B6903F40043B3F5004F01D1E4
:1067C80002235DE0FB6893F84030012B01D10223DE
:1067D80056E0FB68012283F84020FB68222283F8F8
:1067E8004120FB68102283F84220FB6800225A648B
:1067F800FB687A685A62FB683A895A85FB68224ABC
:10680800DA62FB68214A5A63FB685B8D9BB2FF2BF7
:1068180006D9FB68FF221A854FF080737B6107E079
:10682800FB685B8D9AB2FB681A854FF000737B6139
:10683800FB681B68DB6A03F40013B3F5001F0AD179
:10684800FB681B8DDAB27989114B00937B69F86874
:1068580003F008F909E0FB681B8DDAB279890D4B62
:1068680000937B69F86803F0FDF8FB68002283F861
:1068780040200221F86803F027F9002300E00223F2
:1068880018461837BD4680BD0000FFFF277B00086B
:10689800000400800024008080B588B002AFF86052
:1068A8007A601A460B467B8113463B81FB6893F856
:1068B8004130DBB2202B40F02081FB681B689B69CC
:1068C80003F40043B3F5004F01D1022316E1FB683E
:1068D80093F84030012B01D102230FE1FB6801221C
:1068E80083F84020FB68212283F84120FB681022AE
:1068F80083F84220FB6800225A64FB687A685A626F
:10690800FB683A895A85FB687E4ADA62FB687E4AE8
:106918005A63FB685B8D9BB2FF2B06D9FB68FF228D
:106928001A854FF080737B6107E0FB685B8D9AB234
:10693800FB681A854FF000737B61FB681B8D002B89
:1069480000F0C380FB689B6B002B5BD0FB689B6BE4
:106958006E4A1A66FB689B6B6D4A9A66FB689B6B6E
:1069680000225A66FB689B6B0022DA66FB689B6B09
:106978001B6D03F08003002B36D0FB689B6B5B6FAD
:10698800002B1DD0FB681A8DFB689B6B5B6F1B6827
:106998009A60FB689B6B5B6F1B687A68DA60FB68C0
:1069A8001B6803F12802FB689B6B5B6F1B681A610D
:1069B800FB689B6B1846FEF76DFB0346FB7435E0DE
:1069C800FB68202283F84120FB68002283F84220DC
:1069D800FB685B6C43F08002FB685A64FB6800222A
:1069E80083F84020012389E0FB68986B7968FB688D
:1069F8001B6828331A46FB681B8DFDF7BDFC034650
:106A0800FB7413E0FB68202283F84120FB68002216
:106A180083F84220FB685B6C43F08002FB685A6491
:106A2800FB68002283F84020012367E0FB7C002BF1
:106A380037D1FB681B68DB6A03F40013B3F5001F4A
:106A48000BD1FB681B8DDAB279894FF000430093B4
:106A58007B69F86803F006F809E0FB681B8DDAB279
:106A680079892C4B00937B69F86802F0FBFFFB687F
:106A78005B8D9AB2FB681B8DD31A9AB2FB685A8554
:106A8800FB68002283F840201021F86803F01CF806
:106A9800FB681B681A68FB681B6842F480421A602E
:106AA80029E0FB68202283F84120FB68002283F854
:106AB8004220FB685B6C43F01002FB685A64FB6879
:106AC800002283F84020012318E0FB68124A5A6329
:106AD800FB681B8DDAB279890E4B00934FF0007377
:106AE800F86802F0BFFFFB68002283F8402001210C
:106AF800F86802F0E9FF002300E00223184618377F
:106B0800BD4680BD0000FFFFE581000867930008CF
:106B18006395000800200080277B000880B588B0B6
:106B280002AFF8607A601A460B467B8113463B81B8
:106B3800FB6893F84130DBB2202B40F01F81FB68E3
:106B48001B689B6903F40043B3F5004F01D102238E
:106B580015E1FB6893F84030012B01D102230EE1C7
:106B6800FB68012283F84020FB68222283F8412039
:106B7800FB68102283F84220FB6800225A64FB68F5
:106B88007A685A62FB683A895A85FB687E4ADA62F3
:106B9800FB687E4A5A63FB685B8D9BB2FF2B06D964
:106BA800FB68FF221A854FF080737B6107E0FB6862
:106BB8005B8D9AB2FB681A854FF000737B61FB68A6
:106BC8001B8D002B00F0C280FB68DB6B002B5BD0B9
:106BD800FB68DB6B6E4A1A66FB68DB6B6D4A9A666C
:106BE800FB68DB6B00225A66FB68DB6B0022DA6607
:106BF800FB68DB6B1B6D03F08003002B36D0FB6852
:106C0800DB6B5B6F002B1DD0FB681A8DFB68DB6BA1
:106C18005B6F1B689A60FB681B6803F12402FB68C2
:106C2800DB6B5B6F1B68DA60FB68DB6B5B6F1B6899
:106C38007A681A61FB68DB6B1846FEF72BFA034685
:106C4800FB7435E0FB68202283F84120FB680022B2
:106C580083F84220FB685B6C43F08002FB685A644F
:106C6800FB68002283F84020012388E0FB68D86B8A
:106C7800FB681B68243319467A68FB681B8DFDF78F
:106C88007BFB0346FB7413E0FB68202283F841205A
:106C9800FB68002283F84220FB685B6C43F08002AB
:106CA800FB685A64FB68002283F84020012366E0F1
:106CB800FB7C002B36D1FB681B68DB6A03F40013EE
:106CC800B3F5001F0AD1FB681B8DDAB27989324B04
:106CD80000937B69F86802F0C5FE09E0FB681B8D2C
:106CE800DAB279892D4B00937B69F86802F0BAFE15
:106CF800FB685B8D9AB2FB681B8DD31A9AB2FB684E
:106D08005A85FB68002283F840201021F86802F0B9
:106D1800DBFEFB681B681A68FB681B6842F40042CC
:106D28001A6029E0FB68202283F84120FB680022D2
:106D380083F84220FB685B6C43F01002FB685A64DE
:106D4800FB68002283F84020012318E0FB68144AFE
:106D58005A63FB681B8DDAB27989104B00934FF0A8
:106D68000073F86802F07EFEFB68002283F840207A
:106D78000221F86802F0A8FE002300E0022318466A
:106D88001837BD4680BD00BF0000FFFFE581000841
:106D980065940008639500080004008000240080C2
:106DA800277B000880B588B002AFF8600846114616
:106DB8001A4603467B810B463B811346FB80FB68E2
:106DC80093F84130DBB2202B40F0F9803B6A002B6E
:106DD80002D0BB8C002B05D1FB684FF400725A64BB
:106DE8000123EDE0FB6893F84030012B01D1022329
:106DF800E6E0FB68012283F84020FEF7EFFF7861A8
:106E08007B690093192301224FF40041F86802F0CE
:106E1800D9FB0346002B01D00123D1E0FB682122D6
:106E280083F84120FB68402283F84220FB68002257
:106E38005A64FB683A6A5A62FB68BA8C5A85FB68DE
:106E480000225A63F8883A8979897B690193BB6A79
:106E580000930346F86801F0D7FC0346002B05D0E1
:106E6800FB68002283F840200123A9E0FB685B8DC2
:106E78009BB2FF2B0ED9FB68FF221A85FB681B8D7E
:106E8800DAB27989002300934FF08073F86802F032
:106E9800E9FD0FE0FB685B8D9AB2FB681A85FB6819
:106EA8001B8DDAB27989002300934FF00073F868DC
:106EB80002F0D8FD7A69B96AF86802F0DCFB03468B
:106EC800002B01D001237BE0FB685B6A1A78FB6822
:106ED8001B689A62FB685B6A5A1CFB685A62FB680B
:106EE8005B8D9BB2013B9AB2FB685A85FB681B8D90
:106EF800013B9AB2FB681A85FB685B8D9BB2002B3D
:106F080034D0FB681B8D002B30D17B690093BB6AA2
:106F180000228021F86802F055FB0346002B01D0BF
:106F280001234DE0FB685B8D9BB2FF2B0ED9FB68FC
:106F3800FF221A85FB681B8DDAB27989002300933A
:106F48004FF08073F86802F08DFD0FE0FB685B8DF1
:106F58009AB2FB681A85FB681B8DDAB2798900231F
:106F680000934FF00073F86802F07CFDFB685B8DBE
:106F78009BB2002B9ED17A69B96AF86802F0C2FB0D
:106F88000346002B01D001231AE0FB681B6820226E
:106F9800DA61FB681B685968FB681A680A4B0B4082
:106FA8005360FB68202283F84120FB68002283F8A5
:106FB8004220FB68002283F84020002300E00223DF
:106FC80018461837BD4680BD00E800FE80B588B079
:106FD80002AFF860084611461A4603467B810B4605
:106FE8003B811346FB80FB6893F84130DBB2202BD2
:106FF80040F0FD803B6A002B02D0BB8C002B05D1F2
:10700800FB684FF400725A640123F1E0FB6893F8BF
:107018004030012B01D10223EAE0FB68012283F80A
:107028004020FEF7DBFE78617B690093192301227B
:107038004FF40041F86802F0C5FA0346002B01D06E
:107048000123D5E0FB68222283F84120FB68402217
:1070580083F84220FB6800225A64FB683A6A5A6245
:10706800FB68BA8C5A85FB6800225A63F8883A890B
:1070780079897B690193BB6A00930346F86801F03C
:1070880017FC0346002B05D0FB68002283F840203C
:107098000123ADE0FB685B8D9BB2FF2B0ED9FB682B
:1070A800FF221A85FB681B8DDAB27989524B00934F
:1070B8004FF08073F86802F0D5FC0FE0FB685B8D39
:1070C8009AB2FB681A85FB681B8DDAB279894A4B3C
:1070D80000934FF00073F86802F0C4FC7B690093DA
:1070E800BB6A00220421F86802F06CFA0346002B00
:1070F80001D001237CE0FB681B685A6AFB685B6A65
:10710800D2B21A70FB685B6A5A1CFB685A62FB6849
:107118001B8D013B9AB2FB681A85FB685B8D9BB29D
:10712800013B9AB2FB685A85FB685B8D9BB2002BCA
:1071380034D0FB681B8D002B30D17B690093BB6A70
:1071480000228021F86802F03DFA0346002B01D0A6
:1071580001234DE0FB685B8D9BB2FF2B0ED9FB68CA
:10716800FF221A85FB681B8DDAB279890023009308
:107178004FF08073F86802F075FC0FE0FB685B8DD8
:107188009AB2FB681A85FB681B8DDAB279890023ED
:1071980000934FF00073F86802F064FCFB685B8DA5
:1071A8009BB2002B9AD17A69B96AF86802F0AAFAF8
:1071B8000346002B01D001231AE0FB681B6820223C
:1071C800DA61FB681B685968FB681A680B4B0B404F
:1071D8005360FB68202283F84120FB68002283F873
:1071E8004220FB68002283F84020002300E00223AD
:1071F80018461837BD4680BD0024008000E800FE10
:1072080080B586B002AFF860084611461A460346B4
:107218007B810B463B811346FB80FB6893F841302A
:10722800DBB2202B6AD1BB69002B02D0BB8B002BB1
:1072380005D1FB684FF400725A6401235FE0FB68D4
:107248001B689B6903F40043B3F5004F01D1022387
:1072580055E0FB6893F84030012B01D102234EE042
:10726800FB68012283F84020FB68212283F8412033
:10727800FB68402283F84220FB6800225A64FB68BE
:1072880000221A85FB68BA695A62FB68BA8B5A856C
:10729800FB681D4ADA62FB681C4A5A637A89FB68F4
:1072A800DA64FB88012B09D13B89DAB2FB681B68D9
:1072B8009A62FB684FF0FF321A650BE03B891B0AA4
:1072C8009BB2DAB2FB681B689A623B89DBB21A464A
:1072D800FB681A65FB88DAB279890D4B00934FF089
:1072E8008073F86802F0BEFBFB68002283F8402038
:1072F8000121F86802F0E8FB002300E002231846A9
:107308001037BD4680BD00BF0000FFFF797D000833
:107318000020008080B586B002AFF86008461146AC
:107328001A4603467B810B463B811346FB80FB686C
:1073380093F84130DBB2202B66D1BB69002B02D019
:10734800BB8B002B05D1FB684FF400725A640123F4
:107358005BE0FB681B689B6903F40043B3F5004FCF
:1073680001D1022351E0FB6893F84030012B01D191
:1073780002234AE0FB68012283F84020FB682222AE
:1073880083F84120FB68402283F84220FB680022F2
:107398005A64FB68BA695A62FB68BA8B5A85FB68FB
:1073A8001C4ADA62FB681C4A5A637A89FB68DA6409
:1073B800FB88012B09D13B89DAB2FB681B689A620A
:1073C800FB684FF0FF321A650BE03B891B0A9BB242
:1073D800DAB2FB681B689A623B89DBB21A46FB6823
:1073E8001A65FB88DAB279890C4B00930023F86898
:1073F80002F038FBFB68002283F840200121F8687E
:1074080002F062FB002300E0022318461037BD4655
:1074180080BD00BF0000FFFF797D000800200080CC
:1074280080B588B002AFF860084611461A46034690
:107438007B810B463B811346FB80FB6893F8413008
:10744800DBB2202B40F001813B6A002B02D0BB8CC1
:10745800002B05D1FB684FF400725A640123F5E054
:10746800FB681B689B6903F40043B3F5004F01D127
:107478000223EBE0FB6893F84030012B01D1022393
:10748800E4E0FB68012283F84020FB68212283F8AE
:107498004120FB68402283F84220FB6800225A649E
:1074A800FB683A6A5A62FB68BA8C5A85FB68694A73
:1074B800DA62FB68684A5A637A89FB68DA64FB68AF
:1074C8005B8D9BB2FF2B03D9FB68FF221A8504E072
:1074D800FB685B8D9AB2FB681A85FB88012B09D182
:1074E8003B89DAB2FB681B689A62FB684FF0FF328F
:1074F8001A650BE03B891B0A9BB2DAB2FB681B6872
:107508009A623B89DBB21A46FB681A65FB689B6B7B
:10751800002B5BD0FB689B6B504A1A66FB689B6B21
:107528004F4A9A66FB689B6B00225A66FB689B6B06
:107538000022DA66FB689B6B1B6D03F08003002B4F
:1075480036D0FB689B6B5B6F002B1DD0FB681A8DD8
:10755800FB689B6B5B6F1B689A60FB689B6B5B6F40
:107568001B683A6ADA60FB681B6803F12802FB684B
:107578009B6B5B6F1B681A61FB689B6B1846FDF77A
:1075880089FD0346FB7535E0FB68202283F841201E
:10759800FB68002283F84220FB685B6C43F08002A2
:1075A800FB685A64FB68002283F8402001234DE001
:1075B800FB68986B396AFB681B6828331A46FB68B6
:1075C8001B8DFCF7D9FE0346FB7513E0FB682022F0
:1075D80083F84120FB68002283F84220FB685B6C3B
:1075E80043F08002FB685A64FB68002283F840205D
:1075F80001232BE0FB7D002B13D1FB88DAB27989BC
:10760800184B00934FF08073F86802F02BFAFB6870
:10761800002283F840200121F86802F055FA00237F
:1076280014E0FB68202283F84120FB68002283F8DD
:107638004220FB685B6C43F01002FB685A64FB68ED
:10764800002283F84020012300E00223184618375F
:10765800BD4680BD0000FFFFCD830008679300088A
:10766800639500080020008080B588B002AFF860FC
:10767800084611461A4603467B810B463B81134652
:10768800FB80FB6893F84130DBB2202B40F000818F
:107698003B6A002B02D0BB8C002B05D1FB684FF452
:1076A80000725A640123F4E0FB681B689B6903F4C9
:1076B8000043B3F5004F01D10223EAE0FB6893F8D9
:1076C8004030012B01D10223E3E0FB68012283F85B
:1076D8004020FB68222283F84120FB68402283F87F
:1076E8004220FB6800225A64FB683A6A5A62FB68C7
:1076F800BA8C5A85FB68694ADA62FB68684A5A6339
:107708007A89FB68DA64FB685B8D9BB2FF2B03D92F
:10771800FB68FF221A8504E0FB685B8D9AB2FB6860
:107728001A85FB88012B09D13B89DAB2FB681B68F3
:107738009A62FB684FF0FF321A650BE03B891B0A1F
:107748009BB2DAB2FB681B689A623B89DBB21A46C5
:10775800FB681A65FB68DB6B002B5BD0FB68DB6B97
:10776800504A1A66FB68DB6B4F4A9A66FB68DB6B0C
:1077780000225A66FB68DB6B0022DA66FB68DB6B6B
:107788001B6D03F08003002B36D0FB68DB6B5B6F4F
:10779800002B1DD0FB681A8DFB68DB6B5B6F1B68C9
:1077A8009A60FB681B6803F12402FB68DB6B5B6F64
:1077B8001B68DA60FB68DB6B5B6F1B683A6A1A61EF
:1077C800FB68DB6B1846FDF765FC0346FB7535E087
:1077D800FB68202283F84120FB68002283F84220BE
:1077E800FB685B6C43F08002FB685A64FB6800220C
:1077F80083F8402001234CE0FB68D86BFB681B68CA
:10780800243319463A6AFB681B8DFCF7B5FD03461D
:10781800FB7513E0FB68202283F84120FB680022F7
:1078280083F84220FB685B6C43F08002FB685A6473
:10783800FB68002283F8402001232AE0FB7D002B0F
:1078480012D1FB88DAB27989184B00930023F868C3
:1078580002F008F9FB68002283F840200121F8684B
:1078680002F032F9002314E0FB68202283F841205B
:10787800FB68002283F84220FB685B6C43F010022F
:10788800FB685A64FB68002283F84020012300E06B
:10789800022318461837BD4680BD00BF0000FFFF11
:1078A800CD830008659400086395000800200080D7
:1078B80080B586B002AF78600B467B807B6893F812
:1078C8004230FB73FB7B102B02D0FB7B402B3CD15F
:1078D8007B6893F84030012B01D1022336E07B68A6
:1078E800012283F840207B6893F84130DBB2212BDA
:1078F80007D10121786802F06BF97B6811221A63BD
:107908000CE07B6893F84130DBB2222B06D10221D0
:10791800786802F05DF97B6812221A637B6860223E
:1079280083F8412079880B4B00934FF000730122B4
:10793800786802F097F87B68002283F840202021BD
:10794800786802F0C1F8002300E0012318461037D8
:10795800BD4680BD0040008080B584B000AF78602F
:107968007B681B689B69FB607B681B681B68BB6046
:107978007B685B6B002B05D07B685B6BBA68F9682A
:107988007868984700BF1037BD4680BD80B586B07F
:1079980000AF78607B681B689B697B617B681B68AC
:1079A8001B683B617B691B0A03F00103002B10D0A5
:1079B8003B69DB0903F00103002B0AD07B685B6C91
:1079C80043F001027B685A647B681B684FF480723D
:1079D800DA617B699B0A03F00103002B10D03B6935
:1079E800DB0903F00103002B0AD07B685B6C43F0D2
:1079F80008027B685A647B681B684FF48062DA610E
:107A08007B695B0A03F00103002B10D03B69DB099B
:107A180003F00103002B0AD07B685B6C43F0020281
:107A28007B685A647B681B684FF40072DA617B6874
:107A38005B6CFB60FB6803F00B03002B03D0F96859
:107A4800786801F04FFB00BF1837BD4680BD80B491
:107A580083B000AF786000BF0C37BD465DF8047B8B
:107A6800704780B483B000AF786000BF0C37BD4664
:107A78005DF8047B704780B483B000AF786000BFC6
:107A88000C37BD465DF8047B704780B483B000AF07
:107A9800786000BF0C37BD465DF8047B704780B442
:107AA80083B000AF78600B46FB7013463B8000BF85
:107AB8000C37BD465DF8047B704780B483B000AFD7
:107AC800786000BF0C37BD465DF8047B704780B412
:107AD80083B000AF786000BF0C37BD465DF8047B0B
:107AE800704780B483B000AF786000BF0C37BD46E4
:107AF8005DF8047B704780B483B000AF786000BF46
:107B08000C37BD465DF8047B704780B483B000AF86
:107B1800786000BF0C37BD465DF8047B704780B5C0
:107B280088B002AFF860B9607A60BB687B61FB68B7
:107B380093F84030012B01D1022314E1FB680122A4
:107B480083F840207B691B0903F00103002B13D045
:107B58007B681B0903F00103002B0DD0FB681B6831
:107B68001022DA61FB685B6C43F00402FB685A641C
:107B7800F86801F0D0FBE1E07B699B0803F00103A2
:107B8800002B23D07B689B0803F00103002B1DD03A
:107B98007B6923F004037B61FB681B685A6AFB68F6
:107BA8005B6AD2B21A70FB685B6A5A1CFB685A623D
:107BB800FB681B8D013B9AB2FB681A85FB685B8DDD
:107BC8009BB2013B9AB2FB685A85B7E07B695B08B8
:107BD80003F00103002B1ED07B685B0803F0010350
:107BE800002B18D0FB685B6A1A78FB681B689A62DE
:107BF800FB685B6A5A1CFB685A62FB681B8D013B79
:107C08009AB2FB681A85FB685B8D9BB2013B9AB2FE
:107C1800FB685A8592E07B69DB0903F00103002BBE
:107C28005DD07B689B0903F00103002B57D0FB68EC
:107C38005B8D9BB2002B40D0FB681B8D002B3CD189
:107C4800FB681B685B689BB2C3F309037B82FB6814
:107C58005B8D9BB2FF2B0ED9FB68FF221A85FB6850
:107C68001B8DDAB2798A002300934FF08073F8688D
:107C780001F0F8FE32E0FB685B8D9AB2FB681A856A
:107C8800FB68DB6A13F5803F0BD0FB681B8DDAB20B
:107C9800FB68DB6A798A00200090F86801F0E2FE50
:107CA8001CE0FB681B8DDAB2798A002300934FF041
:107CB8000073F86801F0D6FE10E0FB681B685B688B
:107CC80003F00073B3F1007F03D0F86800F0C8FE3A
:107CD80034E04021F86801F005FA2FE02EE07B69D6
:107CE8009B0903F00103002B28D07B689B0903F054
:107CF8000103002B22D0FB685B8D9BB2002B19D1AE
:107D0800FB681B685B6803F00073B3F1007F15D054
:107D1800FB68DB6A13F5803F08D1FB681B685A686B
:107D2800FB681B6842F480425A6007E0F86800F07C
:107D380097FE03E04021F86801F0D4F97B695B09FC
:107D480003F00103002B09D07B685B0903F00103F2
:107D5800002B03D07969F86800F022FFFB68002245
:107D680083F84020002318461837BD4680BD000020
:107D780080B588B002AFF860B9607A60934B7B61D8
:107D8800BB683B61FB6893F84030012B01D10223AB
:107D980018E1FB68012283F840203B691B0903F0C6
:107DA8000103002B13D07B681B0903F00103002B90
:107DB8000DD0FB681B681022DA61FB685B6C43F02E
:107DC8000402FB685A64F86801F0A5FAE5E03B692B
:107DD8009B0803F00103002B23D07B689B0803F06A
:107DE8000103002B1DD03B6923F004033B61FB68B2
:107DF8001B685A6AFB685B6AD2B21A70FB685B6AD6
:107E08005A1CFB685A62FB681B8D013B9AB2FB68DF
:107E18001A85FB685B8D9BB2013B9AB2FB685A8559
:107E2800BBE03B695B0803F00103002B2DD07B68A6
:107E38005B0803F00103002B27D0FB681B6DB3F12F
:107E4800FF3F18D1FB685B6A1A78FB681B689A6267
:107E5800FB685B6A5A1CFB685A62FB681B8D013B16
:107E68009AB2FB681A85FB685B8D9BB2013B9AB29C
:107E7800FB685A8591E0FB681B68FA68126D9A6284
:107E8800FB684FF0FF321A6587E03B69DB0903F0B6
:107E98000103002B3DD07B689B0903F00103002BF5
:107EA80037D0FB685B8D9BB2002B2CD0FB681B8DF9
:107EB800002B28D1FB685B8D9BB2FF2B10D9FB6888
:107EC800FF221A85FB68DB6C99B2FB681B8DDAB25E
:107ED800002300934FF08073F86801F0C3FD17E0AA
:107EE800FB685B8D9AB2FB681A85FB68DB6C99B2FC
:107EF800FB681B8DDAB2002300934FF00073F8681B
:107F080001F0B0FD04E04021F86801F0EBF844E02E
:107F180043E03B699B0903F00103002B3DD07B68DC
:107F28009B0903F00103002B37D00121F86801F009
:107F38004FFE0221F86801F0C7FDFB6893F8413055
:107F4800DBB2222B01D1224B7B61FB685B8D9BB29C
:107F5800FF2B10D9FB68FF221A85FB68DB6C99B2EE
:107F6800FB681B8DDAB27B6900934FF08073F86869
:107F780001F078FD11E0FB685B8D9AB2FB681A8509
:107F8800FB68DB6C99B2FB681B8DDAB27B690093E6
:107F98004FF00073F86801F065FD3B695B0903F079
:107FA8000103002B09D07B685B0903F00103002B58
:107FB80003D03969F86800F0F3FDFB68002283F804
:107FC8004020002318461837BD4680BD0020008099
:107FD8000024008080B586B000AFF860B9607A6090
:107FE800FB68DB6A7B61BB683B61FB6893F84030E8
:107FF800012B01D10223EDE0FB68012283F8402028
:108008003B695B0903F00103002B0AD07B685B091D
:1080180003F00103002B04D03969F86800F08EFEE4
:10802800D3E03B691B0903F00103002B4DD07B68AB
:108038001B0903F00103002B47D0FB685B8D9BB243
:10804800002B28D1FB6893F84130DBB2282B08D1EC
:108058007B69B3F1007F04D13969F86800F0ECFF5F
:1080680032E0FB6893F84130DBB2292B0ED17B69F3
:1080780013F5803F0AD0FB681B681022DA61F868A4
:1080880001F049F9F86800F02AFD1DE0FB681B685B
:108098001022DA6196E0FB681B681022DA61FB683F
:1080A8005B6C43F00402FB685A647B69002B04D0C4
:1080B8007B69B3F1807F40F08580FB685B6C194673
:1080C800F86801F00FF87DE07CE03B699B0803F05D
:1080D8000103002B30D07B689B0803F00103002BC1
:1080E8002AD0FB685B8D9BB2002B18D0FB681B68FD
:1080F8005A6AFB685B6AD2B21A70FB685B6A5A1CE0
:10810800FB685A62FB681B8D013B9AB2FB681A85B3
:10811800FB685B8D9BB2013B9AB2FB685A85FB6892
:108128005B8D9BB2002B4FD17B6913F5803F4BD001
:10813800F86800F0D4FC47E03B69DB0803F0010372
:10814800002B0AD07B68DB0803F00103002B04D066
:108158003969F86800F000FC37E03B695B0803F018
:108168000103002B31D07B685B0803F00103002B6F
:108178002BD0FB685B8D9BB2002B18D0FB685B6A29
:108188001A78FB681B689A62FB685B6A5A1CFB6872
:108198005A62FB685B8D9BB2013B9AB2FB685A85B9
:1081A800FB681B8D013B9AB2FB681A850DE07B6961
:1081B800B3F1807F02D07B69002B06D1F86800F00C
:1081C8008EFC02E000BF00E000BFFB68002283F8DD
:1081D8004020002318461837BD4680BD80B588B0BA
:1081E80002AFF860B9607A60FB6893F84030012B01
:1081F80001D10223E1E0FB68012283F84020BB683B
:108208001B0903F00103002B17D07B681B0903F03F
:108218000103002B11D0FB681B681022DA61FB6890
:108228005B6C43F00402FB685A642021F86801F093
:108238004BFCF86801F06FF8BAE0BB68DB0903F0A3
:108248000103002B72D07B689B0903F00103002B0C
:108258006CD0FB681B681A68FB681B6822F0400238
:108268001A60FB685B8D9BB2002B4ED0FB681B68C5
:108278005B689BB2C3F309037B82FB685B8D9BB28F
:10828800FF2B06D9FB68FF221A854FF080737B61AC
:1082980010E0FB685B8D9AB2FB681A85FB68DB6AA5
:1082A80013F5803F03D0FB68DB6A7B6102E04FF087
:1082B80000737B61FB681B8DDAB2798A0023009317
:1082C8007B69F86801F0CEFBFB685B8D9AB2FB68AE
:1082D8001B8DD31A9AB2FB685A85FB6893F8413014
:1082E800DBB2222B08D1FB681B681A68FB681B6885
:1082F80042F400421A605BE0FB681B681A68FB687E
:108308001B6842F480421A6052E0FB681B685B6895
:1083180003F00073B3F1007F03D0F86800F0A0FB0E
:1083280046E04021F86800F0DDFE41E0BB689B09AB
:1083380003F00103002B29D07B689B0903F001039C
:10834800002B23D0FB685B8D9BB2002B19D1FB68F7
:108358001B685B6803F00073B3F1007F27D0FB68EC
:10836800DB6A13F5803F08D1FB681B685A68FB6815
:108378001B6842F480425A6019E0F86800F070FB0C
:1083880015E04021F86800F0ADFE10E0BB685B091D
:1083980003F00103002B0BD07B685B0903F001039A
:1083A800002B05D0B968F86800F0FAFB00E000BFC0
:1083B800FB68002283F84020002318461837BD4682
:1083C80080BD000080B588B002AFF860B9607A60FF
:1083D800924B7B61FB6893F84030012B01D102235B
:1083E80018E1FB68012283F84020BB681B0903F0F1
:1083F8000103002B17D07B681B0903F00103002B36
:1084080011D0FB681B681022DA61FB685B6C43F0D3
:108418000402FB685A642021F86801F055FBF868EB
:1084280000F079FFF1E0BB685B0803F00103002B63
:108438000FD07B685B0803F00103002B09D0FB68B1
:108448001B68FA68126D9A62FB684FF0FF321A6572
:10845800DBE0BB68DB0903F00103002B60D07B681D
:108468009B0903F00103002B5AD00121F86801F0A1
:10847800AFFB1021F86801F027FBFB685B8D9BB20E
:10848800002B48D0FB685B8D9BB2FF2B10D9FB6893
:10849800FF221A85FB68DB6C99B2FB681B8DDAB288
:1084A800002300934FF08073F86801F0DBFA11E0C5
:1084B800FB685B8D9AB2FB681A85FB68DB6C99B226
:1084C800FB681B8DDAB2002300934FF00073F86845
:1084D80001F0C8FAFB685B8D9AB2FB681B8DD31A52
:1084E8009AB2FB685A85FB6893F84130DBB2222BBD
:1084F80008D1FB681B681A68FB681B6842F40042D5
:108508001A6082E0FB681B681A68FB681B6842F403
:1085180080421A6079E04021F86800F0E3FD74E0D9
:10852800BB689B0903F00103002B5ED07B689B09A5
:1085380003F00103002B58D00121F86801F048FB33
:108548001021F86801F0C0FAFB6893F84130DBB2FB
:10855800222B01D1324B7B61FB685B8D9BB2FF2BD9
:1085680010D9FB68FF221A85FB68DB6C99B2FB689F
:108578001B8DDAB27B6900934FF08073F86801F0C5
:1085880071FA11E0FB685B8D9AB2FB681A85FB688B
:10859800DB6C99B2FB681B8DDAB27B6900934FF0F4
:1085A8000073F86801F05EFAFB685B8D9AB2FB68AD
:1085B8001B8DD31A9AB2FB685A85FB6893F8413031
:1085C800DBB2222B08D1FB681B681A68FB681B68A2
:1085D80042F400421A6018E0FB681B681A68FB68DE
:1085E8001B6842F480421A600FE0BB685B0903F025
:1085F8000103002B09D07B685B0903F00103002B02
:1086080003D0B968F86800F0CBFAFB68002283F859
:108618004020002318461837BD4680BD0020008042
:108628000024008090B589B000AFF860B9607A6026
:10863800FB68DB6ABB610023FB61FB6893F8403091
:10864800012B01D10223DBE0FB68012283F84020E3
:10865800BB685B0903F00103002B0AD07B685B0948
:1086680003F00103002B04D0B968F86800F066FB3A
:10867800C1E0BB681B0903F00103002B00F0AB80CD
:108688007B681B0903F00103002B00F0A4807B68C2
:108698009B0B03F00103002B06D17B68DB0B03F077
:1086A8000103002B00F09080FB68DB6B002B15D0DA
:1086B8007B68DB0B03F00103002B0FD0FB68DB6B3F
:1086C8001B689B6C9CB2FB68DB6B1846FCF74CFF85
:1086D80003462344002B01D10123FB61FB689B6BFC
:1086E800002B15D07B689B0B03F00103002B0FD0E8
:1086F800FB689B6B1B689B6C9CB2FB689B6B18466A
:10870800FCF732FF03462344002B01D10123FB6110
:10871800FB69012B28D1FB6893F84130DBB2282B89
:1087280008D1BB69B3F1007F04D1B968F86800F0DB
:1087380083FC48E0FB6893F84130DBB2292B0ED16B
:10874800BB6913F5803F0AD0FB681B681022DA6109
:10875800F86800F0E0FDF86800F0C1F933E0FB6864
:108768001B681022DA6134E0FB681B681022DA61AA
:10877800FB685B6C43F00402FB685A64FB6893F87F
:108788004130FB75BB69002B03D0BB69B3F1807F17
:108798001FD1FB7D212B02D0FB7D292B03D1FB6848
:1087A80021221A6308E0FB7D222B02D0FB7D2A2BB5
:1087B80002D1FB6822221A63FB685B6C1946F868D1
:1087C80000F090FC05E004E0FB681B681022DA6109
:1087D80011E000BF0FE0BB68DB0803F00103002BCA
:1087E80009D07B68DB0803F00103002B03D0B968CC
:1087F800F86800F0B1F8FB68002283F840200023F5
:1088080018462437BD4690BD80B586B002AFF860E3
:10881800084611461A4603467B810B463B811346A0
:10882800FB80FB88DAB27989204B00934FF0807384
:10883800F86801F017F9FA69B969F86800F01BFFE0
:108848000346002B01D001232CE0FB88012B05D126
:108858003B89DAB2FB681B689A6215E03B891B0A00
:108868009BB2DAB2FB681B689A62FA69B969F86860
:1088780000F001FF0346002B01D0012312E03B89E1
:10888800DAB2FB681B689A62FB690093BB69002235
:108898008021F86800F096FE0346002B01D00123E2
:1088A80000E0002318461037BD4680BD0020008038
:1088B80080B586B002AFF860084611461A460346EE
:1088C8007B810B463B811346FB80FB88DAB27989B2
:1088D800204B00930023F86801F0C4F8FA69B969DD
:1088E800F86800F0C8FE0346002B01D001232CE0F5
:1088F800FB88012B05D13B89DAB2FB681B689A62B9
:1089080015E03B891B0A9BB2DAB2FB681B689A62C6
:10891800FA69B969F86800F0AEFE0346002B01D089
:10892800012312E03B89DAB2FB681B689A62FB6993
:108938000093BB6900224021F86800F043FE03461B
:10894800002B01D0012300E0002318461037BD4654
:1089580080BD00BF0020008080B584B000AF786083
:1089680039607B6893F84130DBB203F02803282B89
:108978006AD17B681B689B691B0CDBB203F001039F
:10898800FB737B681B689B691B0C9BB203F0FE039F
:10899800BB817B681B689B689BB2C3F309037B811F
:1089A8007B681B68DB689BB203F0FE033B817B6836
:1089B800DB68022B38D17B89DB099AB2BB8953402B
:1089C8009BB203F00603002B1CD17B89BB817B681B
:1089D8009B6C5A1C7B689A647B689B6C022B3BD10E
:1089E8007B6800229A647B681B680822DA617B68CE
:1089F800002283F840207B689B6FBA89F97B7868EE
:108A0800984729E03B89BB814FF40041786801F021
:108A1800DFF87B68002283F840207B689B6FBA8967
:108A2800F97B7868984717E04FF40041786801F0BF
:108A3800CFF87B68002283F840207B689B6FBA8957
:108A4800F97B7868984707E07B681B680822DA6139
:108A58007B68002283F8402000BF1037BD4680BDE8
:108A680080B582B000AF78607B68002283F842202E
:108A78007B6893F84130DBB2212B16D17B6820222A
:108A880083F841207B6811221A637B6800225A63AD
:108A98000121786801F09CF87B68002283F8402067
:108AA8007B685B6D7868984715E07B68202283F8BF
:108AB80041207B6812221A637B6800225A630221D4
:108AC800786801F085F87B68002283F840207B688D
:108AD8009B6D7868984700BF0837BD4680BD80B554
:108AE80084B000AF78607B681B681B68FB607B689C
:108AF800002283F84220FB689B0B03F00103002B44
:108B080008D07B681B681A687B681B6822F480425F
:108B18001A600DE0FB68DB0B03F00103002B07D0A4
:108B28007B681B681A687B681B6822F400421A601D
:108B38007B6893F84130DBB2292B13D17B6828225C
:108B480083F841207B6821221A630121786801F0AB
:108B58003FF87B68002283F840207B68DB6D7868EB
:108B6800984718E07B6893F84130DBB22A2B12D182
:108B78007B68282283F841207B6822221A6302211D
:108B8800786801F025F87B68002283F840207B682C
:108B98001B6E7868984700BF1037BD4680BD00003F
:108BA80080B586B000AF786039603B687B617B68D0
:108BB8001B682022DA617B6893F84130DBB2212BF5
:108BC80007D10121786801F003F87B6811221A6344
:108BD8000CE07B6893F84130DBB2222B06D10221EE
:108BE800786800F0F5FF7B6812221A637B681B68BF
:108BF80059687B681A684F4B0B4053607B680022AA
:108C08005A637B684C4ADA627B691B0903F00103EB
:108C1800002B09D07B681B681022DA617B685B6CCB
:108C280043F004027B685A647B6893F84130DBB2F6
:108C3800602B0BD17B699B0803F00103002B05D047
:108C48007B681B685B6ADBB2FB60FB68786800F0D6
:108C580062FB7B685B6C3B617B6893F84130DBB2FD
:108C6800602B02D03B69002B06D07B685B6C1946F1
:108C7800786800F037FA58E07B6893F84130DBB247
:108C8800212B26D17B68202283F841207B68002293
:108C98001A637B6893F84230DBB2402B0CD17B68B7
:108CA800002283F842207B68002283F840207B68FA
:108CB8009B6E7868984738E07B68002283F84220EA
:108CC8007B68002283F840207B685B6D7868984752
:108CD8002BE07B6893F84130DBB2222B25D17B68EF
:108CE800202283F841207B6800221A637B6893F86E
:108CF8004230DBB2402B0CD17B68002283F8422043
:108D08007B68002283F840207B68DB6E7868984790
:108D18000BE07B68002283F842207B68002283F8FE
:108D280040207B689B6D7868984700BF1837BD4620
:108D380080BD00BF00E800FE0000FFFF90B587B0CF
:108D480000AF786039607B681B681B683B613B68D3
:108D58007B617B68DB6AFB607B6893F84130FB7260
:108D68007B681B682022DA61FB7A212B02D0FB7A10
:108D7800292B08D148F20101786800F029FF7B68A7
:108D880021221A6319E0FB7A222B02D0FB7A2A2BC4
:108D980008D148F20201786800F01AFF7B682222A5
:108DA8001A630AE0FB7A282B07D148F20301786896
:108DB80000F00EFF7B6800221A637B681B685A6804
:108DC8007B681B6842F400425A607B681B685968DC
:108DD8007B681A68964B0B405360786800F09BFAE2
:108DE8003B699B0B03F00103002B1CD07B681B68BD
:108DF8001A687B681B6822F480421A607B689B6B48
:108E0800002B32D07B689B6B1B689B6C9CB27B6889
:108E18009B6B1846FCF7A8FB03469BB223449AB207
:108E28007B685A8521E03B69DB0B03F00103002BCB
:108E38001BD07B681B681A687B681B6822F4004299
:108E48001A607B68DB6B002B0FD07B68DB6B1B68C1
:108E58009B6C9CB27B68DB6B1846FCF785FB034672
:108E68009BB223449AB27B685A857B699B0803F0BE
:108E78000103002B20D07B6923F004037B617B680E
:108E88001B685A6A7B685B6AD2B21A707B685B6A35
:108E98005A1C7B685A627B681B8D002B0CD07B6840
:108EA8001B8D013B9AB27B681A857B685B8D9BB2F0
:108EB800013B9AB27B685A857B685B8D9BB2002B1D
:108EC80005D07B685B6C43F004027B685A647B695D
:108ED8001B0903F00103002B4AD03B691B0903F06F
:108EE8000103002B44D07B685B8D9BB2002B28D1FB
:108EF8007B6893F84130DBB2282B08D1FB68B3F1CB
:108F0800007F04D17969786800F096F830E07B68D2
:108F180093F84130DBB2292B0ED1FB6813F5803F63
:108F28000AD07B681B681022DA61786800F0F3F9D0
:108F38007868FFF7D4FD1BE07B681B681022DA61B4
:108F480016E07B681B681022DA617B685B6C43F073
:108F580004027B685A64FB68002B03D0FB68B3F1FA
:108F6800807F05D17B685B6C1946786800F0BAF899
:108F78007B68002283F842207B6800225A637B6862
:108F88005B6C002B10D07B685B6C1946786800F02E
:108F9800A9F87B6893F84130DBB2282B44D1796972
:108FA800786800F049F83FE07B68DB6A13F5803F9A
:108FB80015D07868FFF793FD7B681E4ADA627B68F4
:108FC800202283F841207B6800221A637B680022F4
:108FD80083F840207B685B6E7868984724E07B685C
:108FE80093F84130DBB2222B0FD17B68202283F823
:108FF80041207B6800221A637B68002283F84020A6
:109008007B681B6E786898470EE07B68202283F89F
:1090180041207B6800221A637B68002283F8402085
:109028007B68DB6D7868984700BF1C37BD4690BDEC
:1090380000E800FE0000FFFF80B582B000AF786056
:1090480039607B68264ADA627B6800221A637B688B
:10905800202283F841207B68002283F842207B6825
:1090680000225A633B689B0803F00103002B22D0BF
:109078007B681B685A6A7B685B6AD2B21A707B6825
:109088005B6A5A1C7B685A627B681B8D002B12D066
:109098007B681B8D013B9AB27B681A857B685B8D68
:1090A8009BB2013B9AB27B685A857B685B6C43F044
:1090B80004027B685A6448F20301786800F088FD6E
:1090C8007B681B681022DA617B68002283F84020E5
:1090D8007B685B6E7868984700BF0837BD4680BDDF
:1090E8000000FFFF80B584B000AF786039607B680E
:1090F80093F84130FB737B68002283F842207B6839
:109108006D4ADA627B6800225A857B685A6C3B6834
:109118001A437B685A64FB7B282B05D0FB7B292BE1
:1091280002D0FB7B2A2B0BD10321786800F050FD7D
:109138007B68282283F841207B68604A5A6330E0C4
:1091480048F20301786800F043FD786800F0E3F81E
:109158007B6893F84130DBB2602B1FD07B682022FC
:1091680083F841207B681B689B6903F02003202B50
:1091780014D17B681B689B6903F01003102B09D17D
:109188007B681B681022DA617B685B6C43F0040221
:109198007B685A647B681B682022DA617B6800223E
:1091A8005A637B681B6BBB607B689B6B002B39D059
:1091B800BB68112B02D0BB68212B33D17B681B689D
:1091C8001B6803F48043B3F5804F07D17B681B68A5
:1091D8001A687B681B6822F480421A607B689B6B64
:1091E8001846FBF72FFB0346012B17D07B689B6BB8
:1091F800334ADA667B68002283F840207B689B6BE1
:109208001846FBF795F90346002B4DD07B689B6BFE
:10921800DB6E7A68926B1046984745E0786800F0F4
:1092280051F841E07B68DB6B002B39D0BB68122B0F
:1092380002D0BB68222B33D17B681B681B6803F400
:109248000043B3F5004F07D17B681B681A687B6839
:109258001B6822F400421A607B68DB6B1846FBF738
:10926800F1FA0346012B17D07B68DB6B144ADA66E8
:109278007B68002283F840207B68DB6B1846FBF78D
:1092880057F90346002B11D07B68DB6BDB6E7A68DD
:10929800D26B1046984709E0786800F013F805E0AB
:1092A800786800F00FF802E000BF00E000BF00BFE0
:1092B8001037BD4680BD00BF0000FFFFDD7F0008FE
:1092C8009195000880B582B000AF78607B6893F80C
:1092D8004130DBB2602B0FD17B68202283F841201C
:1092E8007B6800221A637B68002283F840207B6831
:1092F8005B6F786898470AE07B6800221A637B688E
:10930800002283F840207B681B6F7868984700BF6D
:109318000837BD4680BD80B483B000AF78607B68F5
:109328001B689B6903F00203022B03D17B681B684F
:1093380000229A627B681B689B6903F00103012B7A
:1093480007D07B681B689A697B681B6842F001023A
:109358009A6100BF0C37BD465DF8047B704780B545
:1093680084B000AF78600023FB737B68DB6DBB6063
:10937800BB681B681A68BB681B6822F480421A60C5
:10938800BB685B8D9BB2002B04D12021B86800F02C
:109398009BFB5FE0BB685B6ABA68128D1A44BB68C6
:1093A8005A62BB685B8D9BB2FF2B03D9BB68FF2257
:1093B8001A8504E0BB685B8D9AB2BB681A85BB68E6
:1093C8009B6B1B6D03F08003002B28D0BB689B6B45
:1093D8005B6F002B1ED0BB681A8DBB689B6B5B6FE5
:1093E8001B689A60BB685A6ABB689B6B5B6F1B689B
:1093F800DA60BB681B6803F12802BB689B6B5B6F74
:109408001B681A61BB689B6B1846FBF743FE034653
:10941800FB7313E01021B868FFF764FE0EE0BB6829
:10942800986BBB685B6A1946BB681B6828331A4689
:10943800BB681B8DFAF7A0FF0346FB73FB7B002B71
:1094480004D01021B868FFF74DFE03E04021B8684A
:1094580000F03AFB00BF1037BD4680BD80B584B030
:1094680000AF78600023FB737B68DB6DBB60BB6873
:109478001B681A68BB681B6822F400421A60BB6844
:109488005B8D9BB2002B04D12021B86800F01CFB37
:109498005FE0BB685B6ABA68128D1A44BB685A629F
:1094A800BB685B8D9BB2FF2B03D9BB68FF221A8573
:1094B80004E0BB685B8D9AB2BB681A85BB68DB6B3E
:1094C8001B6D03F08003002B28D0BB68DB6B5B6F40
:1094D800002B1ED0BB681A8DBB68DB6B5B6F1B68EB
:1094E8009A60BB681B6803F12402BB68DB6B5B6F87
:1094F8001B68DA60BB685A6ABB68DB6B5B6F1B680A
:109508001A61BB68DB6B1846FBF7C4FD0346FB73A7
:1095180013E01021B868FFF7E5FD0EE0BB68D86BD3
:10952800BB681B6824331946BB685B6A1A46BB686C
:109538001B8DFAF721FF0346FB73FB7B002B04D03E
:109548001021B868FFF7CEFD03E04021B86800F0AD
:10955800BBFA00BF1037BD4680BD80B584B000AFF0
:1095680078607B68DB6DFB60FB681B685A68FB688A
:109578001B6842F400425A601021F868FFF7B2FDF8
:1095880000BF1037BD4680BD80B584B000AF78609D
:109598007B68DB6DFB60FB689B6B002B03D0FB6873
:1095A8009B6B0022DA66FB68DB6B002B03D0FB6841
:1095B800DB6B0022DA66F868FFF784FE00BF10371D
:1095C800BD4680BD80B584B000AFF860B9603B602F
:1095D8001346FB713BE0BA693968F86800F062F934
:1095E8000346002B01D0012341E03B68B3F1FF3F64
:1095F8002DD0FCF7F3FB0246BB69D31A3A689A42AE
:1096080002D33B68002B22D1FB681B689A69BB68B0
:109618001340BA689A420CBF01230023DBB21A46F2
:10962800FB799A4213D1FB685B6C43F02002FB681C
:109638005A64FB68202283F84120FB68002283F8E3
:109648004220FB68002283F8402001230FE0FB68DA
:109658001B689A69BB681340BA689A420CBF012319
:109668000023DBB21A46FB799A42B4D0002318468D
:109678001037BD4680BD80B584B000AFF860B960D2
:109688007A6033E07A68B968F86800F00BF9034645
:10969800002B01D0012331E0BB68B3F1FF3F25D097
:1096A800FCF79CFB02467B68D31ABA689A4202D33D
:1096B800BB68002B1AD1FB681B689B6903F0020387
:1096C800022B13D0FB685B6C43F02002FB685A64E2
:1096D800FB68202283F84120FB68002283F842209F
:1096E800FB68002283F84020012307E0FB681B6821
:1096F8009B6903F00203022BC4D1002318461037DC
:10970800BD4680BD80B584B000AFF860B9607A60AE
:109718002FE07A68B968F86800F0C4F80346002BAF
:1097280001D001232DE0FCF759FB02467B68D31AD0
:10973800BA689A4202D3BB68002B1AD1FB681B682F
:109748009B6903F02003202B13D0FB685B6C43F06C
:109758002002FB685A64FB68202283F84120FB68DA
:10976800002283F84220FB68002283F8402001236E
:1097780007E0FB681B689B6903F02003202BC8D116
:10978800002318461037BD4680BD000080B586B05E
:1097980000AFF860B9607A600023FB7571E07A6801
:1097A800B968F86800F07EF80346002B01D0012361
:1097B800FB75FB681B689B6903F02003202B3BD1DA
:1097C800FB7D002B38D1FB681B689B6903F0040301
:1097D800042B05D1FB681B8D002B01D00023FB75E2
:1097E800FB681B689B6903F01003102B21D1FB68F1
:1097F8001B681022DA61FB6804225A64FB681B6844
:109808002022DA61FB681B685968FB681A68244BD8
:109818000B405360FB68202283F84120FB6800223C
:1098280083F84220FB68002283F840200123FB755F
:1098380002E0FB6800225A64FCF7D0FA02467B6813
:10984800D31ABA689A4202D3BB68002B19D1FB7DA0
:10985800002B16D1FB681B689B6903F00403042BDB
:109868000FD0FB685B6C43F02002FB685A64FB680E
:10987800202283F84120FB68002283F8402001233E
:10988800FB75FB681B689B6903F00403042B02D07B
:10989800FB7D002B83D0FB7D18461837BD4680BD65
:1098A80000E800FE80B58AB000AFF860B9607A6061
:1098B800002387F82730FB681B689B69BB6100237E
:1098C8003B627B68FB61BB6903F01003002B68D027
:1098D800FB681B681022DA6149E0BB68B3F1FF3FFF
:1098E80045D0FCF77BFA0246FB69D31ABA689A425C
:1098F80002D3BB68002B3AD1FB681B685B6803F492
:1099080080437B61FB6893F84230FB74FB681B68FB
:109918009B6903F40043B3F5004F21D17B69B3F58C
:10992800804F1DD0FB7C202B1AD0FB681B685A681F
:10993800FB681B6842F480425A60FCF74FFAF861F2
:109948000EE0FCF74BFA0246FB69D31A192B07D92C
:109958003B6A43F020033B62012387F8273006E087
:10996800FB681B689B6903F02003202BE9D1FB6887
:109978001B689B6903F02003202B03D097F827303E
:10998800002BAAD097F82730002B03D1FB681B685F
:109998002022DA613B6A43F004033B62012387F823
:1099A8002730FB681B689B69BB61BB6903F4807344
:1099B800002B0BD03B6A43F001033B62FB681B683A
:1099C8004FF48072DA61012387F82730BB6903F40A
:1099D8008063002B0BD03B6A43F008033B62FB68B3
:1099E8001B684FF48062DA61012387F82730BB696E
:1099F80003F40073002B0BD03B6A43F002033B6275
:109A0800FB681B684FF40072DA61012387F827307E
:109A180097F82730002B1CD0F868FFF77CFCFB6810
:109A28001B685968FB681A680D4B0B405360FB684C
:109A38005A6C3B6A1A43FB685A64FB68202283F815
:109A48004120FB68002283F84220FB68002283F84B
:109A5800402097F8273018462837BD4680BD00BFFC
:109A680000E800FE80B487B000AFF8607B600B466A
:109A78007B8113467B727B89C3F309027B7A1B04C3
:109A880003F47F031A437B681A433B6A134323F0AA
:109A980000437B61FB681B685A683B6A5B0D03F4F3
:109AA8008061084B0B43DB4302EA0301FB681B6838
:109AB8007A690A435A6000BF1C37BD465DF8047BCB
:109AC800704700BFFF63FF0380B485B000AF7860C4
:109AD8000B467B800023FB607B685B6B394A9342B3
:109AE80032D07B685B6B384A93422DD07B685B6BC6
:109AF800364A934228D0B7F90230002B03DAFB68C4
:109B080043F0B803FB607B8803F00103002B03D00C
:109B1800FB6843F0F203FB607B8803F00203002B31
:109B280003D0FB6843F0F403FB607B88102B03D160
:109B3800FB6843F09003FB607B88202B33D1FB68E4
:109B480043F02003FB602EE0B7F90230002B03DA64
:109B5800FB6843F0B803FB607B8803F00103002B2C
:109B680003D0FB6843F0F203FB607B8803F0020339
:109B7800002B03D0FB6843F0F403FB607B88102BB9
:109B880003D1FB6843F09003FB607B88202B03D153
:109B9800FB6843F06003FB607B88402B03D1FB68C4
:109BA80043F04003FB607B681B6819687B681B688F
:109BB800FA680A431A6000BF1437BD465DF8047B93
:109BC800704700BFE58100082D860008CD83000896
:109BD80080B485B000AF78600B467B800023FB60C3
:109BE8007B8803F00103002B0FD0FB6843F042038E
:109BF800FB607B6893F84130DBB203F02803282B25
:109C080003D0FB6843F0B003FB607B8803F00203DA
:109C1800002B0FD0FB6843F04403FB607B6893F88C
:109C28004130DBB203F02803282B03D0FB6843F054
:109C3800B003FB60B7F90230002B03DAFB6843F08E
:109C4800B803FB607B88102B03D1FB6843F09003BB
:109C5800FB607B88202B03D1FB6843F02003FB606B
:109C68007B88402B03D1FB6843F04003FB607B6893
:109C78001B681968FB68DA437B681B680A401A602E
:109C880000BF1437BD465DF8047B704780B483B0CD
:109C980000AF786039607B6893F84130DBB2202BE5
:109CA80038D17B6893F84030012B01D1022332E090
:109CB8007B68012283F840207B68242283F84120B6
:109CC8007B681B681A687B681B6822F001021A60AF
:109CD8007B681B681A687B681B6822F480521A60CC
:109CE8007B681B6819687B681B683A680A431A60B6
:109CF8007B681B681A687B681B6842F001021A605F
:109D08007B68202283F841207B68002283F840206A
:109D1800002300E0022318460C37BD465DF8047B9B
:109D2800704780B485B000AF786039607B6893F87D
:109D38004130DBB2202B39D17B6893F84030012BBE
:109D480001D1022333E07B68012283F840207B683D
:109D5800242283F841207B681B681A687B681B688B
:109D680022F001021A607B681B681B68FB60FB68B5
:109D780023F47063FB603B681B02FA681343FB60C3
:109D88007B681B68FA681A607B681B681A687B68BE
:109D98001B6842F001021A607B68202283F8412088
:109DA8007B68002283F84020002300E00223184645
:109DB8001437BD465DF8047B7047000080B58EB04F
:109DC80000AF7860002387F837307B68002B02D11A
:109DD800012300F0C8BE994BDB6903F00C033B6319
:109DE800964B9B6A03F00303FB627B681B6803F0D6
:109DF8001003002B00F06C813B6B002B07D03B6BF2
:109E08000C2B40F0DE80FB6A012B40F0DA807B6887
:109E1800DB69002B02D1012300F0A5BE7B685A6ADA
:109E2800864B9B6803F40003002B04D0834B9B688C
:109E380003F0704305E0814BD3F8F4301B0403F0C2
:109E48007043934255D23B6B002B0AD17B685B6A07
:109E5800184601F015FA0346002B02D0012300F042
:109E680082BE764B9B68754A43F400039360734B3C
:109E78009B6823F070427B685B6A704913438B6070
:109E88007B685B6AB3F1404F09D36C4BDB6823F006
:109E98001F027B681B6A69491343CB607EE07B68BD
:109EA8005B6A002B0ADA654BDB6823F478727B68FF
:109EB8001B6A5B0161491343CB606FE07B685B6A97
:109EC800B3F1804F0AD35D4BDB6823F4F8427B681B
:109ED8001B6A9B0259491343CB605FE0574BDB6811
:109EE80023F478227B681B6ADB0354491343CB6055
:109EF80054E0524B9B68514A43F4000393604F4B24
:109F08009B6823F070427B685B6A4C4913438B6003
:109F18007B685B6AB3F1404F09D3484BDB6823F099
:109F28001F027B681B6A45491343CB6028E07B68A6
:109F38005B6A002B0ADA414BDB6823F478727B6892
:109F48001B6A5B013D491343CB6019E07B685B6A80
:109F5800B3F1804F0AD3394BDB6823F4F8427B68AE
:109F68001B6A9B0235491343CB6009E0334BDB681E
:109F780023F478227B681B6ADB0330491343CB60E8
:109F88003B6B002B0AD17B685B6A184601F078F9B5
:109F98000346002B02D0012300F0E5BD01F0E2F8F2
:109FA800274B1B68184611F033FA034687F8273009
:109FB80097F82730002B00F08A8097F8273000F0B8
:109FC800D2BD7B68DB69002B66D01C4B1B681B4A23
:109FD80043F001031360FBF701FFB86209E0FBF7E8
:109FE800FDFE0246BB6AD31A022B02D9032300F0F6
:109FF800BABD124B1B6803F00403002BEFD00F4BC4
:10A008009B680E4A43F4000393600C4B9B6823F053
:10A0180070427B685B6A094913438B607B685B6AA3
:10A02800B3F1404F0ED3054BDB6823F01F027B686A
:10A038001B6A02491343CB604AE000BF000C02468A
:10A04800080000207B685B6A002B0ADA984BDB6803
:10A0580023F478727B681B6A5B0195491343CB60D4
:10A0680036E07B685B6AB3F1804F0AD3904BDB68BC
:10A0780023F4F8427B681B6A9B028D491343CB602B
:10A0880026E08B4BDB6823F478227B681B6ADB03B2
:10A0980087491343CB601BE0854B1B68844A23F038
:10A0A80001031360FBF79AFEB86209E0FBF796FE1E
:10A0B8000246BB6AD31A022B02D9032300F053BD10
:10A0C8007B4B1B6803F00403002BEFD100E000BFBB
:10A0D8007B681B6803F00103002B00F08B803B6B4F
:10A0E800082B05D03B6B0C2B09D1FB6A032B06D13F
:10A0F8007B685B68002B7DD1012300F034BD7B6851
:10A108005B68B3F5803F06D1694B1B68684A43F426
:10A118008033136041E07B685B68B3F5A02F12D1F0
:10A12800634B1B68624A43F480231360604B1B68CF
:10A138005F4A23F4801313605D4B1B685C4A43F449
:10A148008033136029E07B685B68B3F5A81F12D1E0
:10A15800574B1B68564A43F480231360544B1B68C3
:10A16800534A43F480131360514B1B68504A43F41D
:10A178008033136011E04E4B1B684D4A23F4803343
:10A1880013604B4B1B684A4A23F480231360484BE7
:10A198001B68474A23F4801313607B685B68002BB5
:10A1A80014D0FBF71BFEB86209E0FBF717FE024666
:10A1B800BB6AD31A642B02D9032300F0D4BC3C4BEE
:10A1C8001B6803F40033002BEFD013E0FBF706FE07
:10A1D800B86209E0FBF702FE0246BB6AD31A642B99
:10A1E80002D9032300F0BFBC314B1B6803F40033D2
:10A1F800002BEFD17B681B6803F00203002B5FD0B4
:10A208003B6B042B05D03B6B0C2B14D1FB6A022B48
:10A2180011D17B68DB68002B02D1012300F0A3BCBD
:10A22800234B1B6923F4F8127B681B691B04204924
:10A2380013430B6144E07B68DB68002B24D01C4B84
:10A248001B681B4A43F480731360FBF7C7FDB862B1
:10A2580009E0FBF7C3FD0246BB6AD31A022B02D9F9
:10A26800032300F080BC124B1B6803F48063002BAF
:10A27800EFD00F4B1B6923F4F8127B681B691B0492
:10A288000B4913430B611BE0094B1B68084A23F475
:10A2980080731360FBF7A2FDB8620BE0FBF79EFD2D
:10A2A8000246BB6AD31A022B04D9032300F05BBC15
:10A2B800000C0246AF4B1B6803F48063002BEDD102
:10A2C8007B681B6803F00803002B00F0C88000239C
:10A2D80087F83630A74BD3F8943003F00403002BEB
:10A2E80011D1A44BD3F89430A24A43F00403C2F826
:10A2F8009430A04BD3F8943003F004037B617B695E
:10A30800012387F836309C4B9B6A03F00103002B2E
:10A3180019D1994B9B6A984A43F001039362FBF762
:10A328005DFDB86209E0FBF759FD0246BB6AD31A26
:10A33800022B02D9032300F016BC8F4B9B6A03F053
:10A348000103002BEFD07B685B69002B5FD0894B42
:10A35800D3F8F0303B627B689A693B6A03F080531C
:10A368009A4237D03B6A03F00063002B06D03B6A61
:10A3780003F08063002B01D10123F4E33B6A03F06F
:10A388008063002B1BD07B4BD3F8F030794A23F045
:10A39800A053C2F8F030FBF721FDB86208E0FBF7E4
:10A3A8001DFD0246BB6AD31A052B01D90323DAE344
:10A3B800704BD3F8F03003F00063002BEFD16D4BF6
:10A3C800D3F8F03023F080527B689B6969491343C6
:10A3D800C1F8F030674BD3F8F030664A43F0806339
:10A3E800C2F8F030FBF7FAFCB86208E0FBF7F6FCBD
:10A3F8000246BB6AD31A052B01D90323B3E35D4B8D
:10A40800D3F8F03003F00063002BEFD01BE0594B7A
:10A41800D3F8F030574A23F0A053C2F8F030FBF7D6
:10A42800DDFCB86208E0FBF7D9FC0246BB6AD31A28
:10A43800052B01D9032396E34E4BD3F8F03003F0F4
:10A448000063002BEFD197F83630012B07D1494B29
:10A45800D3F89430474A23F00403C2F894307B6859
:10A468001B6803F00403002B00F01181002387F818
:10A478003530404BD3F8943003F00403002B11D14E
:10A488003C4BD3F894303B4A43F00403C2F8943071
:10A49800384BD3F8943003F004033B613B69012344
:10A4A80087F83530344B9B6A03F00103002B18D131
:10A4B800314B9B6A304A43F001039362FBF78EFCF1
:10A4C800B86208E0FBF78AFC0246BB6AD31A022B83
:10A4D80001D9032347E3284B9B6A03F00103002BB0
:10A4E800F0D07B689B6803F00103002B1FD07B68CA
:10A4F8009B6803F00403002B10D01E4BD3F8F030F8
:10A508001C4A43F00403C2F8F0301A4BD3F8F03079
:10A51800184A43F00103C2F8F03018E0154BD3F89D
:10A52800F030144A43F00103C2F8F0300FE0114B49
:10A53800D3F8F0300F4A23F00103C2F8F0300D4B86
:10A54800D3F8F0300B4A23F00403C2F8F0307B68EC
:10A558009B68002B57D0FBF741FCB8620EE0FBF775
:10A568003DFC0246BB6AD31A41F28832934205D9B0
:10A578000323F8E2000C0246000802469C4BD3F87D
:10A58800F03003F00203002BE9D07B689B6803F0EE
:10A598008003002B1BD0964BD3F8F030944A43F03D
:10A5A8008003C2F8F0300AE0FBF718FC0246BB6AE9
:10A5B800D31A41F28832934201D90323D3E28C4B58
:10A5C800D3F8F03003F40063002BEDD053E0884B50
:10A5D800D3F8F030864A23F08003C2F8F0300AE05E
:10A5E800FBF7FCFB0246BB6AD31A41F2883293425E
:10A5F80001D90323B7E27E4BD3F8F03003F40063AC
:10A60800002BEDD137E0FBF7E9FBB8620AE0FBF776
:10A61800E5FB0246BB6AD31A41F28832934201D95C
:10A628000323A0E2724BD3F8F03003F00203002BAF
:10A63800EDD16F4BD3F8F03003F08003002B1AD024
:10A648006B4BD3F8F0306A4A23F08003C2F8F0303D
:10A658000AE0FBF7C3FB0246BB6AD31A41F2883211
:10A66800934201D903237EE2614BD3F8F03003F41F
:10A678000063002BEDD197F83530012B07D15C4BE7
:10A68800D3F894305A4A23F00403C2F894307B6814
:10A698001B6803F02003002B36D07B68DB6A002B95
:10A6A80019D0534B1B68524A43F480531360FBF78D
:10A6B80095FBB86208E0FBF791FB0246BB6AD31A28
:10A6C800022B01D903234EE2494B1B6803F40053C4
:10A6D800002BF0D018E0464B1B68454A23F4805302
:10A6E8001360FBF77BFBB86208E0FBF777FB0246D9
:10A6F800BB6AD31A022B01D9032334E23C4B1B68F3
:10A7080003F40053002BF0D17B681B6803F080032F
:10A71800002B36D07B681B6B002B19D0344B1B6881
:10A72800334A43F480431360FBF758FBB86208E0F0
:10A73800FBF754FB0246BB6AD31A022B01D9032349
:10A7480011E22B4B1B6803F40043002BF0D018E0F8
:10A75800274B1B68264A23F480431360FBF73EFB14
:10A76800B86208E0FBF73AFB0246BB6AD31A022B31
:10A7780001D90323F7E11E4B1B6803F40043002BA8
:10A78800F0D17B681B6803F04003002B7FD07B6807
:10A798005B6B002B62D0164B9B68154A43F4000391
:10A7A8009360134B9B6823F070627B689B6A104927
:10A7B80013438B607B685B6AB3F1404F09D30C4B42
:10A7C800DB6823F01F027B681B6A09491343CB60CF
:10A7D8002AE07B685B6A002B0CDA054BDB6823F404
:10A7E80078727B681B6A5B0101491343CB601BE0ED
:10A7F800000C02467B685B6AB3F1804F0AD3A14B19
:10A80800DB6823F4F8427B681B6A9B029D4913436B
:10A81800CB6009E09B4BDB6823F478227B681B6ADA
:10A82800DB0398491343CB60964B1B68954A43F06A
:10A8380010031360FBF7D2FAB86208E0FBF7CEFA10
:10A848000246BB6AD31A022B01D903238BE18D4B35
:10A858001B6803F02003002BF0D018E0894B1B681D
:10A86800884A23F010031360FBF7B8FAB86208E0CF
:10A87800FBF7B4FA0246BB6AD31A022B01D90323A9
:10A8880071E1804B1B6803F02003002BF0D17B683B
:10A898009B6B002B00F06681002387F83430794BDE
:10A8A800DB6903F00C030C2B00F0F2807B689B6BD8
:10A8B800022B40F0C580734B1B68724A23F08073EB
:10A8C8001360FBF78BFAB86208E0FBF787FA0246D9
:10A8D800BB6AD31A022B01D9032344E1694B1B68D5
:10A8E80003F00073002BF0D1664BD3F8943003F0DB
:10A8F8000403002B11D1634BD3F89430614A43F021
:10A908000403C2F894305F4BD3F8943003F0040387
:10A91800FB60FB68012387F834305B4BDB6803F48A
:10A928008023B3F5802F02D1012387F83730564BA7
:10A93800DB68554A23F48023D360524B9B6A23F487
:10A948007F4323F003037A68D16B7A68126C013A6B
:10A95800120211437A68526C0A434A4913438B62C4
:10A96800484B5A6B494B13407A68926C013AC2F3D0
:10A9780008017A68D26C013A520292B211437A689D
:10A98800126D013A120402F4FE0211437A68526D04
:10A99800013A120602F0FE420A433A4913434B6356
:10A9A800384B9B6A374A23F0100393627B68DB6D50
:10A9B800344ADB009363334B9B6A324A43F01003FB
:10A9C8009362304B9B6A23F00C027B689B6D2D4988
:10A9D80013438B6297F83730012B05D12A4BDB687C
:10A9E800294A43F48023D36097F83430012B07D1E8
:10A9F800244BD3F89430234A23F00403C2F894304C
:10AA0800204B1B681F4A43F080731360FBF7E6F97D
:10AA1800B86208E0FBF7E2F90246BB6AD31A022BD8
:10AA280001D903239FE0174B1B6803F00073002B29
:10AA3800F0D0144B9B6A134A43F48023936291E04D
:10AA4800104B1B680F4A23F080731360FBF7C6F99D
:10AA5800B86208E0FBF7C2F90246BB6AD31A022BB8
:10AA680001D903237FE0074B1B6803F00073002B19
:10AA7800F0D1044B9B6A034A23F4E02323F0030339
:10AA880093626FE0000C02460008024600008080D6
:10AA9800374B9B6AFB61364B5B6BBB617B689B6B7F
:10AAA800012B39D0FB6903F003027B68DB6B9A4208
:10AAB80032D1FB691B0A03F00F027B681B6C013B58
:10AAC8009A4229D1FB6903F470427B685B6C9A4215
:10AAD80022D1BB69C3F308027B689B6C013B9A4295
:10AAE8001AD1BB695B0A03F07F027B68DB6C013B10
:10AAF8009A4211D1BB691B0C03F07F027B681B6D66
:10AB0800013B9A4208D1BB691B0E03F07F027B68A8
:10AB18005B6D013B9A4201D0012324E0144B9B6BEF
:10AB2800DB08C3F30C027B68DB6D9A421AD0104B2A
:10AB38009B6A0F4A23F010039362FBF74FF9B86240
:10AB480000BFFBF74BF90246BB6A9342F9D07B681A
:10AB5800DB6D074ADB009363054B9B6A044A43F0AD
:10AB680010039362002318463837BD4680BD00BFE6
:10AB7800000C024680B586B000AF786039607B680B
:10AB8800002B01D10123D9E19B4B1B6803F00F0374
:10AB98003A689A4210D9984B1B6823F00F029649DD
:10ABA8003B6813430B60944B1B6803F00F033A6830
:10ABB8009A4201D00123C1E17B681B6803F01003AE
:10ABC800002B10D07B685A698C4B5B6A03F07003CA
:10ABD8009A4208D9894B5B6A23F070027B685B69EB
:10ABE800864913434B627B681B6803F00803002BFC
:10ABF80012D07B681A69814B1B6A1B0903F070032A
:10AC08009A4209D97D4B1B6A23F4E0627B681B6971
:10AC18001B017A4913430B627B681B6803F004032A
:10AC2800002B10D07B68DA68744B1B6A03F0700342
:10AC38009A4208D9714B1B6A23F070027B68DB6863
:10AC48006E4913430B627B681B6803F00203002BF9
:10AC580010D07B689A68694B1B6A03F00F039A420D
:10AC680008D9664B1B6A23F00F027B689B6863490F
:10AC780013430B627B681B6803F00103002B00F091
:10AC8800D2800023FB757B685B68032B43D15B4B49
:10AC9800D3F8943003F00403002B10D1574BD3F8AA
:10ACA8009430564A43F00403C2F89430534BD3F817
:10ACB800943003F00403BB60BB680123FB75FBF70A
:10ACC8008DF838614E4BDB6803F48023002B0FD0DE
:10ACD80008E0FBF783F802463B69D31A022B01D937
:10ACE80003232BE1464BDB6803F48043002BF0D0B1
:10ACF800FB7D012B07D1414BD3F894303F4A23F019
:10AD08000403C2F894303D4B1B6803F00073002B1A
:10AD180021D1012312E17B685B68022B07D1374BF5
:10AD28001B6803F40033002B15D1012306E17B686F
:10AD38005B68002B07D1314B1B6803F00403002B21
:10AD480009D10123FAE02D4B1B6803F48063002B23
:10AD580001D10123F2E0294BDB6923F003027B6870
:10AD68005B6826491343CB61FBF738F838617B6889
:10AD78005B68032B12D10AE0FBF730F802463B6907
:10AD8800D31A41F28832934201D90323D6E01B4BF0
:10AD9800DB6903F00C030C2BEED144E07B685B68A5
:10ADA800022B12D10AE0FBF719F802463B69D31AC5
:10ADB80041F28832934201D90323BFE00F4BDB698C
:10ADC80003F00C03082BEED12DE07B685B68002BA9
:10ADD80023D10AE0FBF702F802463B69D31A41F295
:10ADE8008832934201D90323A8E0044BDB6903F0BE
:10ADF8000C03002BEED116E000200240000C0246A6
:10AE080000080246FAF7EAFF02463B69D31A41F204
:10AE18008832934201D9032390E04A4BDB6903F05F
:10AE28000C03042BEED17B681B6803F00203002B94
:10AE380010D07B689A68434B1B6A03F00F039A4251
:10AE480008D2404B1B6A23F00F027B689B683D4980
:10AE580013430B623C4B1B6803F00F033A689A429A
:10AE680010D2394B1B6823F00F0237493B68134354
:10AE78000B60354B1B6803F00F033A689A4201D008
:10AE880001235BE07B681B6803F00403002B10D0F0
:10AE98007B68DA682B4B1B6A03F070039A4208D26E
:10AEA800284B1B6A23F070027B68DB682549134333
:10AEB8000B627B681B6803F00803002B12D07B68C9
:10AEC8001A69204B1B6A1B0903F070039A4209D2C6
:10AED8001C4B1B6A23F4E0627B681B691B01194940
:10AEE80013430B627B681B6803F01003002B10D020
:10AEF8007B685A69134B5B6A03F070039A4208D265
:10AF0800104B5B6A23F070027B685B690D49134341
:10AF18004B6200F021F802460A4B1B6A03F00F034C
:10AF28000A49CB5C22FA03F3094A1360094B1B68F0
:10AF3800184610F06DFA0346FB73FB7B184618376A
:10AF4800BD4680BD000C02460020024088CA0208A7
:10AF5800040000200800002080B48BB000AF00235C
:10AF68007B6200233B62784BDB6903F00C03BB6117
:10AF7800754B9B6A03F003037B61BB69002B05D00B
:10AF8800BB690C2B21D17B69012B1ED16E4B9B68B1
:10AF980003F40003002B07D16B4BD3F8F4301B0BE1
:10AFA80003F00F037B6205E0674B9B681B0F03F000
:10AFB8000F037B62654A7B6A52F823307B62BB6968
:10AFC800002B10D17B6A3B620DE05F4BDB6903F01D
:10AFD8000C03042B02D15E4B3B6204E0BB69082BD7
:10AFE80001D15C4B3B62BB690C2B40F0A580564BF2
:10AFF8009B6A03F003033B61534B9B6A1B0A03F0F4
:10B008000F030133FB60504B9B6A1B0903F00103DC
:10B01800BB604D4B9B6BDB08C3F30C03BA6802FBA8
:10B0280003F307EE903AF8EE677AC7ED017A3B69C9
:10B03800022B03D03B69032B22D043E0FB6807EEC9
:10B04800903AF8EE677ADFED446A86EEA77A3E4BCF
:10B058005B6BC3F3080307EE903AF8EE676A97ED67
:10B06800016ADFED3E5AC6EE257A76EEA77AF7EE4C
:10B07800006A77EEA67A67EE277AC7ED077A46E088
:10B08800FB6807EE903AF8EE677ADFED356A86EEF0
:10B09800A77A2D4B5B6BC3F3080307EE903AF8EEE3
:10B0A800676A97ED016ADFED2D5AC6EE257A76EECE
:10B0B800A77AF7EE006A77EEA67A67EE277AC7EDE9
:10B0C800077A24E07B6A07EE903AF8EE676AFB6835
:10B0D80007EE903AF8EE677A86EEA77A1A4B5B6B22
:10B0E800C3F3080307EE903AF8EE676A97ED016A32
:10B0F800DFED1A5AC6EE257A76EEA77AF7EE006AE1
:10B1080077EEA67A67EE277AC7ED077A00BF0E4B6F
:10B118005B6B1B0E03F07F0301333B603B6807EE5C
:10B12800903AB8EE677AD7ED076AC6EE877AFCEEF2
:10B13800E77A17EE903A3B623B6A18462C37BD46D1
:10B148005DF8047B704700BF000C0246A0CA0208E5
:10B158000024F40000366E010024744B0000004601
:10B16800001BB74B80B500AFFFF7F6FE0246074B52
:10B178001B6A03F00F030649CB5C22FA03F3054A66
:10B188001360044B1B68184680BD00BF000C0246C4
:10B1980088CA02080400002080B500AFFFF7E2FF6C
:10B1A8000246054B1B6A1B0903F007030349CB5CE6
:10B1B80022FA03F3184680BD000C024698CA02081A
:10B1C80080B500AFFFF7CEFF0246054B1B6A1B0A8E
:10B1D80003F007030349CB5C22FA03F3184680BD4A
:10B1E800000C024698CA020880B500AFFFF7BAFF04
:10B1F8000246054B5B6A1B0903F007030349CB5C56
:10B2080022FA03F3184680BD000C024698CA0208C9
:10B2180080B483B000AF786039607B681F221A6001
:10B22800154BDB6903F003027B685A60124B1B6AFB
:10B2380003F00F027B689A600F4B1B6A03F07002E1
:10B248007B68DA600C4B1B6A1B0903F070027B6891
:10B258001A61094B5B6A03F070027B685A61074BFD
:10B268001B6803F00F023B681A6000BF0C37BD462D
:10B278005DF8047B704700BF000C024600200240C6
:10B2880080B586B000AF78603E4BD3F8943003F0B9
:10B298000403002B03D003F0E9FA786119E0394B75
:10B2A800D3F89430374A43F00403C2F89430354B4E
:10B2B800D3F8943003F00403FB60FB6803F0D6FA7C
:10B2C8007861304BD3F894302E4A23F00403C2F847
:10B2D80094307B69B3F5403F03D07B69B3F5003FF9
:10B2E80009D17B68B3F1805F02D201233B6133E06F
:10B2F80000233B6130E07B68B3F1805F08D27B6953
:10B30800B3F5803F02D103233B6125E0012335E0FB
:10B318007B68B3F1005F0FD97B69002B09D17B688B
:10B32800B3F1405F02D900233B6115E001233B6183
:10B3380012E000233B610FE07B68B3F1805F09D125
:10B348007B69B3F5803F02D101233B6104E002230E
:10B358003B6101E001233B610B4B1B6823F00F02AB
:10B3680009493B6913430B60074B1B6803F00F0344
:10B378003A699A4201D0012300E0002318461837A1
:10B38800BD4680BD000C0246002002402DE9B04FAA
:10B39800B4B000AFC7F8BC00002387F8CB30002357
:10B3A80087F8CA30D7F8BC30D3E9002302F001048B
:10B3B800002554EA05030BD0C44BD3F8E03023F042
:10B3C8000301D7F8BC301B6DC04A0B43C2F8E0300C
:10B3D800D7F8BC30D3E9002302F004084FF0000985
:10B3E80058EA09030BD0B94BD3F8E03023F0300109
:10B3F800D7F8BC305B6DB54A0B43C2F8E030D7F8DC
:10B40800BC30D3E9002302F0080A4FF0000B5AEAD7
:10B418000B030BD0AD4BD3F8E03023F0C001D7F8C5
:10B42800BC309B6DA94A0B43C2F8E030D7F8BC305A
:10B43800D3E9002302F01003C7F8B0300023C7F89F
:10B44800B430D7E92C120B4613430BD09F4BD3F8DB
:10B45800E03023F44071D7F8BC30DB6D9B4A0B43D6
:10B46800C2F8E030D7F8BC30D3E9002302F020035B
:10B47800C7F8A8300023C7F8AC30D7E92A120B4622
:10B4880013430BD0914BD3F8E83023F00701D7F8DA
:10B49800BC301B6E8D4A0B43C2F8E830D7F8BC307D
:10B4A800D3E9002302F04003C7F8A0300023C7F80F
:10B4B800A430D7E928120B4613430BD0834BD3F89B
:10B4C800E03023F44061D7F8BC305B6E7F4A0B4311
:10B4D800C2F8E030D7F8BC30D3E9002302F080038B
:10B4E800C7F898300023C7F89C30D7E926120B46D6
:10B4F80013430BD0754BD3F8E03023F44051D7F801
:10B50800BC309B6E714A0B43C2F8E030D7F8BC30B0
:10B51800D3E9002302F48073C7F890300023C7F8FA
:10B528009430D7E924120B4613430BD0674BD3F85A
:10B53800E83023F0C001D7F8BC30DB6E634A0B4318
:10B54800C2F8E830D7F8BC30D3E9002302F480030E
:10B55800C7F888300023C7F88C30D7E922120B4689
:10B5680013430BD0594BD3F8E03023F44041D7F8BC
:10B57800BC301B6F554A0B43C2F8E030D7F8BC30DB
:10B58800D3E9002302F40073C7F880300023C7F81A
:10B598008430D7E920120B4613430BD04B4BD3F81A
:10B5A800E83023F44061D7F8BC305B6F474A0B435F
:10B5B800C2F8E830D7F8BC30D3E9002302F480633E
:10B5C800BB670023FB67D7E91E120B4613430BD05A
:10B5D8003E4BD3F8E03023F44021D7F8BC309B6FC2
:10B5E8003A4A0B43C2F8E030D7F8BC30D3E900231D
:10B5F80002F400633B6700237B67D7E91C120B4604
:10B6080013430BD0314BD3F8E83023F44071D7F80B
:10B61800BC30DB6F2D4A0B43C2F8E830D7F8BC309A
:10B62800D3E9002302F40053BB660023FB66D7E985
:10B638001A120B4613434FD0D7F8BC30D3F88C30CE
:10B64800802B2DD0802B27D8602B2BD0602B23D894
:10B65800402B06D0402B1FD8002B09D0202B11D00F
:10B668001AE01A4B9B6A194A43F4803393621AE032
:10B67800D7F8BC300833184602F0D6F8034687F8E6
:10B68800CB3010E0D7F8BC302C33184602F064F900
:10B69800034687F8CB3006E0012387F8CB3002E079
:10B6A80000BF00E000BF97F8CB30002B10D1074B4C
:10B6B800D3F8E43023F0E001D7F8BC30D3F88C306D
:10B6C800024A0B43C2F8E43006E000BF000C024611
:10B6D80097F8CB3087F8CA30D7F8BC30D3E90023C5
:10B6E80002F400433B6600237B66D7E918120B4639
:10B6F800134346D0D7F8BC30D3F89C30B3F5A04FED
:10B7080028D0B3F5A04F21D8B3F5804F22D0B3F598
:10B71800804F1BD8B3F5405F1CD0B3F5405F15D8F8
:10B72800B3F5005F08D0B3F5005F0FD8002B11D038
:10B73800B3F5805F0ED009E0D7F8BC30083318465F
:10B7480002F072F8034687F8CB3004E0012387F84B
:10B75800CB3000E000BF97F8CB30002B0DD1B64BB3
:10B76800D3F8E83023F4E041D7F8BC30D3F89C3064
:10B77800B14A0B43C2F8E83003E097F8CB3087F8BA
:10B78800CA30D7F8BC30D3E9002302F48033BB6554
:10B798000023FB65D7E916120B4613433ED0D7F8B2
:10B7A800BC30D3F88430042B1DD801A252F823F002
:10B7B800F7B70008CDB70008DBB70008F7B70008EF
:10B7C800F7B700089C4B9B6A9B4A43F4803393620B
:10B7D8000EE0D7F8BC302C33184602F0BDF803460B
:10B7E80087F8CB3004E0012387F8CB3000E000BFB6
:10B7F80097F8CB30002B0DD18F4BD3F8E43023F0E2
:10B808000701D7F8BC30D3F884308B4A0B43C2F811
:10B81800E43003E097F8CB3087F8CA30D7F8BC306B
:10B82800D3E9002302F400333B6500237B65D7E9A5
:10B8380014120B4613434AD0D7F8BC30D3F88830DB
:10B84800B3F5802F28D0B3F5802F21D8B3F5403F2A
:10B8580024D0B3F5403F1BD8B3F5003F0ED0B3F565
:10B86800003F15D8002B1BD0B3F5803F10D1724B89
:10B878009B6A714A43F48033936212E0D7F8BC3074
:10B888002C33184602F068F8034687F8CB3008E0F6
:10B89800012387F8CB3004E000BF02E000BF00E0DE
:10B8A80000BF97F8CB30002B0DD1634BD3F8E830AD
:10B8B80023F4E021D7F8BC30D3F888305E4A0B4334
:10B8C800C2F8E83003E097F8CB3087F8CA30D7F8E9
:10B8D800BC30D3E9002302F48023BB640023FB645B
:10B8E800D7E912120B46134300F0BA80002387F8F9
:10B8F800C930514BD3F8943003F00403002B13D113
:10B908004D4BD3F894304C4A43F00403C2F89430BA
:10B91800494BD3F8943003F00403C7F8C030D7F884
:10B92800C030012387F8C930444B9B6A434A43F02F
:10B9380001039362FAF752FAC7F8C4000BE0FAF76A
:10B948004DFA0246D7F8C430D31A022B03D9032381
:10B9580087F8CB3005E0394B9B6A03F00103002BD5
:10B96800EDD097F8CB30002B6AD1334BD3F8F030B9
:10B9780003F44073C7F8CC30D7F8CC30002B23D071
:10B98800D7F8BC30D3F8B420D7F8CC3093421BD0CA
:10B99800294BD3F8F03023F44073C7F8CC30264B4A
:10B9A800D3F8F030244A43F48033C2F8F030224B05
:10B9B800D3F8F030204A23F48033C2F8F0301E4A1E
:10B9C800D7F8CC30C2F8F030D7F8CC3003F0010308
:10B9D800002B19D0FAF702FAC7F8C4000DE0FAF7FD
:10B9E800FDF90246D7F8C430D21A41F288339A4298
:10B9F80003D9032387F8CB3006E00F4BD3F8F03098
:10BA080003F00203002BEAD097F8CB30002B0DD1BE
:10BA1800094BD3F8F03023F44071D7F8BC30D3F891
:10BA2800B430054A0B43C2F8F0300DE097F8CB303C
:10BA380087F8CA3008E000BF000C0246000802463A
:10BA480097F8CB3087F8CA3097F8C930012B07D15F
:10BA5800C04BD3F89430BF4A23F00403C2F89430A3
:10BA6800D7F8BC30D3E9002302F480133B640023E9
:10BA78007B64D7E910120B46134342D0D7F8BC3089
:10BA8800D3F89430B3F1406F22D0B3F1406F1BD894
:10BA9800B3F1006F11D0B3F1006F15D8002B19D096
:10BAA800B3F1806F10D1D7F8BC300833184601F0D5
:10BAB800BBFE034687F8CB300DE0A64B9B6AA54A30
:10BAC80043F40033936206E0012387F8CB3002E0A9
:10BAD80000BF00E000BF97F8CB30002B0DD19D4B85
:10BAE800D3F8E03023F04061D7F8BC30D3F8943075
:10BAF800984A0B43C2F8E03003E097F8CB3087F858
:10BB0800CA30D7F8BC30D3E9002302F40023BB6362
:10BB18000023FB63D7E90E120B4613432DD0D7F849
:10BB2800BC30D3F89030B3F5005F0BD0B3F5005FAD
:10BB380004D8002B08D0B3F5805F07D0012387F81D
:10BB4800CB3004E000BF02E000BF00E000BF97F880
:10BB5800CB30002B0DD17F4BD3F8E43023F4405188
:10BB6800D7F8BC30D3F890307A4A0B43C2F8E430A7
:10BB780003E097F8CB3087F8CA30D7F8BC30D3E960
:10BB8800002302F400133B6300237B63D7E90C1204
:10BB98000B46134319D0D7F8BC30D3F89830B3F517
:10BBA800804F05D16B4B9B6A6A4A43F4803393629A
:10BBB800684BD3F8E43023F48041D7F8BC30D3F88D
:10BBC8009830644A0B43C2F8E430D7F8BC30D3E964
:10BBD800002302F40003BB620023FB62D7E90A12C8
:10BBE8000B4613430CD05B4BD3F8E03023F44012E0
:10BBF800D7F8BC30D3F8A83056491343C1F8E03021
:10BC0800D7F8BC30D3E9002302F080733B620023ED
:10BC18007B62D7E908120B4613430CD04D4BD3F87F
:10BC2800E03023F44032D7F8BC30D3F8AC3049497F
:10BC38001343C1F8E030D7F8BC30D3E9002302F051
:10BC48000073BB610023FB61D7E906120B4613435F
:10BC58000CD0404BD3F8E83023F01802D7F8BC30AA
:10BC6800D3F8B0303B491343C1F8E830D7F8BC30BB
:10BC7800D3E9002302F080633B6100237B61D7E9AD
:10BC880004120B46134332D0D7F8BC30D3F8A43093
:10BC9800B3F5001F05D12F4B9B6A2E4A43F400339E
:10BCA8009362D7F8BC30D3F8A430B3F5401F08D15D
:10BCB800D7F8BC300833184601F0B6FD034687F8BC
:10BCC800CB3097F8CB30002B0DD1224BD3F8E43092
:10BCD80023F44012D7F8BC30D3F8A4301D491343DD
:10BCE800C1F8E43003E097F8CB3087F8CA30D7F8CA
:10BCF800BC30D3E9002302F00063BB600023FB6083
:10BD0800D7E902120B4613433DD0D7F8BC30D3F81D
:10BD18008030B3F1007F0ED0B3F1007F15D8002B2F
:10BD28001AD0B3F1807F10D10A4B9B6A094A43F4B9
:10BD38000033936211E0D7F8BC300833184601F09D
:10BD480073FD034687F8CB3007E0012387F8CB3033
:10BD580003E000BF000C024600BF97F8CB30002B71
:10BD68000DD11A4BD3F8E03023F04072D7F8BC302D
:10BD7800D3F8803015491343C1F8E03003E097F851
:10BD8800CB3087F8CA30D7F8BC30D3E9002302F0AB
:10BD980080533B6000237B60D7E900120B461343B6
:10BDA8000CD00A4BD3F8E83023F40042D7F8BC3063
:10BDB800D3F8A03005491343C1F8E83097F8CA30E2
:10BDC8001846D037BD46BDE8B08F00BF000C02460C
:10BDD80080B489B000AF7860A64B5B6BC3F30803EF
:10BDE800BB61A44B9B6A03F003037B61A14B9B6A75
:10BDF8001B0A03F00F0301333B619E4B9B6A1B092F
:10BE080003F00103FB609B4B9B6BDB08C3F30C0344
:10BE1800FA6802FB03F307EE903AF8EE677AC7ED8B
:10BE2800027A7B69032B62D07B69032B00F2818045
:10BE38007B69012B24D07B69022B7AD13B6907EE01
:10BE4800903AF8EE677ADFED8C6A86EEA77A894B2E
:10BE58005B6BC3F3080307EE903AF8EE676A97ED59
:10BE6800026ADFED865AC6EE257A76EEA77AF7EEF5
:10BE7800006A77EEA67A67EE277AC7ED077A8FE031
:10BE88007C4B9B6803F40003002B05D0794B9B681F
:10BE98001B0F03F00F0306E0764BD3F8F4301B04B6
:10BEA8001B0F03F00F03764A52F8233007EE903A3F
:10BEB800F8EE676A3B6907EE903AF8EE677A86EE25
:10BEC800A77ABB6907EE903AF8EE676A97ED026ABF
:10BED800DFED6A5AC6EE257A76EEA77AF7EE006AA3
:10BEE80077EEA67A67EE277AC7ED077A58E03B69BE
:10BEF80007EE903AF8EE677ADFED626A86EEA77A87
:10BF08005C4B5B6BC3F3080307EE903AF8EE676A85
:10BF180097ED026ADFED595AC6EE257A76EEA77AD2
:10BF2800F7EE006A77EEA67A67EE277AC7ED077A0A
:10BF380036E0504B9B6803F40003002B05D04D4BB3
:10BF48009B681B0F03F00F0306E04A4BD3F8F4304D
:10BF58001B041B0F03F00F03494A52F8233007EE66
:10BF6800903AF8EE676A3B6907EE903AF8EE677A1E
:10BF780086EEA77ABB6907EE903AF8EE676A97ED06
:10BF8800026ADFED3E5AC6EE257A76EEA77AF7EE1C
:10BF9800006A77EEA67A67EE277AC7ED077A00BFC0
:10BFA800344B9B6A03F48033002B17D0314B5B6B07
:10BFB8005B0A03F07F0307EE903AF8EE677AB7EE74
:10BFC800007A37EE877AD7ED076AC6EE877AFCEEF5
:10BFD800E77A17EE902A7B681A6002E07B680022F5
:10BFE8001A60244B9B6A03F40033002B17D0214BB3
:10BFF8005B6B1B0C03F07F0307EE903AF8EE677A51
:10C00800B7EE007A37EE877AD7ED076AC6EE877AF9
:10C01800FCEEE77A17EE902A7B685A6002E07B68AC
:10C0280000225A60134B9B6A03F48023002B17D01D
:10C03800104B5B6B1B0E03F07F0307EE903AF8EE94
:10C04800677AB7EE007A37EE877AD7ED076AC6EED9
:10C05800877AFCEEE77A17EE902A7B689A6002E00E
:10C068007B6800229A6000BF2437BD465DF8047BD8
:10C07800704700BF000C02460024744B00000046C5
:10C08800A0CA0208001BB74B80B489B000AF786023
:10C09800A64BDB6BC3F30803BB61A44BDB6A03F05D
:10C0A80003037B61A14BDB6A1B0A03F00F03013317
:10C0B8003B619E4BDB6A1B0903F00103FB609B4B52
:10C0C8001B6CDB08C3F30C03FA6802FB03F307EEEF
:10C0D800903AF8EE677AC7ED027A7B69032B62D053
:10C0E8007B69032B00F281807B69012B24D07B695B
:10C0F800022B7AD13B6907EE903AF8EE677ADFEDCA
:10C108008C6A86EEA77A894BDB6BC3F3080307EECC
:10C11800903AF8EE676A97ED026ADFED865AC6EE46
:10C12800257A76EEA77AF7EE006A77EEA67A67EEBA
:10C13800277AC7ED077A8FE07C4B9B6803F40003EE
:10C14800002B05D0794B9B681B0F03F00F0306E00B
:10C15800764BD3F8F4301B041B0F03F00F03764A19
:10C1680052F8233007EE903AF8EE676A3B6907EE1B
:10C17800903AF8EE677A86EEA77ABB6907EE903AAE
:10C18800F8EE676A97ED026ADFED6A5AC6EE257A1D
:10C1980076EEA77AF7EE006A77EEA67A67EE277A48
:10C1A800C7ED077A58E03B6907EE903AF8EE677AF0
:10C1B800DFED626A86EEA77A5C4BDB6BC3F308039C
:10C1C80007EE903AF8EE676A97ED026ADFED595A82
:10C1D800C6EE257A76EEA77AF7EE006A77EEA67AAB
:10C1E80067EE277AC7ED077A36E0504B9B6803F471
:10C1F8000003002B05D04D4B9B681B0F03F00F036A
:10C2080006E04A4BD3F8F4301B041B0F03F00F036E
:10C21800494A52F8233007EE903AF8EE676A3B69CC
:10C2280007EE903AF8EE677A86EEA77ABB6907EED2
:10C23800903AF8EE676A97ED026ADFED3E5AC6EE6D
:10C24800257A76EEA77AF7EE006A77EEA67A67EE99
:10C25800277AC7ED077A00BF344BDB6A03F48033D3
:10C26800002B17D0314BDB6B5B0A03F07F0307EE23
:10C27800903AF8EE677AB7EE007A37EE877AD7ED1C
:10C28800076AC6EE877AFCEEE77A17EE902A7B6893
:10C298001A6002E07B6800221A60244BDB6A03F410
:10C2A8000033002B17D0214BDB6B1B0C03F07F03F3
:10C2B80007EE903AF8EE677AB7EE007A37EE877AAB
:10C2C800D7ED076AC6EE877AFCEEE77A17EE902A72
:10C2D8007B685A6002E07B6800225A60134BDB6A75
:10C2E80003F48023002B17D0104BDB6B1B0E03F0DD
:10C2F8007F0307EE903AF8EE677AB7EE007A37EEEA
:10C30800877AD7ED076AC6EE877AFCEEE77A17EEEA
:10C31800902A7B689A6002E07B6800229A6000BFDE
:10C328002437BD465DF8047B704700BF000C024609
:10C338000024744B00000046A0CA0208001BB74B3B
:10C3480080B489B000AF7860A64B5B6CC3F3080378
:10C35800BB61A44B1B6B03F003037B61A14B1B6BFD
:10C368001B0A03F00F0301333B619E4B1B6B1B0938
:10C3780003F00103FB609B4B9B6CDB08C3F30C03CE
:10C38800FA6802FB03F307EE903AF8EE677AC7ED16
:10C39800027A7B69032B62D07B69032B00F28180D0
:10C3A8007B69012B24D07B69022B7AD13B6907EE8C
:10C3B800903AF8EE677ADFED8C6A86EEA77A894BB9
:10C3C8005B6CC3F3080307EE903AF8EE676A97EDE3
:10C3D800026ADFED865AC6EE257A76EEA77AF7EE80
:10C3E800006A77EEA67A67EE277AC7ED077A8FE0BC
:10C3F8007C4B9B6803F40003002B05D0794B9B68AA
:10C408001B0F03F00F0306E0764BD3F8F4301B0440
:10C418001B0F03F00F03764A52F8233007EE903AC9
:10C42800F8EE676A3B6907EE903AF8EE677A86EEAF
:10C43800A77ABB6907EE903AF8EE676A97ED026A49
:10C44800DFED6A5AC6EE257A76EEA77AF7EE006A2D
:10C4580077EEA67A67EE277AC7ED077A58E03B6948
:10C4680007EE903AF8EE677ADFED626A86EEA77A11
:10C478005C4B5B6CC3F3080307EE903AF8EE676A0F
:10C4880097ED026ADFED595AC6EE257A76EEA77A5D
:10C49800F7EE006A77EEA67A67EE277AC7ED077A95
:10C4A80036E0504B9B6803F40003002B05D04D4B3E
:10C4B8009B681B0F03F00F0306E04A4BD3F8F430D8
:10C4C8001B041B0F03F00F03494A52F8233007EEF1
:10C4D800903AF8EE676A3B6907EE903AF8EE677AA9
:10C4E80086EEA77ABB6907EE903AF8EE676A97ED91
:10C4F800026ADFED3E5AC6EE257A76EEA77AF7EEA7
:10C50800006A77EEA67A67EE277AC7ED077A00BF4A
:10C51800344B1B6B03F48033002B17D0314B5B6C0F
:10C528005B0A03F07F0307EE903AF8EE677AB7EEFE
:10C53800007A37EE877AD7ED076AC6EE877AFCEE7F
:10C54800E77A17EE902A7B681A6002E07B6800227F
:10C558001A60244B1B6B03F40033002B17D0214BBC
:10C568005B6C1B0C03F07F0307EE903AF8EE677ADA
:10C57800B7EE007A37EE877AD7ED076AC6EE877A84
:10C58800FCEEE77A17EE902A7B685A6002E07B6837
:10C5980000225A60134B1B6B03F48023002B17D027
:10C5A800104B5B6C1B0E03F07F0307EE903AF8EE1E
:10C5B800677AB7EE007A37EE877AD7ED076AC6EE64
:10C5C800877AFCEEE77A17EE902A7B689A6002E099
:10C5D8007B6800229A6000BF2437BD465DF8047B63
:10C5E800704700BF000C02460024744B0000004650
:10C5F800A0CA0208001BB74B80B58EB000AFC7E9D0
:10C608000001D7E90023A2F580210B4345D1AC4BAB
:10C61800D3F8F03003F440733B63A94BD3F8F03000
:10C6280003F00203022B08D13B6BB3F5807F04D1E2
:10C638004FF400437B6301F0E7B8A14BD3F8F03027
:10C6480003F00063B3F1006F14D13B6BB3F5007FC7
:10C6580010D19B4BD3F8F03003F08053B3F1805FD7
:10C6680003D1FA237B6301F0CFB84FF4FA437B631D
:10C6780001F0CAB8924B1B6803F40033B3F5003FCE
:10C6880007D13B6BB3F5407F03D18E4B7B6301F041
:10C69800BBB800237B6301F0B7B8D7E90023A2F544
:10C6A80000510B4351D1864BD3F8E43003F0E0033B
:10C6B8003B633B6B802B35D03B6B802B41D83B6B6E
:10C6C800602B2AD03B6B602B3BD83B6B402B09D0AF
:10C6D8003B6B402B35D83B6B002B0CD03B6B202B96
:10C6E80012D02EE007F124031846FFF771FB7B6A8E
:10C6F8007B6301F089B807F118031846FFF7C4FCFB
:10C70800BB697B6301F080B807F10C031846FFF79B
:10C7180017FEFB687B6301F077B84BF680337B63C9
:10C7280001F072B8664B1B6803F48063B3F5806F41
:10C7380003D1654B7B6301F067B800237B6301F08D
:10C7480063B800237B6301F05FB8D7E90023A2F543
:10C7580080110B4365D15A4BD3F8E03003F04063A6
:10C768003B633B6BB3F1406F34D03B6BB3F1406F2D
:10C7780053D83B6BB3F1006F0BD03B6BB3F1006F39
:10C788004BD83B6B002B16D03B6BB3F1806F09D0B5
:10C7980043E007F124031846FFF71AFBBB6A7B63E3
:10C7A80001F032B807F118031846FFF76DFCFB6972
:10C7B8007B6301F029B8424B1B6803F40053B3F5BF
:10C7C800005F03D1414B7B6301F01EB800237B63FC
:10C7D80001F01AB83A4B1B6803F02003202B18D13C
:10C7E800374B9B6803F40003002B05D0344B9B6840
:10C7F8001B0E03F00F0306E0314BD3F8F4301B0493
:10C808001B0E03F00F03324A52F823307B6300F00B
:10C81800FBBF00237B6300F0F7BF00237B6300F0BE
:10C82800F3BFD7E90023A2F500110B4340F08A803B
:10C83800234BD3F8E43003F480433B633B6B002B7A
:10C848006FD11F4BD3F8E03003F040633B633B6B81
:10C85800B3F1406F3ED03B6BB3F1406F5DD83B6B9B
:10C86800B3F1006F0BD03B6BB3F1006F55D83B6B46
:10C87800002B16D03B6BB3F1806F09D04DE007F168
:10C8880024031846FFF7A4FABB6A7B6300F0BCBF19
:10C8980007F118031846FFF7F7FBFB697B6300F005
:10C8A800B3BF074B1B6803F40053B3F5005F03D114
:10C8B800064B7B6300F0A8BF00237B6300F0A4BF96
:10C8C800000C0246B0710B000024F400006CDC027E
:10C8D800A0CA0208AB4B1B6803F02003202B18D119
:10C8E800A84B9B6803F40003002B05D0A54B9B685D
:10C8F8001B0E03F00F0306E0A24BD3F8F4301B0421
:10C908001B0E03F00F03A04A52F823307B6300F09C
:10C918007BBF00237B6300F077BF00237B6300F0BD
:10C9280073BF3B6BB3F5804F08D107F1240318465A
:10C93800FFF74EFA7B6A7B6300F066BF00237B63D8
:10C9480000F062BFD7E90023511E0B4336D18D4B4F
:10C95800D3F8E03003F003033B633B6B002B04D1B7
:10C96800FEF72EFC786300F04FBF3B6B012B04D120
:10C97800FEF7F2FA786300F047BF824B1B6803F4B6
:10C988008063B3F5806F06D13B6B022B03D17F4BDD
:10C998007B6300F039BF7B4BD3F8F03003F0020320
:10C9A800022B07D13B6B032B04D14FF400437B636D
:10C9B80000F02ABF00237B6300F026BFD7E90023DD
:10C9C800111F0B4336D16F4BD3F8E03003F030031F
:10C9D8003B633B6B002B04D1FEF7DEFB786300F072
:10C9E80013BF3B6B102B04D1FEF7B6FA786300F047
:10C9F8000BBF644B1B6803F48063B3F5806F06D1EB
:10CA08003B6B202B03D1614B7B6300F0FDBE5D4B7C
:10CA1800D3F8F03003F00203022B07D13B6B302B25
:10CA280004D14FF400437B6300F0EEBE00237B6328
:10CA380000F0EABED7E90023A2F108010B4336D182
:10CA4800504BD3F8E03003F0C0033B633B6B002B43
:10CA580004D1FEF7A1FB786300F0D6BE3B6B402BF8
:10CA680004D1FEF779FA786300F0CEBE454B1B6817
:10CA780003F48063B3F5806F06D13B6B802B03D141
:10CA8800424B7B6300F0C0BE3E4BD3F8F03003F05E
:10CA98000203022B07D13B6BC02B04D14FF4004398
:10CAA8007B6300F0B1BE00237B6300F0ADBED7E925
:10CAB8000023A2F110010B4339D1324BD3F8E030F7
:10CAC80003F440733B633B6B002B04D1FEF764FB1C
:10CAD800786300F099BE3B6BB3F5807F04D1FEF715
:10CAE8003BFA786300F090BE264B1B6803F4806322
:10CAF800B3F5806F07D13B6BB3F5007F03D1234BB0
:10CB08007B6300F081BE1F4BD3F8F03003F00203C3
:10CB1800022B08D13B6BB3F5407F04D14FF400439F
:10CB28007B6300F071BE00237B6300F06DBED7E924
:10CB38000023A2F120010B435FD1124BD3F8E83058
:10CB480003F007033B633B6B002B04D1FEF74CFB60
:10CB5800786300F059BE3B6B012B04D1FEF7FCF95A
:10CB6800786300F051BE074B1B6803F48063B3F58C
:10CB7800806F0DD13B6B022B0AD1044B7B6300F015
:10CB880043BE00BF000C0246A0CA02080024F400FD
:10CB9800AF4BD3F8F03003F00203022B07D13B6B05
:10CBA800032B04D14FF400437B6300F02DBEA84B48
:10CBB8001B6803F02003202B1BD13B6B042B18D1DF
:10CBC800A34B9B6803F40003002B05D0A04B9B6884
:10CBD8001B0E03F00F0306E09D4BD3F8F4301B0443
:10CBE8001B0E03F00F039B4A52F823307B6300F0BF
:10CBF8000BBE00237B6300F007BED7E90023A2F534
:10CC080000410B436CD1924BD3F8E83003F4E04376
:10CC18003B633B6BB3F5805F04D1FEF79DF9786306
:10CC280000F0F2BD3B6BB3F5005F08D107F11803C4
:10CC38001846FFF729FA3B6A7B6300F0E5BD3B6BBA
:10CC4800002B04D1FEF78EFA786300F0DDBD3B6B54
:10CC5800B3F5A04F22D17E4B1B6803F02003202B95
:10CC680018D17B4B9B6803F40003002B05D0784B4D
:10CC78009B681B0E03F00F0306E0754BD3F8F430E6
:10CC88001B041B0E03F00F03724A52F823307B6318
:10CC980000F0BABD00237B6300F0B6BD6C4B1B6887
:10CCA80003F40033B3F5003F07D13B6BB3F5405FA6
:10CCB80003D1694B7B6300F0A7BD654B1B6803F488
:10CCC8008063B3F5806F07D13B6BB3F5804F03D119
:10CCD800624B7B6300F098BD00237B6300F094BD3A
:10CCE800D7E90023A2F580310B4358D1584BD3F82C
:10CCF800E43003F007033B633B6B042B4BD801A2E2
:10CD080052F823F045CD000821CD000833CD0008A6
:10CD18004FCD000859CD000807F124031846FFF746
:10CD280057F87B6A7B6300F06FBD07F10C03184668
:10CD3800FFF706FB3B697B6300F066BDFEF712FA5E
:10CD4800786300F061BD4BF680337B6300F05CBD17
:10CD58003F4B1B6803F02003202B18D13C4B9B68EA
:10CD680003F40003002B05D0394B9B681B0E03F01E
:10CD78000F0306E0364BD3F8F4301B041B0E03F008
:10CD88000F03344A52F823307B6300F03DBD002383
:10CD98007B6300F039BD00237B6300F035BDD7E924
:10CDA8000023A2F500310B436FD1294BD3F8E830AB
:10CDB80003F4E0233B633B6BB3F5802F36D03B6B2A
:10CDC800B3F5802F5DD83B6BB3F5403F29D03B6B63
:10CDD800B3F5403F55D83B6BB3F5003F13D03B6BE1
:10CDE800B3F5003F4DD83B6B002B15D03B6BB3F52B
:10CDF800803F46D107F124031846FEF7E9FF7B6A16
:10CE08007B6300F001BD07F10C031846FFF798FAA1
:10CE18003B697B6300F0F8BCFEF7A4F9786300F087
:10CE2800F3BC4BF680337B6300F0EEBC084B1B6809
:10CE380003F02003202B20D1054B9B6803F400034B
:10CE4800002B0DD0024B9B681B0E03F00F030EE066
:10CE5800000C0246A0CA020800366E010024F40045
:10CE68009D4BD3F8F4301B041B0E03F00F039B4AB1
:10CE780052F823307B6300F0C7BC00237B6300F0CB
:10CE8800C3BC00237B6300F0BFBCD7E90023A2F139
:10CE980040010B434CD1904BD3F8E03003F440638E
:10CEA8003B633B6B002B04D1FEF776F9786300F007
:10CEB800ABBC3B6BB3F5806F04D1FEF74DF87863DC
:10CEC80000F0A2BC844B1B6803F48063B3F5806F49
:10CED80007D13B6BB3F5006F03D1814B7B6300F047
:10CEE80093BC7D4B1B6803F02003202B1CD13B6BAC
:10CEF800B3F5406F18D1784B9B6803F40003002BFF
:10CF080005D0754B9B681B0E03F00F0306E0724BB0
:10CF1800D3F8F4301B041B0E03F00F036F4A52F8CA
:10CF280023307B6300F070BC00237B6300F06CBC93
:10CF3800D7E90023A2F180010B434CD1664BD3F80B
:10CF4800E03003F440533B633B6B002B04D1FEF706
:10CF580023F9786300F058BC3B6BB3F5805F04D1CC
:10CF6800FDF7FAFF786300F04FBC5B4B1B6803F4D6
:10CF78008063B3F5806F07D13B6BB3F5005F03D1D6
:10CF8800574B7B6300F040BC534B1B6803F02003F6
:10CF9800202B1CD13B6BB3F5405F18D14E4B9B68DF
:10CFA80003F40003002B05D04B4B9B681B0E03F0CA
:10CFB8000F0306E0484BD3F8F4301B041B0E03F0B4
:10CFC8000F03464A52F823307B6300F01DBC002350
:10CFD8007B6300F019BCD7E90023A2F580710B43ED
:10CFE80051D13D4BD3F8E83003F0C0033B633B6BB2
:10CFF800C02B24D03B6BC02B42D83B6B802B0DD071
:10D008003B6B802B3CD83B6B002B03D03B6B402BFE
:10D0180011D035E0FEF7E8F87863F5E32E4B1B688E
:10D0280003F48063B3F5806F02D12D4B7B63EBE390
:10D0380000237B63E8E3FDF78FFF7863E4E3264B87
:10D048001B6803F02003202B17D1234B9B6803F4A4
:10D058000003002B05D0204B9B681B0E03F00F0329
:10D0680006E01D4BD3F8F4301B041B0E03F00F032E
:10D078001A4A52F823307B63C6E300237B63C3E379
:10D0880000237B63C0E3D7E90023A2F580010B43AB
:10D098004DD1114BD3F8E03003F440433B633B6B75
:10D0A800002B03D1FEF778F87863ADE33B6BB3F55B
:10D0B800804F03D1FDF750FF7863A5E3064B1B684B
:10D0C80003F48063B3F5806F0CD13B6BB3F5004F6D
:10D0D80008D1034B7B6397E3000C0246A0CA020801
:10D0E8000024F400A44B1B6803F02003202B1BD161
:10D0F8003B6BB3F5404F17D19F4B9B6803F400037C
:10D10800002B05D09C4B9B681B0E03F00F0306E019
:10D11800994BD3F8F4301B041B0E03F00F03974A06
:10D1280052F823307B636FE300237B636CE3D7E91A
:10D138000023A2F500610B4364D18F4BD3F8E8308C
:10D1480003F440733B633B6B002B20D18A4B1B6875
:10D1580003F02003202B17D1874B9B6803F40003AF
:10D16800002B05D0844B9B681B0E03F00F0306E0D1
:10D17800814BD3F8F4301B041B0E03F00F037F4AD6
:10D1880052F823307B633FE300237B633CE37A4B15
:10D19800D3F8F03003F00063B3F1006F12D13B6BAA
:10D1A800B3F5807F0ED1744BD3F8F03003F0805381
:10D1B800B3F1805F02D1FA237B6325E34FF4FA438E
:10D1C8007B6321E36C4B1B6803F48063B3F5806FCA
:10D1D80006D13B6BB3F5007F02D1694B7B6313E348
:10D1E800654BD3F8F03003F00203022B07D13B6BF9
:10D1F800B3F5407F03D14FF400437B6304E300237E
:10D208007B6301E3D7E90023A2F500710B4364D1E6
:10D21800594BD3F8E83003F440633B633B6B002B76
:10D2280020D1554B1B6803F02003202B17D1524BFC
:10D238009B6803F40003002B05D04F4B9B681B0E23
:10D2480003F00F0306E04C4BD3F8F4301B041B0E1D
:10D2580003F00F03494A52F823307B63D4E20023DA
:10D268007B63D1E2444BD3F8F03003F00063B3F1B1
:10D27800006F12D13B6BB3F5806F0ED13E4BD3F8E4
:10D28800F03003F08053B3F1805F02D1FA237B635F
:10D29800BAE24FF4FA437B63B6E2374B1B6803F4F8
:10D2A8008063B3F5806F06D13B6BB3F5006F02D195
:10D2B800334B7B63A8E2304BD3F8F03003F0020322
:10D2C800022B07D13B6BB3F5406F03D14FF40043FA
:10D2D8007B6399E200237B6396E2D7E90023A2F5FA
:10D2E80080610B434ED1244BD3F8E03003F4402344
:10D2F8003B633B6B002B03D1FDF74EFF786383E262
:10D308001D4BD3F8F03003F00063B3F1006F12D176
:10D318003B6BB3F5802F0ED1174BD3F8F03003F0E9
:10D328008053B3F1805F02D1FA237B636CE24FF440
:10D33800FA437B6368E2104B1B6803F48063B3F520
:10D34800806F06D13B6BB3F5002F02D10C4B7B638A
:10D358005AE2094BD3F8F03003F00203022B07D14D
:10D368003B6BB3F5402F03D14FF400437B634BE293
:10D3780000237B6348E200BF000C0246A0CA0208F3
:10D388000024F400D7E9002302F178410B432DD1A2
:10D39800A94BD3F8E03003F040733B63A64B1B68FE
:10D3A80003F40033B3F5003F05D13B6B002B02D1EA
:10D3B800A24B7B6328E23B6BB3F1807F07D107F177
:10D3C80024031846FEF704FDBB6A7B631CE23B6B33
:10D3D800B3F1007F07D107F118031846FEF754FE92
:10D3E800BB697B6310E200237B630DE2D7E900236E
:10D3F800A2F500010B4356D18F4BD3F8E03003F46C
:10D4080040133B633B6BB3F5401F28D03B6BB3F530
:10D41800401F45D83B6BB3F5001F13D03B6BB3F5EA
:10D42800001F3DD83B6B002B04D03B6BB3F5801F2E
:10D4380004D035E0FDF7C4FE7863E5E1FDF78CFD27
:10D448007863E1E17C4B1B6803F48063B3F5806F7C
:10D4580002D17B4B7B63D7E100237B63D4E1764B1E
:10D468001B6803F02003202B17D1734B9B6803F430
:10D478000003002B05D0704B9B681B0E03F00F03B5
:10D4880006E06D4BD3F8F4301B041B0E03F00F03BA
:10D498006C4A52F823307B63B6E100237B63B3E127
:10D4A80000237B63B0E1D7E9002302F17F410B43FE
:10D4B80056D1614BD3F8E03003F440333B633B6B08
:10D4C800B3F5403F28D03B6BB3F5403F45D83B6BA5
:10D4D800B3F5003F13D03B6BB3F5003F3DD83B6B32
:10D4E800002B04D03B6BB3F5803F04D035E0FDF74B
:10D4F80053FE786388E1FDF72FFD786384E14E4B96
:10D508001B6803F48063B3F5806F02D14C4B7B63D7
:10D518007AE100237B6377E1474B1B6803F0200324
:10D52800202B17D1444B9B6803F40003002B05D034
:10D53800414B9B681B0E03F00F0306E03E4BD3F8EC
:10D54800F4301B041B0E03F00F033E4A52F823303D
:10D558007B6359E100237B6356E100237B6353E13E
:10D56800D7E9002302F17E410B437FD1324BD3F838
:10D57800E83003F018033B633B6B182B73D801A208
:10D5880052F823F0F1D500086FD600086FD60008CE
:10D598006FD600086FD600086FD600086FD600084F
:10D5A8006FD60008F9D500086FD600086FD60008B6
:10D5B8006FD600086FD600086FD600086FD600082F
:10D5C8006FD6000801D600086FD600086FD600088D
:10D5D8006FD600086FD600086FD600086FD600080F
:10D5E8006FD600081BD60008FDF7FEFD78630BE137
:10D5F800FDF7B2FC786307E10F4B1B6803F4806307
:10D60800B3F5806F02D10E4B7B63FDE000237B6393
:10D61800FAE0094B1B6803F02003202B20D1064BAE
:10D628009B6803F40003002B0ED0034B9B681B0E72
:10D6380003F00F030FE000BF000C024600366E0136
:10D648000024F400A0CA0208724BD3F8F4301B047B
:10D658001B0E03F00F03704A52F823307B63D3E0AC
:10D6680000237B63D0E000237B63CDE0D7E9002370
:10D6780002F17C410B4355D1664BD3F8E43003F4F7
:10D6880040133B633B6BB3F5401F13D03B6BB3F5C3
:10D69800401F44D83B6BB3F5001F13D03B6BB3F569
:10D6A800001F3CD83B6B002B14D03B6BB3F5801F9D
:10D6B80014D034E007F118031846FEF7E5FCFB69BF
:10D6C8007B63A1E007F124031846FEF781FBBB6AE0
:10D6D8007B6399E0FDF740FC786395E04D4B1B6850
:10D6E80003F02003202B17D14A4B9B6803F4000357
:10D6F800002B05D0474B9B681B0E03F00F0306E079
:10D70800444BD3F8F4301B041B0E03F00F03424ABA
:10D7180052F823307B6377E000237B6374E00023B7
:10D728007B6371E0D7E9002302F170410B4331D1EB
:10D73800384BD3F8E83003F400433B63354BD3F858
:10D74800F03003F00203022B06D13B6B002B03D110
:10D758004FF400437B6357E02E4BD3F8F03003F0CF
:10D768000063B3F1006F12D13B6BB3F5004F0ED1DC
:10D77800284BD3F8F03003F08053B3F1805F02D127
:10D78800FA237B6340E04FF4FA437B633CE00023D9
:10D798007B6339E0D7E90023A2F500210B4331D19F
:10D7A8001C4BD3F8E43003F440533B63194B1B681C
:10D7B80003F40053B3F5005F05D13B6B002B02D196
:10D7C800164B7B6320E0134B1B6803F40053B3F53F
:10D7D800005F06D13B6BB3F5805F02D1104B7B63D2
:10D7E80012E00C4B1B6803F48063B3F5806F06D11D
:10D7F8003B6BB3F5005F02D10A4B7B6304E0002367
:10D808007B6301E000237B637B6B18463837BD469A
:10D8180080BD00BF000C0246A0CA0208006CDC02F2
:10D8280000366E010024F40080B584B000AF786043
:10D83800474B1B68464A23F080631360F8F7CEFA1B
:10D84800F86008E0F8F7CAFA0246FB68D31A022B18
:10D8580001D9032377E03E4B1B6803F00063002BDC
:10D86800F0D13B4BDB6A23F4706323F003037A683F
:10D8780011687A685268013A12020A43344913431C
:10D88800CB62334BDA6B334B13407A689268013AB8
:10D89800C2F308017A68D268013A520292B211437F
:10D8A8007A681269013A120402F4FE0211437A6896
:10D8B8005269013A120602F0FE420A432449134310
:10D8C800CB63234BDB6A23F00C027B689B692049FE
:10D8D8001343CB621E4BDA6A7B681B6A1C491343ED
:10D8E800CB621B4BDB6A1A4A23F01003D362184B36
:10D8F8001B6C23F47F4323F0F8037A68D269D200C3
:10D90800134913430B64124BDB6A114A43F01003AB
:10D91800D3620F4B1B680E4A43F080631360F8F71D
:10D928005DFAF86008E0F8F759FA0246FB68D31A7E
:10D93800022B01D9032306E0054B1B6803F00063A3
:10D94800002BF0D0002318461037BD4680BD00BF1D
:10D95800000C02460000808080B584B000AF78607B
:10D96800474B1B68464A23F080531360F8F736FA92
:10D97800F86008E0F8F732FA0246FB68D31A022B7F
:10D9880001D9032377E03E4B1B6803F00053002BBB
:10D99800F0D13B4B1B6B23F4706323F003037A68CD
:10D9A80011687A685268013A12020A4334491343EB
:10D9B8000B63334B5A6C334B13407A689268013AC5
:10D9C800C2F308017A68D268013A520292B211434E
:10D9D8007A681269013A120402F4FE0211437A6865
:10D9E8005269013A120602F0FE420A4324491343DF
:10D9F8004B64234B1B6B23F00C027B689B6920490B
:10DA080013430B631E4B1A6B7B681B6A1C49134339
:10DA18000B631B4B1B6B1A4A23F010031363184B41
:10DA28009B6C23F47F4323F0F8037A68D269D20011
:10DA3800134913438B64124B1B6B114A43F01003B9
:10DA480013630F4B1B680E4A43F080531360F8F7BB
:10DA5800C5F9F86008E0F8F7C1F90246FB68D31A7F
:10DA6800022B01D9032306E0054B1B6803F0005382
:10DA7800002BF0D0002318461037BD4680BD00BFEC
:10DA8800000C02460000808080B485B000AF78604A
:10DA98007B6803F00703FB600C4BDB68BB60BA686C
:10DAA8004FF6FF031340BB60FB681A02BB681343C1
:10DAB80043F0BF6343F40033BB60044ABB68D360E0
:10DAC80000BF1437BD465DF8047B704700ED00E0E9
:10DAD80080B400AF044BDB681B0A03F00703184649
:10DAE800BD465DF8047B704700ED00E080B483B06C
:10DAF80000AF0346FB7197F90730002B0BDBFB796E
:10DB080003F01F02074997F907305B09012000FA63
:10DB180002F241F8232000BF0C37BD465DF8047BB4
:10DB2800704700BF00E100E080B483B000AF034657
:10DB3800FB7197F90730002B12DBFB7903F01F020A
:10DB48000A4997F907305B09012000FA02F22033ED
:10DB580041F82320BFF34F8F00BFBFF36F8F00BF83
:10DB680000BF0C37BD465DF8047B704700E100E05C
:10DB780080B483B000AF03463960FB7197F9073072
:10DB8800002B0ADB3B68DAB20C4997F9073012011F
:10DB9800D2B20B4483F800230AE03B68DAB20849A2
:10DBA800FB7903F00F03043B1201D2B20B441A763F
:10DBB80000BF0C37BD465DF8047B704700E100E00C
:10DBC80000ED00E080B489B000AFF860B9607A6019
:10DBD800FB6803F00703FB61FB69C3F10703042B30
:10DBE80028BF0423BB61FB690433062B02D9FB69F8
:10DBF800033B00E000237B614FF0FF32BB6902FA70
:10DC080003F3DA43BB681A407B699A404FF0FF314F
:10DC18007B6901FA03F3D9437B680B401343184629
:10DC28002437BD465DF8047B704780B582B000AFED
:10DC380078607868FFF728FF00BF0837BD4680BDC9
:10DC480080B586B000AF0346B9607A60FB73FFF712
:10DC58003FFF78617A68B9687869FFF7B3FF0246D1
:10DC680097F90F3011461846FFF782FF00BF1837A3
:10DC7800BD4680BD80B582B000AF0346FB7197F901
:10DC880007301846FFF732FF00BF0837BD4680BD92
:10DC980080B582B000AF0346FB7197F9073018468C
:10DCA800FFF742FF00BF0837BD4680BD80B483B090
:10DCB80000AF78607B68042B44D801A252F823F0A7
:10DCC800EBDC000809DD00082BDD00084DDD00084D
:10DCD800DDDC00081F4B1B681E4A43F00403136079
:10DCE80031E01C4B1B681B4A23F0040313601A4BDA
:10DCF800D3F8E030184A23F44003C2F8E03022E0B9
:10DD0800144B1B68134A23F004031360124BD3F817
:10DD1800E03023F44003104A43F48003C2F8E030B3
:10DD280011E00C4B1B680B4A23F0040313600A4BE9
:10DD3800D3F8E03023F44003074A43F40003C2F861
:10DD4800E03000E000BF00BF0C37BD465DF8047B43
:10DD5800704700BF10E000E0000C024680B586B0B6
:10DD680000AFF860B9607A601F4B1B78012B01D1B6
:10DD7800022334E01C4B01221A701B4B00225A600C
:10DD88004FF47A7000F070F80346FB75FB7D002BAA
:10DD980021D1154AFB689360144B3B61FB6823F063
:10DDA8000043012B04D17968B86800F0A5F803E0B6
:10DDB8007968B86800F0DCF84FF47A7000F054F82D
:10DDC8000346FB753B691A68FB6823F00043DB4395
:10DDD8001A403B691A60044B00221A70FB7D1846F2
:10DDE8001837BD4680BD00BF100000202820024023
:10DDF80080B483B000AF0023FB710B4B9B6A002BF0
:10DE08000BDA094B094A9A60074B094A9A60064B94
:10DE18009B6A002B01DA0123FB71FB7918460C374A
:10DE2800BD465DF8047B704700200240230167452A
:10DE3800AB89EFCD80B483B000AF0123FB71094BF0
:10DE48009B6A084A43F000439362064B9B6A002B87
:10DE580001DA0023FB71FB7918460C37BD465DF8E3
:10DE6800047B70470020024080B586B000AF786020
:10DE7800F7F7B4FF78611E4B3B6110E07B68B3F1A4
:10DE8800FF3F0CD0F7F7AAFF02467B69D31A7A68DE
:10DE98009A4202D97B68002B01D1032323E03B6916
:10DEA8001B6803F44033002BE8D13B691A6842F23F
:10DEB800FA031340FB60FB68002B0AD00D4B5A682D
:10DEC800FB6813430B4A53603B69FA681A600123E5
:10DED80009E03B691B6803F00103002B02D03B6992
:10DEE80001221A60002318461837BD4680BD00BFBE
:10DEF800202002401000002080B48BB000AF786072
:10DF08003960042387F827307B683B623B68FB61F4
:10DF1800164BBB61BB691B6843F00102BB691A6001
:10DF2800EFF310833B613B697B6172B600BFFB690D
:10DF38001A683B6A1A603B6A04333B62FB69043324
:10DF4800FB6197F82730013B87F8273097F827308F
:10DF5800002BECD17B69FB60FB6883F3108800BF62
:10DF680000BF2C37BD465DF8047B7047282002406F
:10DF780080B48BB000AF78603960202387F82730F1
:10DF88007B683B623B68FB61174BBB61BB691B68E5
:10DF980043F4804343F00103BA691360EFF310833D
:10DFA8003B613B697B6172B600BFFB691A683B6ADB
:10DFB8001A603B6A04333B62FB690433FB6197F8E0
:10DFC8002730013B87F8273097F82730002BECD112
:10DFD8007B69FB60FB6883F3108800BF00BF2C37A8
:10DFE800BD465DF8047B70472820024080B586B0A6
:10DFF80000AF78603960334B1B78012B01D10223C5
:10E008005CE0304B01221A702E4B00225A604FF40C
:10E018007A70FFF729FF0346FB75FB7D002B49D17A
:10E028007B681B68274A9360274BFB607B681B68EB
:10E0380023F0004348F2040293420BD17B685B68EB
:10E04800184600F043F84FF47A70FFF70DFF0346C7
:10E05800FB7525E03B684FF0FF321A607B689B68D0
:10E068003B6115E07B685B681946386900F054F835
:10E078004FF47A70FFF7F8FE0346FB75FB7D002B23
:10E0880003D03B683A691A600AE03B6901333B6197
:10E098007B689A687B68DB6813443A699A42E1D3E3
:10E0A800FB681A687B681B6823F00043DB431A404F
:10E0B800FB681A60034B00221A70FB7D184618375C
:10E0C800BD4680BD100000202820024080B485B0E5
:10E0D80000AF78600F4BFB607B6803F00103002BF7
:10E0E80007D0FB681B6843F4803343F00403FA68E5
:10E0F80013607B6803F00203002B05D0FB681B68E4
:10E1080043F4C032FB681A6000BF1437BD465DF89F
:10E11800047B70472820024080B485B000AF786047
:10E128003960144BFB603B6803F00103002B06D0F9
:10E13800FB681B6823F40062FB681A6005E0FB6853
:10E148001B6843F40062FB681A60FB681B6823F4D1
:10E15800803323F0FA037A68D200134343F4803300
:10E1680043F00203FA68136000BF1437BD465DF838
:10E17800047B70472820024080B489B000AF7860E3
:10E18800396000237B617B683B61C2E13B681A68A8
:10E1980001217B6901FA03F31340FB607B69BB61D2
:10E1A800FB68002B00F0B2817B68554A93425DD131
:10E1B8007B681B68FB6101227B6902FA03F3DB437E
:10E1C800FA691340FB613B685B6803F001027B69F5
:10E1D80002FA03F3FA691343FB617B68FA691A6070
:10E1E800484A7B6952F833303B61464A7B69DB0019
:10E1F80013445B68BB61BB69DA083B69083253F8B2
:10E208002230FB61BB6903F007039B000F2202FA6F
:10E2180003F3DB43FA691340FB61BB6903F00703AF
:10E228009B000B2202FA03F3FA691343FB61BB69F3
:10E23800DA083B690832F96943F822103B691B6820
:10E24800FB61BB695B00032202FA03F3DB43FA6953
:10E258001340FB61BB695B00022202FA03F3FA690F
:10E268001343FB613B69FA691A6067E03B685B68C6
:10E27800022B03D03B685B68122B45D17B69DA0817
:10E288007B68083253F82230FB617B6903F007038F
:10E298009B000F2202FA03F3DB43FA691340FB6188
:10E2A8003B681B6903F00F027B6903F007039B00BF
:10E2B80002FA03F3FA691343FB617B69DA087B68A6
:10E2C8000832F96943F822103B691B68FB61BB6996
:10E2D8005B00032202FA03F3DB43FA691340FB6194
:10E2E8003B685B6803F00302BB695B0002FA03F357
:10E2F800FA691343FB613B69FA691A601EE000BFC3
:10E3080000000246E0CA02083B691B68FB61BB6962
:10E318005B00032202FA03F3DB43FA691340FB6153
:10E328003B685B6803F00302BB695B0002FA03F316
:10E33800FA691343FB613B69FA691A603B685B68D9
:10E34800012B0BD03B685B68022B07D03B685B68EE
:10E35800112B03D03B685B68122B30D13B699B685B
:10E36800FB61BB695B00032202FA03F3DB43FA6932
:10E378001340FB613B68DA68BB695B0002FA03F390
:10E38800FA691343FB613B69FA699A603B695B6808
:10E39800FB610122BB6902FA03F3DB43FA6913400C
:10E3A800FB613B685B681B0903F00102BB6902FA69
:10E3B80003F3FA691343FB613B69FA695A603B68E6
:10E3C8005B68032B07D13B685B68032B1BD13B6859
:10E3D8009B68012B17D03B69DB68FB61BB695B005D
:10E3E800032202FA03F3DB43FA691340FB613B683B
:10E3F8009A68BB695B0002FA03F3FA691343FB618D
:10E408003B69FA69DA603B685B6803F08053002B6C
:10E418007CD0474A7B699B08183352F82330FB614C
:10E428007B6903F00303DB000F2202FA03F3DB43EB
:10E43800FA691340FB617B689A0A3E4B13407A697C
:10E4480002F00302D2009340FA691343FB61384992
:10E458007B699B081833FA6941F82320344B1B6801
:10E46800FB61FB68DB43FA691340FB613B685B684F
:10E4780003F48013002B03D0FA69FB681343FB6194
:10E488002B4AFB6913602A4B5B68FB61FB68DB4323
:10E49800FA691340FB613B685B6803F40013002BC7
:10E4A80003D0FA69FB681343FB61214AFB69536097
:10E4B8001F4BD3F88430FB61FB68DB43FA691340D8
:10E4C800FB613B685B6803F40033002B03D0FA69F7
:10E4D800FB681343FB61164AFB69C2F88430144B8E
:10E4E800D3F88030FB61FB68DB43FA691340FB61BA
:10E4F8003B685B6803F48033002B03D0FA69FB6840
:10E508001343FB610A4AFB69C2F880307B69013317
:10E518007B613B681A687B6922FA03F3002B7FF45E
:10E5280035AE00BF00BF2437BD465DF8047B704799
:10E53800002002467F7F2F0080B489B000AF78604A
:10E5480039600023BB617B687B61BCE00122BB6949
:10E5580002FA03F33A6813403B61BB69FB613B690C
:10E56800002B00F0AD807B685E4A934215D15E4A6D
:10E57800FB6952F833307B615B4ABB69DB001344AB
:10E588005B68FB61574B1A680121FB6901FA03F3C9
:10E59800DB43544913400B6053E0544ABB699B0862
:10E5A800183352F82330FB60BB6903F00303DB0028
:10E5B8000F2202FA03F3FA681340FB607B689A0A99
:10E5C8004B4B1340BA6902F00302D2009340FA6839
:10E5D8009A4236D1454BD3F880203B69DB43434907
:10E5E8001340C1F88030414BD3F884203B69DB43AA
:10E5F8003E491340C1F884303C4B1A683B69DB4301
:10E608003A4913400B60394B5A683B69DB43374939
:10E6180013404B60BB6903F00303DB000F2202FACF
:10E6280003F3FB60314ABB699B08183352F8231087
:10E63800FB68DA432D48BB699B080A40183340F849
:10E6480023207B691A68FB695B00032101FA03F345
:10E658001A437B691A60FB69DA087B69083253F848
:10E668002210FB6903F007039B000F2202FA03F351
:10E67800DB43FA69D20819407B69083243F8221053
:10E688007B699A68FB695B00032101FA03F3DB43AA
:10E698001A407B699A607B695A680121FB6901FA13
:10E6A80003F3DB431A407B695A607B69DA68FB69CC
:10E6B8005B00032101FA03F3DB431A407B69DA604C
:10E6C800BB690133BB613A68BB6922FA03F3002BCB
:10E6D8007FF43CAF00BF00BF2437BD465DF8047B24
:10E6E800704700BF00000246E0CA02080020024648
:10E6F8007F7F2F0080B483B000AF78600B467B80AB
:10E7080013467B707B78002B03D07A887B689A61EC
:10E7180002E07A887B689A6200BF0C37BD465DF8D4
:10E72800047B704780B582B000AF0346FB800F4B77
:10E73800DA68FB881340002B06D00C4AFB88D360AC
:10E74800FB88184610F02EFA084B1A69FB8813400C
:10E75800002B06D0054AFB881361FB88184610F089
:10E768003FFA00BF0837BD4680BD00BF0020024603
:10E7780080B485B000AF7860394BDB6B03F440336D
:10E78800BB60BA687B689A420BD17B68B3F5803F5F
:10E7980005D9334BDB68324A43F48023D360002326
:10E7A80057E07B68B3F5803F0AD92D4BDB6823F42B
:10E7B800E0227B6813432A4A43F48023D36007E0AE
:10E7C800274BDB6823F4E02225497B681343CB60A1
:10E7D800244B1B68244AA2FB03239B09322202FB19
:10E7E80003F3214AA2FB03239B090133FB6002E0E8
:10E7F800FB68013BFB601A4BDB6803F40043002B0A
:10E8080002D1FB68002BF3D1FB68002B1BD0154B02
:10E818001B68154AA2FB03239B09322202FB03F360
:10E82800114AA2FB03239B090133FB6002E0FB684A
:10E83800013BFB600A4BDB6B03F40043002B02D166
:10E84800FB68002BF3D1FB68002B01D1032300E008
:10E85800002318461437BD465DF8047B704700BF97
:10E868000008024604000020D34D621080B400AFB7
:10E87800044BDB6B03F440331846BD465DF8047B5C
:10E88800704700BF0008024680B400AF054B1B6903
:10E89800044A43F08043136100BFBD465DF8047B22
:10E8A800704700BF0008024680B584B000AF7860AA
:10E8B8007B68002B01D101234AE17B681B68644A0D
:10E8C800934204D07B681B68624A934200E000BF11
:10E8D8007B6800229A627B681B685D4A934204D079
:10E8E8007B681B685B4A934205D17B68DB680F2B0A
:10E8F80001D901232CE1786802F089FCF8607B6873
:10E908001B68534A934204D07B681B68514A934260
:10E9180002D1FB68082B16D87B681B684E4A9342C5
:10E928000ED07B681B684D4A934209D07B681B68F0
:10E938004B4A934204D07B681B684A4A934204D1ED
:10E94800FB68102B01D9012302E17B6893F8893019
:10E95800DBB2002B35D17B68002283F888207B68E6
:10E96800414AC3F890207B68404AC3F894207B68EA
:10E978003F4AC3F898207B683E4AC3F89C207B68CE
:10E988003D4AC3F8A0207B683C4AC3F8A4207B68B2
:10E998003B4AC3F8A8207B683A4AC3F8AC207B6896
:10E9A800394AC3F8B0207B68D3F8B430002B03D1C0
:10E9B8007B68364AC3F8B4207B68D3F8B4307868EB
:10E9C80098477B68022283F889207B681B681A684D
:10E9D8007B681B6822F001021A607B681B689B68D1
:10E9E80003F4F813BB607B689B69B3F1806F19D19E
:10E9F8007B685B68B3F5800F03D17B689B6B002B4A
:10EA080008D07B685B68002B0CD17B689B6BB3F1EB
:10EA1800805F07D17B681B681A687B681B6842F4B3
:10EA280080521A607B685B6803F48003002B2FD048
:10EA38007B68DB68062B2BD97B681B681B6823F473
:10EA480080717B681A6D7B681B680A431A6027E02F
:10EA580000200046002000560030014000300150E0
:10EA68000038004000380050FD0C0108110D010865
:10EA7800250D0108390D01084D0D0108610D01082A
:10EA8800750D0108890D01089D0D01082DA80108C3
:10EA98007B681B681A687B681B6822F480721A609E
:10EAA8007B68DA697B689B6A1A43BB681A437B6890
:10EAB800DB6B42EA03017B68DA687B681B680A4300
:10EAC8009A607B685A6B7B685B6A1A437B689B6BAE
:10EAD8001A437B689B691A437B681B691A437B68E6
:10EAE8005B691A437B681B6A1A437B685B681A4335
:10EAF8007B68DB6C1A437B689B681A437B689B6C5A
:10EB08001A437B689B6D1A437B68DB6D42EA0301FD
:10EB18007B681A6E7B681B680A43DA607B685B68EF
:10EB280003F48003002B0AD07B681B68DB6823F0A2
:10EB380000417B685A6D7B681B680A43DA607B6812
:10EB48000022C3F88C207B68012283F889200023E7
:10EB580018461037BD4680BD80B582B000AF7860DA
:10EB68007B68002B01D1012326E07B68022283F811
:10EB780089207B681B681A687B681B6822F0010281
:10EB88001A607B68D3F8B830002B03D17B680C4A35
:10EB9800C3F8B8207B68D3F8B830786898477B68A2
:10EBA8000022C3F88C207B68002283F889207B68C8
:10EBB800002283F88820002318460837BD4680BD08
:10EBC8008DA9010880B588B002AFF860B9603B60D4
:10EBD8001346FB80FB681B6820337B61FB681B685E
:10EBE800904A9342F7F7FAF83861FB6893F889304E
:10EBF800DBB2012B01D00223F4E1BB68002B02D069
:10EC0800FB88002B01D10123ECE1FB6893F88830E5
:10EC1800012B01D10223E5E1FB68012283F888205A
:10EC2800FB68032283F88920FB680022C3F88C2044
:10EC3800FB68BA685A66FB68FA88A3F86820FB681C
:10EC4800FA88A3F86A20FB680022DA66FB680022CB
:10EC5800A3F87020FB680022A3F87220FB6800224A
:10EC6800DA67FB6800229A67FB689B68B3F5C02FD8
:10EC780008D1FB681B681A68FB681B6842F40062CD
:10EC88001A6009E0FB681B68DB6823F4C022FB6894
:10EC98001B6842F40032DA60FB681B685B681B0C77
:10ECA8001B04F988FA6812680B435360FB681B68F9
:10ECB8001A68FB681B6842F001021A60FB681B684F
:10ECC800DB6903F40013002B0CD1FB685B68B3F518
:10ECD800800F07D1FB681B681A68FB681B6842F441
:10ECE80000721A60FB68DB680F2B5BD9FB681B6836
:10ECF8004D4A93424FD0FB681B684C4A93424AD016
:10ED0800FB681B684A4A934245D0FB681B68494A1E
:10ED1800934247D13FE0FB681B685B6903F002033D
:10ED2800022B14D1FB685A6EFB681B6812681A62C2
:10ED3800FB685B6E1A1DFB685A66FB68B3F86A309D
:10ED48009BB2013B9AB2FB68A3F86A2023E0F7F76D
:10ED580045F802463B69D31A3A689A4203D83B6899
:10ED6800B3F1FF3F02D13B68002B14D1F86802F0E1
:10ED780080F9FB68D3F88C3043F48072FB68C3F8E1
:10ED88008C20FB68012283F88920FB68002283F825
:10ED98008820032326E1FB68B3F86A309BB2002B76
:10EDA800B9D1F9E0FB68DB68072B40F2EE8067E039
:10EDB800FB681B685B6903F00203022B3CD1FB680C
:10EDC800B3F86A309BB2012B18D9FB68DB6B002BB8
:10EDD80014D0FB685A6EFB681B6812681A62FB68DD
:10EDE8005B6E1A1DFB685A66FB68B3F86A309BB203
:10EDF800023B9AB2FB68A3F86A2041E0FB685B6EAD
:10EE08001A887B691A80FB685B6E9A1CFB685A66D5
:10EE1800FB68B3F86A309BB2013B9AB2FB68A3F86F
:10EE28006A202DE0002000460030014000300150EB
:10EE38000038004000380050F6F7D0FF02463B6922
:10EE4800D31A3A689A4203D83B68B3F1FF3F02D11C
:10EE58003B68002B14D1F86802F00BF9FB68D3F873
:10EE68008C3043F48072FB68C3F88C20FB68012265
:10EE780083F88920FB68002283F888200323B1E007
:10EE8800FB68B3F86A309BB2002B91D184E0FB6831
:10EE98001B685B6903F00203022B52D1FB68B3F8CD
:10EEA8006A309BB2032B18D9FB68DB6B402B14D953
:10EEB800FB685A6EFB681B6812681A62FB685B6E17
:10EEC8001A1DFB685A66FB68B3F86A309BB2043BAC
:10EED8009AB2FB68A3F86A2057E0FB68B3F86A3077
:10EEE8009BB2012B17D9FB68DB6B002B13D0FB6897
:10EEF8005B6E1A887B691A80FB685B6E9A1CFB68DC
:10EF08005A66FB68B3F86A309BB2023B9AB2FB6858
:10EF1800A3F86A2039E0FB685A6EFB681B68203347
:10EF280012781A70FB685B6E5A1CFB685A66FB689D
:10EF3800B3F86A309BB2013B9AB2FB68A3F86A2027
:10EF480023E0F6F74BFF02463B69D31A3A689A4228
:10EF580003D83B68B3F1FF3F02D13B68002B14D1C3
:10EF6800F86802F086F8FB68D3F88C3043F48072B6
:10EF7800FB68C3F88C20FB68012283F88920FB68B2
:10EF8800002283F8882003232CE0FB68B3F86A305A
:10EF98009BB2002B7FF47BAF3B6900933B68002258
:10EFA8000821F86802F005F90346002B07D0FB6832
:10EFB800D3F88C3043F02002FB68C3F88C20F86843
:10EFC80002F057F8FB68012283F88920FB680022C9
:10EFD80083F88820FB68D3F88C30002B01D00123FC
:10EFE80000E0002318461837BD4680BD80B588B0BC
:10EFF80000AFF860B9603B601346FB80FB68DB6BD1
:10F008005B099BB20133FB83FB681B683033BB6130
:10F01800FB681B68944A9342F6F7E0FE7861FB6848
:10F0280093F88930DBB2012B01D00223BCE2BB6824
:10F03800002B02D0FB88002B01D10123B4E2FB682E
:10F0480093F88830012B01D10223ADE2FB6801223D
:10F0580083F88820FB68042283F88920FB68002253
:10F06800C3F88C20FB68BA68DA66FB68FA88A3F8EC
:10F078007020FB68FA88A3F87220FB6800225A66A1
:10F08800FB680022A3F86820FB680022A3F86A2026
:10F09800FB6800229A67FB680022DA67FB689B68B6
:10F0A800B3F5C02F08D1FB681B681A68FB681B689A
:10F0B80022F400621A6009E0FB681B68DB6823F42D
:10F0C800C022FB681B6842F48022DA60FB681B6878
:10F0D8005B681B0C1B04F988FA6812680B435360C1
:10F0E800FB681B681A68FB681B6842F001021A601B
:10F0F800FB681B68DB6903F40013002B0CD1FB6869
:10F108005B68B3F5800F07D1FB681B681A68FB685A
:10F118001B6842F400721A60FB68DB680F2B40F230
:10F128009C80FB681B68514A934200F08E80FB6804
:10F138001B684F4A934200F08880FB681B684D4A61
:10F14800934200F08280FB681B684B4A934240F070
:10F1580084807AE0FB681B685B693B61FB681B681D
:10F168005B6903F00103012B14D1FB681A68FB6883
:10F17800DB6E126B1A60FB68DB6E1A1DFB68DA66C1
:10F18800FB68B3F872309BB2013B9AB2FB68A3F8F4
:10F1980072205AE0FB68B3F872309BB2FA8B9A423D
:10F1A80019D93B6903F40043002B14D0FB681A6893
:10F1B800FB68DB6E126B1A60FB68DB6E1A1DFB685E
:10F1C800DA66FB68B3F872309BB2013B9AB2FB680F
:10F1D800A3F8722039E03B6903F40063002B10D0D8
:10F1E800FB681B681B6803F40073B3F5007F2CD120
:10F1F800FB681B689A69FB681B6842F400629A61A5
:10F2080023E0F6F7EBFD02467B69D31A3A689A4287
:10F2180003D83B68B3F1FF3F02D13B68002B14D100
:10F22800F86801F026FFFB68D3F88C3043F480724D
:10F23800FB68C3F88C20FB68012283F88920FB68EF
:10F24800002283F888200323AEE1FB68B3F872300C
:10F258009BB2002B7FF47EAF93E1FB68DB68072B42
:10F2680040F28881B0E000BF002000460030014035
:10F27800003001500038004000380050FB681B681F
:10F288005B693B61FB681B685B6903F00103012B49
:10F2980014D1FB68DB6EBA69128892B21A80FB68D7
:10F2A800DB6E9A1CFB68DA66FB68B3F872309BB2B7
:10F2B800013B9AB2FB68A3F8722085E0FB68B3F8BB
:10F2C80072309BB2FA8B9A4224D93B6903F400430B
:10F2D800002B1FD0FB68DB6EBA69128892B21A80C5
:10F2E800FB68DB6E9A1CFB68DA66FB68DB6EBA6942
:10F2F800128892B21A80FB68DB6E9A1CFB68DA6689
:10F30800FB68B3F872309BB2023B9AB2FB68A3F871
:10F31800722059E0FB68B3F872309BB2012B19D107
:10F328003B6903F40053002B14D0FB68DB6EBA6909
:10F33800128892B21A80FB68DB6E9A1CFB68DA6648
:10F34800FB68B3F872309BB2013B9AB2FB68A3F832
:10F35800722039E03B6903F40063002B10D0FB688E
:10F368001B681B6803F40073B3F5007F2CD1FB689E
:10F378001B689A69FB681B6842F400629A6123E083
:10F38800F6F72CFD02467B69D31A3A689A4203D8ED
:10F398003B68B3F1FF3F02D13B68002B14D1F868FA
:10F3A80001F067FEFB68D3F88C3043F48072FB6889
:10F3B800C3F88C20FB68012283F88920FB680022AF
:10F3C80083F888200323EFE0FB68B3F872309BB220
:10F3D800002B7FF453AFD4E0FB681B685B693B618B
:10F3E800FB681B685B6903F00103012B17D1FB68FD
:10F3F8001B6803F13002FB68DB6E1278D2B21A7018
:10F40800FB68DB6E5A1CFB68DA66FB68B3F872307F
:10F418009BB2013B9AB2FB68A3F87220AAE0FB6892
:10F42800B3F872309BB2FA8B9A4246D93B6903F41F
:10F438000043002B41D0FB681B6803F13002FB68D6
:10F44800DB6E1278D2B21A70FB68DB6E5A1CFB684E
:10F45800DA66FB681B6803F13002FB68DB6E127822
:10F46800D2B21A70FB68DB6E5A1CFB68DA66FB685E
:10F478001B6803F13002FB68DB6E1278D2B21A7097
:10F48800FB68DB6E5A1CFB68DA66FB681B6803F1D5
:10F498003002FB68DB6E1278D2B21A70FB68DB6E42
:10F4A8005A1CFB68DA66FB68B3F872309BB2043BFF
:10F4B8009AB2FB68A3F872205CE0FB68B3F872307C
:10F4C8009BB2032B1CD83B6903F4C043002B17D015
:10F4D800FB681B6803F13002FB68DB6E1278D2B25E
:10F4E8001A70FB68DB6E5A1CFB68DA66FB68B3F8B7
:10F4F80072309BB2013B9AB2FB68A3F8722039E0E4
:10F508003B6903F40063002B10D0FB681B681B6881
:10F5180003F40073B3F5007F2CD1FB681B689A696C
:10F52800FB681B6842F400629A6123E0F6F756FC18
:10F5380002467B69D31A3A689A4203D83B68B3F10A
:10F54800FF3F02D13B68002B14D1F86801F091FD10
:10F55800FB68D3F88C3043F48072FB68C3F88C20C6
:10F56800FB68012283F88920FB68002283F8882041
:10F57800032319E0FB68B3F872309BB2002B7FF4C9
:10F588002BAFF86801F075FDFB68012283F889202C
:10F59800FB68002283F88820FB68D3F88C30002BA6
:10F5A80001D0012300E0002318462037BD4680BD66
:10F5B80080B58EB002AFF860B9607A607B80FB6876
:10F5C8001B6820337B62FB681B6830333B62FB6837
:10F5D800DB6B5B099BB20133FB83FB681B68904ABA
:10F5E8009342F6F7FBFBB8617B887B857B883B857C
:10F5F800FB6893F88930DBB2012B01D0022332E398
:10F60800BB68002B05D07B68002B02D07B88002BC1
:10F6180001D1012327E3FB6893F88830012B01D13E
:10F62800022320E3FB68012283F88820FB68052277
:10F6380083F88920FB680022C3F88C20FB687A686D
:10F64800DA66FB687A88A3F87220FB687A88A3F8E0
:10F658007020FB68BA685A66FB687A88A3F86A2043
:10F66800FB687A88A3F86820FB6800229A67FB6821
:10F678000022DA67FB681B68DA68FB681B6822F4FB
:10F68800C022DA60FB681B68664A93420ED0FB68AA
:10F698001B68654A934209D0FB681B68634A93421A
:10F6A80004D0FB681B68624A934202D11023FB62B4
:10F6B80001E00823FB62FB681B685B681B0C1B04EA
:10F6C8007988FA6812680B435360FB681B681A68EC
:10F6D800FB681B6842F001021A60FB681B68DB6963
:10F6E80003F40013002B0CD1FB685B68B3F5800FA3
:10F6F80007D1FB681B681A68FB681B6842F4007234
:10F708001A60FB68DB680F2B40F2C180FB681B683E
:10F71800444A93420FD0FB681B68434A93420AD07D
:10F72800FB681B68414A934205D0FB681B68404A46
:10F73800934240F0AC80FB6A9B08FB629EE0FB684A
:10F748001B685B6903F00203022B20D17B8D002B21
:10F758001DD03A8D798DFB6A0B449A4217D2FB680B
:10F768005A6EFB681B6812681A62FB685B6E1A1D8A
:10F77800FB685A66FB68B3F86A309BB2013B9AB2E1
:10F78800FB68A3F86A20FB68B3F86A307B85FB68DE
:10F798001B685B697B613B8D002B6FD0FB681B6826
:10F7A8005B6903F00103012B18D1FB681A68FB6839
:10F7B800DB6E126B1A60FB68DB6E1A1DFB68DA667B
:10F7C800FB68B3F872309BB2013B9AB2FB68A3F8AE
:10F7D8007220FB68B3F872303B854FE03A8DFB8BA3
:10F7E8009A4227D27B6903F40043002B22D0FB689E
:10F7F8001A68FB68DB6E126B1A60FB68DB6E1A1DF9
:10F80800FB68DA66FB68B3F872309BB2013B9AB2C8
:10F81800FB68A3F87220FB68B3F872303B852DE0D3
:10F828000020004600300140003001500038004000
:10F8380000380050F6F7D2FA0246BB69D31ABA6B01
:10F848009A4203D8BB6BB3F1FF3F02D1BB6B002BCD
:10F8580014D1F86801F00DFCFB68D3F88C3043F440
:10F868008072FB68C3F88C20FB68012283F889202A
:10F87800FB68002283F888200323F4E17B8D002BAA
:10F888007FF45DAF3B8D002B7FF459AFC5E1FB687A
:10F89800DB68072B40F2B981FB6A5B08FB62C0E0BA
:10F8A800FB681B685B6903F00203022B1FD17B8D89
:10F8B800002B1CD03A8D798DFB6A0B449A4216D2E4
:10F8C800FB685B6E1A887B6A1A80FB685B6E9A1C01
:10F8D800FB685A66FB68B3F86A309BB2013B9AB280
:10F8E800FB68A3F86A20FB68B3F86A307B85FB687D
:10F8F8001B685B697B613B8D002B00F09280FB6885
:10F908001B685B6903F00103012B18D1FB68DB6EF0
:10F918003A6A128892B21A80FB68DB6E9A1CFB68FE
:10F92800DA66FB68B3F872309BB2013B9AB2FB68A7
:10F93800A3F87220FB68B3F872303B8571E03A8D0A
:10F94800FB8B9A4228D27B6903F40043002B23D017
:10F95800FB68DB6E3A6A128892B21A80FB68DB6E2B
:10F968009A1CFB68DA66FB68DB6E3A6A128892B208
:10F978001A80FB68DB6E9A1CFB68DA66FB68B3F8D2
:10F9880072309BB2023B9AB2FB68A3F87220FB6804
:10F99800B3F872303B8544E03B8D012B1DD17B6968
:10F9A80003F40053002B18D0FB68DB6E3A6A128808
:10F9B80092B21A80FB68DB6E9A1CFB68DA66FB68F9
:10F9C800B3F872309BB2013B9AB2FB68A3F872207D
:10F9D800FB68B3F872303B8523E0F6F7FFF902467F
:10F9E800BB69D31ABA6B9A4203D8BB6BB3F1FF3F1A
:10F9F80002D1BB6B002B14D1F86801F03AFBFB680D
:10FA0800D3F88C3043F48072FB68C3F88C20FB6811
:10FA1800012283F88920FB68002283F888200323C9
:10FA280021E17B8D002B7FF43BAF3B8D002B7FF4D6
:10FA380037AFF2E0FB681B685B6903F00203022B37
:10FA480021D17B8D002B1ED03A8D798DFB6A0B441A
:10FA58009A4218D2FB685A6EFB681B6820331278EA
:10FA68001A70FB685B6E5A1CFB685A66FB68B3F831
:10FA78006A309BB2013B9AB2FB68A3F86A20FB6824
:10FA8800B3F86A307B85FB681B685B697B613B8DDB
:10FA9800002B00F0BA80FB681B685B6903F0010368
:10FAA800012B1BD1FB681B6803F13002FB68DB6E7E
:10FAB8001278D2B21A70FB68DB6E5A1CFB68DA66E1
:10FAC800FB68B3F872309BB2013B9AB2FB68A3F8AB
:10FAD8007220FB68B3F872303B8596E03A8DFB8B59
:10FAE8009A424AD27B6903F40043002B45D0FB6855
:10FAF8001B6803F13002FB68DB6E1278D2B21A7011
:10FB0800FB68DB6E5A1CFB68DA66FB681B6803F14E
:10FB18003002FB68DB6E1278D2B21A70FB68DB6EBB
:10FB28005A1CFB68DA66FB681B6803F13002FB6845
:10FB3800DB6E1278D2B21A70FB68DB6E5A1CFB6857
:10FB4800DA66FB681B6803F13002FB68DB6E12782B
:10FB5800D2B21A70FB68DB6E5A1CFB68DA66FB6867
:10FB6800B3F872309BB2043B9AB2FB68A3F87220D8
:10FB7800FB68B3F872303B8547E03B8D032B20D8F8
:10FB88007B6903F4C043002B1BD0FB681B6803F19F
:10FB98003002FB68DB6E1278D2B21A70FB68DB6E3B
:10FBA8005A1CFB68DA66FB68B3F872309BB2013BFB
:10FBB8009AB2FB68A3F87220FB68B3F872303B85F1
:10FBC80023E0F6F70BF90246BB69D31ABA6B9A42DF
:10FBD80003D8BB6BB3F1FF3F02D1BB6B002B14D131
:10FBE800F86801F046FAFB68D3F88C3043F4807269
:10FBF800FB68C3F88C20FB68012283F88920FB6826
:10FC0800002283F8882003232DE07B8D002B7FF4CE
:10FC180011AF3B8D002B7FF40DAFBB690093BB6B1D
:10FC280000220821F86801F0C4FA0346002B07D027
:10FC3800FB68D3F88C3043F02002FB68C3F88C20B3
:10FC4800F86801F016FAFB68012283F88920FB683E
:10FC5800002283F88820FB68D3F88C30002B01D071
:10FC6800012300E0002318463037BD4680BD00BFA1
:10FC780080B586B000AFF860B9601346FB80FB68BA
:10FC88001B68964A9342FB6893F88930DBB2012BD4
:10FC980001D00223A3E1BB68002B02D0FB88002B14
:10FCA80001D101239BE1FB6893F88830012B01D136
:10FCB800022394E1FB68012283F88820FB68032271
:10FCC80083F88920FB680022C3F88C20FB68BA6897
:10FCD8005A66FB68FA88A3F86820FB68FA88A3F8D4
:10FCE8006A20FB680022DA66FB680022DA67FB6894
:10FCF80000229A67FB680022A3F87020FB680022A4
:10FD0800A3F87220FB689B68B3F5C02F08D1FB6885
:10FD18001B681A68FB681B6842F400621A6009E0F5
:10FD2800FB681B68DB6823F4C022FB681B6842F48D
:10FD38000032DA60FB68DB680F2B19D9FB68D3F84F
:10FD480080309B69022B13D0FB681B68644A93427E
:10FD580018D0FB681B68634A934213D0FB681B6882
:10FD6800614A93420ED0FB681B68604A934209D0EF
:10FD7800FB68DB68072B0BD9FB68D3F880309B69DD
:10FD8800002B05D1FB68002283F88820012326E197
:10FD9800FB68DB68072B20D8FB68D3F880309B69A9
:10FDA800012B09D1FB68B3F86A309BB201335B10B1
:10FDB8009AB2FB68A3F86A20FB68D3F880309B6985
:10FDC800022B1ED1FB68B3F86A309BB203339B1039
:10FDD8009AB2FB68A3F86A2013E0FB68DB680F2B74
:10FDE8000FD8FB68D3F880309B69022B09D1FB68D8
:10FDF800B3F86A309BB201335B109AB2FB68A3F880
:10FE08006A20FB68D3F88030394A5A66FB68D3F811
:10FE18008030384A1A66FB68D3F88030364A9A66CA
:10FE2800FB68D3F880300022DA66FB681B689A68A2
:10FE3800FB681B6822F400429A60FB68DB68072BAA
:10FE480004D8FB68FA88A3F86A2010E0FB68DB682E
:10FE58000F2B06D8FB885B009AB2FB68A3F86A20D0
:10FE680005E0FB889B009AB2FB68A3F86A20FB6850
:10FE7800D3F880301B6D03F08003002B3ED0FB6865
:10FE8800D3F880305B6F002B24D0FB68B3F86A305E
:10FE98009AB2FB68D3F880305B6F1B689A60FB6886
:10FEA8005A6EFB68D3F880305B6F1B68DA60FB68BA
:10FEB8001B6803F12002FB68D3F880305B6F1B6876
:10FEC8001A61FB68D3F880301846F5F7E3F8034663
:10FED800FB7525E00123FB7522E000BF00200046EA
:10FEE8000030014000300150003800400038005018
:10FEF800510E0108B10D0108910E0108FB68D3F8F5
:10FF08008000FB685B6E1946FB681B6820331A4645
:10FF1800FB68B3F86A309BB2F4F72EFA0346FB7518
:10FF2800FB7D002B11D0FB68D3F88C3043F0100216
:10FF3800FB68C3F88C20FB68012283F88920FB68E2
:10FF4800002283F88820012349E0FB68D3F8803039
:10FF58001B6D812B08D1FB681B685B68FA68126807
:10FF68001B0C1B04536009E0FB681B685B681B0CD7
:10FF78001B04F988FA6812680B435360FB681B6816
:10FF88009A68FB681B6842F400429A60FB681B6829
:10FF98001A69FB681B6842F448721A61FB681B689F
:10FFA8001A68FB681B6842F001021A60FB681B684C
:10FFB800DB6903F40013002B0CD1FB685B68B3F515
:10FFC800800F07D1FB681B681A68FB681B6842F43E
:10FFD80000721A60FB68002283F888200023184604
:10FFE8001837BD4680BD00BF80B586B000AFF86049
:08FFF800B9607A607B80FB68B0
:020000040801F1
:100000001B68914A9342FB6893F88930DBB2012B5D
:1000100001D0022374E2BB68002B05D07B68002B63
:1000200002D07B88002B01D1012369E2FB6893F8A1
:100030008830012B01D1022362E2FB68012283F8A0
:100040008820FB68052283F88920FB680022C3F81A
:100050008C20FB68BA685A66FB687A88A3F8682027
:10006000FB687A88A3F86A20FB687A68DA66FB681E
:100070007A88A3F87020FB687A88A3F87220FB685E
:1000800000229A67FB680022DA67FB681B68DA685F
:10009000FB681B6822F4C022DA60FB681B689A6860
:1000A000FB681B6822F440429A60FB68DB680F2BF8
:1000B00020D9FB68D3F88430DB69B3F5003F05D164
:1000C000FB68D3F880309B69022B13D0FB681B6858
:1000D0005E4A93421ED0FB681B685D4A934219D06A
:1000E000FB681B685B4A934214D0FB681B685A4A42
:1000F00093420FD0FB68DB68072B11D9FB68D3F85C
:100100008430DB69002B05D0FB68D3F880309B6915
:10011000002B05D1FB68002283F888200123EFE142
:10012000FB68DB68072B42D8FB68D3F880309B69FB
:10013000012B09D1FB68B3F86A309BB201335B1025
:100140009AB2FB68A3F86A20FB68D3F880309B69F9
:10015000022B09D1FB68B3F86A309BB203339B10C2
:100160009AB2FB68A3F86A20FB68D3F88430DB6995
:10017000B3F5803F09D1FB68B3F872309BB201330D
:100180005B109AB2FB68A3F87220FB68D3F8843046
:10019000DB69B3F5003F2FD1FB68B3F872309BB237
:1001A00003339B109AB2FB68A3F8722024E0FB682B
:1001B000DB680F2B20D8FB68D3F880309B69022BBB
:1001C00009D1FB68B3F86A309BB201335B109AB275
:1001D000FB68A3F86A20FB68D3F88430DB69B3F5C9
:1001E000003F09D1FB68B3F872309BB201335B105A
:1001F0009AB2FB68A3F87220FB68D3F88430174AE0
:100200005A66FB68D3F88430154A1A66FB68D3F83F
:100210008430144A9A66FB68D3F884300022DA6688
:10022000FB68DB68072B04D8FB687A88A3F8722088
:1002300020E0FB68DB680F2B16D87B885B009AB246
:10024000FB68A3F8722015E0002000460030014052
:10025000003001500038004000380050710E010895
:10026000FB0D0108910E01087B889B009AB2FB6888
:10027000A3F87220FB68D3F884301B6D03F0800371
:10028000002B2DD0FB68D3F884305B6F002B24D07B
:10029000FB68B3F872309AB2FB68D3F884305B6FB6
:1002A0001B689A60FB681B6803F13002FB68D3F897
:1002B00084305B6F1B68DA60FB68DA6EFB68D3F82A
:1002C00084305B6F1B681A61FB68D3F88430184672
:1002D000F4F7E4FE0346FB7514E00123FB7511E01F
:1002E000FB68D3F88400FB681B6830331946FB6851
:1002F000DB6E1A46FB68B3F872309BB2F4F740F835
:100300000346FB75FB7D002B11D0FB68D3F88C30C6
:1003100043F01002FB68C3F88C20FB68012283F8CD
:100320008920FB68002283F888200123E8E0FB682D
:100330001B689A68FB681B6842F480429A60FB68FD
:10034000D3F8803000225A66FB68D3F88030002250
:100350001A66FB68D3F880300022DA66FB68D3F8AF
:100360008030694A9A66FB68DB68072B04D8FB6813
:100370007A88A3F86A2010E0FB68DB680F2B06D8A8
:100380007B885B009AB2FB68A3F86A2005E07B8853
:100390009B009AB2FB68A3F86A20FB68D3F8803010
:1003A0001B6D03F08003002B2DD0FB68D3F8803049
:1003B0005B6F002B24D0FB68B3F86A309AB2FB68FD
:1003C000D3F880305B6F1B689A60FB685A6EFB68DD
:1003D000D3F880305B6F1B68DA60FB681B6803F141
:1003E0002002FB68D3F880305B6F1B681A61FB68E2
:1003F000D3F880301846F4F751FE0346FB7514E03D
:100400000123FB7511E0FB68D3F88000FB685B6E8D
:100410001946FB681B6820331A46FB68B3F86A303C
:100420009BB2F3F7ADFF0346FB75FB7D002B17D0A6
:10043000FB68D3F884301846F4F702F8FB68D3F869
:100440008C3043F01002FB68C3F88C20FB6801225B
:1004500083F88920FB68002283F8882001234FE07D
:10046000FB68D3F884301B6D812B0ED1FB68D3F869
:1004700080301B6D812B08D1FB681B685B68FA68B4
:1004800012681B0C1B04536009E0FB681B685B6867
:100490001B0C1B047988FA6812680B435360FB68D5
:1004A0001B689A68FB681B6842F400429A60FB680C
:1004B0001B681A69FB681B6842F458721A61FB6872
:1004C0001B681A68FB681B6842F001021A60FB682F
:1004D0001B68DB6903F40013002B0CD1FB685B681D
:1004E000B3F5800F07D1FB681B681A68FB681B68AF
:1004F00042F400721A60FB68002283F8882000230F
:1005000018461837BD4680BD910E010880B584B0ED
:1005100000AF78607B6893F88830012B01D102230B
:10052000E1E07B68012283F888207B68072283F85A
:1005300089200023FB736E4B1B686E4AA2FB0323CA
:100540005B0A642202FB03F3BB607B681B681B68C9
:1005500003F40073B3F5007F5BD17B681B681A69F5
:100560007B681B6822F008021A61BB68013BBB6014
:10057000BB68002B08D17B68D3F88C3043F0400275
:100580007B68C3F88C2006E07B681B681B6903F05E
:100590000803082BE9D07B681B681A687B681B6816
:1005A00042F480621A60BB68013BBB60BB68002BF1
:1005B00008D17B68D3F88C3043F040027B68C3F8E5
:1005C0008C2007E07B681B681B6803F40073B3F59D
:1005D000007FE8D07B681B689A697B681B6842F4DF
:1005E00000629A61BB68013BBB60BB68002B08D10D
:1005F0007B68D3F88C3043F040027B68C3F88C20D2
:1006000007E07B681B685B6903F40063B3F5006F68
:10061000E8D07B681B689B6803F40043B3F5004F88
:100620001FD17B68D3F88030002B1AD07B68D3F8B9
:1006300080300022DA667B68D3F880301846F3F702
:10064000FFFE0346002B0CD07B68D3F880301846A1
:10065000F4F70AF90346102B03D17B684022C3F854
:100660008C207B681B689B6803F48043B3F5804F44
:100670001FD17B68D3F88430002B1AD07B68D3F865
:1006800084300022DA667B68D3F884301846F3F7AA
:10069000D7FE0346002B0CD07B68D3F88430184675
:1006A000F4F7E2F80346102B03D17B684022C3F82D
:1006B0008C20786800F07DFC7B68D3F88C3003F0E8
:1006C0004003402B02D10123FB7303E07B6800222F
:1006D000C3F88C207B68012283F889207B68002284
:1006E00083F88820FB7B18461037BD4680BD00BFCD
:1006F00004000020F119760580B586B000AF78605F
:1007000001233B610123FB607B68072283F889207A
:100710000023FB75854B1B68854AA2FB03235B0AFC
:10072000642202FB03F3BB607B681B681B6803F455
:100730000073B3F5007F5BD17B681B681A697B6827
:100740001B6822F008021A61BB68013BBB60BB68F2
:10075000002B08D17B68D3F88C3043F040027B68D3
:10076000C3F88C2006E07B681B681B6903F0080354
:10077000082BE9D07B681B681A687B681B6842F409
:1007800080621A60BB68013BBB60BB68002B08D16C
:100790007B68D3F88C3043F040027B68C3F88C2030
:1007A00007E07B681B681B6803F40073B3F5007FE8
:1007B000E8D07B681B689A697B681B6842F400621A
:1007C0009A61BB68013BBB60BB68002B08D17B68AA
:1007D000D3F88C3043F040027B68C3F88C2007E0EC
:1007E0007B681B685B6903F40063B3F5006FE8D0B6
:1007F0007B68D3F88430002B0CD07B681B689B6827
:1008000003F48043B3F5804F04D17B68D3F8843080
:10081000484ADA667B68D3F88030002B2DD07B689D
:100820001B689B6803F40043B3F5004F20D17B683D
:10083000D3F88030404ADA6600233B617B68D3F806
:1008400080301846F3F778FE0346002B15D07B68FE
:10085000D3F880301846F4F707F80346202B0CD164
:1008600001233B617B68D3F880300022DA6604E024
:100870007B68D3F880300022DA667B68D3F8843056
:10088000002B2DD07B681B689B6803F48043B3F575
:10089000804F20D17B68D3F88430264ADA66002363
:1008A000FB607B68D3F884301846F3F745FE0346B7
:1008B000002B15D07B68D3F884301846F3F7D4FFAB
:1008C0000346202B0CD10123FB607B68D3F88430D6
:1008D0000022DA6604E07B68D3F884300022DA660E
:1008E0003B69012B1CD1FB68012B19D1786800F002
:1008F00060FB7B68D3F88C3003F04003402B02D1BF
:100900000123FB7503E07B680022C3F88C207B6821
:10091000012283F889207B68D3F8AC307868984747
:10092000FB7D18461837BD4680BD00BF040000207F
:10093000F1197605630F0108130F010880B58AB01D
:1009400000AF78607B681B681B693B627B681B6833
:100950005B69FB613A6AFB691340BB617B681B689A
:100960009B687B6100237B627B6893F88930FB7412
:100970007B681B683033FB60FB6903F40063002B6A
:1009800012D03B6A03F00803002B0DD07B681B6874
:100990009A697B681B6842F400629A617B68D3F8AD
:1009A000B03078689847A4E1BB6903F04003002B9E
:1009B00013D1BB6903F02003002B0ED1BB6903F0F8
:1009C0000403002B09D07B68DB6F786898477B684D
:1009D0009B6F7868984701237B62BB6903F04003F3
:1009E000002B0FD1BB6903F00103002B0AD0BB69B8
:1009F00003F00403002B05D17B689B6F7868984750
:100A000001237B62BB6903F02003002B0FD1BB697C
:100A100003F00203002B0AD0BB6903F00403002B90
:100A200005D17B68DB6F7868984701237B627B6A1E
:100A3000002B40F05981BB6903F00803002B00F044
:100A400093807B681B689A697B681B6842F0080288
:100A50009A617B681B689A697B681B6842F0100288
:100A60009A617B681B689A697B681B6842F4006224
:100A70009A617B681B681A697B681B6822F0080210
:100A80001A617B681B689B6803F44043002B3DD1CF
:100A900036E07B68DB680F2B0BD97B681A687B68B4
:100AA000DB6E126B1A607B68DB6E1A1D7B68DA6680
:100AB0001DE07B68DB68072B0BD97B68DB6EFA686F
:100AC000128892B21A807B68DB6E9A1C7B68DA66A9
:100AD0000DE07B681B6803F130027B68DB6E1278E7
:100AE000D2B21A707B68DB6E5A1C7B68DA667B6850
:100AF000B3F872309BB2013B9AB27B68A3F87220C4
:100B00007B68B3F872309BB2002BC2D1786800F0DA
:100B1000B4FA7B68012283F889207B68D3F88C3093
:100B2000002B05D07B68D3F8A83078689847E0E0C0
:100B3000FB7C052B05D17B68D3F898307868984703
:100B4000D4E0FB7C042B05D17B68D3F89430786823
:100B50009847CBE0FB7C032B40F0C8807B68D3F840
:100B6000903078689847C1E0BB6903F45873002B54
:100B700000F0BF80BB6903F04003002B0FD07B68FF
:100B8000D3F88C3043F004027B68C3F88C207B6878
:100B90001B689A697B681B6842F040029A61BB69D6
:100BA00003F40073002B0FD07B68D3F88C3043F034
:100BB00001027B68C3F88C207B681B689A697B689C
:100BC0001B6842F400729A61BB6903F48073002BC6
:100BD0000FD07B68D3F88C3043F008027B68C3F8F1
:100BE0008C207B681B689A697B681B6842F4807262
:100BF0009A61BB6903F02003002B0FD07B68D3F808
:100C00008C3043F080027B68C3F88C207B681B68C3
:100C10009A697B681B6842F020029A617B68D3F86E
:100C20008C30002B64D07B681B681A687B681B685B
:100C300022F001021A607B681B681B697A681268DF
:100C400023F45A7323F0030313617B6903F44043D5
:100C5000B3F5404F3ED17B681B689A687B681B6880
:100C600022F440429A607B68D3F88430002B15D080
:100C70007B68D3F88430204ADA667B68D3F8843006
:100C80001846F3F759FC0346002B07D07B68D3F8CE
:100C90008C3043F040027B68C3F88C207B68D3F82B
:100CA0008030002B24D07B68D3F88030124ADA667B
:100CB0007B68D3F880301846F3F73EFC0346002BE0
:100CC00016D07B68D3F88C3043F040027B68C3F8C1
:100CD0008C200DE07B68012283F889207B68D3F8A3
:100CE000A8307868984703E000BF02E000BF00E04A
:100CF00000BF2837BD4680BDDB0E010880B483B03D
:100D000000AF786000BF0C37BD465DF8047B7047CC
:100D100080B483B000AF786000BF0C37BD465DF88B
:100D2000047B704780B483B000AF786000BF0C379D
:100D3000BD465DF8047B704780B483B000AF786037
:100D400000BF0C37BD465DF8047B704780B483B0AC
:100D500000AF786000BF0C37BD465DF8047B70477C
:100D600080B483B000AF786000BF0C37BD465DF83B
:100D7000047B704780B483B000AF786000BF0C374D
:100D8000BD465DF8047B704780B483B000AF7860E7
:100D900000BF0C37BD465DF8047B704780B483B05C
:100DA00000AF786000BF0C37BD465DF8047B70472C
:100DB00080B584B000AF78607B68DB6DFB60FB685A
:100DC00093F88930DBB2072B13D0FB68D3F880305F
:100DD0001B6D812B05D1FB68D3F89030F8689847DC
:100DE00007E0FB681B681A69FB681B6842F0080291
:100DF0001A6100BF1037BD4680BD80B584B000AF1A
:100E000078607B68DB6DFB60FB6893F88930DBB250
:100E1000072B19D0FB68D3F884301B6D812B0BD1C5
:100E2000FB68D3F880301B6D812B05D1FB68D3F8AC
:100E30009830F868984707E0FB681B681A69FB68F8
:100E40001B6842F008021A6100BF1037BD4680BD22
:100E500080B584B000AF78607B68DB6DFB60FB68B9
:100E6000D3F89C30F868984700BF1037BD4680BD66
:100E700080B584B000AF78607B68DB6DFB60FB6899
:100E8000D3F8A430F868984700BF1037BD4680BD3E
:100E900080B584B000AF78607B68DB6DFB607868FC
:100EA000F3F7E2FC0346002B13D0F86800F0E5F8F6
:100EB000FB68D3F88C3043F01002FB68C3F88C2039
:100EC000FB68012283F88920FB68D3F8A830F86812
:100ED000984700BF1037BD4680BD80B584B000AFD5
:100EE00078607B68DB6DFB60FB680022A3F87220F2
:100EF000FB680022A3F86A20FB68012283F889209E
:100F0000FB68D3F8A830F868984700BF1037BD4693
:100F100080BD80B584B000AF78607B68DB6DFB601E
:100F2000FB68D3F880300022DA66FB68D3F884309F
:100F3000002B05D0FB68D3F88430DB6E002B0CD17E
:100F4000F86800F036F8FB68012283F88920FB6816
:100F5000D3F8AC30F868984700E000BF1037BD46C2
:100F600080BD80B584B000AF78607B68DB6DFB60CE
:100F7000FB68D3F884300022DA66FB68D3F880304F
:100F8000002B05D0FB68D3F88030DB6E002B0CD132
:100F9000F86800F00EF8FB68012283F88920FB68EE
:100FA000D3F8AC30F868984700E000BF1037BD4672
:100FB00080BD80B483B000AF78607B681B681A681E
:100FC0007B681B6822F001021A607B681B681B6942
:100FD0007A68126823F45B7323F0030313617B6860
:100FE0001B689A697B681B6842F008029A617B68FB
:100FF0001B689A697B681B6842F010029A617B68E3
:101000001B689A687B681B6822F440429A607B6880
:101010001B689A697B681B6842F040029A617B6892
:101020001B689A697B681B6842F020029A617B68A2
:101030001B689A697B681B6842F480729A617B68BE
:101040001B689A697B681B6842F400729A617B682E
:101050001B689A697B681B6842F400629A617B682E
:101060000022A3F86A207B680022A3F8722000BF48
:101070000C37BD465DF8047B704780B485B000AF87
:1010800078607B681B685B69FB607B681B689A699A
:101090007B681B6842F008029A617B681B689A694A
:1010A0007B681B6842F010029A617B681B681A68B3
:1010B0007B681B6822F001021A607B681B681B6951
:1010C0007A68126823F45B7323F0030313617B686F
:1010D0001B689A687B681B6822F440429A607B68B0
:1010E00093F88930DBB2042B14D0FB6803F02003A3
:1010F000002B0FD07B68D3F88C3043F080027B68E4
:10110000C3F88C207B681B689A697B681B6842F077
:1011100020029A617B6893F88930DBB2032B14D0EC
:10112000FB6803F04003002B0FD07B68D3F88C30B2
:1011300043F004027B68C3F88C207B681B689A69C3
:101140007B681B6842F040029A61FB6803F40073FD
:10115000002B0FD07B68D3F88C3043F001027B6802
:10116000C3F88C207B681B689A697B681B6842F413
:1011700000729A61FB6803F48073002B0FD07B68C8
:10118000D3F88C3043F008027B68C3F88C207B686E
:101190001B689A697B681B6842F480729A617B685D
:1011A0000022A3F86A207B680022A3F8722000BF07
:1011B0001437BD465DF8047B704780B584B000AF3E
:1011C000F860B9603B601346FB7110E0F4F70AFE6B
:1011D0000246BB69D31A3A689A4203D83B68B3F116
:1011E000FF3F02D13B68002B01D103230FE0FB68D6
:1011F0001B685A69BB681340BA689A420CBF012346
:101200000023DBB21A46FB799A42DFD0002318464E
:101210001037BD4680BD80B485B000AF78607B6874
:10122000DB6B5B090133FB607B68DB680133BB6010
:10123000BB680733DB08BB60BB68FA6802FB03F3DB
:1012400018461437BD465DF8047B704780B483B000
:1012500000AF786039607B6893F88930DBB2012B8E
:101260002ED17B6893F88830012B01D1022328E02E
:101270007B68012283F888207B68022283F889201A
:101280007B681B681A687B681B6822F001021A6081
:101290003B681A683B685B6803F4702342EA030109
:1012A0003B689A687B681B680A43DA617B680122A5
:1012B00083F889207B68002283F88820002300E0DF
:1012C000012318460C37BD465DF8047B70470000CB
:1012D00080B582B000AF78607B68002B01D101231C
:1012E00050E07B68D3F88830002B14D17B68002253
:1012F00083F88420786800F0B7FE7B68D3F8C030AC
:10130000002B03D17B68214AC3F8C0207B68D3F847
:10131000C030786898477B682422C3F888207B68AF
:101320001B681A687B681B6822F001021A607B68E0
:101330009B6A002B02D0786801F07AF8786800F098
:10134000DFFE0346012B01D101231BE07B681B68F4
:101350005A687B681B6822F490425A607B681B685D
:101360009A687B681B6822F02A029A607B681B6877
:101370001A687B681B6842F001021A60786801F005
:10138000F9F8034618460837BD4680BDCDAB0108C5
:1013900080B582B000AF78607B68002B01D101235B
:1013A0003CE07B682422C3F888207B681B681A68AD
:1013B0007B681B6822F001021A607B681B680022B0
:1013C0001A607B681B6800225A607B681B680022D9
:1013D0009A607B68D3F8C430002B03D17B68114A34
:1013E000C3F8C4207B68D3F8C430786898477B681A
:1013F0000022C3F890207B680022C3F888207B6815
:101400000022C3F88C207B680022DA667B68002209
:101410001A677B68002283F8842000231846083767
:10142000BD4680BD19B1010880B58AB002AFF86031
:10143000B9603B601346FB80FB68D3F88830202BF3
:101440007BD1BB68002B02D0FB88002B01D101238C
:1014500074E0FB680022C3F89020FB682122C3F8E7
:101460008820F4F7BFFC7861FB68FA88A3F8542061
:10147000FB68FA88A3F85620FB689B68B3F5805F89
:1014800008D1FB681B69002B04D10023FB61BB68FA
:10149000BB6103E0BB68FB610023BB6130E03B68DC
:1014A00000937B6900228021F86801F00DF9034662
:1014B000002B05D0FB682022C3F8882003233DE0E1
:1014C000FB69002B0BD1BB691B881A46FB681B68A4
:1014D000C2F308029A62BB690233BB6107E0FB6991
:1014E0001A78FB681B689A62FB690133FB61FB6831
:1014F000B3F856309BB2013B9AB2FB68A3F8562072
:10150000FB68B3F856309BB2002BC8D13B68009300
:101510007B6900224021F86801F0D6F80346002BD1
:1015200005D0FB682022C3F88820032306E0FB686F
:101530002022C3F88820002300E002231846203729
:10154000BD4680BD80B491B000AFF860B96013466D
:10155000FB80FB68D3F88830202B78D1BB68002B48
:1015600002D0FB88002B01D1012371E0FB68BA682F
:101570001A65FB68FA88A3F85420FB68FA88A3F878
:101580005620FB6800229A67FB680022C3F890206F
:10159000FB682122C3F88820FB685B6EB3F1005F13
:1015A0002AD1FB689B68B3F5805F07D1FB681B6994
:1015B000002B03D1FB68294A9A6702E0FB68284A9E
:1015C0009A67FB681B680833BB62BB6A53E8003F3D
:1015D0007B627B6A43F40003BB63FB681B680833D0
:1015E000BA6B7A633B63396B7A6B41E80023FB6229
:1015F000FB6A002BE5D128E0FB689B68B3F5805FB0
:1016000007D1FB681B69002B03D1FB68154A9A6759
:1016100002E0FB68144A9A67FB681B687B617B6980
:1016200053E8003F3B613B6943F08003FB63FB6889
:101630001B681A46FB6B3B62FA61F9693A6A41E83A
:101640000023BB61BB69002BE6D1002300E002232D
:1016500018464437BD465DF8047B7047C332010825
:10166000E3310108213101086930010880B58AB0F1
:1016700000AFF860B9601346FB80FB68D3F88C308C
:10168000202B3CD1BB68002B02D0FB88002B01D162
:10169000012335E0FB680022DA66FB681B681A4A02
:1016A000934224D0FB681B68184A93421FD0FB6802
:1016B0001B685B6803F40003002B18D0FB681B68F1
:1016C0007B617B6953E8003F3B613B6943F080638A
:1016D0007B62FB681B681A467B6A3B62FA61F969A8
:1016E0003A6A41E80023BB61BB69002BE6D1FB8865
:1016F0001A46B968F86801F055F8034600E002237D
:1017000018462837BD4680BD0024004600240056F8
:1017100080B58CB000AFF860B9601346FB80FB88E1
:10172000BB85FB68D3F88830202B40F0AD80BB68C8
:10173000002B02D0FB88002B01D10123A5E0FB6820
:10174000BA681A65FB68FA88A3F85420FB68FA881F
:10175000A3F85620FB680022C3F89020FB682122E2
:10176000C3F88820FB68DB6F002B6DD0FB68DB6F54
:10177000484A1A66FB68DB6F474A5A66FB68DB6FAC
:10178000464A9A66FB68DB6F0022DA66FB689B6854
:10179000B3F5805F06D1FB681B69002B02D1FB8883
:1017A0005B00BB85FB68DB6F1B6D03F08003002BC8
:1017B0002DD0FB68DB6F5B6F002B24D0FB68DB6FE9
:1017C0005B6F1B68002B1ED0FB68DB6F5B6F1B68B9
:1017D000BA8D9A60FB681A6DFB68DB6F5B6F1B68E4
:1017E000DA60FB681B6803F12802FB68DB6F5B6F44
:1017F0001B681A61FB68DB6F1846F3F74FFC034662
:1018000087F82F3012E0012387F82F300EE0FB68B5
:10181000D86FFB681B6D1946FB681B6828331A4696
:10182000BB8DF2F7ADFD034687F82F3097F82F30C8
:10183000002B09D0FB681022C3F89020FB682022FF
:10184000C3F88820012320E0FB681B6840221A624D
:10185000FB681B680833BB61BB6953E8003F7B61D1
:101860007B6943F08003BB62FB681B680833BA6A7C
:101870007A623B62396A7A6A41E80023FB61FB695C
:10188000002BE5D1002300E0022318463037BD4687
:1018900080BD00BF272D0108BF2D0108BD2F010805
:1018A00080B58AB000AFF860B9601346FB80FB6872
:1018B000D3F88C30202B3CD1BB68002B02D0FB88A6
:1018C000002B01D1012335E0FB680022DA66FB68BA
:1018D0001B681A4A934224D0FB681B68184A93423B
:1018E0001FD0FB681B685B6803F40003002B18D053
:1018F000FB681B687B617B6953E8003F3B613B6988
:1019000043F080637B62FB681B681A467B6A3B621C
:10191000FA61F9693A6A41E80023BB61BB69002BAF
:10192000E6D1FB881A46B968F86801F05DF803460D
:1019300000E0022318462837BD4680BD002400463B
:101940000024005680B5BAB000AF78607B681B6891
:10195000DB69C7F8E4307B681B681B68C7F8E030B8
:101960007B681B689B68C7F8DC30D7F8E42040F63A
:101970000F031340C7F8D830D7F8D830002B1BD14D
:10198000D7F8E43003F02003002B15D0D7F8E0306F
:1019900003F02003002B05D1D7F8DC3003F080538F
:1019A000002B09D07B685B6F002B00F0F5827B6811
:1019B0005B6F78689847EFE2D7F8D830002B00F0DB
:1019C0002981D7F8DC20904B1340002B06D1D7F8A3
:1019D000E0208E4B1340002B00F01C81D7F8E43040
:1019E00003F00103002B11D0D7F8E03003F480732B
:1019F000002B0BD07B681B6801221A627B68D3F82E
:101A0000903043F001027B68C3F89020D7F8E430AF
:101A100003F00203002B11D0D7F8DC3003F00103F0
:101A2000002B0BD07B681B6802221A627B68D3F8FC
:101A3000903043F004027B68C3F89020D7F8E4307C
:101A400003F00403002B11D0D7F8DC3003F00103BE
:101A5000002B0BD07B681B6804221A627B68D3F8CA
:101A6000903043F002027B68C3F89020D7F8E4304E
:101A700003F00803002B17D0D7F8E03003F0200361
:101A8000002B05D1D7F8DC205F4B1340002B0BD087
:101A90007B681B6808221A627B68D3F8903043F099
:101AA00008027B68C3F89020D7F8E43003F40063A1
:101AB000002B12D0D7F8E03003F08063002B0CD05D
:101AC0007B681B684FF400621A627B68D3F8903021
:101AD00043F020027B68C3F890207B68D3F89030F5
:101AE000002B00F05B82D7F8E43003F02003002BDA
:101AF00013D0D7F8E03003F02003002B05D1D7F83E
:101B0000DC3003F08053002B07D07B685B6F002B29
:101B100003D07B685B6F786898477B68D3F8903018
:101B2000C7F8D4307B681B689B6803F04003402BE8
:101B300005D0D7F8D43003F02803002B58D07868AC
:101B400001F08BF87B681B689B6803F04003402B17
:101B500048D17B681B680833C7F89C30D7F89C30A5
:101B600053E8003FC7F89830D7F8983023F0400387
:101B7000C7F8D0307B681B680833D7F8D020C7F887
:101B8000A820C7F8A430D7F8A410D7F8A82041E8B7
:101B90000023C7F8A030D7F8A030002BD9D17B683C
:101BA000D3F88030002B17D07B68D3F88030184AE8
:101BB000DA667B68D3F880301846F2F7BDFC03463E
:101BC000002B1FD07B68D3F88030DB6E7A68D2F8A8
:101BD00080201046984715E07B68D3F8A4307868D9
:101BE00098470FE07B68D3F8A4307868984709E0FD
:101BF0007B68D3F8A430786898477B680022C3F8E4
:101C00009020CBE100BFC9E10100001020010004D9
:101C1000413001087B68DB6E012B40F07081D7F802
:101C2000E43003F01003002B00F06981D7F8E030B6
:101C300003F01003002B00F062817B681B68102208
:101C40001A627B681B689B6803F04003402B40F0DE
:101C5000D6807B68D3F880301B689B6CA7F8BE30B9
:101C6000B7F8BE30002B00F0AE807B68B3F85C3074
:101C7000B7F8BE209A4280F0A6807B68B7F8BE20F5
:101C8000A3F85E207B68D3F880301B6D812B00F0B9
:101C900087807B681B68C7F88830D7F8883053E89E
:101CA000003FC7F88430D7F8843023F48073C7F836
:101CB000B8307B681B681A46D7F8B830C7F894303C
:101CC000C7F89020D7F89010D7F8942041E8002367
:101CD000C7F88C30D7F88C30002BDAD17B681B68C2
:101CE00008337B677B6F53E8003F3B673B6F23F014
:101CF0000103C7F8B4307B681B680833D7F8B420F9
:101D0000C7F88020FB67F96FD7F8802041E80023EF
:101D1000BB67BB6F002BE1D17B681B6808333B6658
:101D20003B6E53E8003FFB65FB6D23F04003C7F8B3
:101D3000B0307B681B680833D7F8B020FA66BB6602
:101D4000B96EFA6E41E800237B667B6E002BE3D10F
:101D50007B682022C3F88C207B680022DA667B68CF
:101D60001B68FB64FB6C53E8003FBB64BB6C23F057
:101D70001003C7F8AC307B681B681A46D7F8AC3044
:101D8000BB657A65796DBA6D41E800233B653B6DB3
:101D9000002BE4D17B68D3F880301846F2F750FB73
:101DA0007B6802221A677B68D3F8BC307A68B2F885
:101DB0005C107A68B2F85E2092B28A1A92B211462A
:101DC00078689847ECE07B68B3F85C30B7F8BE20E1
:101DD0009A4240F0E5807B68D3F880301B6D812B00
:101DE00040F0DE807B6802221A677B68D3F8BC3043
:101DF0007A68B2F85C20114678689847D0E07B6832
:101E0000B3F85C207B68B3F85E309BB2D31AA7F8B6
:101E1000CE307B68B3F85E309BB2002B00F0C280FE
:101E2000B7F8CE30002B00F0BD807B681B68BB6329
:101E3000BB6B53E8003F7B637B6B23F49073C7F865
:101E4000C8307B681B681A46D7F8C8307B643A6490
:101E5000396C7A6C41E80023FB63FB6B002BE4D107
:101E60007B681B6808337B627B6A53E8003F3B62F8
:101E70003B6A23F0805323F00103C7F8C4307B682A
:101E80001B680833D7F8C4203A63FB62F96A3A6BDF
:101E900041E80023BB62BB6A002BE1D17B682022B2
:101EA000C3F88C207B680022DA667B6800225A67C0
:101EB0007B681B683B613B6953E8003FFB60FB6844
:101EC00023F01003C7F8C0307B681B681A46D7F8A8
:101ED000C030FB61BA61B969FA6941E800237B61EE
:101EE0007B69002BE4D17B6802221A677B68D3F8F8
:101EF000BC30B7F8CE2011467868984752E0D7F842
:101F0000E43003F08003002B14D0D7F8E03003F066
:101F10008003002B05D1D7F8DC3003F40003002B3D
:101F200008D07B689B6F002B3ED07B689B6F7868E6
:101F3000984739E0D7F8E43003F04003002B09D08C
:101F4000D7F8E03003F04003002B03D0786801F0AD
:101F50002DFA2AE0D7F8E43003F40003002B0BD06D
:101F6000D7F8E03003F08043002B05D07B68D3F82E
:101F7000B8307868984718E0D7F8E43003F08073F9
:101F8000002B12D0D7F8E030002B0EDA7B68D3F8A4
:101F9000B4307868984708E000BF06E000BF04E06E
:101FA00000BF02E000BF00E000BFE837BD4680BDD3
:101FB00080B483B000AF786000BF0C37BD465DF8D9
:101FC000047B704780B483B000AF786000BF0C37EB
:101FD000BD465DF8047B704780B483B000AF786085
:101FE00000BF0C37BD465DF8047B704780B483B0FA
:101FF00000AF786000BF0C37BD465DF8047B7047CA
:1020000080B483B000AF786000BF0C37BD465DF888
:10201000047B704780B483B000AF786000BF0C379A
:10202000BD465DF8047B704780B483B000AF786034
:1020300000BF0C37BD465DF8047B704780B483B0A9
:1020400000AF786000BF0C37BD465DF8047B704779
:1020500080B483B000AF78600B467B8000BF0C3744
:10206000BD465DF8047B704780B483B000AF7860F4
:102070007B68184AC3F894207B68174AC3F89820F5
:102080007B68164AC3F89C207B68154AC3F8A020D9
:102090007B68144AC3F8A4207B68134AC3F8A820BD
:1020A0007B68124AC3F8AC207B68114AC3F8B020A1
:1020B0007B68104AC3F8B4207B680F4AC3F8B82085
:1020C0007B680E4AC3F8BC2000BF0C37BD465DF8E4
:1020D000047B7047C51F0108B11F0108ED1F0108EF
:1020E000D91F010801200108152001082920010835
:1020F0003D200108A13E0108B53E0108512001081C
:102100002DE9B04F94B000AFF862002387F8473054
:10211000FB6A1A689B4B9A42FB6A9A68FB6A1B69C6
:102120001A43FB6A5B691A43FB6ADB691343FB646E
:10213000FB6A1B681B6894491940FB6A1A68FB6CB0
:102140000B431360FB6A1B685B6823F44050FB6A17
:10215000D968FB6A1A6840EA01035360FB6A9B690D
:10216000FB64FB6A1A68874B9A4209D0FB6A1A68BB
:10217000864B9A4204D0FB6A1A6AFB6C1343FB64D9
:10218000FB6A1B689B6823F06E4121F43061FB6A97
:102190001A68FB6C0B439360FB6A1B68DB6A23F0D5
:1021A0000F00FB6A596AFB6A1A6840EA0103D362AE
:1021B000FB6A1A68764B9A4202D10123BB6421E084
:1021C000FB6A1A68734B9A4202D10423BB6419E07C
:1021D000FB6A1A68704B9A4202D10823BB6411E073
:1021E000FB6A1A686D4B9A4202D11023BB6409E066
:1021F000FB6A1A68634B9A4202D12023BB6401E058
:102200000023BB64FB6A1A685E4B9A4204D0FB6AE7
:102210001A685E4B9A4272D1BB6C00223B627A62B2
:10222000D7E90801FAF7ECF938643B6C002B00F0B1
:10223000E780FB6A5B6A5A4A32F813301A463B6CF5
:10224000B3FBF2F37B63FB6A5A6813465B001344EB
:102250007A6B9A4205D3FB6A5B681B037A6B9A42DE
:1022600003D9012387F8473048E03B6C0022BB616B
:10227000FA61FB6A5B6A4A4A32F813309BB2002269
:102280003B617A61D7E90423D7E90601EDF7D4FF72
:1022900002460B46104619464FF000024FF000036D
:1022A0000B0243EA10630202F96A496849080020F8
:1022B0000C46054612EB040843EB0509FB6A5B6814
:1022C0000022BB60FA60D7E9022340464946EDF799
:1022D000B3FF02460B461346FB63FB6BB3F5407F2F
:1022E00008D3FB6BB3F5801F04D2FB6A1B68FA6B43
:1022F000DA6003E0012387F8473081E080E0FB6A81
:10230000DB69B3F5004F4DD1BB6C00223B607A60B6
:10231000D7E90001FAF774F938643B6C002B6FD0F1
:10232000FB6A5B6A1E4A32F813301A463B6CB3FBF9
:10233000F2F35A00FB6A5B685B081A44FB6A5B684D
:10234000B2FBF3F3FB63FB6B0F2B16D9FB6BB3F5FF
:10235000803F12D2FB6B9BB223F00F037B87FB6B9A
:102360005B089BB203F007039AB27B8F13437B8712
:10237000FB6A1B687A8FDA6042E0012387F84730F6
:102380003EE000BF00240046F369FFCF0024005662
:102390000038014000480040004C00400050004020
:1023A00060CB0208BB6C00229A46934650465946C1
:1023B000FAF726F938643B6C002B21D0FB6A5B6A84
:1023C0001A4A32F813301A463B6CB3FBF2F2FB6A3E
:1023D0005B685B081A44FB6A5B68B2FBF3F3FB6360
:1023E000FB6B0F2B09D9FB6BB3F5803F05D2FB6B61
:1023F0009AB2FB6A1B68DA6002E0012387F8473073
:10240000FB6A0122A3F86A20FB6A0122A3F8682074
:10241000FB6A00225A67FB6A00229A6797F84730E6
:1024200018465037BD46BDE8B08F00BF60CB0208EC
:1024300080B483B000AF78607B689B6A03F00803C8
:10244000002B0AD07B681B685B6823F400417B6823
:102450009A6B7B681B680A435A607B689B6A03F02F
:102460000103002B0AD07B681B685B6823F40031F2
:102470007B68DA6A7B681B680A435A607B689B6AE0
:1024800003F00203002B0AD07B681B685B6823F40F
:1024900080317B681A6B7B681B680A435A607B68D3
:1024A0009B6A03F00403002B0AD07B681B685B68FF
:1024B00023F480217B685A6B7B681B680A435A604F
:1024C0007B689B6A03F01003002B0AD07B681B68B3
:1024D0009B6823F480517B68DA6B7B681B680A4336
:1024E0009A607B689B6A03F02003002B0AD07B680C
:1024F0001B689B6823F400517B681A6C7B681B681F
:102500000A439A607B689B6A03F04003002B1AD051
:102510007B681B685B6823F480117B685A6C7B685E
:102520001B680A435A607B685B6CB3F5801F0AD155
:102530007B681B685B6823F4C0017B689A6C7B68CE
:102540001B680A435A607B689B6A03F08003002B78
:102550000AD07B681B685B6823F400217B68DA6C17
:102560007B681B680A435A6000BF0C37BD465DF8A4
:10257000047B704780B598B002AF78607B6800221A
:10258000C3F89020F3F72EFC78657B681B681B6806
:1025900003F00803082B2FD16FF07E4300937B6D6F
:1025A00000224FF40011786800F08EF80346002BEB
:1025B00022D07B681B68BB63BB6B53E8003F7B6327
:1025C0007B6B23F080033B657B681B681A463B6D81
:1025D0007B643A64396C7A6C41E80023FB63FB6BE3
:1025E000002BE6D17B682022C3F888207B6800227C
:1025F00083F88420032363E07B681B681B6803F077
:102600000403042B49D16FF07E4300937B6D0022BD
:102610004FF48001786800F057F80346002B3CD057
:102620007B681B687B627B6A53E8003F3B623B6AC6
:1026300023F49073FB647B681B681A46FB6C3B6356
:10264000FA62F96A3A6B41E80023BB62BB6A002B6D
:10265000E6D17B681B6808333B613B6953E8003F68
:10266000FB60FB6823F00103BB647B681B680833D5
:10267000BA6CFA61BB61B969FA6941E800237B6110
:102680007B69002BE5D17B682022C3F88C207B6816
:10269000002283F88420032312E07B682022C3F801
:1026A00088207B682022C3F88C207B680022DA66B1
:1026B0007B6800221A677B68002283F8842000234D
:1026C00018465837BD4680BD80B584B000AFF8606D
:1026D000B9603B601346FB714FE0BB69B3F1FF3F4C
:1026E0004BD0F3F77FFB02463B68D31ABA699A4294
:1026F00002D3BB69002B01D103234EE0FB681B68AA
:102700001B6803F00403002B37D0BB68802B34D048
:10271000BB68402B31D0FB681B68DB6903F0080302
:10272000082B10D1FB681B6808221A62F86800F0B9
:1027300094FAFB680822C3F89020FB68002283F813
:102740008420012329E0FB681B68DB6903F4006334
:10275000B3F5006F11D1FB681B684FF400621A6279
:10276000F86800F07AFAFB682022C3F89020FB6832
:10277000002283F8842003230FE0FB681B68DA69DA
:10278000BB681340BA689A420CBF01230023DBB236
:102790001A46FB799A42A0D0002318461037BD464E
:1027A00080BD000080B4A3B000AFF860B9601346EC
:1027B000FB80FB68BA689A65FB68FA88A3F85C201E
:1027C000FB68FA88A3F85E20FB6800225A67FB6862
:1027D0009B68B3F5805F0ED1FB681B69002B05D1A8
:1027E000FB6840F2FF12A3F860202DE0FB68FF2297
:1027F000A3F8602028E0FB689B68002B0DD1FB68E4
:102800001B69002B04D1FB68FF22A3F860201BE0AA
:10281000FB687F22A3F8602016E0FB689B68B3F199
:10282000805F0DD1FB681B69002B04D1FB687F2200
:10283000A3F8602008E0FB683F22A3F8602003E0D3
:10284000FB680022A3F86020FB680022C3F89020F8
:10285000FB682222C3F88C20FB681B6808337B6668
:102860007B6E53E8003F3B663B6E43F00103C7F8C5
:102870008430FB681B680833D7F884203A67FB660E
:10288000F96E3A6F41E80023BB66BB6E002BE3D1C3
:10289000FB685B6EB3F1005F4FD1FB68B3F8683043
:1028A000FA889A4249D3FB689B68B3F5805F07D1E9
:1028B000FB681B69002B03D1FB68474A5A6702E09B
:1028C000FB68464A5A67FB681B69002B1AD0FB68F5
:1028D0001B683B653B6D53E8003FFB64FB6C43F4B6
:1028E0008073C7F88030FB681B681A46D7F88030C1
:1028F000FB65BA65B96DFA6D41E800237B657B6DB8
:10290000002BE4D1FB681B680833FB63FB6B53E8C7
:10291000003FBB63BB6B43F08053FB67FB681B68E6
:102920000833FA6FBA647B64796CBA6C41E80023AF
:102930003B643B6C002BE5D146E0FB689B68B3F53C
:10294000805F07D1FB681B69002B03D1FB68244A19
:102950005A6702E0FB68234A5A67FB681B69002B31
:1029600019D0FB681B68BB62BB6A53E8003F7B62FF
:102970007B6A43F490737B67FB681B681A467B6F26
:102980007B633A63396B7A6B41E80023FB62FB6A35
:10299000002BE6D118E0FB681B687B617B6953E87C
:1029A000003F3B613B6943F02003BB67FB681B684A
:1029B0001A46BB6F3B62FA61F9693A6A41E8002343
:1029C000BB61BB69002BE6D1002318468C37BD469E
:1029D0005DF8047B704700BF1D3B0108A13701086B
:1029E000D53501080934010880B598B000AFF8600A
:1029F000B9601346FB80FB88A7F85C30FB68BA68B7
:102A00009A65FB68FA88A3F85C20FB680022C3F88B
:102A10009020FB682222C3F88C20FB68D3F880301A
:102A2000002B7CD0FB68D3F88030684A1A66FB68BC
:102A3000D3F88030664A5A66FB68D3F88030654A1E
:102A40009A66FB68D3F880300022DA66FB689B68E0
:102A5000B3F5805F07D1FB681B69002B03D1FB88AE
:102A60005B00A7F85C30FB68D3F880301B6D03F087
:102A70008003002B34D0FB68D3F880305B6F002BD1
:102A80002AD0FB68D3F880305B6F1B68002B23D003
:102A9000FB68D3F880305B6F1B68B7F85C209A60E6
:102AA000FB681B6803F12402FB68D3F880305B6F7E
:102AB0001B68DA60FB689A6DFB68D3F880305B6F47
:102AC0001B681A61FB68D3F880301846F2F7E6FA03
:102AD000034687F85F3014E0012387F85F3010E089
:102AE000FB68D3F88000FB681B6824331946FB6839
:102AF0009B6D1A46B7F85C30F1F742FC034687F845
:102B00005F3097F85F30002B09D0FB681022C3F8C4
:102B10009020FB682022C3F88C20012351E0FB6841
:102B20001B69002B18D0FB681B683B643B6C53E8A7
:102B3000003FFB63FB6B43F48073BB65FB681B6862
:102B40001A46BB6DFB64BA64B96CFA6C41E80023A9
:102B50007B647B6C002BE6D1FB681B680833FB624F
:102B6000FB6A53E8003FBB62BB6A43F001037B652D
:102B7000FB681B6808337A6DBA637B63796BBA6B49
:102B800041E800233B633B6B002BE5D1FB681B68EE
:102B90000833BB61BB6953E8003F7B617B6943F04D
:102BA00040033B65FB681B6808333A6D7A623B6201
:102BB000396A7A6A41E80023FB61FB69002BE5D1A1
:102BC000002318466037BD4680BD00BFDF2D0108D9
:102BD000432F0108BD2F010880B48FB000AF78608B
:102BE0007B681B683B623B6A53E8003FFB61FB6903
:102BF00023F0C0037B637B681B681A467B6BFB6218
:102C0000BA62B96AFA6A41E800237B627B6A002BE8
:102C1000E6D17B681B680833FB60FB6853E8003F24
:102C2000BB60BB6823F400033B637B681B6808330D
:102C30003A6BBA617B617969BA6941E800233B610B
:102C40003B69002BE5D17B682022C3F8882000BFB8
:102C50003C37BD465DF8047B704780B495B000AF4B
:102C600078607B681B687B637B6B53E8003F3B634A
:102C70003B6B23F49073FB647B681B681A46FB6C08
:102C80003B64FA63F96B3A6C41E80023BB63BB6BAE
:102C9000002BE6D17B681B6808333B623B6A53E834
:102CA000003FFB61FB6923F0805323F00103BB6409
:102CB0007B681B680833BA6CFA62BB62B96AFA6A4D
:102CC00041E800237B627B6A002BE3D17B68DB6EEB
:102CD000012B18D17B681B68FB60FB6853E8003F41
:102CE000BB60BB6823F010037B647B681B681A46DB
:102CF0007B6CBB617A617969BA6941E800233B6109
:102D00003B69002BE6D17B682022C3F88C207B68CE
:102D10000022DA667B6800225A6700BF5437BD463E
:102D20005DF8047B704780B590B000AF78607B6839
:102D3000DB6DFB637B681B6D812B37D0FB6B002247
:102D4000A3F85620FB6B1B6808337B627B6A53E851
:102D5000003F3B623B6A23F08003BB63FB6B1B6855
:102D60000833BA6B3A63FB62F96A3A6B41E80023B5
:102D7000BB62BB6A002BE5D1FB6B1B683B613B6907
:102D800053E8003FFB60FB6843F040037B63FB6B51
:102D90001B681A467B6BFB61BA61B969FA6941E845
:102DA00000237B617B69002BE6D104E0FB6BD3F849
:102DB0009830F86B984700BF4037BD4680BD80B55E
:102DC00084B000AF78607B68DB6DFB60FB68D3F894
:102DD0009430F868984700BF1037BD4680BD80B575
:102DE0009CB000AF78607B68DB6DFB667B681B6D19
:102DF000812B71D0FB6E0022A3F85E20FB6E1B6856
:102E0000BB64BB6C53E8003F7B647B6C23F4807332
:102E1000BB66FB6E1B681A46BB6E7B653A65396DF7
:102E20007A6D41E80023FB64FB6C002BE6D1FB6E5E
:102E30001B6808337B637B6B53E8003F3B633B6B52
:102E400023F001037B66FB6E1B6808337A6E3A64DD
:102E5000FB63F96B3A6C41E80023BB63BB6B002B4F
:102E6000E5D1FB6E1B6808333B623B6A53E8003FC9
:102E7000FB61FB6923F040033B66FB6E1B68083374
:102E80003A6EFA62BB62B96AFA6A41E800237B6271
:102E90007B6A002BE5D1FB6E2022C3F88C20FB6EF1
:102EA000DB6E012B18D1FB6E1B68FB60FB6853E8DF
:102EB000003FBB60BB6823F01003FB65FB6E1B6823
:102EC0001A46FB6DBB617A617969BA6941E80023F2
:102ED0003B613B69002BE6D1FB6E00221A67FB6E5B
:102EE000DB6E012B24D1FB6E0022A3F85E207B68F1
:102EF0001B689B6CA7F85A30FB6EB3F85C30B7F8D0
:102F00005A209A4204D2FB6EB7F85A20A3F85E20EA
:102F1000FB6ED3F8BC30FA6EB2F85C10FA6EB2F801
:102F20005E2092B28A1A92B21146F86E984704E077
:102F3000FB6ED3F8A030F86E984700BF7037BD46DF
:102F400080BD80B584B000AF78607B68DB6DFB60CE
:102F5000FB6801221A67FB68DB6E012B25D1FB6839
:102F6000B3F85C305B089AB2FB68A3F85E207B681C
:102F70001B689B6C7B81FB68B3F85C307A899A4252
:102F800003D8FB687A89A3F85E20FB68D3F8BC30CD
:102F9000FA68B2F85C10FA68B2F85E2092B28A1A47
:102FA00092B21146F868984704E0FB68D3F89C3069
:102FB000F868984700BF1037BD4680BD80B586B021
:102FC00000AF78607B68DB6D7B617B69D3F888300C
:102FD0003B617B69D3F88C30FB607B691B689B6825
:102FE00003F08003802B09D13B69212B06D17B693B
:102FF0000022A3F856207869FFF7EEFD7B691B6875
:103000009B6803F04003402B09D1FB68222B06D1BB
:103010007B690022A3F85E207869FFF71EFE7B69BA
:10302000D3F8903043F010027B69C3F890207B699D
:10303000D3F8A4307869984700BF1837BD4680BDE3
:1030400080B584B000AF78607B68DB6DFB60FB68A7
:103050000022A3F85E20FB68D3F8A430F8689847F4
:1030600000BF1037BD4680BD80B48FB000AF786020
:103070007B68D3F88830212B4CD17B68B3F856306D
:103080009BB2002B32D17B681B683B623B6A53E8E2
:10309000003FFB61FB6923F080037B637B681B6857
:1030A0001A467B6BFB62BA62B96AFA6A41E800238E
:1030B0007B627B6A002BE6D17B681B68FB60FB6848
:1030C00053E8003FBB60BB6843F040033B637B6851
:1030D0001B681A463B6BBB617A617969BA6941E842
:1030E00000233B613B69002BE6D113E07B681B6D3D
:1030F0001A787B681B689A627B681B6D5A1C7B6818
:103100001A657B68B3F856309BB2013B9AB27B6874
:10311000A3F8562000BF3C37BD465DF8047B7047DE
:1031200080B491B000AF78607B68D3F88830212BF1
:1031300051D17B68B3F856309BB2002B32D17B68FB
:103140001B687B627B6A53E8003F3B623B6A23F06B
:103150008003BB637B681B681A46BB6B3B63FA62E8
:10316000F96A3A6B41E80023BB62BB6A002BE6D1E7
:103170007B681B683B613B6953E8003FFB60FB6871
:1031800043F040037B637B681B681A467B6BFB61E3
:10319000BA61B969FA6941E800237B617B69002B58
:1031A000E6D118E07B681B6DFB63FB6B1B881A463E
:1031B0007B681B68C2F308029A627B681B6D9A1CCD
:1031C0007B681A657B68B3F856309BB2013B9AB2B4
:1031D0007B68A3F8562000BF4437BD465DF8047BEA
:1031E000704780B491B000AF78607B68D3F88830C6
:1031F000212B60D17B68B3F86A30FB8757E07B688E
:10320000B3F856309BB2002B33D17B681B68083370
:103210007B627B6A53E8003F3B623B6A23F4000316
:10322000BB637B681B680833BA6B3A63FB62F96A5D
:103230003A6B41E80023BB62BB6A002BE5D17B6897
:103240001B683B613B6953E8003FFB60FB6843F050
:1032500040037B637B681B681A467B6BFB61BA612A
:10326000B969FA6941E800237B617B69002BE6D1EB
:1032700021E07B681B68DB6903F08003002B13D01F
:103280007B681B6D1A787B681B689A627B681B6D74
:103290005A1C7B681A657B68B3F856309BB2013BB9
:1032A0009AB27B68A3F85620FB8F013BFB87FB8F0C
:1032B000002BA4D1FFE700BF4437BD465DF8047B77
:1032C000704780B491B000AF78607B68D3F88830E5
:1032D000212B65D17B68B3F86A30FB875CE07B68A3
:1032E000B3F856309BB2002B33D17B681B68083390
:1032F0003B623B6A53E8003FFB61FB6923F4000338
:103300007B637B681B6808337A6BFA62BB62B96ABD
:10331000FA6A41E800237B627B6A002BE5D17B6877
:103320001B68FB60FB6853E8003FBB60BB6843F071
:1033300040033B637B681B681A463B6BBB617A6149
:103340007969BA6941E800233B613B69002BE6D10A
:1033500026E07B681B68DB6903F08003002B18D034
:103360007B681B6DBB63BB6B1B881A467B681B6845
:10337000C2F308029A627B681B6D9A1C7B681A650F
:103380007B68B3F856309BB2013B9AB27B68A3F8D6
:103390005620FB8F013BFB87FB8F002B9FD1FFE764
:1033A00000BF4437BD465DF8047B704780B588B0E8
:1033B00000AF78607B681B68FB60FB6853E8003FE8
:1033C000BB60BB6823F04003FB617B681B681A4647
:1033D000FB69BB617A617969BA6941E800233B61A5
:1033E0003B69002BE6D17B682022C3F888207B68EC
:1033F00000229A677B68D3F898307868984700BFB6
:103400002037BD4680BD000080B59CB000AF78601D
:103410007B68B3F86030A7F86E307B68D3F88C30E7
:10342000222B40F0C7807B681B685B6AA7F86C3072
:10343000B7F86C30D9B2B7F86E30DAB27B689B6DF2
:103440000A40D2B21A707B689B6D5A1C7B689A65E1
:103450007B68B3F85E309BB2013B9AB27B68A3F8FD
:103460005E207B68B3F85E309BB2002B40F0AA80F0
:103470007B681B68FB64FB6C53E8003FBB64BB6C60
:1034800023F49073BB667B681B681A46BB6EBB65F2
:103490007A65796DBA6D41E800233B653B6D002B81
:1034A000E6D17B681B680833BB63BB6B53E8003F06
:1034B0007B637B6B23F001037B667B681B680833AF
:1034C0007A6E7A643B64396C7A6C41E80023FB6362
:1034D000FB6B002BE5D17B682022C3F88C207B6836
:1034E00000225A677B6800221A677B681B68374A8C
:1034F000934224D07B681B68354A93421FD07B6877
:103500001B685B6803F40003002B18D07B681B6802
:103510007B627B6A53E8003F3B623B6A23F0806337
:103520003B667B681B681A463B6E3B63FA62F96A2E
:103530003A6B41E80023BB62BB6A002BE6D17B6893
:10354000DB6E012B30D17B680022DA667B681B685A
:103550003B613B6953E8003FFB60FB6823F01003CD
:10356000FB657B681B681A46FB6DFB61BA61B96934
:10357000FA6941E800237B617B69002BE6D17B6817
:103580001B68DB6903F01003102B03D17B681B68F9
:1035900010221A627B68D3F8BC307A68B2F85C20DB
:1035A0001146786898470DE07B68D3F8A0307868BA
:1035B000984707E07B681B689A697B681B6842F044
:1035C00008029A6100BF7037BD4680BD00240046E6
:1035D0000024005680B59CB000AF78607B68B3F8DB
:1035E0006030A7F86E307B68D3F88C30222B40F027
:1035F000C7807B681B685B6AA7F86C307B689B6D33
:10360000BB66B7F86C20B7F86E3013409AB2BB6E49
:103610001A807B689B6D9A1C7B689A657B68B3F8FF
:103620005E309BB2013B9AB27B68A3F85E207B6858
:10363000B3F85E309BB2002B40F0AA807B681B6819
:10364000BB64BB6C53E8003F7B647B6C23F49073DA
:103650007B667B681B681A467B6E7B653A65396DB5
:103660007A6D41E80023FB64FB6C002BE6D17B689C
:103670001B6808337B637B6B53E8003F3B633B6B0A
:1036800023F001033B667B681B6808333A6E3A649B
:10369000FB63F96B3A6C41E80023BB63BB6B002B07
:1036A000E5D17B682022C3F88C207B6800225A6712
:1036B0007B6800221A677B681B68374A934224D0D4
:1036C0007B681B68354A93421FD07B681B685B6828
:1036D00003F40003002B18D07B681B683B623B6A35
:1036E00053E8003FFB61FB6923F08063FB657B6867
:1036F0001B681A46FB6DFB62BA62B96AFA6A41E856
:1037000000237B627B6A002BE6D17B68DB6E012B9A
:1037100030D17B680022DA667B681B68FB60FB683F
:1037200053E8003FBB60BB6823F01003BB657B68B8
:103730001B681A46BB6DBB617A617969BA6941E859
:1037400000233B613B69002BE6D17B681B68DB698A
:1037500003F01003102B03D17B681B6810221A6240
:103760007B68D3F8BC307A68B2F85C201146786880
:1037700098470DE07B68D3F8A0307868984707E059
:103780007B681B689A697B681B6842F008029A6133
:1037900000BF7037BD4680BD00240046002400569F
:1037A00080B5ACB000AF78607B68B3F86030A7F844
:1037B000AA307B681B68DB69C7F8AC307B681B6884
:1037C0001B68C7F8A4307B681B689B68C7F8A030EB
:1037D0007B68D3F88C30222B40F08E817B68B3F865
:1037E0006830A7F89E3031E17B681B685B6AA7F8F8
:1037F0009C30B7F89C30D9B2B7F8AA30DAB27B68FF
:103800009B6D0A40D2B21A707B689B6D5A1C7B6814
:103810009A657B68B3F85E309BB2013B9AB27B68D5
:10382000A3F85E207B681B68DB69C7F8AC30D7F86B
:10383000AC3003F00703002B55D0D7F8AC3003F0C1
:103840000103002B11D0D7F8A43003F48073002BB0
:103850000BD07B681B6801221A627B68D3F890301A
:1038600043F001027B68C3F89020D7F8AC3003F036
:103870000203002B11D0D7F8A03003F00103002B76
:103880000BD07B681B6802221A627B68D3F89030E9
:1038900043F004027B68C3F89020D7F8AC3003F003
:1038A0000403002B11D0D7F8A03003F00103002B44
:1038B0000BD07B681B6804221A627B68D3F89030B7
:1038C00043F002027B68C3F890207B68D3F8903005
:1038D000002B08D07B68D3F8A430786898477B68C1
:1038E0000022C3F890207B68B3F85E309BB2002BB7
:1038F00040F0AC807B681B683B673B6F53E8003F40
:10390000FB66FB6E23F48073C7F898307B681B68F6
:103910001A46D7F89830FB67BA67B96FFA6F41E873
:1039200000237B677B6F002BE4D17B681B68083327
:10393000FB65FB6D53E8003FBB65BB6D23F0805317
:1039400023F00103C7F894307B681B680833D7F86D
:103950009420BA667B66796EBA6E41E800233B66B6
:103960003B6E002BE1D17B682022C3F88C207B6862
:1039700000225A677B6800221A677B681B68644ACA
:10398000934226D07B681B68624A934221D07B68B1
:103990001B685B6803F40003002B1AD07B681B686C
:1039A000BB64BB6C53E8003F7B647B6C23F080639B
:1039B000C7F890307B681B681A46D7F890307B6553
:1039C0003A65396D7A6D41E80023FB64FB6C002B8E
:1039D000E4D17B68DB6E012B32D17B680022DA6692
:1039E0007B681B687B637B6B53E8003F3B633B6BEF
:1039F00023F01003C7F88C307B681B681A46D7F891
:103A00008C303B64FA63F96B3A6C41E80023BB638A
:103A1000BB6B002BE4D17B681B68DB6903F01003F0
:103A2000102B03D17B681B6810221A627B68D3F8C5
:103A3000BC307A68B2F85C2011467868984710E08C
:103A40007B68D3F8A030786898470AE0B7F89E30D2
:103A5000002B06D0D7F8AC3003F02003002B7FF406
:103A6000C3AE7B68B3F85E30A7F88A30B7F88A3007
:103A7000002B49D07B68B3F86830B7F88A209A42A7
:103A800042D27B681B6808333B623B6A53E8003FC5
:103A9000FB61FB6923F08053C7F884307B681B68A7
:103AA0000833D7F88420FA62BB62B96AFA6A41E83F
:103AB00000237B627B6A002BE3D17B68164A5A673E
:103AC0007B681B68FB60FB6853E8003FBB60BB681A
:103AD00043F02003C7F880307B681B681A46D7F88C
:103AE0008030BB617A617969BA6941E800233B6142
:103AF0003B69002BE4D107E07B681B689A697B680F
:103B00001B6842F008029A6100BFB037BD4680BD15
:103B100000240046002400560934010880B5AEB0E8
:103B200000AF78607B68B3F86030A7F8B2307B688C
:103B30001B68DB69C7F8B4307B681B681B68C7F873
:103B4000AC307B681B689B68C7F8A8307B68D3F8EB
:103B50008C30222B40F092817B68B3F86830A7F854
:103B6000A63035E17B681B685B6AA7F8A4307B68E8
:103B70009B6DC7F8A030B7F8A420B7F8B230134057
:103B80009AB2D7F8A0301A807B689B6D9A1C7B682C
:103B90009A657B68B3F85E309BB2013B9AB27B6852
:103BA000A3F85E207B681B68DB69C7F8B430D7F8E0
:103BB000B43003F00703002B55D0D7F8B43003F02E
:103BC0000103002B11D0D7F8AC3003F48073002B25
:103BD0000BD07B681B6801221A627B68D3F8903097
:103BE00043F001027B68C3F89020D7F8B43003F0AB
:103BF0000203002B11D0D7F8A83003F00103002BEB
:103C00000BD07B681B6802221A627B68D3F8903065
:103C100043F004027B68C3F89020D7F8B43003F077
:103C20000403002B11D0D7F8A83003F00103002BB8
:103C30000BD07B681B6804221A627B68D3F8903033
:103C400043F002027B68C3F890207B68D3F8903081
:103C5000002B08D07B68D3F8A430786898477B683D
:103C60000022C3F890207B68B3F85E309BB2002B33
:103C700040F0AE807B681B687B677B6F53E8003F3A
:103C80003B673B6F23F48073C7F89C307B681B68ED
:103C90001A46D7F89C30C7F88030FA67F96FD7F822
:103CA000802041E80023BB67BB6F002BE2D17B681B
:103CB0001B6808333B663B6E53E8003FFB65FB6DBA
:103CC00023F0805323F00103C7F898307B681B680A
:103CD0000833D7F89820FA66BB66B96EFA6E41E8E9
:103CE00000237B667B6E002BE1D17B682022C3F82A
:103CF0008C207B6800225A677B6800221A677B68E9
:103D00001B68644A934226D07B681B68624A9342D0
:103D100021D07B681B685B6803F40003002B1AD07A
:103D20007B681B68FB64FB6C53E8003FBB64BB6CA7
:103D300023F08063C7F894307B681B681A46D7F875
:103D40009430BB657A65796DBA6D41E800233B65B7
:103D50003B6D002BE4D17B68DB6E012B32D17B689D
:103D60000022DA667B681B68BB63BB6B53E8003FCD
:103D70007B637B6B23F01003C7F890307B681B6874
:103D80001A46D7F890307B643A64396C7A6C41E813
:103D90000023FB63FB6B002BE4D17B681B68DB69B2
:103DA00003F01003102B03D17B681B6810221A62EA
:103DB0007B68D3F8BC307A68B2F85C20114678682A
:103DC000984710E07B68D3F8A030786898470AE0FD
:103DD000B7F8A630002B06D0D7F8B43003F0200394
:103DE000002B7FF4BFAE7B68B3F85E30A7F88E304F
:103DF000B7F88E30002B49D07B68B3F86830B7F83D
:103E00008E209A4242D27B681B6808337B627B6AB1
:103E100053E8003F3B623B6A23F08053C7F8883089
:103E20007B681B680833D7F888203A63FB62F96A1D
:103E30003A6B41E80023BB62BB6A002BE3D17B688D
:103E4000164A5A677B681B683B613B6953E8003F31
:103E5000FB60FB6843F02003C7F884307B681B6875
:103E60001A46D7F88430FB61BA61B969FA6941E84A
:103E700000237B617B69002BE4D107E07B681B6832
:103E80009A697B681B6842F008029A6100BFB837E4
:103E9000BD4680BD0024004600240056D5350108EB
:103EA00080B483B000AF786000BF0C37BD465DF8CA
:103EB000047B704780B483B000AF786000BF0C37DC
:103EC000BD465DF8047B704780B485B000AF786074
:103ED0007B6893F88430012B01D1022327E07B68B3
:103EE000012283F884207B682422C3F888207B6821
:103EF0001B681B68FB607B681B681A687B681B6813
:103F000022F001021A60FB6823F00053FB607B681B
:103F100000225A667B681B68FA681A607B68202258
:103F2000C3F888207B68002283F884200023184689
:103F30001437BD465DF8047B704780B584B000AF90
:103F4000786039607B6893F88430012B01D10223BB
:103F50002DE07B68012283F884207B682422C3F84B
:103F600088207B681B681B68FB607B681B681A687D
:103F70007B681B6822F001021A607B681B689B68E3
:103F800023F060417B681B683A680A439A6078684E
:103F900000F050F87B681B68FA681A607B68202282
:103FA000C3F888207B68002283F884200023184609
:103FB0001037BD4680BD80B584B000AF78603960F1
:103FC0007B6893F88430012B01D102232DE07B68BC
:103FD000012283F884207B682422C3F888207B6830
:103FE0001B681B68FB607B681B681A687B681B6822
:103FF00022F001021A607B681B689B6823F06061F5
:104000007B681B683A680A439A60786800F012F887
:104010007B681B68FA681A607B682022C3F88820D6
:104020007B68002283F88420002318461037BD46A1
:1040300080BD000080B485B000AF78607B685B6EA7
:10404000002B08D17B680122A3F86A207B6801223B
:10405000A3F8682031E00823FB730823BB737B6857
:104060001B689B685B0EDBB203F007037B737B6806
:104070001B689B685B0FDBB203F007033B73BB7BE2
:104080003A7B11498A5C02FB03F33A7B0F498A5C55
:1040900093FBF2F39AB27B68A3F86A20FB7B7A7BEE
:1040A00009498A5C02FB03F37A7B08498A5C93FB2B
:1040B000F2F39AB27B68A3F8682000BF1437BD46BC
:1040C0005DF8047B704700BF78CB020880CB020804
:1040D00080B582B000AF78607B68002B01D10123EE
:1040E00025E07B685B69002B02D17B68124A5A612C
:1040F0007B689B69002B02D17B68104A9A617B68C0
:104100009B69786898477B68DA687B681B6842F02F
:1041100080021A607B681A697B685B6842EA030167
:104120007B689A687B681B680A435A6000231846BC
:104130000837BD4680BD00BFA1410108FDB101089F
:1041400080B483B000AF78607B681B687A68D268FF
:104150001A60002318460C37BD465DF8047B704793
:1041600080B582B000AF78607B681B685B6803F441
:104170000073B3F5007F0FD17B681B689B6803F069
:104180000103012B08D17B681B686FF001029A6064
:104190007B685B697868984700BF0837BD4680BD7B
:1041A00080B483B000AF786000BF0C37BD465DF8C7
:1041B000047B704780B588B000AF786000237B61D6
:1041C00000233B617B68002B22D00823DB437A6805
:1041D0009A421BD808227B6813447B607B6803F0FB
:1041E0000703002B14D07B6803F00703C3F1080317
:1041F000FB60FB68DB437A689A4204D87A68FB6804
:1042000013447B6004E000237B6001E000237B60BB
:1042100002F09EFD634B1B68002B01D100F03AF9C0
:104220007B68002BC0F2AE807B68002B00F0AA8078
:104230005D4B1B687A689A4200F2A4805B4BBB61BD
:104240005A4B1B68FB61FB69594A934205D3FB69D2
:10425000584A934201D8012300E00023002B19D1D2
:1042600005F072F800BFFDE7FB69BB61FB691B68E5
:10427000FB61FB694E4A934205D3FB694D4A934269
:1042800001D8012300E00023002B03D105F05CF8E6
:1042900000BFFDE7FB695B687A689A4203D9FB6956
:1042A0001B68002BE0D13F4B1B68FA699A4269D02A
:1042B000BB691B68082213447B617B693C4A9342BB
:1042C00005D37B693B4A934201D8012300E00023D8
:1042D000002B03D105F038F800BFFDE7FB691A6831
:1042E000BB691A60FB695B687A689A4203D905F07A
:1042F0002BF800BFFDE7FB695A687B68D21A0823D8
:104300005B009A421CD9FA697B681344BB60BB68A6
:1043100003F00703002B03D005F016F800BFFDE7FC
:10432000FB695A687B68D21ABB685A60FB697A6875
:104330005A60BB691A68BB681A60BB69BA681A60C0
:10434000194B1A68FB695B68D31A174A1360164B3E
:104350001A68194B1B689A4203D2134B1B68164A02
:104360001360FB695B683B61FB695B6843F000427B
:10437000FB695A60FB6900221A60104B1B6801330D
:104380000E4A136002F0F2FC7B6903F00703002B76
:1043900003D004F0D9FF00BFFDE77B691846203742
:1043A000BD4680BD20A1002024A1002018A100202E
:1043B0001801002017A1002028A100202CA1002016
:1043C00080B584B000AF78607B68FB607B68002BB1
:1043D00048D008235B42FA681344FB60FB68BB606B
:1043E000BB68224A934205D3BB68214A934201D855
:1043F000012300E00023002B03D104F0A5FF00BF40
:10440000FDE7BB685B68002B03DB04F09DFF00BF8A
:10441000FDE7BB681B68002B03D004F095FF00BFCD
:10442000FDE7BB685B68002B1CDABB681B68002BD0
:1044300018D1BB685B6823F00042BB685A6002F089
:1044400087FCBB685A680B4B1B681344094A13600E
:10445000B86800F079F8084B1B680133064A13600E
:1044600002F084FC00BF1037BD4680BD180100205B
:1044700017A1002024A1002030A1002080B400AFAB
:10448000034B1B681846BD465DF8047B704700BFB0
:1044900024A1002080B485B000AF4FF42043BB605E
:1044A000244BFB60FB6803F00703002B0CD0FB6878
:1044B0000733FB60FB6823F00703FB60BA68FB6807
:1044C000D31A1C4A1344BB60FB681B4A13601A4B87
:1044D00000225A60FA68BB6813447B6008227B683C
:1044E0009B1A7B607B6823F007037B607B68134A21
:1044F0001360124B1B6800225A60104B1B6800228D
:104500001A60FB683B603B687A68D21A3B685A6065
:104510000A4B1A683B681A603B685B68084A13607C
:104520003B685B68074A136000BF1437BD465DF8FF
:10453000047B70471801002018A1002020A1002052
:1045400028A1002024A1002080B584B000AF7860AD
:10455000314BFB6002E0FB681B68FB60FB681B687B
:104560007A689A42F7D8FB682B4A934210D0FB68CE
:104570002A4A934205D3FB68294A934201D8012372
:1045800000E00023002B03D104F0DEFE00BFFDE7B6
:10459000FB68BB60FB685B68BA6813447A689A4240
:1045A00008D1FB685A687B685B681A44FB685A60EC
:1045B000FB687B607B68BB607B685B68BA681A4499
:1045C000FB681B689A4218D1FB681A68154B1B6878
:1045D0009A420DD07B685A68FB681B685B681A4476
:1045E0007B685A60FB681B681A687B681A6008E081
:1045F0000C4B1A687B681A6003E0FB681A687B68DA
:104600001A60FA687B689A4202D0FB687A681A607E
:1046100000BF1037BD4680BD18A100201801002042
:1046200017A1002020A1002080B584B000AF7860E1
:104630007B68002B03D104F087FE00BFFDE7202339
:10464000BB60BB68202B03D004F07EFE00BFFDE7FB
:104650007B68FB60FB68002B0AD0FB6800221A60B5
:10466000FB680433184600F0D5F9FB6801221A777D
:10467000FB6818461037BD4680BD80B582B000AFDC
:104680002020FFF797FD78607B68002B0AD07B68BD
:1046900000221A607B680433184600F0BBF97B687F
:1046A00000221A777B6818460837BD4680BD80B562
:1046B0008CB000AFF860B9607A603B60FB687B62E9
:1046C0000023BB6200233B62FB68002B03D104F094
:1046D0003BFE00BFFDE7BB68B3F1807F03D304F06E
:1046E00033FE00BFFDE7BB68002B03D104F02CFEB6
:1046F00000BFFDE703F006FA0346002B02D1BB6BB7
:10470000002B01D1012300E00023002B03D104F092
:104710001BFE00BFFDE702F01BFB7B6A1B68FB6111
:104720003A68B968F86900F03FF9B861BB69002BD5
:104730000ED0FB69FB620023BB637B68002B28D093
:104740007B6A1A68BB68DB431A407B6A1A6020E008
:10475000BB6B002B04D1FB69FB6201233B6218E0B9
:104760007B68002B03D0BB6A43F08073BB623B685D
:10477000002B03D0BB6A43F08063BB627B6A181DC9
:10478000BA68BB6A1343BA6B194602F02FFE0023C6
:10479000FB6202F0EBFA7861BB6B002B2BD07B69DC
:1047A000002B01D104F0D0FB03F084FBF862FB6A1C
:1047B00003F00073002B1AD104F0D8FB7B6A1B684E
:1047C000FB623A68B968F86A00F0EEF80346002B1D
:1047D00009D07B68002B06D07B6A1A68BB68DB4374
:1047E0001A407B6A1A6001233B6204F0D1FBFB6A2A
:1047F00023F07F43FB62FB6A18463037BD4680BD1D
:1048000080B586B000AF78607B687B6104F09CFD6A
:1048100038617B691B68FB60386904F0A2FDFB68A6
:1048200018461837BD4680BD80B58CB000AF7860A3
:1048300039600023BB627B683B6200237B627B683C
:10484000002B03D104F080FD00BFFDE73B68B3F10E
:10485000807F03D304F078FD00BFFDE73B6A04339B
:10486000FB61FB690833BB6102F072FAFB69DB682C
:10487000FB623B6A1A683B681A433B6A1A603CE079
:10488000FB6A5B683B61FB6A1B68FB6000237B6221
:10489000FB6803F07F43BB60FB6823F07F43FB6052
:1048A000BB6803F08063002B08D13B6A1A68FB6881
:1048B0001340002B0BD001237B6208E03B6A1A688F
:1048C000FB681340FA689A4201D101237B627B6A3C
:1048D000002B10D0BB6803F08073002B03D0BA6AA2
:1048E000FB681343BB623B6A1B6843F000731946C5
:1048F000F86A02F0D1FE3B69FB62FA6ABB699A4230
:10490000BED13B6A1A68BB6ADB431A403B6A1A6035
:104910003B6A1B687B6102F029FA7B6918463037D5
:10492000BD4680BD80B584B000AF78607B68FB6019
:10493000FB68002B03D104F007FD00BFFDE7FB6817
:104940000433BB6002F004FA10E0BB68DA68BB68AD
:1049500008339A4203D104F0F7FC00BFFDE7BB68BF
:10496000DB684FF00071184602F096FEBB681B68CA
:10497000002BEAD102F0FAF9FB681B7F002B02D171
:10498000F868FFF71DFD00BF1037BD4680BD80B53C
:1049900082B000AF7860396039687868FFF744FF0B
:1049A00000BF0837BD4680BD80B487B000AFF86057
:1049B000B9607A6000237B617B68002B07D1FA68BD
:1049C000BB681340002B0AD001237B6107E0FA6823
:1049D000BB681340BA689A4201D101237B617B69AD
:1049E00018461C37BD465DF8047B704780B586B01D
:1049F00000AFF860B9607A607B68BA68F96804480B
:104A000004F042FA78617B6918461837BD4680BDCC
:104A10008F49010880B483B000AF78607B6803F1F0
:104A200008027B685A607B684FF0FF329A607B68AF
:104A300003F108027B68DA607B6803F108027B6897
:104A40001A617B6800221A6000BF0C37BD465DF812
:104A5000047B704780B483B000AF78607B6800222D
:104A60001A6100BF0C37BD465DF8047B704780B407
:104A700085B000AF786039607B685B68FB603B683D
:104A8000FA685A60FB689A683B689A60FB689B68A2
:104A90003A685A60FB683A689A603B687A681A61BB
:104AA0007B681B685A1C7B681A6000BF1437BD46C0
:104AB0005DF8047B704780B485B000AF78603960E2
:104AC0003B681B68BB60BB68B3F1FF3F03D17B68E9
:104AD0001B69FB600CE07B680833FB6002E0FB684D
:104AE0005B68FB60FB685B681B68BA689A42F6D239
:104AF000FB685A683B685A603B685B683A689A6032
:104B00003B68FA689A60FB683A685A603B687A6862
:104B10001A617B681B685A1C7B681A6000BF1437D7
:104B2000BD465DF8047B704780B485B000AF786007
:104B30007B681B69FB607B685B687A6892689A6037
:104B40007B689B687A6852685A60FB685B687A6821
:104B50009A4203D17B689A68FB685A607B6800229E
:104B60001A61FB681B685A1EFB681A60FB681B68A9
:104B700018461437BD465DF8047B704780B584B095
:104B800000AF786039600123FB607B68BB60BB6865
:104B9000002B03D104F0D8FB00BFFDE7BB68002B5E
:104BA00057D0BB68DB6B002B53D0BB681A6CBB685B
:104BB000DB6B0021A3FB0223002B00D001210B465D
:104BC000002B46D104F0D2F9BB681A68BB68DB6BD6
:104BD000B968096C01FB03F31A44BB689A60BB68AF
:104BE00000229A63BB681A68BB685A60BB681A687F
:104BF000BB68DB6B013BB968096C01FB03F31A442A
:104C0000BB68DA60BB68FF2283F84420BB68FF22E0
:104C100083F845203B68002B0ED1BB681B69002B35
:104C200014D0BB681033184602F066FC0346002B14
:104C30000CD004F089F909E0BB6810331846FFF77F
:104C4000E9FEBB6824331846FFF7E4FE04F0A0F940
:104C500001E00023FB60FB68002B03D104F074FB30
:104C600000BFFDE7FB6818461037BD4680BD80B524
:104C700088B002AFF860B9607A603B6000237B6166
:104C80003B68002B03D104F05FFB00BFFDE7FB682E
:104C9000002B29D03B68002B26D07B68002B02D04C
:104CA000BB68002B20D07B68002B02D1BB68002B97
:104CB0001AD150233B613B69502B03D004F044FBD5
:104CC00000BFFDE73B693B687B617B69012283F89C
:104CD000462097F820207B69009313467A68B968CC
:104CE000F86800F058F806E07B69002B03D104F067
:104CF0002BFB00BFFDE77B6918461837BD4680BD1A
:104D000080B58AB002AFF860B9601346FB7100232A
:104D1000FB61FB68002B32D00021BA68FB68A3FB63
:104D20000223002B00D001210B46002B27D1FB686A
:104D3000BA6802FB03F313F1510F20D8FB68BA687D
:104D400002FB03F3BB61BB6950331846FFF732FA2D
:104D5000F861FB69002B19D0FB697B617B695033DB
:104D60007B61FB69002283F84620FA79FB69009396
:104D700013467A69B968F86800F00DF806E0FB6937
:104D8000002B03D104F0E0FA00BFFDE7FB691846F1
:104D90002037BD4680BD80B584B000AFF860B960F3
:104DA0007A60FB70BB68002B03D1BB69BA691A60DB
:104DB00002E0BB697A681A60BB69FA68DA63BB69AA
:104DC000BA681A640121B869FFF7D8FEBB69FA789E
:104DD00083F84C2000BF1037BD4680BD80B582B03F
:104DE00000AF78607B68002B0ED07B6800229A6051
:104DF0007B6800221A607B680022DA6000230022B0
:104E00000021786800F089F800BF0837BD4680BDF2
:104E100080B586B000AF0346FB7101237B610023A0
:104E20003B61FB791A4639697869FFF769FFF860D9
:104E3000F868FFF7D3FFFB6818461837BD4680BDFA
:104E400080B588B002AF03463960FB7101237B61F6
:104E500000233B61FB7900933B6800223969786944
:104E6000FFF705FFF860F868FFF7B8FFFB68184622
:104E70001837BD4680BD80B588B002AFF860B96014
:104E80007A6000237B61FB68002B13D0BA68FB6853
:104E90009A420FD8022300937B6800220021F86811
:104EA000FFF7E5FE78617B69002B0AD07B69BA6861
:104EB0009A6306E07B69002B03D104F045FA00BF3A
:104EC000FDE77B6918461837BD4680BD80B584B0C4
:104ED00000AF786039600023FB607B68002B10D046
:104EE0003A687B689A420CD8022200217868FFF762
:104EF00007FFF860FB68002B0AD0FB683A689A63EA
:104F000006E0FB68002B03D104F01EFA00BFFDE7AA
:104F1000FB6818461037BD4680BD80B58AB000AF2B
:104F2000F860B9607A603B6000237B62FB683B629B
:104F30003B6A002B03D104F007FA00BFFDE7BB6812
:104F4000002B03D13B6A1B6C002B01D1012300E035
:104F50000023002B03D104F0F7F900BFFDE73B6805
:104F6000022B03D13B6ADB6B012B01D1012300E053
:104F70000023002B03D104F0E7F900BFFDE702F0A6
:104F8000C1FD0346002B02D17B68002B01D1012318
:104F900000E00023002B03D104F0D6F900BFFDE7A9
:104FA00003F0E4FF3B6A9A6B3B6ADB6B9A4202D3E5
:104FB0003B68022B1DD13A68B968386A00F0B4FB2F
:104FC000F8613B6A5B6A002B0AD03B6A24331846BF
:104FD00002F092FA0346002B07D003F0B5FF04E07D
:104FE000FB69002B01D003F0AFFF03F0D1FF0123D9
:104FF0005CE07B68002B03D103F0CAFF002355E07F
:105000007B6A002B06D107F11403184602F018FC46
:1050100001237B6203F0BCFF01F09AFE03F0A6FFC0
:105020003B6A93F844305BB2B3F1FF3F03D13B6A74
:10503000002283F844203B6A93F845305BB2B3F119
:10504000FF3F03D13B6A002283F8452003F0A0FF15
:105050003A1D07F114031146184602F007FC0346F7
:10506000002B1DD1386A00F057FC0346002B11D0ED
:105070003B6A10337A681146184602F099F9386A8B
:1050800000F0E2FB01F072FE0346002B88D103F032
:105090005BFF85E7386A00F0D7FB01F067FE7FE72A
:1050A000386A00F0D1FB01F061FE00231846283772
:1050B000BD4680BD80B58AB000AFF860B9607A6047
:1050C0003B60FB683B623B6A002B03D104F03CF978
:1050D00000BFFDE7BB68002B03D13B6A1B6C002BB4
:1050E00001D1012300E00023002B03D104F02CF9AF
:1050F00000BFFDE73B68022B03D13B6ADB6B012B52
:1051000001D1012300E00023002B03D104F01CF99E
:1051100000BFFDE704F0BEF804F016F9F8613B6A41
:105120009A6B3B6ADB6B9A4202D33B68022B3DD100
:105130003B6A93F84530FB763B6A9B6B7B613A6830
:10514000B968386A00F0F0FA97F91B30B3F1FF3F05
:1051500012D13B6A5B6A002B25D03B6A2433184688
:1051600002F0CAF90346002B1DD07B68002B1AD031
:105170007B6801221A6016E001F014FF386197F98C
:105180001B303A699A420ED997F91B307F2B03D115
:1051900004F0DAF800BFFDE7FB7E0133DBB25AB260
:1051A0003B6A83F8452001237B6201E000237B6298
:1051B000F86904F0D6F87B6A18462837BD4680BDEA
:1051C00080B588B000AF786039607B68BB61BB692F
:1051D000002B03D104F0B8F800BFFDE7BB691B6CDE
:1051E000002B03D004F0B0F800BFFDE7BB691B68DB
:1051F000002B03D1BB699B68002B01D1012300E088
:105200000023002B03D104F09FF800BFFDE704F05A
:1052100041F804F099F87861BB699B6B3B61BB690D
:10522000DB6B3A699A4239D2BB6993F84530FB731C
:105230003B695A1CBB699A6397F90F30B3F1FF3F82
:1052400012D1BB695B6A002B25D0BB692433184699
:1052500002F052F90346002B1DD03B68002B1AD0F8
:105260003B6801221A6016E001F09CFEB86097F9D5
:105270000F30BA689A420ED997F90F307F2B03D1BD
:1052800004F062F800BFFDE7FB7B0133DBB25AB2EA
:10529000BB6983F845200123FB6101E00023FB612A
:1052A000786904F05EF8FB6918462037BD4680BD7A
:1052B00080B58AB000AFF860B9607A6000237B6285
:1052C000FB683B623B6A002B03D104F03DF800BF52
:1052D000FDE7BB68002B03D13B6A1B6C002B01D19F
:1052E000012300E00023002B03D104F02DF800BFC0
:1052F000FDE702F007FC0346002B02D17B68002B80
:1053000001D1012300E00023002B03D104F01CF89D
:1053100000BFFDE703F02AFE3B6A9B6BFB61FB6964
:10532000002B19D0B968386A00F068FAFB695A1E78
:105330003B6A9A633B6A1B69002B09D03B6A1033B6
:10534000184602F0D9F80346002B01D003F0FCFD0B
:1053500003F01EFE012363E07B68002B03D103F002
:1053600017FE00235CE07B6A002B06D107F11403D3
:10537000184602F065FA01237B6203F009FE01F092
:10538000E7FC03F0F3FD3B6A93F844305BB2B3F102
:10539000FF3F03D13B6A002283F844203B6A93F825
:1053A00045305BB2B3F1FF3F03D13B6A002283F883
:1053B000452003F0EDFD3A1D07F114031146184690
:1053C00002F054FA0346002B1DD1386A00F08EFA21
:1053D0000346002B11D03B6A24337A6811461846E5
:1053E00001F0E6FF386A00F02FFA01F0BFFC034637
:1053F000002B8FD103F0A8FD8CE7386A00F024FA67
:1054000001F0B4FC86E7386A00F01EFA01F0AEFC49
:10541000386A00F06BFA0346002B3FF47BAF0023A1
:1054200018462837BD4680BD80B58AB000AF786089
:10543000396000237B627B68FB6100233B62FB6970
:10544000002B03D103F080FF00BFFDE7FB691B6C5D
:10545000002B03D003F078FF00BFFDE702F052FB02
:105460000346002B02D13B68002B01D1012300E051
:105470000023002B03D103F067FF00BFFDE703F01B
:1054800075FDFB699B6BBB61BB69002B1ED0BB69C3
:105490005A1EFB699A63FB691B68002B04D102F05A
:1054A00021FD0246FB699A60FB691B69002B09D04C
:1054B000FB691033184602F01FF80346002B01D099
:1054C00003F042FD03F064FD012383E03B68002B01
:1054D00003D103F05DFD00237CE07B6A002B06D145
:1054E00007F10C03184602F0ABF901237B6203F0CD
:1054F0004FFD01F02DFC03F039FDFB6993F84430BA
:105500005BB2B3F1FF3F03D1FB69002283F8442073
:10551000FB6993F845305BB2B3F1FF3F03D1FB6900
:10552000002283F8452003F033FD3A4607F10C03CF
:105530001146184602F09AF90346002B2CD1F8695F
:1055400000F0D4F90346002B20D0FB691B68002B28
:1055500009D103F00BFDFB699B68184602F0F0FAD5
:10556000386203F015FDFB6924333A68114618468A
:1055700001F01EFFF86900F067F901F0F7FB034640
:10558000002B7FF47CAF03F0DFFC78E7F86900F0D4
:105590005BF901F0EBFB72E7F86900F055F901F0F7
:1055A000E5FBF86900F0A2F90346002B3FF467AF72
:1055B0003B6A002B0DD003F0D9FCF86900F09CF891
:1055C0007861FB699B687969184602F0D5FB03F0A6
:1055D000DFFC002318462837BD4680BD80B58AB061
:1055E00000AFF860B9607A60FB683B623B6A002BF1
:1055F00003D103F0A9FE00BFFDE7BB68002B03D178
:105600003B6A1B6C002B01D1012300E00023002B1F
:1056100003D103F099FE00BFFDE703F03BFE03F06A
:1056200093FEF8613B6A9B6BBB61BB69002B3DD06D
:105630003B6A93F84430FB75B968386A00F0DEF8CD
:10564000BB695A1E3B6A9A6397F91730B3F1FF3F63
:1056500012D13B6A1B69002B25D03B6A10331846D8
:1056600001F04AFF0346002B1DD07B68002B1AD0A7
:105670007B6801221A6016E001F094FC386197F90A
:1056800017303A699A420ED997F917307F2B03D118
:1056900003F05AFE00BFFDE7FB7D0133DBB25AB2D7
:1056A0003B6A83F8442001237B6201E000237B6294
:1056B000F86903F056FE7B6A18462837BD4680BD60
:1056C00080B584B000AF78607B68FB60FB68002B1E
:1056D00003D103F039FE00BFFDE7F86800F07AF966
:1056E000FB6893F84630002B02D1F868FEF768FE9D
:1056F00000BF1037BD4680BD80B485B000AF786074
:105700007B685B6A002B06D07B681B6B1B68C3F150
:105710003803FB6001E00023FB60FB681846143788
:10572000BD465DF8047B704780B586B000AFF86079
:10573000B9607A6000237B61FB689B6B3B61FB680F
:105740001B6C002B0DD1FB681B68002B4DD1FB6837
:105750009B68184602F086FA7861FB6800229A601E
:1057600043E07B68002B19D1FB685868FB681B6C11
:105770001A46B96815F0B8FBFB685A68FB681B6CE1
:105780001A44FB685A60FB685A68FB689B689A4237
:105790002BD3FB681A68FB685A6026E0FB68D86860
:1057A000FB681B6C1A46B96815F09EFBFB68DA684B
:1057B000FB681B6C5B421A44FB68DA60FB68DA68C2
:1057C000FB681B689A4207D2FB689A68FB681B6CEF
:1057D0005B421A44FB68DA607B68022B05D13B69A7
:1057E000002B02D03B69013B3B613B695A1CFB68C3
:1057F0009A637B6918461837BD4680BD80B582B074
:1058000000AF786039607B681B6C002B18D07B6818
:10581000DA687B681B6C1A447B68DA607B68DA683C
:105820007B689B689A4203D37B681A687B68DA605E
:105830007B68D9687B681B6C1A46386815F054FB86
:1058400000BF0837BD4680BD80B584B000AF78602A
:1058500003F08CFB7B6893F84530FB7311E07B68A9
:105860005B6A002B12D07B682433184601F044FE9B
:105870000346002B01D002F061F8FB7B013BDBB259
:10588000FB7397F90F30002BE9DC00E000BF7B6869
:10589000FF2283F8452003F07BFB03F067FB7B6866
:1058A00093F84430BB7311E07B681B69002B12D066
:1058B0007B681033184601F01FFE0346002B01D011
:1058C00002F03CF8BB7B013BDBB2BB7397F90E30B7
:1058D000002BE9DC00E000BF7B68FF2283F8442056
:1058E00003F056FB00BF1037BD4680BD80B584B0C5
:1058F00000AF786003F03AFB7B689B6B002B02D112
:105900000123FB6001E00023FB6003F041FBFB6827
:1059100018461037BD4680BD80B584B000AF7860B2
:1059200003F024FB7B689A6B7B68DB6B9A4202D1A5
:105930000123FB6001E00023FB6003F029FBFB680F
:1059400018461037BD4680BD80B584B000AF786082
:1059500039600023BB607B68002B03D103F0F4FCAB
:1059600000BFFDE73B68002B24D00023FB601EE056
:10597000174AFB68DB0013445B687A689A4205D1DA
:10598000FB68DB00124A1344BB6013E0BB68002BCA
:105990000AD10F4AFB6852F83330002B04D1FB6860
:1059A000DB000B4A1344BB60FB680133FB60FB6800
:1059B000072BDDD9BB68002B05D0BB683A681A609D
:1059C000BB687A685A6000BF1037BD4680BD00BF13
:1059D00034A1002080B584B000AF78607B68002BD4
:1059E00003D103F0B1FC00BFFDE70023FB6016E02C
:1059F0000F4AFB68DB0013445B687A689A420BD15C
:105A00000B4AFB68002142F83310094AFB68DB00AF
:105A1000134400225A6006E0FB680133FB60FB6818
:105A2000072BE5D900BF00BF1037BD4680BD00BFC2
:105A300034A1002080B586B000AFF860B9607A600C
:105A4000FB687B6103F092FA7B6993F844305BB2A8
:105A5000B3F1FF3F03D17B69002283F844207B69C7
:105A600093F845305BB2B3F1FF3F03D17B6900226D
:105A700083F8452003F08CFA7B699B6B002B06D1E1
:105A80007B6924337A68B968184601F0F7FC7869B5
:105A9000FFF7DAFE00BF1837BD4680BD80B58CB079
:105AA00004AFF860B9607A603B60BB6A7B613B68B9
:105AB000002B03D103F048FC00BFFDE7BB6A002BBD
:105AC00003D103F041FC00BFFDE7BA68FB689A42CE
:105AD00003D903F039FC00BFFDE7BB68002B01D1FF
:105AE0000123BB607B68012B08D10323FB76FB6895
:105AF000042B11D803F028FC00BFFDE77B68022BC4
:105B000008D10623FB76FB68002B05D103F01CFCB3
:105B100000BFFDE70223FB7628233B613B69282B6E
:105B200003D003F011FC00BFFDE73B68002B18D049
:105B3000BB6A002B15D03B6B0293FB6A0193FB7E83
:105B40000093BB68FA683968786900F0A0FB7B694C
:105B50001B7F43F00203DAB27B691A77BB6AFB61F1
:105B600001E00023FB61FB6918462037BD4680BD7C
:105B700080B584B000AF78607B68FB60FB68002B69
:105B800003D103F0E1FB00BFFDE7FB681B7F03F0DF
:105B90000203002B03D1F868FEF712FC04E0282270
:105BA0000021F86815F0ACFC00BF1037BD4680BD81
:105BB00080B586B000AF78607B683B613B69002BA5
:105BC00003D103F0C1FB00BFFDE73B691B68FB602D
:105BD0003B699A683B691B6813447B613B695B685E
:105BE0007A69D31A7B613B691B68FA689A42ECD1E7
:105BF0007B69013B7B613B699B687A699A4204D36C
:105C00003B699B687A69D31A7B617B6918461837B0
:105C1000BD4680BD80B58EB002AFF860B9607A60D5
:105C20003B60FB687B620023FB627B68BB620023F6
:105C30003B62BB68002B03D103F086FB00BFFDE78E
:105C40007B6A002B03D103F07FFB00BFFDE77B6A7B
:105C50009B68013B3B627B6A1B7F03F00103002BC7
:105C600011D0BB6A0433BB62BA6A7B689A4203D81C
:105C700003F06AFB00BFFDE7BA6A3B6A9A4208D9A3
:105C800000233B6005E0BA6A3B6A9A4201D93B6A4D
:105C9000BB623B68002B3DD007F11403184601F0AE
:105CA000AFFD03F063F9786AFFF782FFF862FA6AE2
:105CB000BB6A9A4213D27B6A5B6A1946002002F0E3
:105CC0004DFD7B6A5B69002B03D003F03DFB00BFF9
:105CD000FDE701F007FF02467B6A5A6102E003F02C
:105CE00057F917E003F054F97B6A586A3B68009350
:105CF00000230022002102F081F97B6A00225A6110
:105D00003A4607F114031146184601F0AFFD034669
:105D1000002BC6D0FB6A002B03D1786AFFF748FF3F
:105D2000F862BB6A0093FB6A7A68B968786A00F027
:105D30007EF8F861FB69002B1CD0786A00F087FAC6
:105D400002467B6ADB689A4214D301F001F87B6A51
:105D50001B69002B0CD07B6A18697B6A596A002387
:105D600000930023002202F0D9F97B6A00221A6115
:105D700000F0FCFFFB6918463037BD4680BD80B59A
:105D80008CB002AFF860B9607A603B60FB683B6240
:105D90007B687B62BB68002B03D103F0D5FA00BFA0
:105DA000FDE73B6A002B03D103F0CEFA00BFFDE70D
:105DB0003B6A1B7F03F00103002B02D07B6A043394
:105DC0007B62386AFFF7F4FEF8617B6A0093FB6937
:105DD0007A68B968386A00F02AF8B861BB69002BA4
:105DE00020D0386A00F033FA02463B6ADB689A42F8
:105DF00018D303F0A9FA78613B6A1B69002B0ED017
:105E00003B6A18693B6A596A3B6801930023009317
:105E10000023002202F084FA3B6A00221A617869AA
:105E200003F09FFABB6918462837BD4680BD80B590
:105E300086B000AFF860B9607A603B60FB685B6871
:105E40007B61FB681B7F03F00103002B19D07B688B
:105E50003B613B697A689A4203D003F075FA00BF50
:105E6000FDE73A683B6A9A4208D307F110017B6963
:105E70000422F86800F03EF9786108E000237B60B6
:105E800005E07A683B68934228BF13467B607B68D5
:105E9000002B08D07B697A68B968F86800F02AF9A5
:105EA0000246FB685A607B6818461837BD4680BDBD
:105EB00080B58AB002AFF860B9607A603B60FB6879
:105EC0003B610023FB61BB68002B03D103F03CFA6C
:105ED00000BFFDE73B69002B03D103F035FA00BF9B
:105EE000FDE73B691B7F03F00103002B02D0042375
:105EF0007B610BE03B691B7F03F00403002B03D0A5
:105F00003B69DB687B6101E000237B613B68002B20
:105F100033D003F02BF8386900F099F9B861BA6909
:105F20007B699A4212D83B695B6A1946002002F0ED
:105F300015FC3B691B69002B03D003F005FA00BF79
:105F4000FDE701F0CFFD02463B691A6103F020F83E
:105F5000BA697B699A4214D83B69586A3B680093D6
:105F600000230022002102F049F83B6900221A6157
:105F7000386900F06CF9B86103E0386900F067F93E
:105F8000B861BA697B699A421ED9BB697A68B968F7
:105F9000386900F072F8F861FB69002B14D000F04A
:105FA000D7FEFB685B69002B0CD0FB685869FB6867
:105FB000596A002300930023002202F0AFF8FB6827
:105FC00000225A6100F0D2FEFB6918462037BD4618
:105FD00080BD80B58CB002AFF860B9607A603B607C
:105FE000FB68FB6100237B62BB68002B03D103F0DD
:105FF000ABF900BFFDE7FB69002B03D103F0A4F967
:1060000000BFFDE7FB691B7F03F00103002B02D0FB
:1060100004233B6201E000233B62F86900F017F9BA
:10602000B861BA693B6A9A4222D9BB697A68B96891
:10603000F86900F022F878627B6A002B18D003F030
:1060400083F97861FB695B69002B0ED0FB695869A5
:10605000FB69596A3B6801930023009300230022E7
:1060600002F05EF9FB6900225A61786903F079F960
:106070007B6A18462837BD4680BD80B588B000AF22
:10608000F860B9607A603B60FB681B68BB61FB68C5
:106090001B7F03F00103002B13D007F11001BB6934
:1060A0000422F86800F07EF8B8613B69FB613B6848
:1060B000043B3B60FA697B689A4204D90023FB6188
:1060C00001E07B68FB613A68FB69934228BF134695
:1060D0007B617B69002B08D0BB697A69B968F86875
:1060E00000F060F80246FB681A607B6918462037AA
:1060F000BD4680BD80B586B000AFF860B9607A60FB
:106100003B607B68002B03D103F01EF900BFFDE765
:10611000FB689A683B68D31A7A68934228BF134693
:106120007B613A687B691A44FB689B689A4203D991
:1061300003F00AF900BFFDE7FB689A693B68134466
:106140007A69B968184614F0CFFE7A687B699A427A
:1061500015D97A687B69D21AFB689B689A4203D981
:1061600003F0F2F800BFFDE7FB689869BA687B6945
:10617000D1187A687B69D31A1A4614F0B5FE3A68CA
:106180007B6813443B60FB689B683A689A4204D37F
:10619000FB689B683A68D31A3B603B68184618371F
:1061A000BD4680BD80B586B000AFF860B9607A604A
:1061B0003B607B68002B03D103F0C6F800BFFDE70E
:1061C000FB689A683B68D31A7A68934228BF1346E3
:1061D0007B617A697B689A4203D903F0B5F800BF06
:1061E000FDE73A687B691A44FB689B689A4203D9C9
:1061F00003F0AAF800BFFDE7FB689A693B68134407
:106200007A691946B86814F06FFE7A687B699A4219
:106210000AD9BA687B69D018FB6899697A687B6982
:10622000D31A1A4614F060FE3A687B6813443B6048
:10623000FB689B683A689A4204D3FB689B683A689B
:10624000D31A3B603B6818461837BD4680BD80B402
:1062500085B000AF78607B689A687B685B681344A0
:10626000FB607B681B68FA68D31AFB607B689B68DD
:10627000FA689A4204D37B689B68FA68D31AFB6079
:10628000FB6818461437BD465DF8047B704780B53F
:1062900084B000AFF860B9607A603B607A685521DD
:1062A000B86815F02DF90246BB68934203D003F09D
:1062B0004BF800BFFDE728220021F86815F020F90F
:1062C000FB68BA689A61FB687A689A60FB683A680A
:1062D000DA60FB683A7E1A77FB6800225A6200BFD8
:1062E0001037BD4680BD80B58AB004AFF860B96094
:1062F0007A603B607B6A002B03D103F025F800BF76
:10630000FDE7BB6A002B03D103F01EF800BFFDE7D9
:106310004FF4C0733B613B69B3F5C07F03D003F01A
:1063200013F800BFFDE73B69BB6A002B20D07B6AF6
:10633000002B1DD0BB6A7B614FF4C07200217869CD
:1063400015F0DEF87B697A6A1A637B69022283F8AA
:106350007D21002303937B690293FB6A01933B6ACF
:1063600000933B687A68B968F86800F091F801E03A
:1063700000237B617B6918461837BD4680BD80B518
:106380008AB004AFF860B9607A603B6000233B617B
:1063900007F110030393BB6A02937B6A01933B6A84
:1063A00000933B687A68B968F868FFF79CFF7861EA
:1063B0007B69002B02D0786900F02CF93B69184604
:1063C0001837BD4680BD80B58AB004AFF860B960AB
:1063D0007A603B607B689B001846FDF7EBFE3861F6
:1063E0003B69002B15D04FF4C070FDF7E3FE7861D8
:1063F0007B69002B09D04FF4C0720021786915F039
:106400007FF87B693A691A6305E03869FDF7D8FFC0
:1064100001E000237B617B69002B11D07B690022A6
:1064200083F87D21002303937B6902937B6A0193A8
:106430003B6A00933B687A68B968F86800F028F80E
:106440007B6918461837BD4680BD80B588B002AF5D
:10645000F860B9607A603B607B6A01933B6A0093A5
:106460003B687A68B968F868FFF7ADFF38613B6947
:10647000002B05D0386900F0CDF801237B6102E0E4
:106480004FF0FF337B617B6918461837BD4680BDEE
:1064900080B586B000AFF860B9607A603B60BB6AD7
:1064A000186B7B689B001A46A52115F029F8BB6A7A
:1064B0001A6B7B6803F18043013B9B0013443B61F3
:1064C0003B6923F007033B613B6903F00703002BA3
:1064D00003D002F039FF00BFFDE7BB68002B1ED0E0
:1064E00000237B6112E0BA687B6913441978BA6AA9
:1064F0007B69134434330A461A70BA687B691344C3
:106500001B78002B06D07B6901337B617B690F2BE5
:10651000E9D900E000BFBB6A002283F843203B6A50
:10652000372B03D902F010FF00BFFDE73B6A372B82
:1065300001D937233B62BB6A3A6ADA62BB6A3A6ABC
:10654000DA64BB6A04331846FEF784FABB6A183370
:106550001846FEF77FFABB6ABA6A1A613B6AC3F152
:106560003802BB6A9A61BB6ABA6A5A62BB6A58331C
:106570004FF490720021184614F0C2FFBB6A224A01
:10658000DA65BB6A214A1A66BB6A214A5A66B96A49
:106590004FF001024FF00003C1E93C23BB6A43F214
:1065A0000E32A3F8F820BB6A4AF6CD32A3F8FA20DF
:1065B000BB6A41F23422A3F8FC20BB6A4EF26D6242
:1065C000A3F8FE20BB6A4DF6EC62A3F80021BB6A7B
:1065D0000522A3F80221BB6A0B22A3F80421BB6A9F
:1065E000196B3B68FA68386902F01EFD0246BB6A07
:1065F0001A607B6A002B02D07B6ABA6A1A6000BFFD
:106600001837BD4680BD00BF0CD0012074D00120DA
:10661000DCD0012080B584B000AF786002F0A6FC29
:106620003F4B1B6801333E4A13603E4B1B68002BF7
:1066300009D13C4A7B681360394B1B68012B10D190
:1066400001F098F90DE0384B1B68002B09D1354B50
:106650001B68DA6A7B68DB6A9A4202D8314A7B6837
:106660001360324B1B680133304A13602F4B1A689A
:106670007B685A647B68DA6A2D4B1B689A4203D99F
:106680007B68DB6A2A4A13607B68DA6A2949134609
:106690009B0013449B000B4404331B68FB607B6826
:1066A000FA689A60FB689A687B68DA60FB689B68A6
:1066B0007A6804325A607B681A1DFB689A607B68AE
:1066C000DA6A13469B0013449B001A4A1A447B68FB
:1066D0005A617B68DA6A174913469B0013449B0092
:1066E0000B441B687A68D26A591C124813469B00F7
:1066F00013449B000344196002F04AFC0A4B1B68D8
:10670000002B08D0074B1B68DA6A7B68DB6A9A4269
:1067100001D202F019FC00BF1037BD4680BD00BF9A
:1067200048A6002074A1002054A6002064A60020E2
:1067300050A6002078A1002080B586B000AF786018
:1067400000237B6102F012FC7B68002B02D1314BED
:106750001B6800E07B683B613B69002B03D102F0C2
:10676000F3FD00BFFDE73B6904331846FEF7DCF993
:106770003B699B6A002B04D03B6918331846FEF72F
:10678000D3F9254B1B680133234A1360214B1B6847
:106790003A699A4201D1012300E00023FB601F4BBC
:1067A0001B68002B10D0FB68002B0DD03B69043315
:1067B00019461B48FEF75BF91A4B1B680133194A4F
:1067C000136001237B6106E0174B1B68013B164AEF
:1067D000136001F06BF902F0DBFB7B69012B02D047
:1067E000386901F035F90D4B1B68002B0ED0094BB1
:1067F0001B683A699A4209D10C4B1B68002B03D0E5
:1068000002F0A2FD00BFFDE702F09EFB00BF1837BB
:10681000BD4680BD74A1002064A6002054A60020BF
:106820001CA6002030A6002048A6002070A600204C
:1068300080B584B000AF78600023FB607B68002BDC
:1068400010D000F085FA0C4B1B68012B03D002F02E
:106850007BFD00BFFDE70021786801F0BBFF00F081
:1068600085FAF860FB68002B01D102F06DFB00BFD8
:106870001037BD4680BD00BF70A6002080B58AB02D
:1068800000AF78607B68FB61FB69002B03D102F0ED
:106890005BFD00BFFDE7334B1B68FA699A4203D1E9
:1068A000002387F8273057E002F060FBFB695B6943
:1068B000BB61FB699B6A7B612B4B1B683B612B4B6C
:1068C0001B68FB6002F064FB7B69294A934203D199
:1068D000012387F827303FE0BA693B699A4203D029
:1068E000BA69FB689A4203D1022387F8273033E064
:1068F000BB69204A934221D1FB699B6A002B19D1C5
:10690000032387F8273000233B620FE0FA693B6AD4
:10691000134403F5BE731B78DBB2012B03D10223B2
:1069200087F8273018E03B6A01333B623B6A002B53
:10693000ECDD11E0022387F827300DE0BB690E4A39
:10694000934202D0BB69002B03D1042387F8273080
:1069500002E0012387F8273097F8273018462837B8
:10696000BD4680BD74A1002000A6002004A6002022
:1069700008A6002034A600201CA6002080B586B002
:1069800000AF786002F0F2FA7B68002B02D1354B41
:106990001B6800E07B683B613B69002B03D102F080
:1069A000D3FC00BFFDE73B6904331846FEF7BCF893
:1069B0003B699B6A002B04D03B6918331846FEF7ED
:1069C000B3F83B69043319462748FEF750F8002313
:1069D0007B6112E03A697B69134403F5BE731B784F
:1069E000DBB2012B06D13A697B69134403F5BE7310
:1069F00000221A707B6901337B617B69002BE9DD22
:106A000002F0C6FA194B1B68002B05D002F0AEFA53
:106A100001F04CF802F0BCFA124B1B683A699A423A
:106A20001CD1124B1B68002B0AD0114B1B68002B8A
:106A300003D002F089FC00BFFDE702F085FA0DE00B
:106A4000094B1B68FB600B4B1B68FA689A4203D129
:106A5000044B00221A6001E000F04EFC00BF183722
:106A6000BD4680BD74A1002034A6002054A600209D
:106A700070A6002048A6002080B586B000AF7860E0
:106A800000237B617B68FB607B68002B03D102F0F5
:106A90005BFC00BFFDE7FB685B69144A93421FD1B2
:106AA000FB689B6A124A93421AD0FB689B6A002BD0
:106AB00016D101237B6100233B610EE0FA683B693C
:106AC000134403F5BE731B78DBB2012B02D1002304
:106AD0007B6105E03B6901333B613B69002BEDDDE8
:106AE0007B6918461837BD4680BD00BF34A600201C
:106AF00008A6002080B584B000AF78607B68FB609A
:106B00007B68002B03D102F01FFC00BFFDE7334B75
:106B10001B68FA689A425CD0FB68002B59D002F0DF
:106B200025FAF868FFF7A8FF0346002B4FD0FB6853
:106B300004331846FDF7F8FFFB68DA6A284B1B6838
:106B40009A4203D9FB68DB6A254A1360FB68DA6A5C
:106B5000244913469B0013449B000B4404331B68D9
:106B6000BB60FB68BA689A60BB689A68FB68DA60C9
:106B7000BB689B68FA6804325A60FB681A1DBB68E0
:106B80009A60FB68DA6A13469B0013449B00154A1F
:106B90001A44FB685A61FB68DA6A124913469B0083
:106BA00013449B000B441B68FA68D26A591C0D48B9
:106BB00013469B0013449B0003441960074B1B685A
:106BC000DA6AFB68DB6A9A4201D202F0BDF902F090
:106BD000DFF900BF1037BD4680BD00BF74A10020A3
:106BE00050A6002078A1002080B590B004AF01230A
:106BF000FB6207F1100300221A605A609A60DA60A3
:106C000000233B6200237B6213E02F4A7B6A13441C
:106C1000197807F110027B6A13440A461A7007F1CB
:106C200010027B6A13441B78002B06D07B6A013369
:106C30007B627B6A0E2BE8D900E000BF07F11002EF
:106C40007B6A134400221A700023BB6231E01F4BA1
:106C50003B620023FB600023BB603A1D07F1080183
:106C600007F10C03184601F02BFE7868BB68FA6840
:106C700007F11001029201930023009300230246C2
:106C8000386AFFF77CFB02461149BB6A41F82320B2
:106C90000F4ABB6A52F82330002B02D00123FB625B
:106CA00001E00023FB62FB6A012B06D1BB6A0133C2
:106CB000BB62BB6A002BCADD00E000BFFB6A18465E
:106CC0003037BD4680BD00BF54CA0208557901085F
:106CD0006CA6002080B582B000AFFFF785FF78601A
:106CE0007B68012B02D101F01FFE78607B68012BCD
:106CF00013D102F029FB104B1B6858330F4A136065
:106D00000F4B4FF0FF321A600E4B01221A600E4BF0
:106D100000221A6002F012FA07E07B68B3F1FF3F2D
:106D200003D102F011FB00BFFDE7084B1B6800BF59
:106D30000837BD4680BD00BF74A100209800002028
:106D400068A6002054A600204CA6002088CB02088C
:106D500080B400AF044B1B680133034A136000BFCB
:106D6000BD465DF8047B704770A6002080B588B0F2
:106D700000AF0023FB610023BB6102F0F7F80023A2
:106D80003B616F4B1B68002B03D102F0DDFA00BFA3
:106D9000FDE76B4B1B68013B694A1360684B1B683E
:106DA000002B40F0C580674B1B68002B00F0C080B3
:106DB0008FE0654BDB68DB68FB61FB699B6AFB600E
:106DC000FB69DB69FA69126A9A60FB691B6AFA69F6
:106DD000D2695A60FB685A68FB6918339A4203D13A
:106DE000FB691A6AFB685A60FB6900229A62FB68B9
:106DF0001B685A1EFB681A60FB695B69BB60FB6914
:106E00009B68FA69D2689A60FB69DB68FA699268E4
:106E10005A60BB685A68FB6904339A4203D1FB6924
:106E2000DA68BB685A60FB6900225A61BB681B685C
:106E30005A1EBB681A60FB69DA6A444B1B689A42A7
:106E400003D9FB69DB6A414A1360FB69DA6A40498E
:106E500013469B0013449B000B4404331B687B6068
:106E6000FB697A689A607B689A68FB69DA607B687C
:106E70009B68FA6904325A60FB691A1D7B689A6044
:106E8000FB69DA6A13469B0013449B00304A1A449C
:106E9000FB695A61FB69DA6A2D4913469B0013446A
:106EA0009B000B441B68FA69D26A591C2848134698
:106EB0009B0013449B0003441960FB69DA6A254B6D
:106EC0001B68DB6A9A4204D9234A3B69012142F8D4
:106ED00023101D4B1B68002B7FF46BAFFB69002B4D
:106EE00001D000F0E3FD1D4B1B687B617B69002B2B
:106EF00012D000F0EFF80346002B04D0164A3B698D
:106F0000012142F823107B69013B7B617B69002BE7
:106F1000EFD1124B00221A600F4A3B6952F823301E
:106F2000002B05D00123BB610A4B1B6802F00CF853
:106F300002F02EF8BB6918462037BD4680BD00BF61
:106F400070A6002048A6002008A6002050A6002019
:106F500078A1002074A100205CA6002058A6002083
:106F600080B483B000AF054B1B687B607B6818461C
:106F70000C37BD465DF8047B704700BF4CA600206F
:106F800080B582B000AF02F085F900237B60044B2E
:106F90001B683B603B6818460837BD4680BD00BF94
:106FA0004CA6002080B400AF034B1B681846BD46BA
:106FB0005DF8047B704700BF48A6002080B586B00E
:106FC00000AF78607B683B613B69002B03D102F026
:106FD000BBF900BFFDE7FFF7BBFE7868FFF74EFC8B
:106FE0000346022B64D101237B613B6904331846BD
:106FF000FDF79AFD01F0BAFF3B699B6A002B08D0B0
:107000003B6918331846FDF78FFD3B69012283F871
:107010007E2101F0BDFF3B69DA6A2A4B1B689A4268
:1070200003D93B69DB6A274A13603B69DA6A264960
:1070300013469B0013449B000B4404331B68FB6006
:107040003B69FA689A60FB689A683B69DA60FB689A
:107050009B683A6904325A603B691A1DFB689A6062
:107060003B69DA6A13469B0013449B00164A1A4494
:107070003B695A613B69DA6A134913469B00134422
:107080009B000B441B683A69D26A591C0E48134690
:107090009B0013449B00034419603B69DA6A0B4B65
:1070A0001B68DB6A9A4205D9094B01221A6001E08C
:1070B00000237B61FFF75AFE7B6918461837BD46EF
:1070C00080BD00BF50A6002078A1002074A1002040
:1070D0005CA6002080B588B000AF0023FB617B4B2D
:1070E0001B68002B40F0E880794B1B680133BB61C3
:1070F000774ABB691360BB69002B19D1754B1B68BC
:107100001B68002B03D002F01FF900BFFDE7714B95
:107110001B687B61704B1B686E4A13606E4A7B690B
:1071200013606E4B1B6801336C4A136000F0BEFCA9
:107130006B4B1B68BA699A42C0F0A980654B1B680B
:107140001B68002B04D1664B4FF0FF321A609EE0A3
:10715000604B1B68DB68DB683B613B695B68FB601D
:10716000BA69FB689A4203D25D4AFB6813608EE0FD
:107170003B695B69BB603B699B683A69D2689A600E
:107180003B69DB683A6992685A60BB685A683B6938
:1071900004339A4203D13B69DA68BB685A603B69A1
:1071A00000225A61BB681B685A1EBB681A603B69A3
:1071B0009B6A002B1ED03B699B6A7B603B69DB6945
:1071C0003A69126A9A603B691B6A3A69D2695A60E5
:1071D0007B685A683B6918339A4203D13B691A6A43
:1071E0007B685A603B6900229A627B681B685A1E62
:1071F0007B681A603B69DA6A3A4B1B689A4203D98A
:107200003B69DB6A374A13603B69DA6A36491346E1
:107210009B0013449B000B4404331B683B603B6999
:107220003A689A603B689A683B69DA603B689B6899
:107230003A6904325A603B691A1D3B689A603B699F
:10724000DA6A13469B0013449B00274A1A443B69A1
:107250005A613B69DA6A244913469B0013449B0038
:107260000B441B683A69D26A591C1F4813469B009D
:1072700013449B00034419603B69DA6A1B4B1B688B
:10728000DB6A9A427FF65AAF0123FB6156E7174B40
:107290001B68DA6A144913469B0013449B000B4495
:1072A0001B68012B01D90123FB61114B1B68002BCB
:1072B00007D00123FB6104E00E4B1B6801330D4A2C
:1072C0001360FB6918462037BD4680BD70A60020BC
:1072D0004CA6002000A6002004A6002060A60020E6
:1072E00068A6002050A6002078A1002074A10020EC
:1072F0005CA6002058A6002080B582B000AF264BC7
:107300001B68002B03D0254B01221A6040E0234B61
:1073100000221A60224B1B687B6009E07B68002B0F
:1073200003D102F011F800BFFDE77B68013B7B60F1
:107330001C497A6813469B0013449B000B441B684E
:10734000002BEBD07A6813469B0013449B00154A30
:1073500013443B603B685B685A683B685A603B6813
:107360005A683B6808339A4203D13B68DA683B6845
:107370005A603B685B68DB680B4A1360084A7B68AD
:107380001360094B1B68084B1B685833074A13608E
:1073900000BF0837BD4680BD70A600205CA6002057
:1073A00050A6002078A1002074A1002098000020A1
:1073B00080B582B000AF786039607B68002B03D164
:1073C00001F0C2FF00BFFDE7074B1B6818331946E9
:1073D0007868FDF770FB0121386801F0FBF900BF08
:1073E0000837BD4680BD00BF74A1002080B586B0BF
:1073F00000AFF860B9607A60FB68002B03D101F040
:10740000A3FF00BFFDE71B4B1B68002B03D101F05E
:107410009BFF00BFFDE7184B1B68BA6842F00042B3
:107420009A61FB685B687B61134B1B687A69DA6160
:10743000114B1B687A6992681A620F4B1A687B6954
:107440009B6818325A600C4B1B6803F118027B6969
:107450009A60094B1B68FA689A62FB681B685A1CA1
:10746000FB681A600121786801F0B4F900BF183791
:10747000BD4680BD70A6002074A1002080B586B0F6
:1074800000AFF860B9607A60FB68002B03D101F0AF
:107490005BFF00BFFDE7FB685B687B61154B1B680A
:1074A0007A69DA61134B1B687A6992681A62114B28
:1074B0001A687B699B6818325A600E4B1B6803F18F
:1074C00018027B699A600B4B1B68FA689A62FB682A
:1074D0001B685A1CFB681A607B68002B02D04FF0B7
:1074E000FF33BB607968B86801F074F900BF1837E2
:1074F000BD4680BD74A1002080B588B000AF786023
:107500007B68DB68DB68BB61BB69002B03D101F0E2
:107510001BFF00BFFDE7BB699B6A7B61BB69DB6941
:10752000BA69126A9A60BB691B6ABA69D2695A6001
:107530007B695A68BB6918339A4203D1BB691A6ADE
:107540007B695A60BB6900229A627B691B685A1E7C
:107550007B691A604A4B1B68002B61D1BB695B6970
:10756000FB60BB699B68BA69D2689A60BB69DB68DB
:10757000BA6992685A60FB685A68BB6904339A42D8
:1075800003D1BB69DA68FB685A60BB6900225A61A3
:10759000FB681B685A1EFB681A60BB69DA6A394BC4
:1075A0001B689A4203D9BB69DB6A364A1360BB6920
:1075B000DA6A354913469B0013449B000B4404339D
:1075C0001B68BB60BB69BA689A60BB689A68BB6994
:1075D000DA60BB689B68BA6904325A60BB691A1DDD
:1075E000BB689A60BB69DA6A13469B0013449B0030
:1075F000254A1A44BB695A61BB69DA6A22491346B3
:107600009B0013449B000B441B68BA69D26A591C47
:107610001D4813469B0013449B00034419601BE064
:107620001A4B5B683B61BB693A69DA613B699A68EE
:10763000BB691A623B699B68BA6918325A60BB69B8
:1076400003F118023B699A60BB69104A9A620F4BBA
:107650001B6801330D4A1360BB69DA6A0C4B1B6867
:10766000DB6A9A4205D90123FB610A4B01221A60A9
:1076700001E00023FB61FB6918462037BD4680BD51
:1076800070A6002050A6002078A1002008A60020A7
:1076900074A100205CA6002080B586B000AF7860A1
:1076A0003960524B1B68002B03D101F04DFE00BF27
:1076B000FDE73B6843F000427B681A607B68DB684B
:1076C0007B617B69002B03D101F03EFE00BFFDE72B
:1076D0007B681B693B617B685B687A6892689A602B
:1076E0007B689B687A6852685A603B695B687A6815
:1076F0009A4203D17B689A683B695A607B68002292
:107700001A613B691B685A1E3B691A607B695B6999
:10771000FB607B699B687A69D2689A607B69DB68E9
:107720007A6992685A60FB685A687B6904339A42A6
:1077300003D17B69DA68FB685A607B6900225A6171
:10774000FB681B685A1EFB681A607B69DA6A284B63
:107750001B689A4203D97B69DB6A254A13607B69FF
:10776000DA6A244913469B0013449B000B440433FC
:107770001B68BB607B69BA689A60BB689A687B6962
:10778000DA60BB689B687A6904325A607B691A1DAB
:10779000BB689A607B69DA6A13469B0013449B00BE
:1077A000144A1A447B695A617B69DA6A11491346A3
:1077B0009B0013449B000B441B687A69D26A591CD6
:1077C0000C4813469B0013449B00034419607B69DB
:1077D000DA6A094B1B68DB6A9A4202D9074B01221D
:1077E0001A6000BF1837BD4680BD00BF70A60020DC
:1077F00050A6002078A1002074A100205CA60020E3
:1078000080B582B000AF78607B68002B03D101F0B7
:107810009BFD00BFFDE701F0A9FB074B1A687B68E1
:107820001A60064B1A687B685A6001F0B1FB00BF12
:107830000837BD4680BD00BF60A600204CA60020D2
:1078400080B483B000AF7860064B1A687B681A601A
:10785000054B1A687B685A6000BF0C37BD465DF85F
:10786000047B704760A600204CA6002080B586B03F
:1078700000AF786039607B68002B03D101F064FDB4
:1078800000BFFDE73B68002B03D101F05DFD00BFA9
:10789000FDE701F06BFB264B1B683B617B685B6877
:1078A0003A69D31AFB60234B1B6893F87E31002B97
:1078B00007D0204B1B68002283F87E2101237B61C7
:1078C0002EE03B681B68B3F1FF3F02D100237B61D0
:1078D00026E07B681A68184B1B689A420AD07B68BE
:1078E0005B683A699A4205D301237B613B680022B9
:1078F0001A6015E03B681B68FA689A420BD23B6835
:107900001A68FB68D21A3B681A607868FFF798FF1C
:1079100000237B6104E03B6800221A6001237B6145
:1079200001F036FB7B6918461837BD4680BD00BFA5
:107930004CA6002074A1002060A6002080B400AFF7
:10794000034B01221A6000BFBD465DF8047B7047FF
:107950005CA6002080B582B000AF786000F04AF8E5
:10796000034B1B68012BF9D901F0EEFAF6E700BFD3
:1079700078A1002080B582B000AF00237B600CE0CE
:107980007A6813469B0013449B00124A134418461E
:10799000FDF740F87B6801337B607B68372BEFD9BC
:1079A0000D48FDF737F80D48FDF734F80C48FDF7A2
:1079B00031F80C48FDF72EF80B48FDF72BF80B4B70
:1079C000054A1A600A4B054A1A6000BF0837BD46CF
:1079D00080BD00BF78A10020D8A50020ECA5002024
:1079E00008A600201CA6002034A6002000A6002027
:1079F00004A6002080B582B000AF19E001F0B6FA0D
:107A0000104BDB68DB687B607B6804331846FDF74E
:107A10008BF80D4B1B68013B0B4A13600B4B1B682B
:107A2000013B0A4A136001F0B3FA786800F010F8DD
:107A3000064B1B68002BE1D100BF00BF0837BD46D5
:107A400080BD00BF1CA6002048A6002030A6002054
:107A500080B582B000AF78607B685833184613F069
:107A6000EDF97B6893F87D31002B08D17B681B6BA7
:107A70001846FCF7A5FC7868FCF7A2FC11E07B68CF
:107A800093F87D31012B03D17868FCF799FC08E06D
:107A90007B6893F87D31022B03D001F055FC00BFC9
:107AA000FDE700BF0837BD4680BD000080B400AFD1
:107AB0000A4B1B681B68002B04D1094B4FF0FF32A7
:107AC0001A6005E0054B1B68DB681B68044A1360FD
:107AD00000BFBD465DF8047B704700BF00A60020D4
:107AE00068A6002080B483B000AF054B1B687B60A4
:107AF0007B6818460C37BD465DF8047B704700BFB5
:107B000074A1002080B483B000AF0B4B1B68002B26
:107B100002D101237B6008E0084B1B68002B02D1D7
:107B200002237B6001E000237B607B6818460C37F2
:107B3000BD465DF8047B704754A6002070A6002067
:107B400080B586B000AF78607B683B6100237B61C5
:107B50007B68002B7BD03B69DA6A3F4B1B68DB6A92
:107B60009A426BD23B699B69002B06DB3A4B1B6840
:107B7000DB6AC3F138023B699A613B6959693B6929
:107B8000DA6A13469B0013449B00344A134499421B
:107B90004CD13B6904331846FCF7C6FF2E4B1B68DB
:107BA000DA6A3B69DA623B69DA6A2D4B1B689A42F2
:107BB00003D93B69DB6A2A4A13603B69DA6A2749C1
:107BC00013469B0013449B000B4404331B68FB606B
:107BD0003B69FA689A60FB689A683B69DA60FB68FF
:107BE0009B683A6904325A603B691A1DFB689A60C7
:107BF0003B69DA6A13469B0013449B00174A1A44F8
:107C00003B695A613B69DA6A144913469B00134485
:107C10009B000B441B683A69D26A591C0F481346F3
:107C20009B0013449B000344196004E00A4B1B684B
:107C3000DA6A3B69DA6201237B6108E03B69DA6C4E
:107C4000054B1B68DB6A9A4201D201237B617B6989
:107C500018461837BD4680BD74A1002078A10020C9
:107C600050A6002080B586B000AF78607B683B618D
:107C700000237B617B68002B72D03C4B1B683A6908
:107C80009A4203D001F060FB00BFFDE73B691B6D2A
:107C9000002B03D101F058FB00BFFDE73B691B6DD2
:107CA0005A1E3B691A653B69DA6A3B69DB6C9A428A
:107CB00056D03B691B6D002B52D13B6904331846EB
:107CC000FCF732FF3B69DA6C3B69DA623B69DB6ADD
:107CD000C3F138023B699A613B69DA6A244B1B683D
:107CE0009A4203D93B69DB6A214A13603B69DA6A2D
:107CF000204913469B0013449B000B4404331B682C
:107D0000FB603B69FA689A60FB689A683B69DA60D5
:107D1000FB689B683A6904325A603B691A1DFB682C
:107D20009A603B69DA6A13469B0013449B00114A30
:107D30001A443B695A613B69DA6A0E4913469B0053
:107D400013449B000B441B683A69D26A591C0948CA
:107D500013469B0013449B000344196001237B617D
:107D60007B6918461837BD4680BD00BF74A100204E
:107D700050A6002078A1002080B588B000AF7860C0
:107D800039607B68BB6101237B617B68002B00F05D
:107D90008780BB691B6D002B03D101F0D5FA00BFB2
:107DA000FDE7BB69DB6C3A689A4202D93B68FB612C
:107DB00002E0BB69DB6CFB61BB69DB6AFA699A4272
:107DC0006ED0BB691B6D7A699A4269D1364B1B68CC
:107DD000BA699A4203D101F0B7FA00BFFDE7BB6967
:107DE000DB6A3B61BB69FA69DA62BB699B69002B9C
:107DF00004DBFB69C3F13802BB699A61BB6959694D
:107E00003A6913469B0013449B00284A1344994245
:107E100046D1BB6904331846FCF786FEBB69DA6AB3
:107E2000234B1B689A4203D9BB69DB6A204A136063
:107E3000BB69DA6A1D4913469B0013449B000B443F
:107E400004331B68FB60BB69FA689A60FB689A6838
:107E5000BB69DA60FB689B68BA6904325A60BB6927
:107E60001A1DFB689A60BB69DA6A13469B001344CB
:107E70009B000E4A1A44BB695A61BB69DA6A0B4916
:107E800013469B0013449B000B441B68BA69D26ADB
:107E9000591C064813469B0013449B000344196079
:107EA00000BF2037BD4680BD74A1002078A100200E
:107EB00050A6002080B483B000AF094B1B689B69BB
:107EC0007B60074B1B68DA6A054B1B68C2F13802FE
:107ED0009A617B6818460C37BD465DF8047B704795
:107EE00074A1002080B483B000AF094B1B687B6095
:107EF0007B68002B04D07B681B6D5A1C7B681A655D
:107F00007B6818460C37BD465DF8047B704700BFA0
:107F100074A1002080B588B000AFF860B9607A60C5
:107F20000023FB61FB68002B03D001F00DFA00BFBA
:107F3000FDE7314B1B68FA685E3253F82230002BA4
:107F40002CD17B68002B29D0FEF702FF01F00EF840
:107F5000294B1B68FA685E3253F82230002B09D196
:107F6000254B1A68FB68134403F5BE7301221A708F
:107F70000123FB6101F00CF8FB69012B03D1012106
:107F8000786800F027FCFEF7F1FEB861FB69012B71
:107F900004D1BB69002B01D100F0D6FF00F0E6FF51
:107FA000154B1B68FA685E3253F822307B617B699F
:107FB000002B12D0BB68002B07D00F4B1B68FA6850
:107FC0005E32002143F8221007E00B4B1B687A69F0
:107FD000511EFA685E3243F82210074B1A68FB689C
:107FE000134403F5BE7300221A7000F0D1FF7B69C1
:107FF00018462037BD4680BD74A1002080B588B0EA
:1080000000AFF860B9607A603B600023BB61FB6839
:10801000002B03D001F098F900BFFDE73E4B1A6832
:10802000FB68134403F5BE731B78DBB2022B3BD015
:10803000BB6A002B38D0FEF78BFE00F097FF364B63
:108040001A68FB68134403F5BE731B78DBB2022B7E
:1080500016D0314B1B68FA685E3253F82210BA68AA
:10806000D2431140FA685E3243F822102A4B1A6854
:10807000FB68134403F5BE7301221A700123BB6130
:1080800000F086FFBB69012B03D10121B86A00F023
:10809000A1FBFEF76BFE7861BB69012B04D17B6904
:1080A000002B01D100F050FF00F060FF3B68002B77
:1080B00007D0194B1B68FA685E3253F822203B68E0
:1080C0001A60154B1A68FB68134403F5BE731B78DE
:1080D000DBB2022B02D00023FB610EE00E4B1B68CB
:1080E000FA685E3253F822107A68D2431140FA6877
:1080F0005E3243F822100123FB61074B1A68FB68CC
:10810000134403F5BE7300221A7000F041FFFB69AF
:1081100018462037BD4680BD74A1002080B58AB0C6
:1081200000AFF860B9607A60FB7001237B62BB68C6
:10813000002B03D001F008F900BFFDE7FB68002B1E
:1081400003D101F001F900BFFDE7FB683B6200F0DD
:108150000DFF3B6B002B06D03B6ABA685E3253F8CA
:1081600022203B6B1A603A6ABB68134403F5BE7366
:108170001B78FB773A6ABB68134403F5BE7302228F
:108180001A70FB78042B3BD801A252F823F000BFF1
:1081900011820108A5810108C1810108D981010866
:1081A000E78101083B6ABA685E3253F822207B6897
:1081B00042EA03013B6ABA685E3243F822102AE0C1
:1081C0003B6ABA685E3253F82230591C3B6ABA687F
:1081D0005E3243F822101EE03B6ABA685E3279686C
:1081E00043F8221017E0FB7F022B06D03B6ABA68E7
:1081F0005E32796843F822100DE000237B620AE0CA
:10820000434B1B68002B05D001F09EF800BFFDE733
:1082100000BF00E000BFFB7F012B71D13B6A5B69AF
:10822000BB613B6A9B683A6AD2689A603B6ADB68CA
:108230003A6A92685A60BB695A683B6A04339A4248
:1082400003D13B6ADA68BB695A603B6A00225A6113
:10825000BB691B685A1EBB691A603B6ADA6A2D4B00
:108260001B689A4203D93B6ADB6A2A4A13603B6A5D
:10827000DA6A294913469B0013449B000B440433DC
:108280001B687B613B6A7A699A607B699A683B6A82
:10829000DA607B699B683A6A04325A603B6A1A1D4D
:1082A0007B699A603B6ADA6A13469B0013449B0021
:1082B000194A1A443B6A5A613B6ADA6A16491346FC
:1082C0009B0013449B000B441B683A6AD26A591CFA
:1082D000114813469B0013449B00034419603B6AFA
:1082E0009B6A002B03D001F02FF800BFFDE70B4B7A
:1082F0001B68DA6A3B6ADB6A9A4201D200F024FE0C
:1083000000F046FE7B6A18462837BD4680BD00BF98
:108310004CA6002050A6002078A1002074A10020C7
:1083200080B58CB000AFF860B9607A60FB70012353
:10833000FB62FB68002B03D101F006F800BFFDE7EC
:10834000BB68002B03D000F0FFFF00BFFDE700F08B
:10835000A1FFFB68BB6200F0F7FF7862BB6B002BEC
:1083600006D0BB6ABA685E3253F82220BB6B1A6033
:10837000BA6ABB68134403F5BE731B7887F82330D1
:10838000BA6ABB68134403F5BE7302221A70FB7805
:10839000042B3CD801A252F823F000BF1F8401082F
:1083A000B1830108CD830108E5830108F383010847
:1083B000BB6ABA685E3253F822207B6842EA030146
:1083C000BB6ABA685E3243F822102BE0BB6ABA6817
:1083D0005E3253F82230591CBB6ABA685E3243F8E9
:1083E00022101FE0BB6ABA685E32796843F8221037
:1083F00018E097F82330022B06D0BB6ABA685E32C9
:10840000796843F822100DE00023FB620AE0594B23
:108410001B68002B05D000F097FF00BFFDE700BFF1
:1084200000E000BF97F82330012B40F09A80BB6A30
:108430009B6A002B03D000F087FF00BFFDE74E4B87
:108440001B68002B61D1BB6A5B69BB61BB6A9B681F
:10845000BA6AD2689A60BB6ADB68BA6A92685A6084
:10846000BB695A68BB6A04339A4203D1BB6ADA68B3
:10847000BB695A60BB6A00225A61BB691B685A1EFD
:10848000BB691A60BB6ADA6A3C4B1B689A4203D923
:10849000BB6ADB6A394A1360BB6ADA6A3849134639
:1084A0009B0013449B000B4404331B687B61BB6A35
:1084B0007A699A607B699A68BB6ADA607B699B68B3
:1084C000BA6A04325A60BB6A1A1D7B699A60BB6A39
:1084D000DA6A13469B0013449B00294A1A44BB6A7C
:1084E0005A61BB6ADA6A264913469B0013449B0013
:1084F0000B441B68BA6AD26A591C214813469B0078
:1085000013449B00034419601BE01E4B5B68FB6136
:10851000BB6AFA69DA61FB699A68BB6A1A62FB692D
:108520009B68BA6A18325A60BB6A03F11802FB6989
:108530009A60BB6A134A9A62124B1B680133114A54
:108540001360BB6ADA6A104B1B68DB6A9A4208D96F
:10855000FB6B002B02D0FB6B01221A600B4B01223C
:108560001A60786A00F0FDFEFB6A18463037BD4697
:1085700080BD00BF4CA6002070A6002050A60020A1
:1085800078A1002008A6002074A100205CA600208D
:1085900080B58AB000AFF860B9607A60FB68002BE4
:1085A00003D100F0D1FE00BFFDE7BB68002B03D074
:1085B00000F0CAFE00BFFDE700F06CFEFB687B62C6
:1085C00000F0C2FE38627A6ABB68134403F5BE73DA
:1085D0001B78FB777A6ABB68134403F5BE730222EB
:1085E0001A707B6ABA685E3253F82230591C7B6A73
:1085F000BA685E3243F82210FB7F012B40F09A806C
:108600007B6A9B6A002B03D000F09EFE00BFFDE753
:108610004C4B1B68002B61D17B6A5B697B617B6A79
:108620009B687A6AD2689A607B6ADB687A6A926829
:108630005A607B695A687B6A04339A4203D17B6A29
:10864000DA687B695A607B6A00225A617B691B6821
:108650005A1E7B691A607B6ADA6A3B4B1B689A4236
:1086600003D97B6ADB6A384A13607B6ADA6A374966
:1086700013469B0013449B000B4404331B683B616F
:108680007B6A3A699A603B699A687B6ADA603B69FF
:108690009B687A6A04325A607B6A1A1D3B699A6049
:1086A0007B6ADA6A13469B0013449B00274A1A44EC
:1086B0007B6A5A617B6ADA6A244913469B00134439
:1086C0009B000B441B687A6AD26A591C1F481346E8
:1086D0009B0013449B00034419601BE01C4B5B6828
:1086E000BB617B6ABA69DA61BB699A687B6A1A62A4
:1086F000BB699B687A6A18325A607B6A03F1180278
:10870000BB699A607B6A124A9A62114B1B680133FB
:108710000F4A13607B6ADA6A0E4B1B68DB6A9A4267
:1087200008D97B68002B02D07B6801221A600A4BB3
:1087300001221A60386A00F014FE00BF2837BD46D7
:1087400080BD00BF70A6002050A6002078A10020A8
:1087500008A6002074A100205CA6002080B584B08B
:1087600000AF786039603B68002B03D000F0ECFD6F
:1087700000BFFDE77B68002B02D1154B1B6800E0B2
:108780007B68BB60BB68002B03D100F0DDFD00BF40
:10879000FDE700F0EBFBBA683B68134403F5BE73DA
:1087A0001B78DBB2022B09D1BA683B68134403F58E
:1087B000BE7300221A700123FB6001E00023FB60FE
:1087C00000F0E6FBFB6818461037BD4680BD00BFD1
:1087D00074A1002080B588B000AF78603960324B5A
:1087E0001B68FB61314B1B68BB61314B1B687B61B4
:1087F000304B1B68002283F87E212E4B1B6804330C
:108800001846FCF791F97B68B3F1FF3F24D13B6830
:10881000002B21D0284B5B683B61264B1B683A69D3
:108820009A60244B1B683A699268DA60214B1A6897
:108830003B699B6804325A601E4B1B681A1D3B69DA
:108840009A601C4B1B681C4A5A611B4B1B68013306
:10885000194A136000BF22E0FA697B681344FB6089
:10886000144B1B68FA685A60FA68FB699A4207D28F
:10887000104B1B68043319467869FCF71CF90EE0AD
:108880000C4B1B6804331946B869FCF714F90B4B01
:108890001B68FA689A4202D2084AFB68136000BF5C
:1088A0002037BD4680BD00BF4CA6002000A600209A
:1088B00004A6002074A1002034A6002068A6002091
:1088C00080B485B000AFF860B9607A60FB68074A91
:1088D0001A60BB68064A1A607B6880221A6000BF73
:1088E0001437BD465DF8047B704700BF78A60020B2
:1088F000F8A7002080B485B000AFF860B9607A6056
:10890000FB68074A1A60BB68064A1A607B688022C7
:108910001A6000BF1437BD465DF8047B704700BF86
:10892000F8A9002078AB002080B588B004AF002300
:10893000FB6000F069FA184B1B68002B20D0002365
:10894000BB6000237B603A46391D07F108031846D7
:10895000FFF7D0FF39687B68BA680292019302235F
:10896000009300230A460D490D48FDF708FD034614
:108970000C4A13600B4B1B68002B01D00123FB60DA
:10898000FB68002B03D100F0DFFC00BFFDE7FB68B4
:1089900018461037BD4680BDA8AD00205CCA02084D
:1089A0004D8A0108ACAD002080B584B000AFF860FE
:1089B000B9607A6008E0FB689B69BA681344BB60E1
:1089C000FB681B6AF8689847FB689A69BB68D1180E
:1089D000BB687A68F86800F0D7F80346002BEAD144
:1089E00000BF00BF1037BD4680BD000080B584B019
:1089F00000AF78603960144B1B68DB68DB68FB6094
:108A0000FB6804331846FCF78FF8FB6893F82830AE
:108A100003F00403002B05D03A687968F868FFF783
:108A2000C3FF08E0FB6893F8283023F00103DAB2B3
:108A3000FB6883F82820FB681B6AF868984700BF2A
:108A40001037BD4680BD00BFA0AD002080B584B00A
:108A500000AF786007F10803184600F051F8F8609D
:108A6000BB681946F86800F005F800F0CFF800BFC1
:108A7000F0E7000080B584B000AF78603960FEF7A1
:108A800067F907F10803184600F05EF8F860BB6864
:108A9000002B2AD13B68002B0AD17A68FB689A42E6
:108AA00006D8FEF763F9F9687868FFF79FFF1EE0C4
:108AB0003B68002B08D0104B1B681B68002B01D1B2
:108AC000012300E000233B600C4B18687A68FB68C8
:108AD000D31A3A681946FCF7ADFFFEF747F903468B
:108AE000002B04D100F030FA01E0FEF73FF900BF9F
:108AF0001037BD4680BD00BFA4AD0020A8AD00204A
:108B000080B485B000AF78600E4B1B681B68002BEB
:108B100001D1012200E000227B681A607B681B689B
:108B2000002B05D1074B1B68DB681B68FB6001E06D
:108B30000023FB60FB6818461437BD465DF8047BD4
:108B4000704700BFA0AD002080B584B000AF786052
:108B5000FEF706FAF8600B4B1B68FA689A4205D2DA
:108B600000F02CF97B6801221A6002E07B68002289
:108B70001A60044AFB681360FB6818461037BD464C
:108B800080BD00BFB0AD002080B586B000AFF860FA
:108B9000B9607A603B6000237B61FB68BA685A6009
:108BA000FB68FA681A61BA687B689A4212D87A68D8
:108BB0003B68D21AFB689B699A4202D301237B610E
:108BC0001BE0104B1A68FB68043319461046FBF78C
:108BD00072FF12E07A683B689A4206D2BA683B6834
:108BE0009A4202D301237B6107E0074B1A68FB68B6
:108BF000043319461046FBF75EFF7B6918461837A9
:108C0000BD4680BDA4AD0020A0AD002080B588B0D9
:108C100000AF3B1D00221A605A609A60DA60BBE028
:108C20007B68002B11DA3B1D0433FB61FB69002BD1
:108C300003D100F089FB00BFFDE7FB691B68FA69FF
:108C40005068FA699268114698477B68002BC0F219
:108C5000A380FB68BB61BB69002B00F09D80BB69F2
:108C60005B69002B04D0BB6904331846FBF75CFF3B
:108C70003B461846FFF768FF78617B68013B082B8D
:108C800000F2878001A252F823F000BFB18C0108E6
:108C9000B18C0108198D01082D8D0108698D01081D
:108CA000B18C0108B18C0108198D01082D8D0108C6
:108CB000BB6993F8283043F00103DAB2BB6983F84B
:108CC0002820BA68BB699B69D118BB687A69B86902
:108CD000FFF75AFF0346002B5DD0BB6993F828309D
:108CE00003F00403002B09D0BA68BB699B691344E5
:108CF0007A691946B869FFF757FE08E0BB6993F82F
:108D0000283023F00103DAB2BB6983F82820BB695D
:108D10001B6AB86998473EE0BB6993F8283023F096
:108D20000103DAB2BB6983F8282035E0BB6993F808
:108D3000283043F00103DAB2BB6983F82820BA680F
:108D4000BB699A61BB699B69002B03D100F0FCFAF7
:108D500000BFFDE7BB699A697B69D1187B697A69B5
:108D6000B869FFF711FF17E0BB6993F8283003F0EB
:108D70000203002B03D1B869FBF722FB0CE0BB69AF
:108D800093F8283023F00103DAB2BB6983F8282076
:108D900002E000BF00E000BF074B1B68391D002246
:108DA0001846FCF785FA0346002B7FF439AF00BF65
:108DB00000BF2037BD4680BDA8AD002080B582B081
:108DC00000AF09E00E4B1B68DB681B683B604FF08F
:108DD000FF313868FFF70AFE094B1B681B68002B40
:108DE000F0D1074B1B687B60064B1B68044A13607D
:108DF000044A7B68136000BF0837BD4680BD00BFD2
:108E0000A0AD0020A4AD002080B582B002AF00F07C
:108E1000ADF8154B1B68002B20D11448FBF7FAFD69
:108E20001348FBF7F7FD134B104A1A60124B104A18
:108E30001A6000230093114B114A10210A20FBF7FE
:108E400016FF0346084A1360074B1B68002B05D02A
:108E5000054B1B680B491846FCF776FD00F098F8A7
:108E600000BFBD4680BD00BFA8AD002078AD00208A
:108E70008CAD0020A0AD0020A4AD002054AE002099
:108E8000B4AD002064CA020880B58AB000AFF860B3
:108E9000B9607A603B606FF001037B61FB68BB6186
:108EA000BB68FB617B683B62064B186807F11401E5
:108EB00000233A68FCF7FEF878627B6A1846283788
:108EC000BD4680BDA8AD002080B400AF0B4B04228E
:108ED0001A600B4B00221A600A4B1B680A4AA2FB5D
:108EE00003239B09094A013B1360044B07221A60C4
:108EF00000BFBD465DF8047B704700BF10E000E096
:108F000018E000E004000020D34D621014E000E0FF
:108F100080B582B000AF00237B600A4B1B68B3F1C1
:108F2000FF3F03D000F010FA00BFFDE700F00CFA9D
:108F300000BF7B68002BFCD000BF00BF0837BD46D8
:108F400080BD00BF2C00002080B400AF064B4FF066
:108F500080521A60BFF34F8FBFF36F8F00BFBD46C3
:108F60005DF8047B704700BF04ED00E080B500AF02
:108F700000F0EAF9054B1B680133044A1360BFF3A4
:108F80004F8FBFF36F8F00BF80BD00BF2C0000204C
:108F900080B500AF0A4B1B68002B03D100F0D4F959
:108FA00000BFFDE7064B1B68013B054A1360044BFD
:108FB0001B68002B02D1002000F0D3F900BF80BD58
:108FC0002C00002080B582B000AF00F0BDF97860C1
:108FD000FEF780F80346002B03D0054B4FF080527C
:108FE0001A60786800F0BDF900BF0837BD4680BD43
:108FF00004ED00E080B584B000AF78607B689B69C9
:10900000FB60FB68023B1B78FB72FB7A662B02D18C
:1090100000F070F903E000F097F900BFFDE700BF32
:109020001037BD4680BD000080B485B000AFF86049
:10903000B9607A603B60FB68043BFB60FB684FF003
:1090400080721A60FB68043BFB607A68FB681A60F8
:10905000FB68043BFB60384AFB681A60FB68043B12
:10906000FB60FB684FF012321A60FB68043BFB6048
:10907000FB684FF003321A60FB68043BFB60FB683F
:109080004FF002321A60FB68043BFB60FB684FF054
:1090900001321A60FB68043BFB603A68FB681A60A7
:1090A000FB68043BFB60FB684FF011321A60FB6801
:1090B000043BFB60FB684FF010321A60FB68043B16
:1090C000FB60FB684FF009321A60FB68043BFB60F1
:1090D000FB684FF008321A60FB68043BFB60FB68DA
:1090E0004FF007321A60FB68043BFB60FB684FF0EF
:1090F00006321A60FB68043BFB60FB684FF00532E8
:109100001A60FB68043BFB60FB684FF004321A6096
:10911000FB68043BFB60FB686FF043021A60FB686E
:10912000043BFB60BA68FB681A60FB68184614379A
:10913000BD465DF8047B7047118F010880B584B08F
:1091400000AF414B1B68FB60FB682C331B683F4A38
:10915000934203D000F0F8F800BFFDE7FB68383316
:109160001B683B4A934203D000F0EEF800BFFDE7D6
:109170000023BB60374B4FF07F421A60354B1B68B2
:109180001B0EDBB2FB71FB79DBB203F05003DAB2EA
:10919000314B1A70304B1B78002B03D100F0D4F800
:1091A00000BFFDE7FB79DBB2DB43DBB203F050032A
:1091B000DBB2002B0BD000F0C7F800BFFDE7BB68A7
:1091C0000133BB60FB79DBB25B00DBB2FB71FB7987
:1091D000DBB203F08003802BF1D0BB68082B03D1F6
:1091E0001E4B00221A6004E0BB68C3F107031B4A50
:1091F00013601A4B1B681B02184A1360174B1B683D
:1092000003F4E063154A1360154B1B68144A43F4DA
:109210007F031360124B1B68114A43F07F431360B6
:109220000C4B00221A60FFF74FFE0E4B00221A6013
:1092300000F07AF8FEF760F8FFF76AFE00231846A0
:109240001037BD4680BD00BF08ED00E0C1930108A6
:10925000759301081CED00E0A4AE0020A8AE00202C
:1092600020ED00E02C00002080B483B000AFEFF3CD
:1092700005833B603B68002B02D100237B6001E04B
:1092800001237B607B6818460C37BD465DF8047B84
:109290007047000080B582B000AFEFF305837B60BC
:1092A0007B680F2B0DD90F4A7B6813441B78FB702A
:1092B0000D4B1B78FA789A4203D200F045F800BFB4
:1092C000FDE70A4B1B6803F4E062094B1B689A42F6
:1092D00003D900F039F800BFFDE700BF0837BD46ED
:1092E00080BD00BFF0E300E0A4AE00200CED00E084
:1092F000A8AE00200B4A1168086806C881F30B88E5
:10930000EFF3148151F0020181F31488203080F3CF
:109310000988BFF36F8F4FF0000080F3118810476A
:1093200000BF000074A1002006480068006880F3B8
:10933000088862B661B6BFF34F8FBFF36F8F66DFE9
:1093400000BF00BF08ED00E0EFF311804FF05001C7
:1093500081F31188BFF34F8FBFF36F8F704700BF4A
:10936000184680F31188BFF34F8FBFF36F8F70479C
:1093700000BF0000EFF30980EFF30B82734620E992
:10938000FC0F0E4A116808604FF0500080F31188FE
:10939000BFF34F8FBFF36F8FFDF7AEFF4FF00000AD
:1093A00080F31188054A11680868B0E8FC0F82F361
:1093B0000B8880F30988184700BF000074A10020C3
:1093C0001EF0040F0CBFEFF30880EFF30980014992
:1093D000084700BFF58F010880B500AF054B1B683B
:1093E000FEF790FB0346012B01D0FFF7EBFD00BF1A
:1093F00080BD00BF10E000E080B586B000AF002364
:109400007B61EFF30583FB60FB68002B02D0012337
:109410007B6113E0FEF776FB38613B69012B0DD0D1
:10942000EFF31083BB60BB68002B05D1EFF3118312
:109430007B607B68002B01D001237B617B69184630
:109440001837BD4680BD000080B582B000AFFFF781
:10945000D3FF0346002B03D06FF005037B6012E0BF
:10946000FEF750FB38603B68012B09D1084B1B68A5
:10947000002B05D1064B01221A6000237B6002E01D
:109480004FF0FF337B607B6818460837BD4680BDD0
:10949000ACAE002080B582B000AFFFF7ADFF034651
:1094A000002B03D06FF005037B6014E0FEF72AFB6E
:1094B00038603B68012B0BD1094B1B68012B07D18E
:1094C000074B02221A60FDF705FC00237B6002E0D7
:1094D0004FF0FF337B607B6818460837BD4680BD80
:1094E000ACAE002080B582B000AFFFF785FF034629
:1094F000002B03D0FDF744FD786002E0FDF730FD5E
:1095000078607B6818460837BD4680BD80B58EB050
:1095100004AFF860B9607A6000237B61FFF76CFFED
:109520000346002B40F08180FB68002B7DD0802318
:109530003B621823FB6100237B624FF0FF33BB616A
:109540007B68002B46D07B681B68002B02D07B68B1
:109550001B687B627B689B69002B02D07B689B69E0
:10956000FB61FB69002B08D0FB69382B05D87B68B1
:109570005B6803F00103002B01D0002356E07B68F9
:109580005B69002B03D07B685B699B083B627B684F
:109590009B68002B0FD07B68DB68B3F5C07F0AD3D4
:1095A0007B681B69002B06D07B685B69002B02D0AF
:1095B0000123BB6110E07B689B68002B0CD17B68AA
:1095C000DB68002B08D17B681B69002B04D10023CA
:1095D000BB6101E00023BB61BB69012B11D1FB69B9
:1095E000013B7A6812697968896802910192009357
:1095F000BB683A6A796AF868FCF7C1FE03467B618A
:1096000013E0BB69002B10D1FB69013B07F1140289
:1096100001920093BB683A6A796AF868FCF715FF13
:109620000346012B01D000237B617B691846283754
:10963000BD4680BD80B584B000AF78607B68BB60FC
:10964000FFF7DAFE0346002B03D06FF00503FB6043
:109650000BE0BB68002B03D16FF00303FB6004E059
:109660000023FB60B868FDF789F9FB6818461037DE
:10967000BD4680BD80B586B000AF78607B683B6139
:10968000FFF7BAFE0346002B03D06FF005037B61A2
:1096900020E03B69002B03D16FF003037B6119E0ED
:1096A0003869FDF7EBF80346FB73FB7B032B05D111
:1096B00000237B613869FDF71DFA0BE03869FDF77F
:1096C0007DFC0346012B02D100237B6102E06FF099
:1096D00002037B617B6918461837BD4680BD80B5A3
:1096E00086B000AF78607B683B61FFF785FE03467C
:1096F000002B03D06FF005037B6117E03B69002B63
:1097000003D16FF003037B6110E03869FDF7B6F811
:109710000346FB73FB7B042B05D000237B61386978
:10972000FDF70AF802E06FF002037B617B691846DF
:109730001837BD4680BD000080B588B002AF7860A4
:1097400039607B687B617B69002B02D03B68002B12
:1097500003DA6FF003033B6138E04FF0FF333B6106
:10976000FFF74AFE0346002B1FD00023FB6007F1E2
:109770000C0301930023009301233A6800217869C8
:10978000FEF7CEFD0023019307F1100300930023A1
:10979000002200217869FEF7C3FDFB68002B15D07D
:1097A0000D4B4FF080521A6010E00023009301230C
:1097B0003A6800217869FEF7B1FC07F110030093C5
:1097C0000023002200217869FEF7A8FC3B691846B7
:1097D0001837BD4680BD00BF04ED00E080B590B0F5
:1097E00002AFF860B9607A600023BB62FFF704FE45
:1097F0000346002B03D06FF005037B6376E0FB6824
:10980000002B03DA6FF003037B636FE0BB6803F0A8
:109810000203002B02D000233B6301E0FB683B63A3
:1098200000237B637B68FB62FDF79AFB786207F19C
:109830001402FB6A009313463A6B00210020FEF7E6
:10984000DDFB38623B6A012B3FD17A6BFB6813402A
:109850007B637B697A6B13437B63FB68DA437B6BC7
:109860001340002B01D00123BB62BB6803F001034E
:10987000002B0CD0FA687B6B1340FA689A4232D006
:109880007B68002B0FD16FF002037B632EE0FA6838
:109890007B6B1340002B28D17B68002B03D16FF02A
:1098A00002037B6322E0FDF75BFB02467B6AD31A6F
:1098B000FB61FA697B689A4202D90023FB620EE0E1
:1098C0007A68FB69D31AFB6209E07B68002B03D13D
:1098D0006FF002037B6302E06FF001037B633B6A7E
:1098E000002BA4D102E000BF00E000BFBB6A012B47
:1098F00010D1FEF7F7F8B86100230093002300228F
:109900000021B869FEF70AFC0346012B02D04FF094
:10991000FF337B637B6B18463837BD4680BD80B50F
:1099200084B000AF7860FFF767FD0346002B03D0DB
:109930006FF00503FB6007E00023FB607B68002BF2
:1099400002D07868FCF774FFFB6818461037BD46F4
:1099500080BD80B584B000AF78600023FB60FFF766
:109960004BFD0346002B2DD14FF0FF33BB607B68CE
:10997000002B15D07B689B68002B06D07B68DB68CA
:109980001F2B02D90123BB600CE07B689B68002B76
:1099900008D17B68DB68002B04D10023BB6001E0A9
:1099A0000023BB60BB68012B06D17B689B6818460F
:1099B000FAF73AFEF86005E0BB68002B02D1FAF72F
:1099C0005CFEF860FB6818461037BD4680BD00009D
:1099D00080B586B000AF786039607B683B613B69D9
:1099E000002B03D03B68B3F1807F03D36FF00303F8
:1099F0007B6129E0FFF700FD0346002B1FD0002309
:109A0000FB6007F10C031A4639683869FAF7EEFF74
:109A10000346002B03D16FF002037B6114E0386929
:109A2000FAF7EEFE78617A693B6813437B61FB6865
:109A3000002B09D0074B4FF080521A6004E03968C0
:109A40003869FAF7F1FE78617B6918461837BD4628
:109A500080BD00BF04ED00E080B58AB002AFF860C1
:109A6000B9607A603B60FB683B613B69002B03D0C7
:109A7000BB68B3F1807F03D36FF003037B6151E0D8
:109A8000FFF7BAFC0346002B0AD03B68002B03D13A
:109A90006FF005037B6145E06FF003037B6141E0FC
:109AA0007B6803F00103002B02D00123FB6101E07E
:109AB0000023FB617B6803F00203002B02D000232C
:109AC000BB6101E00123BB613B680093FB69BA699C
:109AD000B9683869FAF7EBFD78617B6803F0010338
:109AE000002B10D0BA687B691340BA689A4219D02B
:109AF0003B68002B03D06FF001037B6112E06FF035
:109B000002037B610EE0BA687B691340002B09D128
:109B10003B68002B03D06FF001037B6102E06FF024
:109B200002037B617B6918462037BD4680BD80B546
:109B300084B000AF78607B68BB60FFF75DFC0346D4
:109B4000002B03D06FF00503FB600BE0BB68002B1C
:109B500003D16FF00303FB6004E00023FB60B868EF
:109B6000FAF7E0FEFB6818461037BD4680BD80B5A9
:109B700088B002AFF860B9607A6000237B61FFF7BC
:109B80003BFC0346002B75D1FB68002B72D0BA68F2
:109B9000FB689A426ED84FF0FF333B617B68002B25
:109BA00015D07B689B68002B06D07B68DB684F2B49
:109BB00002D901233B610CE07B689B68002B08D134
:109BC0007B68DB68002B04D100233B6101E00023AC
:109BD0003B613B69B3F1FF3F4CD0FB68012B28D1BF
:109BE0003B69012B0AD17B689B680322009200220B
:109BF00000210120FBF73BF8786105E003220021FA
:109C00000120FBF77DF878617B69002B22D0BB68CF
:109C1000002B1FD00023002200217869FBF77DF97B
:109C20000346012B16D07869FBF74AFD00237B61C0
:109C300010E03B69012B08D17B689B681A46B96824
:109C4000F868FBF718F9786104E0B968F868FBF781
:109C50003DF978617B69002B0CD07B68002B09D023
:109C60007B681B68002B05D07B681B6819467869E8
:109C7000FBF76AFE7B6918461837BD4680BD0000B9
:109C800080B586B000AF786039607B683B610023A7
:109C90007B613B69002B03D16FF003037B6134E0F0
:109CA000FFF7AAFB0346002B1ED03B68002B03D016
:109CB0006FF003037B6128E00023FB6007F10C03D6
:109CC0001A4600213869FBF789FC0346012B03D0B3
:109CD0006FF002037B6118E0FB68002B15D00D4B81
:109CE0004FF080521A6010E039683869FBF79CFB2E
:109CF0000346012B09D03B68002B03D06FF0010312
:109D00007B6102E06FF002037B617B6918461837C4
:109D1000BD4680BD04ED00E080B586B000AF786040
:109D20007B683B6100237B613B69002B03D16FF0B3
:109D300003037B6127E0FFF75FFB0346002B16D090
:109D40000023FB6007F10C0319463869FBF738FA6A
:109D50000346012B03D06FF002037B6113E0FB6825
:109D6000002B10D00A4B4FF080521A600BE00023FA
:109D7000002200213869FBF7D0F80346012B02D0FE
:109D80006FF002037B617B6918461837BD4680BDC2
:109D900004ED00E080B584B000AF78607B68BB6004
:109DA000FFF72AFB0346002B03D06FF00503FB608F
:109DB0000EE0BB68002B03D16FF00303FB6007E0EC
:109DC000B868FBF707FE0023FB60B868FBF778FC78
:109DD000FB6818461037BD4680BD80B588B002AF1D
:109DE000F860B9607A6000237B61FFF705FB0346EA
:109DF000002B5FD1FB68002B5CD0BB68002B59D0D7
:109E00004FF0FF333B617B68002B29D07B689B6858
:109E1000002B12D07B68DB684F2B0ED97B681B6947
:109E2000002B0AD07B685A69FB68B96801FB03F311
:109E30009A4202D301233B6114E07B689B68002BAC
:109E400010D17B68DB68002B0CD17B681B69002B71
:109E500008D17B685B69002B04D100233B6101E0E2
:109E600000233B613B69012B0BD17B681A697B683E
:109E70009B6800210091B968F868FAF7F8FE7861EC
:109E800008E03B69002B05D10022B968F868FAF7B1
:109E900037FF78617B69002B0CD07B68002B09D0E1
:109EA0007B681B68002B05D07B681B6819467869A6
:109EB000FBF74AFD7B6918461837BD4680BD000098
:109EC00080B588B000AFF860B9603B601346FB71A5
:109ED000FB68BB610023FB61FFF78EFA0346002B92
:109EE00024D0BB69002B05D0BB68002B02D03B6897
:109EF000002B03D06FF00303FB6134E000237B6190
:109F000007F114020023B968B869FBF7D3F80346D8
:109F1000012B03D06FF00203FB6124E07B69002B6F
:109F200021D0134B4FF080521A601CE0BB69002B0C
:109F300002D0BB68002B03D16FF00303FB6112E07A
:109F400000233A68B968B869FAF7E7FF0346012BBE
:109F500009D03B68002B03D06FF00103FB6102E0E6
:109F60006FF00203FB61FB6918462037BD4680BDD8
:109F700004ED00E080B588B000AFF860B9607A60A9
:109F80003B60FB68BB610023FB61FFF735FA0346CA
:109F9000002B24D0BB69002B05D0BB68002B02D05E
:109FA0003B68002B03D06FF00303FB6133E0002319
:109FB0007B6107F114031A46B968B869FBF70EFB19
:109FC0000346012B03D06FF00203FB6123E07B69A2
:109FD000002B20D0124B4FF080521A601BE0BB695F
:109FE000002B02D0BB68002B03D16FF00303FB6191
:109FF00011E03A68B968B869FBF75AF90346012BD2
:10A0000009D03B68002B03D06FF00103FB6102E035
:10A010006FF00203FB61FB6918462037BD4680BD27
:10A0200004ED00E080B584B000AF78607B68BB6071
:10A03000FFF7E2F90346002B03D06FF00503FB6046
:10A040000EE0BB68002B03D16FF00303FB6007E059
:10A05000B868FBF7BFFC0023FB60B868FBF730FB78
:10A06000FB6818461037BD4680BD000030B591B082
:10A07000404BD3F8F43013F0804F27D13D4BD3F849
:10A08000F43013F0005F3BD13A4BD3F8F43013F0C7
:10A09000805F42D1374BD3F8F43013F0006F4AD1D0
:10A0A000344BD3F8F43013F0806F51D1314BD3F8E7
:10A0B000F43013F0007F1AD06C462F4D0FCD0FC433
:10A0C0000FCD0FC42B68237020220EE0EC462B4CE2
:10A0D0000FCCACE80F000FCCACE80F0094E8070001
:10A0E000ACE803008CF800202822002A3AD1214A4B
:10A0F000D2F8F43043F40003C2F8F43011B030BDAC
:10A100006C461F4D0FCD0FC495E8070003C424F81B
:10A11000022B120C22701A22E7E76C46194D0FCD64
:10A120000FC495E8030044F8040B24F8021B090C43
:10A1300021701622D9E76C46134D0FCD0FC40FCDF9
:10A140000FC495E8030044F8040B21702422CCE7E7
:10A150006C460E4D0FCD0FC495E8030084E8030054
:10A160001722C2E74FF4FA7369460948F7F75CF91A
:10A17000BDE700BF000C02462CCC02088CCB0208C5
:10A18000B8CB0208D4CB0208ECCB020814CC0208EE
:10A1900088B6002008B50268034B9A4200D008BD7B
:10A1A000EBF70CFEFBE700BF0010004072B6FEE7C5
:10A1B00000B59FB06022002106A811F0A1F900238C
:10A1C0000093019302930393049305934FF440305B
:10A1D000F4F7D2FA00282FD1032206924FF48033ED
:10A1E00007934FF48073099310230A930223149367
:10A1F00015924FF4805117911692142218921993C8
:10A200001A9301231B930C231C9300231D9306A870
:10A21000EFF7D8FD90B91F23009303230193002388
:10A22000029303930493059304216846F0F7A6FC78
:10A2300030B91FB05DF804FBFFF7B8FFFFF7B6FFBA
:10A24000FFF7B4FF08B5204BD3F8F43013F0804F7C
:10A2500018D01D4AD2F88C3043F00203C2F88C307B
:10A26000BFF34F8F194B4FF400529A61DA6822F016
:10A27000406242F00062DA601A6822F0406242F006
:10A2800080621A60EBF76AFDFFF792FF00F020F89A
:10A2900000F086F900F0FEFB00F030FC00F062FCFC
:10A2A00000F082FA00F0E0F800F0CEF900F094FB44
:10A2B00000F08CFFFFF7DAFEFFF7C6F800F0BAF8FF
:10A2C000FFF7E8F8FEE700BF000C02460004024278
:10A2D0002DE9F0438BB0002405940694079408946C
:10A2E0000994494BD3F88C2042F00402C3F88C2027
:10A2F000D3F88C2002F004020192019AD3F88C204A
:10A3000042F08002C3F88C20D3F88C2002F0800247
:10A310000292029AD3F88C2042F00102C3F88C20FA
:10A32000D3F88C2002F001020392039AD3F88C2018
:10A3300042F00202C3F88C20D3F88C3003F0020301
:10A340000493049B314E22464FF480413046F4F78B
:10A35000D5F922464FF400513046F4F7CFF90122E7
:10A360004FF400413046F4F7C9F9294F224641F233
:10A3700010013846F4F7C2F901224FF480713846D3
:10A38000F4F7BCF9DFF88C90224618214846F4F720
:10A39000B5F94FF4C0430593012506954FF0020827
:10A3A000CDF81C80089405A93046F3F7E9FE4FF478
:10A3B0000043059306950794089405A93046F3F7E2
:10A3C000DFFE4FF48873059306950794089405A95A
:10A3D0003846F3F7D5FE4FF4805305930695CDF834
:10A3E0001C80089405A93846F3F7CAFE1823059384
:10A3F0000695CDF81C80089405A94846F3F7C0FEE1
:10A400000BB0BDE8F08300BF000C0246000802421A
:10A41000000002420004024208B50548F9F790FE28
:10A420000348F9F78DFE0120FFF779FAF8E700BF3E
:10A4300018B8002010B5084A00210848FFF766F850
:10A44000074B1860074C2046F9F77AFE09F064FDC7
:10A450002046F9F775FE10BD30E5020819A4010881
:10A46000B0AE002018B8002000B589B0202200212D
:10A47000684611F045F81C481C4B036000234360FC
:10A480008360C3604361036104228261037780F8C3
:10A4900024300122826280F82C304363836380F889
:10A4A0004030836643640365C36380F85430E7F744
:10A4B0009FFC90B90E4B0093062301930023029357
:10A4C0000C4A039204220492059369460648E8F771
:10A4D00063FB28B909B05DF804FBFFF767FEE9E705
:10A4E000FFF764FEF6E700BFB4AE00200080024232
:10A4F0008000001C0000FFFF10B5B6B0044600212C
:10A5000031913291339134913591B82202A810F0F3
:10A51000F7FF22681F4B9A4201D036B010BD4FF4AE
:10A5200000420023CDE902234FF48043299302A87F
:10A53000F0F730FF58BB184BD3F88C2042F4806200
:10A54000C3F88C20D3F88C2002F480620092009A29
:10A55000D3F88C2042F00102C3F88C20D3F88C3061
:10A5600003F001030193019B0C23319303233293E6
:10A570000024339431A90948F3F702FE224605214D
:10A580002520F3F761FB2520F3F778FBC5E7FFF7FC
:10A590000DFED0E700800242000C0246000002429D
:10A5A00000B583B0274BD3F8882042F00102C3F8EE
:10A5B0008820D3F8883003F001030193019B002227
:10A5C00005211D20F3F740FB1D20F3F757FB002268
:10A5D00005211E20F3F738FB1E20F3F74FFB002266
:10A5E00005211F20F3F730FB1F20F3F747FB002264
:10A5F00005212020F3F728FB2020F3F73FFB002262
:10A6000005212120F3F720FB2120F3F737FB00225F
:10A6100005212220F3F718FB2220F3F72FFB00225D
:10A6200005212320F3F710FB2320F3F727FB00225B
:10A6300005212420F3F708FB2420F3F71FFB03B0C8
:10A640005DF804FB000C024608B51548154B036085
:10A65000A3F17663A3F57B23A3F214634360002385
:10A6600083600122C260036143618361C36103624D
:10A67000EBF7D2FB50B900210948EFF70BFB40B9CB
:10A6800000210748EFF751FB30B908BDFFF78EFDF9
:10A69000F1E7FFF78BFDF3E7FFF788FDF5E700BF74
:10A6A00040AF00200054004030B5B7B00446002150
:10A6B00031913291339134913591B82202A810F042
:10A6C0001FFF2268234B9A4201D037B030BD402291
:10A6D0000023CDE9022302A8F0F75CFE002836D162
:10A6E0001D4CD4F88C3043F00203C4F88C30D4F8FD
:10A6F0008C3003F002030093009BC023319312239C
:10A7000032930025339534950423359331A91348AA
:10A71000F3F736FDD4F89C3043F40013C4F89C30B2
:10A72000D4F89C3003F400130193019B2A460521C1
:10A730003720F3F789FA3720F3F7A0FA2A460521E4
:10A740003820F3F781FA3820F3F798FABDE7FFF7DE
:10A750002DFDC5E700540040000C024600040242F3
:10A7600002680E4B9A4200D0704710B50C4AD2F8DE
:10A770009C3023F40013C2F89C300A4C4021204640
:10A78000F3F7DEFE80212046F3F7DAFE3720F3F7F9
:10A7900083FA3820F3F780FA10BD00BF0054004060
:10A7A000000C02460004024200B585B0002301936C
:10A7B000029303931B481C4A02604FF480024260DC
:10A7C00083600722C260036143614FF08061816151
:10A7D0004FF00051C161036243628362C2624FF075
:10A7E000804242638363C3638364C36403654365D8
:10A7F0008365C3650366F4F75BF868B900230193CA
:10A800004FF080520292039301A90648F6F71EFD0D
:10A8100028B905B05DF804FBFFF7C8FCEEE7FFF7C9
:10A82000C5FCF6E7B4B000200038004030B5B7B042
:10A830000446002131913291339134913591B822FF
:10A8400002A810F05DFE2268494B9A4201D037B051
:10A8500030BD4FF080720023CDE902234FF48033E6
:10A860002D9302A8F0F796FD002871D1414BD3F843
:10A870009C2042F48042C3F89C20D3F89C2002F430
:10A8800080420092009AD3F88C2042F00202C3F872
:10A890008C20D3F88C3003F002030193019B4FF41A
:10A8A0006043319302233293002533953495052379
:10A8B000359331A93048F3F763FC3048304B0360DF
:10A8C0000923436085604FF48063C36008230361FC
:10A8D00045618561C5610562012343628362C5628A
:10A8E00005634563E9F730FB002834D12348C4F8F9
:10A8F0008000C4651021E9F7C3FF00282ED121484C
:10A90000214B03600823436000238360C36003611D
:10A910004FF4002242618361C361036201224262FB
:10A920008262C36203634363E9F70EFBC8B915484B
:10A93000C4F88400C4651021E9F7A2FFA0B9002281
:10A9400005213C20F3F780F93C20F3F797F97EE7E7
:10A95000FFF72CFC8AE7FFF729FCC7E7FFF726FC87
:10A96000CDE7FFF723FCE2E7FFF720FCE7E700BFB6
:10A9700000380040000C0246000402423CB00020B7
:10A98000D0030240C4AF00205003024002680F4BC6
:10A990009A4200D0704710B504460D4AD2F89C3058
:10A9A00023F48043C2F89C304FF460410948F3F728
:10A9B000C7FDD4F88000E9F709FCD4F88400E9F772
:10A9C00005FC3C20F3F768F910BD00BF00380040DB
:10A9D000000C02460004024200B589B00023049333
:10A9E0000593069307930193029303931548164A20
:10A9F00002609F22426083604FF0FF32C2600361B9
:10AA000080238361E5F79AFD98B94FF4805304934E
:10AA100004A90C48E6F710F870B92023019300232D
:10AA2000039301A90748E6F737FD40B909B05DF87F
:10AA300004FBFFF7BBFBE8E7FFF7B8FBEDE7FFF729
:10AA4000B5FBF3E770B10020000C004002680F4B2B
:10AA50009A4200D0704700B583B00D4BD3F89C20CC
:10AA600042F00802C3F89C20D3F89C3003F008039E
:10AA70000193019B002205213020F3F7E5F83020F7
:10AA8000F3F7FCF803B05DF804FB00BF000C0040D6
:10AA9000000C024608B51748174B03604FF46123BA
:10AAA000436000238360C36003610C2242618361C1
:10AAB000C361036243628362F6F70AFC70B9002146
:10AAC0000C48F9F73AFA60B900210A48F9F773FA25
:10AAD00050B90848F9F7F8F948B908BDFFF766FB1F
:10AAE000EDE7FFF763FBEFE7FFF760FBF1E7FFF749
:10AAF0005DFBF2E750B70020004C004008B5174856
:10AB0000174B03604FF46123436000238360C360ED
:10AB100003610C2242618361C36103624362836209
:10AB2000F6F7D6FB70B900210C48F9F706FA60B9C0
:10AB300000210A48F9F73FFA50B90848F9F7C4F973
:10AB400048B908BDFFF732FBEDE7FFF72FFBEFE752
:10AB5000FFF72CFBF1E7FFF729FBF2E788B60020AF
:10AB60000038014008B51748174B03604FF4E13334
:10AB7000436000238360C36003610C2242618361F0
:10AB8000C361036243628362F6F7A2FB70B90021DE
:10AB90000C48F9F7D2F960B900210A48F9F70BFA25
:10ABA00050B90848F9F790F948B908BDFFF7FEFA1F
:10ABB000EDE7FFF7FBFAEFE7FFF7F8FAF1E7FFF74A
:10ABC000F5FAF2E7C0B50020004800402DE9F04753
:10ABD000D4B0054600244F94509451945294539409
:10ABE0006C22214634A810F08BFCB822214606A81E
:10ABF00010F086FC2B686C4A93420AD06B4A934251
:10AC000000F0E8806A4A934200F0AE8154B0BDE89B
:10AC1000F08708220023CDE9062306A8F0F7BAFB47
:10AC2000002840F0A680634BD3F89C2042F4002219
:10AC3000C3F89C20D3F89C2002F400220092009AD2
:10AC4000D3F88C2042F00102C3F88C20D3F88C306A
:10AC500003F001030193019B01264F964FF0020878
:10AC6000CDF84081002451944FF0030ACDF848A15B
:10AC700008275397DFF858914FA94846F3F780FA11
:10AC8000CDF83C81CDF840815196CDF848A153973D
:10AC90004FA94846F3F774FA4748484B03601F230F
:10ACA000436084604FF48063C360076144618461E2
:10ACB000C4614FF40003036246628662C4620463A7
:10ACC0004463E9F741F9002856D13B48E867C56578
:10ACD0001021E9F7D5FD002851D1212334931E23FB
:10ACE000359300233693379338934FF400223992EB
:10ACF0003A933B9301223D923E923F93409341937E
:10AD00004593429343932E4934A8EAF75BFA00280F
:10AD100038D12B4A00212B48EAF76AFA002834D1AF
:10AD20002848EAF72EFB98BB2748284B03604FF4CE
:10AD3000000383630023C363036443648123836448
:10AD4000EAF780F838BB1F491F48EAF77BFB28BBAE
:10AD50001D48C5F88000C5651021E9F791FD00BBCD
:10AD6000002205214020F2F76FFF4020F2F786FF16
:10AD70004CE7FFF71BFA56E7FFF718FAA5E7FFF7CE
:10AD800015FAAAE7FFF712FAC3E7FFF70FFAC7E7CA
:10AD9000FFF70CFAC8E7FFF709FAD4E7FFF706FA5E
:10ADA000D6E7FFF703FADBE7004C0040003801402C
:10ADB00000480040000C024648B50020D002024086
:10ADC00024B500200CB5002094B4002050020240AD
:10ADD0000000024201220023CDE9062306A8F0F775
:10ADE000D9FA002840F09580574BD3F8A42042F4BC
:10ADF0008042C3F8A420D3F8A42002F48042029237
:10AE0000029AD3F88C2042F00102C3F88C20D3F8C8
:10AE10008C3003F001030393039B4FF4C0634F9303
:10AE200002235093002451940323529307235393F6
:10AE30004FA94648F3F7A4F94548464B0360192348
:10AE4000436084604FF48063C360082303614461FE
:10AE50008461C4610462012343628362C462046347
:10AE60004463E9F771F8002856D13948E867C565A9
:10AE70001021E9F705FD002851D12123349318232F
:10AE8000359300233693379338934FF40022399249
:10AE90003A933B9301223D923E923F9340934193DC
:10AEA0004593429343932C4934A8EAF78BF9002841
:10AEB00038D1294A00212948EAF79AF9002834D1E3
:10AEC0002648EAF75EFA98BB2548264B03604FF404
:10AED000800383630023C363036443648123836427
:10AEE000E9F7B0FF38BB1D491D48EAF7ABFA28BBAC
:10AEF0001B48C5F88000C5651021E9F7C1FC00BBFF
:10AF0000002205213D20F2F79FFE3D20F2F7B6FE1C
:10AF10007CE6FFF74BF967E7FFF748F9A5E7FFF78E
:10AF200045F9AAE7FFF742F9C3E7FFF73FF9C7E79B
:10AF3000FFF73CF9C8E7FFF739F9D4E7FFF736F92F
:10AF4000D6E7FFF733F9DBE7000C024600000242C8
:10AF50001CB40020D0000240F8B30020E0B3002071
:10AF600068B300205000024004220023CDE90623EC
:10AF700006A8F0F70FFA002840F0A2805E4BD3F845
:10AF80009C2042F48022C3F89C20D3F89C2002F439
:10AF900080220492049AD3F88C2042F00102C3F874
:10AFA0008C20D3F88C3003F001030593059B2023FC
:10AFB0004F9302245094012651964FF00309CDF887
:10AFC00048914FF00708CDF84C814C4F4FA93846B7
:10AFD000F3F7D6F880234F93509400245194CDF882
:10AFE0004891CDF84C814FA93846F3F7C9F8444849
:10AFF000444B03601D23436084604FF48063C3604F
:10B000000823036144618461C4610462466286620C
:10B01000C46204634463E8F797FF002853D13848BB
:10B02000E867C5651021E9F72BFC00284ED12123E4
:10B0300034931C23359300233693379338934FF47E
:10B04000002239923A933B9301223D923E923F93E4
:10B05000409341934593429343932B4934A8EAF795
:10B06000B1F8002835D1284A00212848EAF7C0F86D
:10B0700090BB2648EAF785F988BB2548254B036035
:10B0800000238363C3630364436481238364E9F718
:10B09000D9FE38BB1D491E48EAF7D4F928BB1C4825
:10B0A000C5F88000C5651021E9F7EAFB00BB002266
:10B0B00005213F20F2F7C8FD3F20F2F7DFFDA5E5AF
:10B0C000FFF774F85AE7FFF771F8A8E7FFF76EF893
:10B0D000ADE7FFF76BF8C6E7FFF768F8C9E7FFF7DA
:10B0E00065F8CAE7FFF762F8D4E7FFF75FF8D6E73D
:10B0F000FFF75CF8DBE700BF000C024600000242ED
:10B10000F0B20020D0010240CCB20020B4B2002046
:10B110003CB200205001024010B504460368264AA4
:10B12000934206D0254A934219D0254A93422DD006
:10B1300010BD244AD2F89C3023F40023C2F89C307E
:10B1400003212148F3F7FCF9E06FE9F73FF8D4F861
:10B150008000E9F73BF84020F2F79EFDE8E7194A46
:10B16000D2F8A43023F48043C2F8A4304FF4C06175
:10B170001548F3F7E5F9E06FE9F728F8D4F880000F
:10B18000E9F724F83D20F2F787FDD1E70D4AD2F820
:10B190009C3023F48023C2F89C30A0210A48F3F7A6
:10B1A000CFF9E06FE9F712F8D4F88000E9F70EF86C
:10B1B0003F20F2F771FDBBE7004C00400038014032
:10B1C00000480040000C02460000024208B5094851
:10B1D000094B03604FF4C05343607F238360C36017
:10B1E0004FF400730361F8F773FF00B908BDFEF771
:10B1F000DDFFFBE718B80020002C004002680F4B71
:10B200009A4200D0704700B583B00D4BD3F89C2014
:10B2100042F40062C3F89C20D3F89C3003F400632E
:10B220000193019B002205211046F2F70DFD00203D
:10B23000F2F724FD03B05DF804FB00BF002C0040D2
:10B24000000C0246FEE71EF0040F0CBFEFF308806F
:10B25000EFF3098000F096B8FEE7FEE7FEE7FEE7B1
:10B260007047000008B50248F8F77AFF08BD00BF34
:10B2700018B8002008B50248E9F787F908BD00BFF3
:10B2800068B3002008B50248E9F77FF908BD00BFA0
:10B290001CB4002008B50248E9F777F908BD00BFE3
:10B2A0003CB2002008B50248E9F76FF908BD00BFBD
:10B2B000F0B2002008B50248E9F767F908BD00BF01
:10B2C00094B4002008B50248E9F75FF908BD00BF53
:10B2D00048B5002008B50248E9F757F908BD00BF96
:10B2E000C4AF002008B50248E9F74FF908BD00BF18
:10B2F0003CB0002008B50248E7F7E0F908BD00BF00
:10B30000B4AE002008B50248E5F71CFA08BD00BF3E
:10B3100070B1002008B50248E5F714FA08BD00BF77
:10B3200034B8002008B50248ECF71AFB08BD00BF8E
:10B3300040AF002008B50248ECF72CFB08BD00BF69
:10B3400040AF002008B50248F5F7F8FA08BD00BF85
:10B35000B4B0002008B50248F6F7F4FA08BD00BF03
:10B3600088B6002008B50248F6F7ECFA08BD00BF21
:10B37000C0B5002008B50248F6F7E4FA08BD00BFE2
:10B3800050B7002010B5A2B0104CA36A01934369D6
:10B39000009383690E4A802102A80FF075FFE36ACB
:10B3A000A36B02AA07E00B4BDB6913F0800FFAD006
:10B3B000084B9962013211780029F4D1054BDB6901
:10B3C00013F0400FFAD000BFFDE700BF00ED00E032
:10B3D0005CCC02080038014000B583B00B4BD3F8B9
:10B3E000942042F00402C3F89420D3F8943003F080
:10B3F00004030193019BF3F74BFA00220F216FF036
:10B400000100F2F721FC03B05DF804FB000C0246DA
:10B4100008B5EAF7D3FC08BD30B589B00446214B26
:10B42000D3F89C2042F01002C3F89C20D3F89C3043
:10B4300003F010030093009B01A902A8EFF7ECFEB4
:10B44000EFF7AEFE184AA2FB00239B0C013B174806
:10B45000174A026040F2E732C26043600023036192
:10B460008360E5F76BF8054650B1124A0E210F488C
:10B47000E5F73EFC3120F2F701FC284609B030BD6B
:10B480000A48E5F7BFF805460028EED10F2C01D990
:10B490000125EAE7002221463120F2F7D5FB064BD1
:10B4A0001C60E2E7000C024683DE1B4334B8002038
:10B4B0000010004011B401080800002010B5034638
:10B4C0000C4A0D490D48006840B10C48006803441F
:10B4D000521A934206D8094A136010BD0748084C17
:10B4E0000460F2E70FF0D8FF0C2303604FF0FF3049
:10B4F000F3E700BF000004200004000000B90020B2
:10B5000050D101200120704708B50FF0C5FF162368
:10B5100003604FF0FF3008BD08B54FF0FF31FFF773
:10B52000F3FFFEE770B50C461646002506E0AFF3C4
:10B530000080214601F8010B01350C46B542F6DBCF
:10B54000304670BD70B50C461646002504E014F870
:10B55000010BAFF300800135B542F8DB304670BD1A
:10B560004FF0FF3070474FF400534B60002070479E
:10B5700001207047002070470D488546E4F7A6FF7C
:10B580000C480D490D4A002302E0D458C45004333E
:10B59000C4188C42F9D30A4A0A4C002301E0136014
:10B5A0000432A242FBD30FF017FCFEF74BFEFEE77E
:10B5B0000000042000000020F4000020383C0308B4
:10B5C000F80000204BD10120FEE70A88D3B2584092
:10B5D0000301DBB280EA030C6046030243EA122354
:10B5E0001BB283EACC0383EA1C130B807047000074
:10B5F0002DE9F04FC9B081460C46D0F808A0D0F82C
:10B600000CB00369019341698369C2690292026ABD
:10B610000392426A0492002005E054F8202008AD0D
:10B6200045F8202001300F28F7DD102022E0821E8F
:10B6300008AC54F822404FEAF44282EA744282EAAB
:10B640009422C41F08AD55F824402244A0F10F04F1
:10B6500055F824504FEAB54484EAF51484EAD50439
:10B660002244A0F1100408AD55F82440224445F8C6
:10B67000202001303F28DADDDDF810E0039E029F34
:10B680001A468846019C5D46D4460020CDF814A099
:10B69000CDF818B0079130E04FEAF22181EAB211FB
:10B6A00081EA7261714402EA070E26EA020A8EEA12
:10B6B0000A0E8E44244951F820100EEB010A08A905
:10B6C00051F820108A444FEA7C3E8EEABC0E8EEA86
:10B6D000BC5E85EA040101EA0C0105EA040B81EA7B
:10B6E0000B0171440130B6463E46174608EB0A028C
:10B6F000A0462C4665460AEB010C3F28CCDDDDF860
:10B7000014A0DDF818B007990CEB0A00C9F808007E
:10B710005D44C9F80C5001980444C9F810404144F4
:10B72000C9F814101A44C9F81820029B1F44C9F81C
:10B730001C70039B1E44C9F82060049B7344C9F825
:10B74000243049B0BDE8F08FB0F4020800B54FF4E2
:10B75000A27C4FF0000EE64520D20EEB0C03013325
:10B760005A0823F0010101EB53030E4951F823302D
:10B7700083420ED883420FD302EB4203094951F8AA
:10B78000233083420CD102EB420201EB82005DF8D0
:10B7900004FB02F1FF3CDEE79646DCE77246EBE78E
:10B7A0000020F4E774E5020808B501464279024832
:10B7B00001F016F808BD00BF78C0002008B5417937
:10B7C000014801F053F808BD78C000202DE9F04190
:10B7D00090B080460F461646056805EBC20303602D
:10B7E000AB4202D2436801334360C5F3C5050BE0A9
:10B7F00008F128002246394628440FF075FB2544FD
:10B800002744361B402D06D036B3C5F14004A6426E
:10B81000EED23446ECE708F12802002314E002EBF4
:10B82000830E0DEB830C9EF803100DF823109EF889
:10B8300002108CF801109EF801108CF8021012F81A
:10B8400023108CF8031001330F2BE8DD69464046C6
:10B85000FFF7CEFE0025D7E710B0BDE8F081F0B5C8
:10B8600093B005460E460468E408C4F1770404F07A
:10B870003F0480238DF80030472200210DF10100A4
:10B880000FF03EFE2B6804F150026A4402F8483C77
:10B89000190A04F14F026A4402F8481C190C04F119
:10B8A0004E026A4402F8481C1B0E04F14D026A4421
:10B8B00002F8483C6B6804F14C026A4402F8483CC8
:10B8C000190A04F14B026A4402F8481C190C04F1ED
:10B8D0004A026A4402F8481C1B0E04F149020DEBAF
:10B8E000020707F8483C04F1090269462846FFF7B9
:10B8F0006DFFEB7A3370AB7A73706B7AB3702B7A1F
:10B90000F370EB7B3371AB7B737113B0F0BD000050
:10B91000002800F0DA802DE9F043A1B00C4615466E
:10B92000064602F1020902F58B7802F21D17002388
:10B9300006930793664B0893664B0993664B0A93ED
:10B94000664B0B93664B0C93664B0D93664B0E93B5
:10B9500003F17453A3F52303A3F692430F9320221C
:10B9600000F1100106A8FFF731FF0A22494606A898
:10B97000FFF72CFFEA7805F10C0106A8FFF726FF78
:10B98000022205F58A7106A8FFF720FF072241462B
:10B9900006A8FFF71BFF04A906A8FFF760FF062211
:10B9A000394604A80FF09CFD30B1022386F83430EC
:10B9B000002021B0BDE8F08395F816710022002325
:10B9C000CDE9022305F2171ED5F817010290B5F84C
:10B9D0001B31ADF80C300CB1002306E0032386F8D0
:10B9E00034300020E5E701339BB222889A4215D912
:10B9F00095F807C003EBC3002044C1788C45F2D111
:10BA0000287A03EBC301214409798842EBD103EB87
:10BA1000C308A04498F80210B942E4D19A4223D155
:10BA20000F2A17D80299314811EB000C039840F106
:10BA30000008B068F168844578EB01000FD3E8791D
:10BA400003EBC3012144C870287A08718F7001325A
:10BA500022801DE0042386F834300020A9E7052366
:10BA600086F834300020A4E700200021CDE9000151
:10BA700003EBC3022244D2F805000090B2F809207B
:10BA8000ADF80420029A90420399019A8A4117D294
:10BA900003EBC3031C44D5F81731C4F80530BEF8D6
:10BAA0000430A4F809300299039AB068F368884218
:10BAB000934101D2B160F260012086F8340078E74A
:10BAC000062386F83430002073E70120704700BF5A
:10BAD00067E6096A85AE67BB72F36E3C3AF54FA51F
:10BAE0007F520E518C68059BABD9831F808D5B0004
:10BAF0002DE9F04383B005460C4690461F460A9E4A
:10BB000000230B70CB78102B7CD8DFE813F01100EA
:10BB10001100350051006C009A00AA00BA00CA005A
:10BB2000E90006012801420175017501B201B20167
:10BB3000B8F1FD0F11D0B8F1FE0F63D10223CB7025
:10BB40000023C37080F802800B7B43F001030B736A
:10BB50004FF0FF330370437054E00223CB70002397
:10BB6000C37080F802800B7B23F001030B734FF04E
:10BB7000FF330370437045E080F8038000230B71AE
:10BB80000388ADF806300DF106014046FFF71DFDB4
:10BB9000BDF806302B80237B13F0010F05D0002366
:10BBA0002B716B710523E3702CE00323E37029E014
:10BBB00080F80480B8F1010F07D98B7801338B70BE
:10BBC00000230B700123CB701CE00388ADF8063016
:10BBD0000DF106014046FFF7F8FCBDF806302B805A
:10BBE0000423E3700EE080F805800388ADF806308A
:10BBF0000DF106014046FFF7E8FCBDF806302B804A
:10BC00000523E3702378012B00F06F810FB1EB78EF
:10BC1000FB7066B1E378F370237933716379013394
:10BC2000737123893381A3787381237B337300235A
:10BC3000A3702378022B00F06181207803B0BDE867
:10BC4000F08380F806800388ADF806300DF1060118
:10BC50004046FFF7BAFCBDF806302B800623E370A0
:10BC6000D0E780F807800388ADF806300DF10601B3
:10BC70004046FFF7AAFCBDF806302B800723E3708F
:10BC8000C0E780F808800388ADF806300DF10601A2
:10BC90004046FFF79AFCBDF806302B800823E3707E
:10BCA000B0E780F8098000238372C3720388ADF87F
:10BCB00006300DF106014046FFF787FCBDF806305F
:10BCC0002B80237B13F0010F07D0EB7813B10B23EC
:10BCD000E37097E70C23E37094E70923E37091E79F
:10BCE000437A827A43EA0223C27A43EA024343EA6E
:10BCF00008224372C2F307238372120CC2720388B4
:10BD0000ADF806300DF106014046FFF75EFCBDF8C8
:10BD100006302B800A23E37074E7437A827A43EA81
:10BD20000223C27A43EA024343EA08424372C3F35E
:10BD300007238372130CC3720388ADF806300DF12C
:10BD400006014046FFF741FCBDF806302B80EB783A
:10BD500013B10B23E37055E70C23E37052E700F1B6
:10BD60000C030A79511C217103F802800388ADF895
:10BD700006300DF106014046FFF727FCBDF80630FE
:10BD80002B802279EB789A427FF43CAF0C23E3704E
:10BD900038E7437A827A43EA0223C07A43EA0040D2
:10BDA000FFF7D4FC8146F8B100792B88ADF8063056
:10BDB0000DF10601FFF709FCBDF806302B80DBB260
:10BDC000984516D00E23E37085F81481237999F8ED
:10BDD00006209342BFF416AF05F10C00D21A0021E1
:10BDE00018440FF08DFB0DE70E23E37085F81481E6
:10BDF00008E70D23E370E7E70E2B03D00388B8EBC9
:10BE0000132F11D00223237085F815812B7913F09D
:10BE1000010F0FD02378022B09D00F23E3700023EA
:10BE200023700D236373EDE601230B70ECE7102301
:10BE3000E370F6E7236983B11A6B4AB16B7AA97A8A
:10BE400043EA0123E97A43EA01412046904720B9B9
:10BE50002378022B01D0032323700123E370002FEA
:10BE60003FF4D0AE40F22312294638460FF03CF89A
:10BE7000C8E64B7BC3F10D03034483F816814B7B6B
:10BE8000013BDBB24B73002B7FF4BCAE0246496929
:10BE90002069FFF73DFD804668B923691B6B53B1EC
:10BEA0006A7AA97A42EA0122E97A42EA0141204605
:10BEB000984700B18046E378102B05D0B8F1000F09
:10BEC00010D00123237001E0022323700123E370CB
:10BED000002F3FF497AE40F22312294638460FF068
:10BEE00003F88FE603232370F0E7AB7963712389AE
:10BEF0000BB9002262810133238187E6002F3FF4D2
:10BF00009CAE95F8143195F8152143EA02233B8045
:10BF100093E6000030B583B004460D4600EB4000C8
:10BF2000009313460A461A4901EBC00140F2231C54
:10BF300018480CFB0400FFF7DBFD831EDBB2012B6E
:10BF400001D903B030BD124904EB4403D80001EB22
:10BF5000C3039A7801329A7000220A540122DA70DF
:10BF6000FD2D01D00020ECE704EB440201EBC203FD
:10BF70000222DA70074940F2231303FB04F40B1981
:10BF80000022DA704FF0FF320A555A70EAE700BF1C
:10BF9000DCBF002008B90020F0B583B0044602AB36
:10BFA00003E906000F46174400E0711C0E468F425D
:10BFB0000FD0A51D04F596732A4609786079FFF71E
:10BFC000A9FF0028F1D02A466179034800F0FAFF62
:10BFD000EBE703B0F0BD00BF78C00020054B1B6845
:10BFE00013F0010F05D1034B01221A60024B00220E
:10BFF0001A6070476CC0002070C00020F0B583B09C
:10C00000437D002B3FD104460146214800F03EFB12
:10C01000ADF804009DF80550002D35D11C4800F006
:10C020006BFC002829D01B4E33685B6A1A493046E6
:10C03000984733689F6903F079FD01463046B84759
:10C04000164E03685B693146984703685B6914497B
:10C05000984703685B693146984703689B693821B4
:10C06000984703685B690F49984703685B690E4905
:10C07000984703685B690D4998479DF8043023751C
:10C080000123637500E00525284603B0F0BD00BF1D
:10C0900078C0002020080120B0CC0208BCCC0208E7
:10C0A000C0CC020810CD020814CD020830CD020821
:10C0B00008B5437D23B1017D024800F04BFB08BD6C
:10C0C0000720FCE778C000201D4B5B7803B9704760
:10C0D0002DE9F04383B0814603F0D0FC07460025EC
:10C0E0001EE04834444519D004EB85035A6BBA1A54
:10C0F000236B4FF47A7101FB03F39A42F1D38DF86D
:10C100000750204650F8083F1B680DF10701083022
:10C11000984718B104EB85067763E2E70135EDB285
:10C12000042D0AD809EB05035B79002BF6D0D9F86A
:10C1300010305C68D3F80880D4E703B0BDE8F08322
:10C1400078C0002070B485B092F800C08D68BCFB48
:10C15000F5F305FB13C34C6804EBC3067268AAB180
:10C1600054F8333000930F4B019301E01B680093A8
:10C17000009B0C4A934209D01A7A9445F6D104EBFD
:10C18000C504029304604660836007E004EBC504C5
:10C190000A69044B039304604260836005B070BC7D
:10C1A000704700BF70C0002070B58AB00E461546BB
:10C1B000C468537A8DF817300DF11702214602A892
:10C1C000FFF7C0FF6368A26803EBC2022169094B55
:10C1D00009930692079108930498984208D08DF825
:10C1E000076003691B682A460DF10701183098475C
:10C1F0000AB070BD70C0002008B5FFF7EFFE08BDA3
:10C20000024A026000220271704700BFD4F50208A2
:10C210000120704701207047007970470162704724
:10C220007047704700B54FF4A27C4FF0000EE64512
:10C2300020D20EEB0C0301335A0823F0010101EB6D
:10C2400053030E4951F8233083420ED883420FD353
:10C2500002EB4203094951F8233083420CD102EB2F
:10C26000420201EB82005DF804FB02F1FF3CDEE7D5
:10C270009646DCE77246EBE70020F4E790F602080A
:10C28000044A026000228260C260034901600271B8
:10C29000704700BF18F60208D4F50208054A02608C
:10C2A000054A026000228260C26004490160027196
:10C2B000704700BF5CF6020818F60208D4F50208C1
:10C2C0000B68036070470B680360704770477047E6
:10C2D0007047704708B5836D1B686030984708BD8C
:10C2E000C368FBB110B504468368EBB10279EAB9C3
:10C2F00008202061A36104F13003236250236362AC
:10C3000004F18003A3624FF41263E36204F11802A4
:10C310004FF49271FDF761FD606148B10123237113
:10C32000002010BD042070470420FAE70520F8E73C
:10C330000120F6E7C3685BB310B5044683684BB3CE
:10C34000816D184A914227D002793ABB4FF40062BE
:10C35000426102690AB91822026123632369A36456
:10C360004FF40063636404F1A40323644FF4C073C7
:10C37000E36304F6A803A36304F1300221460A48EC
:10C38000FDF7C4F8E06258B101232371002010BD0D
:10C39000042070470420FAE70420F8E70520F6E7B8
:10C3A0000020F4E770F60208D5C201082DE9F0413B
:10C3B00005460E46CC788A78FE2A01D00C3117E06B
:10C3C000027044708B798370CB79C3700B7A0371E0
:10C3D0004B7A4371CA780C3106300EF085FDF37844
:10C3E00006331D444FF00508002730E0013CE4B25D
:10C3F000012C04D90B1913F8013C002BF6D02A703C
:10C400006C703379AB707379EB70B3792B71F3790E
:10C410006B71337AAB71737AEB71737AB27A43EAE8
:10C420000223F27A43EA02431B122B72F37A6B72F5
:10C43000224605F10A000EF057FD04F10A031D44DF
:10C44000377917F0010710D04FF009080D2733880E
:10C450002B7033881B0A6B7057B908EB0403F8186C
:10C4600080B2033080B2BDE8F0814FF00908EEE7FA
:10C470003A4606F58B71A81C0EF036FDEDE700007C
:10C4800010B50446044B03600023037108210CF02F
:10C49000ADFC204610BD00BFD4F5020810B504461F
:10C4A000064B036000238360C360054A026003718A
:10C4B00014210CF09BFC204610BD00BF18F60208AA
:10C4C000D4F5020810B50446074B0360074B036020
:10C4D00000238360C360064A026003714FF41A614F
:10C4E0000CF084FC204610BD5CF6020818F6020829
:10C4F000D4F50208C3685BB110B5044683684BB13C
:10C5000003794BB14069FDF78DFD38B9207102E028
:10C5100004207047042010BD0520FCE70120FAE745
:10C5200010B50446C3689BB183688BB143697BB186
:10C5300003696BB1826D094B9A4209D003792BB123
:10C54000C06AFDF7CCF838B9207104E0072002E09A
:10C5500000232371042010BD0120FCE770F60208BF
:10C5600010B50446094B40F8083B002107F07CFC5D
:10C57000002323616361A3616422E2612362A360FB
:10C58000E360034A22602371204610BDF0F50208E3
:10C59000D4F5020810B50446FFF7E2FF2C2120462F
:10C5A0000CF024FC204610BD10B50446054B03607A
:10C5B000836DDB68603098472046FFF7D1FF204647
:10C5C00010BD00BF34F6020810B50446FFF7ECFFBB
:10C5D00040F6282120460CF009FC204610BD000042
:10C5E00070B5054600F5A07400F5B47600E004349B
:10C5F000B44206D020680028F9D005210CF0F6FBE3
:10C60000F5E70B4BC5F8983B0A4BC5F8983B002360
:10C61000C5F8A03BC5F8A43B074AC5F8982B85F898
:10C620009C3B05F5B870FFF7BFFF284670BD00BF03
:10C630005CF6020818F60208D4F5020810B50446A4
:10C640000F4B0360002101710E4B03600E4B8360A2
:10C65000C1600162083007F007FC07E00023A36017
:10C66000E360074A226023710CF0E2FC002323619F
:10C670006361A3616422E2612362204610BD00BFB2
:10C68000D4F50208F0F5020810CC020830B585B0E8
:10C690000023032B17D800EB8302D2F81C2112B120
:10C6A0000133DBB2F5E700EB8300C0F81C118DF815
:10C6B000083000238DF80930BDF80830ADF80C3093
:10C6C000ADF804302EE01D4C23685B6A1C492046FF
:10C6D000984723689D6903F029FA01462046A84738
:10C6E000184C03685B692146984703685B691649E3
:10C6F000984703685B692146984703689B693C211A
:10C70000984703685B691149984703685B6910495A
:10C7100098470023ADF8043004238DF8043001233A
:10C720008DF8053000209DF8043063F307009DF874
:10C73000053063F30F2005B030BD00BF2008012095
:10C74000B0CC0208BCCC020838CD020810CD0208DB
:10C7500084CD020870B50C4600EB8103D3F81C3180
:10C760002BB100EB81010020C1F81C0170BD164DFA
:10C770002B685B6A1549284698472B689E6903F029
:10C78000D5F901462846B047114D03685B69294633
:10C79000984703685B690F49984703685B692946B6
:10C7A000984703689B694821984703685B690A4971
:10C7B000984703685B690949984703689B69214664
:10C7C00098470720D2E700BF20080120B0CC02081C
:10C7D000BCCC020838CD020810CD0208A4CD020856
:10C7E00070B5144600EB8203D3F82C312BB900EB63
:10C7F0008200C0F82C11002070BD164D2B685B6ABA
:10C800001549284698472B689E6903F08FF9014621
:10C810002846B047114D03685B692946984703686D
:10C820005B690F49984703685B6929469847036825
:10C830009B695921984703685B690A4998470368CF
:10C840005B690949984703689B6921469847052019
:10C85000D2E700BF20080120B0CC0208BCCC0208FF
:10C8600038CD020810CD0208E4CD020870B50C46A0
:10C8700000EB8103D3F82C312BB100EB81010020B8
:10C88000C1F82C0170BD164D2B685B6A154928460E
:10C8900098472B689E6903F049F901462846B0473E
:10C8A000114D03685B692946984703685B690F4926
:10C8B000984703685B692946984703689B696A2122
:10C8C000984703685B690A49984703685B690949A7
:10C8D000984703689B69214698470720D2E700BF25
:10C8E00020080120B0CC0208BCCC020838CD0208D8
:10C8F00010CD020834CE020838B5044600F6983050
:10C90000FFF7EEFC00282BD02E4C23685B6A2E49E3
:10C910002046984723689D6903F008F901462046A0
:10C92000A8472A4C03685B692146984703685B69FE
:10C930002749984703685B692146984703689B69C4
:10C940007821984703685B692249984703685B69C7
:10C950002149984703685B6920499847012038BD01
:10C9600004F5B870FFF7E6FC0028F8D0154C2368F2
:10C970005B6A15492046984723689D6903F0D6F8FD
:10C9800001462046A847114C03685B692146984739
:10C9900003685B690E49984703685B6921469847BD
:10C9A00003689B697D21984703685B69094998473B
:10C9B00003685B690A49984703685B6907499847B8
:10C9C0000120CCE72008012074CE0208BCCC02086C
:10C9D00038CD020810CD020880CE020830CD020802
:10C9E00094CE0208F8B51646D279002A00F0D58018
:10C9F00005460F4600F58E7300F5967000E004338F
:10CA000083420CD019680029F9D02C78A242F6D1C3
:10CA10000979347A8C42F2D14FF0FF3059E02B780B
:10CA20009A4201D0002407E0337A002B00F0B8804E
:10CA3000002401E00134E4B295F86831A3421BD927
:10CA400005EB8403D3F8403118788242F2D158784C
:10CA5000317A8842EED19978B942EBD1DA784AB985
:10CA6000727AB17A42EA0122F17A52EA014201D1A4
:10CA7000327CDA7060B22CE00A2B2BD005200CF04F
:10CA800093FE00230360037105EB8403C3F84001A8
:10CA900000284DD0F3790370307A05EB8403D3F886
:10CAA00040114870D3F840319F70737AB17A43EAED
:10CAB0000123F17A53EA014368D1317C05EB84020A
:10CAC000D2F84031D97095F86831013385F8683172
:10CAD00060B2F8BD344C23685B6A344920469847FD
:10CAE00023689D6903F022F801462046A847304C90
:10CAF00003685B692146984703685B692D4998473D
:10CB000003685B692146984703689B694FF49571F8
:10CB1000984703685B692849984703685B69274918
:10CB2000984703685B69264998474FF0FF30D0E784
:10CB30001D4C23685B6A23492046984723689D69FA
:10CB400002F0F4FF01462046A847194C03685B69D0
:10CB50002146984703685B691649984703685B69F3
:10CB60002146984703689B694FF499719847036879
:10CB70005B691149984703685B69134998470368E3
:10CB80005B690F4998474FF0FF30A2E705EB84023D
:10CB9000D2F840310022DA7095E74FF0FF3098E785
:10CBA0004FF0FF3095E700BF2008012074CE020847
:10CBB000BCCC020838CD020810CD0208A8CE02086D
:10CBC00030CD0208B0CC0208C4CE020810B584B043
:10CBD0000C464B7A8A7A43EA0223C87A43EA004039
:10CBE000FFF720FB70B1C37913F0010F13D00C34A1
:10CBF000017A615C13F0020324D131BB002B3CD0DD
:10CC0000002223E00023ADF800308DF8023001232C
:10CC10008DF8023007E00023ADF800308DF80230C7
:10CC200001238DF8023000209DF8003063F30700E7
:10CC30009DF8013063F30F209DF8023063F3174035
:10CC400004B010BD437AE35CD7E700228DF80410EE
:10CC50008DF80530BDF80430ADF808308DF80A20A5
:10CC6000029BADF80C301B0C8DF80E30039BADF819
:10CC700000301B0C8DF80230D5E70122E6E70000FA
:10CC80004B7C082B07D10B7C1E2B06D80448D840C0
:10CC900000F001007047012070470020704700BF7E
:10CCA0000000044438B5837853B904460D464378F0
:10CCB00033B9FFF7E5FF18B1EB79237001236370F7
:10CCC00038BD38B5012303700023437000F58E741E
:10CCD00000F5967503E003681B6898470434AC427E
:10CCE00003D020680028F6D1F8E738BD10B5044617
:10CCF000104B0360002303710F4A02608360C3601E
:10CD000003610E4A026043618361C361036243624F
:10CD10008362C362083007F0A7F809E0064B23607E
:10CD20000023A360E360034A226023710CF080F9C2
:10CD3000204610BDD4F5020818F602085CF6020879
:10CD40000B46114602799AB110B5CAB004461B7859
:10CD50008DF8043040F223120DF105000EF0C4F8F6
:10CD600000231A4601A96069FDF7AAF84AB010BD70
:10CD70004FF0FF30704700B583B003468DF80710C1
:10CD800090F89C0B10B903B05DF804FB0DF107019E
:10CD900003F69830FFF7D4FFB0FA80F04009F2E7CD
:10CDA000F8B507460D461646002406E032462146F1
:10CDB0003846FFF7E0FF0134E4B2042C02D8AC425D
:10CDC000F4D1F8E7F8BD2DE9F04F87B004460F46DF
:10CDD000154600F58E7300F5967000E0043383422B
:10CDE00011D01A68002AF9D02678E9798E42F5D157
:10CDF0001279297A9142F1D10023ADF80C30042345
:10CE00008DF80C3034E02A4639462046FFF7EAFD1B
:10CE1000002805DB04EB8000D0F840311B79F3B922
:10CE20006B7AAA7A43EA0223EA7A43EA02436D2B39
:10CE30002AD0F62B2FD0ABBB29462046FFF732FF76
:10CE40002A4639462046FFF7ABFF0023ADF80C30E9
:10CE500005238DF80C3001238DF80D3008E00023F8
:10CE6000ADF80C3005238DF80C3001238DF80D3012
:10CE700000209DF80C3063F307009DF80D3063F33C
:10CE80000F2007B0BDE8F08F0023ADF80C3004236D
:10CE90008DF80C30ECE70023ADF80C3004238DF84E
:10CEA0000C30E5E729462046FFF790FE8DF8080094
:10CEB000C0F307238DF80930C0F307408DF80A004E
:10CEC0005FFA80FBBBF1000F0BD19DF809A09DF824
:10CED00008802378984513D0002600968DF80460CA
:10CEE0003AE02A4639462046FFF75AFF0023ADF8BC
:10CEF0000C3005238DF80C3001238DF80D30B7E789
:10CF0000BAF1000F1AD0002301E00133DBB2032B8A
:10CF1000E2D804EB8302D2F81C21002AF5D0127962
:10CF20009245F2D18DF8103001238DF81130BDF803
:10CF30001030ADF81430ADF80C3099E74FF0010B1C
:10CF4000CAE79978B94205D001F118036B4413F888
:10CF5000183CA3B10136F6B294F86831B3421DD93A
:10CF6000B14604EB8603D3F840311A789045F1D1ED
:10CF7000BAF1000FE5D05A789245EBD1E1E72A46A5
:10CF80002046FFF7F8FE04EB8909D9F840319B7879
:10CF900018336B44012203F8182CDBE7BBF1000FB8
:10CFA00009D00023ADF80C3005238DF80C30012397
:10CFB0008DF80D305CE70023ADF80C3004238DF8BC
:10CFC0000C3055E7F0B583B007460E461546FFF71F
:10CFD000FAFEADF804009DF8053063B19DF8043009
:10CFE000052B0AD007EB8300D0F81C0118B12A46A4
:10CFF0003146FFF7D9F803B0F0BD07F58E7407F599
:10D00000967704E02A463146FFF7CEF80434BC4256
:10D01000F1D020680028F5D1F8E708B51346027969
:10D0200022B100224069FCF7A5FF08BD4FF0FF3098
:10D03000FBE770B5CCB004464FF49272002101A812
:10D040000EF05EFA4FF0FF3201A904F69830FFF7B8
:10D05000E4FF0028F6D19DF8043004EB8303D3F8F5
:10D060002C31002BEED0E51C0DF105012846FFF711
:10D070009DF99DF8043004EB8303D3F82C311A6832
:10D0800016684A954B904CAA12E906001846B0471C
:10D09000D8E708B50068FFF7CCFF08B5FFF7F9FF40
:10D0A00008B504200BF0FEFE00220260034A026075
:10D0B000034A0260034A04490CF05CFB2024030885
:10D0C000D024030811990208BC24030808B50146BE
:10D0D0000020FFF7E5FF000070B505460C46064648
:10D0E00056F8083BDB683046984723682146044AD7
:10D0F00041F8082B2B609B6830469847284670BD46
:10D1000070F602082DE9F04393B0044688461546B0
:10D110001F46FFF793FA224B23600026E662242283
:10D12000314604F130000EF0EBF9DFF87890C4F8E6
:10D130005890C4F8A0604FF40062314604F1A40096
:10D140000EF0DEF94FF4C072314604F6A8000EF07E
:10D15000D7F9C4F810802B68294641F8089B009342
:10D160009B6802A89847694604F15800FFF7B4FF8E
:10D17000009BDB6802A89847394604F1080006F0D6
:10D1800073FE09E0A36DDB6804F160009847204658
:10D19000FFF7E6F90BF04CFF204613B0BDE8F08333
:10D1A00034F6020870F6020830B593B00446012345
:10D1B000037000234370837080F8683100F5B87500
:10D1C000104B00930290104B6A4618212846FFF737
:10D1D00099FF009BDB6802A898470C4904F6983039
:10D1E000FFF784FD0AE0009BDB6802A898470BF07C
:10D1F0001FFF2846FFF7D8F90BF01AFF204613B09F
:10D2000030BD00BF80F60208F4CE020800CF02084D
:10D2100010B50A4C2046FFF7C7FF094A09492046C6
:10D220000BF06CFD084B1B6813F0010F05D1064B8A
:10D2300001221A60054B00221A6010BD78C0002040
:10D2400000000020E1C501086CC0002070C0002073
:10D2500008B5FFF7DDFF08BD0020704700207047CC
:10D2600082B002AB03E9060002B070476AB110B5A4
:10D2700082B013460068026854690091019302ABC2
:10D2800013E90600A04702B010BD704708B5128828
:10D290000968FFF7EBFF08BD0B68036070470B6878
:10D2A000036070477047000030B58BB090F849318B
:10D2B000002B2CD1044690F84831002B51D13A4C28
:10D2C00023685B6A39492046984723689D6902F0C4
:10D2D0002DFC01462046A847354C03685B69214672
:10D2E000984703685B693349984703685B6921463F
:10D2F000984703689B693421984703685B692E4906
:10D30000984703685B692D499847012526E0264C1C
:10D3100023685B6A25492046984723689D6902F087
:10D3200005FC01462046A847214C03685B6921465D
:10D33000984703685B691F49984703685B69214602
:10D34000984703689B692F21984703685B691A49CE
:10D35000984703685B691A499847012528460BB02E
:10D3600030BDFEF721FA0546A8B9164B009302948A
:10D37000D4F844010368DB6969469847009BDB6881
:10D3800002A89847D4F8440103689B689847012392
:10D3900084F84931E2E70125E0E7009BDB6802A859
:10D3A00098470BF045FE00BF20080120B0CC0208D2
:10D3B000BCCC020808CF020810CD020884CF0208B6
:10D3C0005CCF02080C06030838B590F8493163B108
:10D3D0000446D0F844010368DB6898472046FEF70E
:10D3E000EDF9002084F8490138BD144C23685B6ACC
:10D3F00013492046984723689D6902F097FB014630
:10D400002046A8470F4C03685B692146984703688C
:10D410005B690D49984703685B6921469847036833
:10D420009B695021984703685B69084998470368DE
:10D430005B69074998470120D6E700BF2008012013
:10D44000B0CC0208BCCC020808CF020810CD0208FC
:10D45000B0CF020810B50446064B0360FFF7B4FFD7
:10D46000054B23602046FEF7A9F9044B23602046B4
:10D4700010BD00BFF40503085CE50208D4050308ED
:10D4800000B583B06B4683E8060093E80600D0F849
:10D49000440103F011FAB0FA80F0400903B05DF8DE
:10D4A00004FB10B50446FFF7D5FF4FF4A6712046E4
:10D4B0000BF09CFC204610BD90F8C53163B100B55F
:10D4C00083B003685B690091019202AA12E9060029
:10D4D000984703B05DF804FB7047A0F5A270FFF712
:10D4E000EBBF0000F8B590F8C531002B30D10446F1
:10D4F00090F8C431002B58D1604C23685B6A6049B6
:10D500002046984723689D6902F010FB014620469B
:10D51000A8475C4C03685B692146984703685B69D0
:10D520005949984703685B692146984703689B6996
:10D530003921984703685B695449984703685B69D8
:10D540005349984703685B695249984701252AE087
:10D550004A4C23685B6A4A492046984723689D697C
:10D5600002F0E4FA01462046A847464C03685B698E
:10D570002146984703685B694349984703685B699C
:10D580002146984703689B693421984703685B6983
:10D590003E49984703685B693F49984703685B6960
:10D5A0003C49984701252846F8BDFEF7FDF8054699
:10D5B00000282BD0314C23685B6A314920469847BC
:10D5C00023689D6902F0B2FA01462046A8472D4C17
:10D5D00003685B692146984703685B692A49984755
:10D5E00003685B692146984703689B693E21984719
:10D5F00003685B692549984703685B692749984731
:10D6000003685B69234998470125CCE704F5A272BA
:10D61000B4F85011D4F8480104F00CFA002829D1CC
:10D62000164E33685B6A16493046984733689F69DF
:10D6300002F07CFA01463046B847124E03685B6937
:10D640003146984703685B690F49984703685B69EF
:10D650003146984703689B694421984703685B6992
:10D660000A49984703685B690D49984703685B69F5
:10D6700008499847012384F8C53194E72008012020
:10D68000B0CC0208BCCC0208DCCF020810CD0208E6
:10D6900084CF020830CD02085CCF020830D00208E7
:10D6A00054D0020838B590F8C531002B27D11B4C57
:10D6B00023685B6A1A492046984723689D6902F0EF
:10D6C00035FA01462046A847164C03685B69214697
:10D6D000984703685B691449984703685B6921466A
:10D6E000984703689B695221984703685B690F4913
:10D6F000984703685B690E499847012038BD044686
:10D70000B0F85011D0F8480104F040FA2046FEF776
:10D7100055F8002084F8C501F0E700BF200801207B
:10D72000B0CC0208BCCC0208DCCF020810CD020845
:10D73000B0CF020800B585B004AB03E90600BDF820
:10D740000C300193009190F85231B0F8502100F55F
:10D75000A671D0F8480104F0B9F8B0FA80F0400999
:10D7600005B05DF804FB000010B504460B4B0360E8
:10D77000002380F82C3003638363C3630364436333
:10D78000C3644365436483640365C365036643669A
:10D7900083658366FEF7E4FE204610BD181E03086D
:10D7A00010B504460B4B03602433C0F84431FFF737
:10D7B00079FF04F5AA70FFF7D7FF074BC4F844318F
:10D7C000064B23602046FDF7F9FF054B23602046FA
:10D7D00010BD00BF38060308240603085CE50208F4
:10D7E000D4050308A0F5A270DAE700BF10B504461F
:10D7F000FFF7D6FF4FF4E47120460BF0F7FA20460E
:10D8000010BDA0F5A270F1E710B50446FFF7ACFF1C
:10D810006C2120460BF0EAFA204610BD044BD3F8E9
:10D8200080301B68986C80B2C0F58070704700BF74
:10D8300088B6002008B50F4BD3F89030082B00D0E5
:10D8400008BD0C4BD3F880305BB15B6B812BF7D0FC
:10D85000094B19684FF480725C310648F4F720F8E0
:10D86000EEE7054B19684FF480725C310148F3F71D
:10D87000FDFEE5E788B60020B0D5002008B50D4BC9
:10D88000D3F8803063B15B6B812B00D108BD0A4BAC
:10D8900019684FF480725C310648F4F701F8F5E737
:10D8A000054B19684FF480725C310248F3F7DEFED5
:10D8B000ECE700BF88B60020B0D50020F8B50746D9
:10D8C000B0B10D46164644686CB1216928460DF08A
:10D8D000F1FB08B92046F8BD324629463868FFF703
:10D8E000EDFF0446F6E70068FFF7E8FF0446F1E7BE
:10D8F0000446EFE72DE9F84F604B1C68FFF78EFFF9
:10D900000746D4F85C61861B04D4002E40F3B48033
:10D91000002519E006F58076F7E7D4F8608204EB7D
:10D920000803002283F86021D4F864320BB9C4F8EC
:10D930006482D4F86492B9F1000F28D10023C4F8AE
:10D940006032C4F864320135AE4240F39380D4F8BB
:10D950005C312B44FF2B01DDA3F58073234493F846
:10D960005C300A2BD9D00D2BD7D03A2B7DD0D4F8F0
:10D970006022FF2A02DD0022C4F86022D4F860226F
:10D98000511CC4F86012224482F86031DBE74A4639
:10D9900004F5B07104F15400FFF790FF0028CDD0DA
:10D9A00002782AB98268002AC8D0C0689047C5E7C3
:10D9B000022A0CD0012AC1D18268002ABED0C068D8
:10D9C000A8EB0908B8F1010C30D4002138E0D0F8F8
:10D9D00008A0BAF1000FB1D0D0F80CB0A8EB09083C
:10D9E000B8F1010001D4002209E008F1FF00FAE7D4
:10D9F000234493F86011A31883F86812013290420F
:10DA000007DD09F101031344FF2BF1DDA3F580735A
:10DA1000EEE72044002380F8683204F51A700DF018
:10DA200003FDCBF804005846D04787E708F1FF0C08
:10DA3000CBE7234493F860E1631883F868E201318F
:10DA40008C4507DD09F101030B44FF2BF1DDA3F544
:10DA50008073EEE704EB0C03002183F86812C0F832
:10DA600004C004F51A71904768E7D4F86032C4F82E
:10DA7000643268E7C4F85C71BDE8F88FB0D5002067
:10DA800010B54FF45A7005F085FF184C2060002344
:10DA9000C0F860321649083006F0E6F920684FF405
:10DAA0000063436180614FF47A73C361114B036279
:10DAB00006F030F8104B114AC3F8A420104AC3F8FE
:10DAC000A020D3F880303BB121684FF480725C31E4
:10DAD0000948F3F7E5FE10BD044B19684FF4807256
:10DAE0005C310548F3F7C2FDF5E700BFB0D5002073
:10DAF00070D0020805DB010888B6002035D801087F
:10DB00007DD8010810B50446FFF7F4FE204605F065
:10DB1000FCFFF9E7024A026000224260027270478D
:10DB2000700603080120704701207047007A704793
:10DB30007047704770470000034A0260034A026062
:10DB400000224260027270478C06030870060308C8
:10DB50000120704701207047704710B504460368E4
:10DB60005B6A9847204610BD38B504460F4D0368E0
:10DB70005B6A2946984723685B6A0D4920469847A7
:10DB800023685B6A0B492046984723685B6A0A4909
:10DB90002046984723685B6A0849204698472368CF
:10DBA0005B6A29462046984738BD00BF78D00208F6
:10DBB000A0D00208B4D00208CCD00208DCD0020801
:10DBC000044A0260044A0260044A02600022426081
:10DBD00002727047C00603088C060308700603082B
:10DBE00010B5437A2BB1002A1BDD0F4B1C680020B7
:10DBF00013E0642302FB03F392B20C48F3F714FC26
:10DC00000EE011F800C094F86C3203F1010E84F8B4
:10DC10006CE2234483F86CC001309042F1DB0020B9
:10DC200010BD0020FCE700BFB4D5002088B600205E
:10DC300038B504460D460846E2F7F8FB024623686D
:10DC40001B6A29462046984738BD000008B50121C7
:10DC5000024B186806F05FF808BD00BFB4D500207D
:10DC600038B5044600F10A05FDEEC07A17EE902A99
:10DC7000DFED0E7A20EE270ABDEEC00A6FF06303D7
:10DC800010EE101A03FB0213002BB8BF5B420849C9
:10DC900028460DF02DFB20440023837223685B6A25
:10DCA000294620469847204638BD00BF0000C8429C
:10DCB000F4D0020838B504460A4600F10A050749BF
:10DCC00028460DF015FB20440023837223685B6A0D
:10DCD000294620469847204638BD00BFFCD00208A0
:10DCE00010B50446064B0360064B0360064B036009
:10DCF0000023436003722C210BF078F8204610BDFE
:10DD0000C00603088C0603087006030810B5044615
:10DD1000054B0360054B03600023436003720C2135
:10DD20000BF064F8204610BD8C060308700603084B
:10DD300010B50446044B03600023436003720C21BA
:10DD40000BF054F8204610BD7006030801234372FF
:10DD50007047000010B5154BDB6FFBB14FF41C7022
:10DD600005F018FE0446124B18601249083006F000
:10DD70007BF8002384F82C3040F2044363610823CD
:10DD800023616423E3610C4B2362204605F054FFBA
:10DD9000064B0A4AC3F89820002010BD42F21073C7
:10DDA000442207490148F3F73FFBF5E788B6002016
:10DDB000B4D5002000D10208C5DD01084DDC010802
:10DDC00004D1020810B51A4B1C6826E00CEB0301C5
:10DDD00054FA81F191F86C00E11881F86C0101337B
:10DDE000DBB29342F2D304F5B6711248F3F790FC1C
:10DDF00060B94FF47A720121204605F091FF0128A5
:10DE00000BD194F86C3284F86D3206E0204605F0B0
:10DE10000EFF02E0204605F00AFF94F86C2294F809
:10DE20006DC2A2EB0C0212F0FF02F3D00023D8E780
:10DE3000B4D5002088B6002000207047437A012B1B
:10DE400008D1037C012B07D1037A3BB10023037275
:10DE50001846704707207047072070470520704715
:10DE6000034A0260034A0260002242600272704765
:10DE7000F406030870060308044A0260044A0260BC
:10DE8000044A0260002242600272704714070308CD
:10DE9000F40603087006030838B5037A0BB90020AE
:10DEA00038BD0446EFF3108572B600F120014069D9
:10DEB000E4F772FE18B185F310880020F0E760697E
:10DEC000E4F760FA64216069E4F704FB6069E4F751
:10DED000E7FBE0606069E4F7C9FA85F31088E06861
:10DEE000DEE70000437A012B56D170B50446017C71
:10DEF000012953D1027A002A52D12A4A02EBC302E5
:10DF00008261294B03EB0113C361526842615B6874
:10DF100003621168254B994224D00025156143699D
:10DF200083F82450436901229A62436983F8405080
:10DF3000436904269E614069E3F75AFF4FF6FF727A
:10DF40004FF001116069E5F781FE06236362022349
:10DF5000A3624FF6FF73E3622663656301232372B6
:10DF6000002070BD00251561436983F82450436982
:10DF700001229A62436983F84050436904229A61FE
:10DF80004069E3F735FF4FF6FF7229466069E5F710
:10DF90005DFE6562A562E1E7072070470720E0E7C4
:10DFA0000520DEE7D8080308B80803080010024679
:10DFB00010B50446064B0360064B0360064B036036
:10DFC00000234360037240210AF010FF204610BD79
:10DFD00014070308F40603087006030810B5044686
:10DFE000054B0360054B036000234360037210215F
:10DFF0000AF0FCFE204610BDF40603087006030874
:10E0000088B02B4BD3F88C2042F00102C3F88C204F
:10E01000D3F88C2002F001020192019AD3F88C20EF
:10E0200042F00202C3F88C20D3F88C2002F00202E6
:10E030000292029AD3F88C2042F00402C3F88C209A
:10E04000D3F88C2002F004020392039AD3F88C20B8
:10E0500042F00802C3F88C20D3F88C2002F00802AA
:10E060000492049AD3F88C2042F01002C3F88C205A
:10E07000D3F88C2002F010020592059AD3F88C2078
:10E0800042F04002C3F88C20D3F88C2002F040020A
:10E090000692069AD3F88C2042F08002C3F88C20B6
:10E0A000D3F88C3003F080030793079B08B07047C8
:10E0B000000C0246844648B30023FF2001E00133F0
:10E0C0009BB20F2B07D8144A32F813208A42F6D19C
:10E0D000D8B21023F3E7FF281AD00023FF2101E074
:10E0E00001339BB20F2B07D80C4A52F8232062450C
:10E0F000F6D1D9B21023F3E7FF290BD000F00F00BF
:10E1000040EA0110C0B20130C0B270470020704731
:10E110000020704700207047980903083400002051
:10E12000072070470020704707207047072070477E
:10E130000720704707207047072070470720704767
:10E140000720704707207047072070470720704757
:10E150000720704710B582B08DF807200368DC698E
:10E1600001230DF10702A04702B010BD10B582B027
:10E17000ADF806200368DC6902230DF10602A04712
:10E1800002B010BD10B582B001920368DC690423AF
:10E190000DEB0302A04702B010BD10B582B0CDE96F
:10E1A00000230368DC6908236A46A04702B010BD5B
:10E1B00030B4047A9CB103EB010CC468E568AC454B
:10E1C0000FD8A06800EB010C002103E011F80C004F
:10E1D000505401319942F9DB002030BC70470720D0
:10E1E000FBE70720F9E710B503685C6B0123A04744
:10E1F00010BD10B503685C6B0223A04710BD10B5BD
:10E2000003685C6B0423A04710BD10B503685C6B0A
:10E210000823A04710BD037A0BB900207047C368DC
:10E22000D8687047437A9A1ED2B20A2A0BD8027A6B
:10E230005AB903EB8303064A02EB8303C36001234D
:10E24000037200207047072070470520704700BF09
:10E250002C070308437A023BDBB20A2B05D8037A6A
:10E260002BB1002303721846704707207047052022
:10E2700070470000034A0260034A026000224260C5
:10E2800002727047C009030870060308044A02605E
:10E29000044A0260044A026000224260027270472F
:10E2A000100A0308C00903087006030810B586B0F9
:10E2B000037A1BB90724204606B010BD0023019342
:10E2C0000293039304930593022302930123039380
:10E2D0000593C3681B690493EFF78EFD01A902A89B
:10E2E000EFF788FE0446EFF7A9FDE4E72DE9F043D8
:10E2F00085B09846037A002B3AD01546C3689E68CD
:10E300000E444144DB68994238D8EFF775FD4FF071
:10E31000000911E0981815F803C00DF800C001338A
:10E320009C42F7D86A460120EFF71CFD8146C8B928
:10E3300026442544A7EB0408B8F1000F15DD26F0AC
:10E340000F010B6800934B6801938B680293CB68B5
:10E350000393721A8C1B10344746A04500D24446E2
:10E360000023DDE7EFF76AFD04E0EFF767FD01E06A
:10E370004FF00709484605B0BDE8F0834FF00709A4
:10E38000F8E7F8B504460E4615461046E2F74EF893
:10E3900003462268D7692A4631462046B847F8BD69
:10E3A00010B50446064B0360064B0360064B036042
:10E3B00000234360037220210AF018FD204610BD9F
:10E3C000100A0308C00903087006030810B50446C4
:10E3D000054B0360054B03600023436003720C216F
:10E3E0000AF004FD204610BDC009030870060308AA
:10E3F00010B584B0019102F17843B3F5002F3CD2FF
:10E4000004461F4B9A4234D84FF00063D31A07EEEC
:10E41000103ADDED017AF8EE677ADFED1A6A67EE01
:10E42000A67AFCEEE77A17EE903A013307EE903ABF
:10E43000F8EE677AB8EE477A27EE267ABCEEC77A0E
:10E44000022323610E4B9A4215D80123636184EDA8
:10E45000067AFCEEE77AC4ED077AEFF7CDFC03A964
:10E4600004F11000EFF7C6FDEFF7E8FC012004B05F
:10E4700010BD054BCAE70223E8E70020F7E700BF1D
:10E48000FFFF03080000003900000408F8B50E463D
:10E4900017461C46EFF7B0FCA4F111036F2B03D90C
:10E4A000102C0FD9002531E03A46314644F20100E4
:10E4B000EFF758FC0546EFF7C1FC002D42D00025D0
:10E4C0002846F8BD3A4631460120EFF74BFC054699
:10E4D000EFF7B4FCC5B30025F2E77A19A91944F2A5
:10E4E0000100EFF73FFC38B94FF47A70EFF7C0FC4A
:10E4F00028B98035803C09E0EFF7A0FCE0E7EFF7B2
:10E500009DFCDDE7EFF79AFCDAE71035BCB17F2C14
:10E51000E3D8103C6F2C0FD87A19A9190120EFF716
:10E5200021FC0028EED14FF47A70EFF7A1FC00280F
:10E53000EBD0EFF783FCC3E7EFF780FCC0E7EFF722
:10E540007DFCBDE72546BBE72546B9E707207047B8
:10E550000720704707207047072070470720704743
:10E560000246002300E00133012B08DC054951F885
:10E5700023000028F7D001699142F4D100E0002087
:10E58000704700BFBCD50020034A0260034A026006
:10E590000022426002727047600A03087006030896
:10E5A000044A0260044A0260044A02600022426097
:10E5B00002727047900A0308600A03087006030895
:10E5C00010B504460069E7F7FFFC23691B68104A91
:10E5D000934209D00F4A934210D02069E7F71CFC00
:10E5E000003818BF012010BD0B4B5A6F42F40012C7
:10E5F0005A675A6F22F400125A67EEE7064B5A6FB9
:10E6000042F480025A675A6F22F480025A67E4E7A4
:10E610000054004000580040000C024638B5457ACE
:10E62000012D63D10446037A002B62D100221146EA
:10E630000120FBF79CFAA061002211460120FBF7A4
:10E6400096FAE061A369002B51D000284FD0637A7D
:10E6500003EB4302284B03EBC2036362586820615B
:10E66000E7F7B2FC002842D12369244A5A602269A4
:10E670000023936022690121D1602269136122691C
:10E680005361226993612269D3612269136220690F
:10E69000E7F7C2FB58BB00212069EBF7FBFA30BB60
:10E6A000174A00212069E7F7CBFC00BB154A01217E
:10E6B0002069E7F7C5FCD0B9134A05212069E7F7BF
:10E6C000BFFCA0B9114A06212069E7F7B9FC70B96F
:10E6D0000F4A07212069E7F7B3FC40B901222272F3
:10E6E000617A0C4A42F82140054600E00725284699
:10E6F00038BD0525FBE700BFE8080308FFEAC000B6
:10E700006BE701085BE701084BE701083BE70108FD
:10E7100019E70108BCD5002010B5FFF721FF58B15B
:10E720000446012380F8203080F821308069FBF70F
:10E73000F3FAE069FBF7F0FA10BD08B5FFF710FF38
:10E7400010B1C069FBF7E8FA08BD08B5FFF708FF8C
:10E7500010B18069FBF7E0FA08BD08B5FFF700FFCC
:10E7600010B1C069FBF7D8FA08BD08B5FFF7F8FE8D
:10E7700010B18069FBF7D0FA08BD000070B5457A8A
:10E78000012D2BD10446037A5BB300210069E7F722
:10E79000F1FC01212069E7F7EDFC05212069E7F78D
:10E7A000E9FC06212069E7F7E5FC07212069E7F786
:10E7B000E1FC2069E7F708FC064680B9A069FBF791
:10E7C000E9FAE069FBF7E6FA0023A361E361617A05
:10E7D000054A42F821302372354600E007252846D5
:10E7E00070BD0525FBE700BFBCD5002010B5044671
:10E7F000064B0360064B0360064B03600023436037
:10E80000037228210AF0F2FA204610BD900A03088C
:10E81000600A03087006030810B50446054B036040
:10E82000054B036000234360037210210AF0DEFAF7
:10E83000204610BD600A03087006030810B50446A0
:10E840008069FBF71DFA10F1020F04D094F8203014
:10E850003BB9002010BDA1892069E9F72DF80720F8
:10E86000F8E7002384F820300120F3E710B50446D0
:10E87000C069FBF705FA10F1020F04D094F82130BB
:10E880003BB9002010BDA1892069E9F715F80720E0
:10E89000F8E7002384F821300120F3E700B587B0C2
:10E8A0008DF817204FF47A730293012301930DF131
:10E8B000170200920A4681890069E8F777FA07B0E3
:10E8C0005DF804FB72B110B584B04FF47A73029313
:10E8D0000123019300920A4681890069E8F77AFBD7
:10E8E00004B010BD0720704781B113460A46002BC3
:10E8F0000EDD00B583B04FF47A7100919BB281892F
:10E900000069E7F7DBFC03B05DF804FB0720704704
:10E910000720704781B113460A46002B0EDD00B573
:10E9200083B04FF47A7100919BB281890069E7F757
:10E93000B9FD03B05DF804FB07207047072070475E
:10E9400010B582B004460B480270002384F82030D2
:10E950000123019300900A46A1892069E8F754FC3D
:10E9600010B1012002B010BD4FF47A712046FFF7BC
:10E9700065FFF7E7B9D50020BAB110B582B00446FB
:10E98000002380F821300123019300920A468189F7
:10E990000069E8F7C3FC10B1012002B010BD4FF4CC
:10E9A0007A712046FFF762FFF7E707207047B1B1A1
:10E9B00038B5044615460A46002D12DD002380F8BE
:10E9C0002030ABB281890069E7F762FE08B101200F
:10E9D00038BD05F164012046FFF730FFF8E7072056
:10E9E00070470720F4E7B1B138B5044615460A462A
:10E9F000002D12DD002380F82130ABB2818900693F
:10EA0000E7F7CAFE08B1012038BD05F164012046D0
:10EA1000FFF72CFFF8E7072070470720F4E7000016
:10EA200010B582B004460B480270002384F82030F1
:10EA30000123019300900A46A1892069E8F7F4FCBC
:10EA400010B1012002B010BD4FF47A712046FFF7DB
:10EA5000F5FEF7E7B8D5002008B5037D012B05D0FA
:10EA6000022B06D043B9FFF719FF08BDFFF768FF77
:10EA7000FBE7FFF7D5FFF8E70720F6E7BAB110B5D7
:10EA800082B00446002380F82130012301930092D4
:10EA90000A4681890069E8F7EBFD10B1012002B058
:10EAA00010BD4FF47A712046FFF7E0FEF7E707202C
:10EAB000704708B5037D012B05D0022B06D043B962
:10EAC000FFF700FF08BDFFF757FFFBE7FFF7D6FF93
:10EAD000F8E70720F6E7B1B138B5044615460A460F
:10EAE000002D12DD002380F82030ABB2818900694F
:10EAF000E7F7D6FE08B1012038BD05F164012046D4
:10EB0000FFF79CFEF8E7072070470720F4E708B5F9
:10EB1000037D012B05D0022B06D043B9FFF7E4FE9D
:10EB200008BDFFF744FFFBE7FFF7D5FFF8E7072035
:10EB3000F6E7B1B138B5044615460A46002D12DD98
:10EB4000002380F82130ABB281890069E7F7EAFF42
:10EB500008B1012038BD05F164012046FFF786FEAB
:10EB6000F8E7072070470720F4E708B5037D012B7D
:10EB700005D0022B06D043B9FFF7CCFE08BDFFF746
:10EB800032FFFBE7FFF7D5FFF8E70720F6E70000C5
:10EB900008B5034A034904480AF0B0F808BD00BFAD
:10EBA0000000002071EC0108C4D5002038B50546EE
:10EBB0000B4B1B6801E004F19003094A52681C46A4
:10EBC00093420BD01B88AB42F5D1A368054A934210
:10EBD000F1D01B6804F110009847ECE738BD00BF86
:10EBE000C4D5002070F6020838B505460B4B1B68EB
:10EBF00001E004F19003094A52681C4693420BD08D
:10EC00001B88AB42F5D1A368054A9342F1D01B683B
:10EC100004F110009847ECE738BD00BFC4D50020D0
:10EC200070F6020808B5084602EBC20211010AF0AC
:10EC3000DDF808BD10B5044601688268521A121149
:10EC4000034B03FB02F209B1FFF7ECFF204610BDB6
:10EC5000398EE33838B504460D4606E0204650F8B4
:10EC6000083FDB68083098479034A542F6D138BD9C
:10EC700010B5044641680068FFF7ECFF2046FFF737
:10EC8000D9FF204610BD08B5FFF782FF08BD000080
:10EC900000B583B00123ADF806300A4B1B6843B1C1
:10ECA000094A106828B1BDF8061089B29847ADF836
:10ECB0000600BDF8060080B2EFF738FD03B05DF83E
:10ECC00004FB00BF10D60020D0D5002000B583B0D3
:10ECD0000223ADF806300A4B5B6843B1094A50681D
:10ECE00028B1BDF8061089B29847ADF80600BDF806
:10ECF000060080B2EFF71AFD03B05DF804FB00BF19
:10ED000010D60020D0D5002000B583B00423ADF884
:10ED100006300A4B9B6843B1094A906828B1BDF898
:10ED2000061089B29847ADF80600BDF8060080B21B
:10ED3000EFF7FCFC03B05DF804FB00BF10D6002029
:10ED4000D0D5002000B583B00823ADF806300A4BBB
:10ED5000DB6843B1094AD06828B1BDF8061089B212
:10ED60009847ADF80600BDF8060080B2EFF7DEFC6C
:10ED700003B05DF804FB00BF10D60020D0D5002002
:10ED800000B583B01023ADF806300A4B1B6943B1C0
:10ED9000094A106928B1BDF8061089B29847ADF844
:10EDA0000600BDF8060080B2EFF7C0FC03B05DF8C6
:10EDB00004FB00BF10D60020D0D5002000B583B0E2
:10EDC0002023ADF806300A4B5B6943B1094A50690C
:10EDD00028B1BDF8061089B29847ADF80600BDF815
:10EDE000060080B2EFF7A2FC03B05DF804FB00BFA1
:10EDF00010D60020D0D5002000B583B04023ADF858
:10EE000006300A4B9B6943B1094A906928B1BDF8A5
:10EE1000061089B29847ADF80600BDF8060080B22A
:10EE2000EFF784FC03B05DF804FB00BF10D60020B0
:10EE3000D0D5002000B583B08023ADF806300A4B52
:10EE4000DB6943B1094AD06928B1BDF8061089B21F
:10EE50009847ADF80600BDF8060080B2EFF766FCF3
:10EE600003B05DF804FB00BF10D60020D0D5002011
:10EE700000B583B04FF48073ADF80630094B1B6AC0
:10EE800043B1094A106A28B1BDF8061089B2984703
:10EE9000ADF80600BDF8060080B2EFF747FC03B0FE
:10EEA0005DF804FB10D60020D0D5002000B583B05B
:10EEB0004FF40073ADF80630094B5B6A43B1094A61
:10EEC000506A28B1BDF8061089B29847ADF806001F
:10EED000BDF8060080B2EFF729FC03B05DF804FB33
:10EEE00010D60020D0D5002000B583B04FF4806349
:10EEF000ADF80630094B9B6A43B1094A906A28B1C4
:10EF0000BDF8061089B29847ADF80600BDF80600B6
:10EF100080B2EFF70BFC03B05DF804FB10D60020C5
:10EF2000D0D5002000B583B04FF40063ADF80630B3
:10EF3000094BDB6A43B1094AD06A28B1BDF8061013
:10EF400089B29847ADF80600BDF8060080B2EFF729
:10EF5000EDFB03B05DF804FB10D60020D0D50020F7
:10EF600000B583B04FF48053ADF80630094B1B6BEE
:10EF700043B1094A106B28B1BDF8061089B2984711
:10EF8000ADF80600BDF8060080B2EFF7CFFB03B086
:10EF90005DF804FB10D60020D0D5002000B583B06A
:10EFA0004FF40053ADF80630094B5B6B43B1094A8F
:10EFB000506B28B1BDF8061089B29847ADF806002D
:10EFC000BDF8060080B2EFF7B1FB03B05DF804FBBB
:10EFD00010D60020D0D5002000B583B04FF4804378
:10EFE000ADF80630094B9B6B43B1094A906B28B1D1
:10EFF000BDF8061089B29847ADF80600BDF80600C6
:10F0000080B2EFF793FB03B05DF804FB10D600204D
:10F01000D0D5002000B583B04FF40043ADF80630E2
:10F02000094BDB6B43B1094AD06B28B1BDF8061020
:10F0300089B29847ADF80600BDF8060080B2EFF738
:10F0400075FB03B05DF804FB10D60020D0D500207E
:10F050000020704700207047044A0260002282604E
:10F06000C260034901600271704700BFC00A030813
:10F07000D4F50208012070470120704782B002AB2E
:10F0800003E90600012002B070470120704701200B
:10F09000704701207047012070470120704770477A
:10F0A00070477047704770470246002300E0013305
:10F0B000012B09DC054951F823000028F7D0D0F8CE
:10F0C000C0109142F3D100E00020704750D60020DC
:10F0D00008B5FFF7E9FF10B10268526C904708BD10
:10F0E00008B5FFF7E1FF10B10268D26C904708BD88
:10F0F00008B503689B6C984708BD70477047704718
:10F1000010B50446C0F88C10D0F890302BB162686E
:10F11000D4F890301A60204610BD082004F03AFC64
:10F12000C4F89000F3E7000010B50446064B0360F6
:10F1300000238360C360054A02600371142109F053
:10F1400055FE204610BD00BFC00A0308D4F50208D2
:10F15000037A0BB90520704710B50446D0F8C000FB
:10F16000F1F7D4F9D4F8C0300022C3F88C2010BDD8
:10F1700010B50446D0F88C305BB1D0F8C020D0F880
:10F180009030D2F88C205A60D0F88C30D0F89000B3
:10F190009847D4F8C030D3F88C2012F0040F04D074
:10F1A0001A68936943F040039361D4F8C030D3F8F0
:10F1B0008C2012F0010F04D01A68936943F4007395
:10F1C0009361D4F8C030D3F88C2012F0080F04D02B
:10F1D0001A68936943F480739361D4F8C030D3F80C
:10F1E0008C2012F0020F04D01A68936943F0800358
:10F1F0009361D4F8C00090F88930DBB2012B14D1B0
:10F20000D4F8C030D3F88C2012F0100F10D1D4F8FD
:10F21000C000D0F88C3013F4807F14D1D4F8C00033
:10F22000D0F88C30012B11D810BDF1F765FAE7E763
:10F23000D3F88000E5F704F9D4F8C030D3F884009F
:10F24000E5F7FEF8E3E7F1F761F9E7E7EFF788FCA8
:10F25000D4F8C000EFF72CFBE6E708B50121143025
:10F2600004F059FD08BD70B5054600F18006C0F8F0
:10F2700088600BE0D5F888301B685A68BAB1C5F8C9
:10F280008830012105F1140004F0CCFCD5F8883059
:10F290005C687CB16069A368002BEBD0012100F0B1
:10F2A0002DFC2061A36804F10C009847E2E7C5F843
:10F2B0008860E6E74FF47A7105F1140004F0B2FCBF
:10F2C000E4E72DE9F0410446007A18B90724204606
:10F2D000BDE8F08117461E4604F1C408404604F01C
:10F2E000B0FD182004F056FB0546142004F052FB34
:10F2F0006861EE60AF604146284604F0A2FD2946F1
:10F3000004F1800004F070FD04460528DFD168692F
:10F3100004F04CFB284604F049FBD8E72DE9F04106
:10F3200090F80980B8F1010F56D10646037A002BF8
:10F3300055D000232B4A42F828300372D0F8C00081
:10F34000EFF70EFC00B98046D6F8804008E028466A
:10F3500004F02CFB00236360204604F027FB3C46AE
:10F360004CB127686568002DF6D068690028EED09A
:10F3700004F01CFBEBE7D6F884403CB1606940BB6D
:10F38000204604F013FB0023C6F884300023C6F89F
:10F390008030D6F8900020B104F008FB0023C6F8B6
:10F3A0009030D6F8C0200023C2F89030D6F8C020A4
:10F3B000C2F89830D6F8C020C2F8A83006F1140080
:10F3C00004F081FC06F1CC0004F068FB4046BDE887
:10F3D000F08104F0EBFAD3E74FF00708F6E74FF0BF
:10F3E0000508F3E750D60020F8B5457A012D79D10C
:10F3F0000446037A002B78D1C3680BB90823C36095
:10F400003B4B03EB45135868C4F8C000EFF7A8FB6B
:10F41000237C2BB1D4F8C020364951F82330D36077
:10F42000637C2BB1D4F8C020334951F823301361E9
:10F43000A37C2BB1D4F8C020304951F8233053615C
:10F44000E37C2BB1D4F8C0202D4951F82330D3618F
:10F45000D4F8C000EFF72CFA0646002843D1D4F8C0
:10F46000C030284AC3F89020D4F8C030264AC3F8E8
:10F470009820D4F8C030254AC3F8A8206D011C4B51
:10F480005F59394604F11C0004F0EEFC002684F8B4
:10F490004060E3686362E4624FF48053A3621C4BF4
:10F4A000636304F1140004F0C7FB04F1D40539468A
:10F4B000284604F0D9FC1749284604F0E9FC84F8F2
:10F4C000DC6004F1CC0004F0CFFA064658B904F130
:10F4D000F40004F03DFC627A0F4B43F82240012314
:10F4E000237200E007263046F8BD0526FBE700BF83
:10F4F000780803086C080308600803085408030828
:10F5000030080308C1F90108D1F00108E1F0010851
:10F51000F1F0010810D2020850D60020036803B3AE
:10F5200010B582B0044604F0A2F908B902B010BDCB
:10F5300004F096F978B10021019101AA2068F6F74C
:10F540004DF8019B002BF1D04FF0E0234FF080529B
:10F55000C3F8042DEAE74FF0FF312068F5F764FFA8
:10F56000E4E7704708B5F430FFF7D8FF08BD03683B
:10F570000BB310B582B0044604F079F908B902B0B3
:10F5800010BD04F06DF978B10023019301A9206842
:10F59000F5F716FE019B002BF1D04FF0E0234FF062
:10F5A0008052C3F8042DEAE700231A461946206862
:10F5B000F5F7B3FCE3E7704708B5F430FFF7D7FF82
:10F5C00008BD2DE9F04184B01D46037A23B9072414
:10F5D000204604B0BDE8F08104460F46164600F10F
:10F5E000F808CDF80C804046FFF798FF4FF47A7387
:10F5F00005FB03F30093ABB232463946D4F8C000A2
:10F60000EFF7DAFF04464046FFF7B1FFE0E7404678
:10F61000FFF7ADFF09F00CFDF0B583B0037A1BB91D
:10F620000724204603B0F0BD04460E46154600F1FF
:10F63000F80701973846FFF771FF4FF47A7305FB1F
:10F6400003F3AAB23146D4F8C000EFF7BFFA04467C
:10F650003846FFF78CFFE4E73846FFF788FF09F0EC
:10F66000E7FC70B584B06B4683E80600037A7BB391
:10F67000044615461AB90025284604B070BD00F1AD
:10F68000F80603963046FFF749FF0099AAB2D4F86E
:10F69000C000D0F880305BB1F0F7EEFA05469DB9B6
:10F6A0004FF47A72012104F1CC0004F0D2F908E0A1
:10F6B000ADB24FF47A7305FB03F3EFF787FA054613
:10F6C000EDE7012800D001253046FFF750FFD3E7D2
:10F6D0000225D1E70398FFF74AFF09F0A9FCF0B52E
:10F6E00083B004460F46154600F1F80601963046F1
:10F6F000FFF714FF237A83B14FF47A7305FB03F30A
:10F70000AAB23946D4F8C000EFF774FC044630467C
:10F71000FFF72DFF204603B0F0BD0724F7E7304682
:10F72000FFF725FF09F084FC2DE9F04182B01F4668
:10F73000037A23B90725284602B0BDE8F0810446C4
:10F740000D46164600F1F808CDF804804046FFF754
:10F75000E5FEBBB232462946D4F8C000F0F748FCBB
:10F76000054630B90222012104F1140004F0D8FA50
:10F7700004E0D4F8C000F0F7C9FE01E0012803D18D
:10F780004046FFF7F4FED6E7D4F8C000F0F7BEFE1F
:10F790000325F5E74046FFF7EAFE09F049FC0000C3
:10F7A00010B50446FCF74AFF0A4B2360002323638D
:10F7B000A365E3652366636684F82C30A363E36383
:10F7C00023646363E36463656364A3642365A3667E
:10F7D000204610BD181E030838B50446114B0360BF
:10F7E00000254572C56001230374022343748374AA
:10F7F0000323C3748562C0F88450C0F88850C0F8F1
:10F800008C50C0F89050D0F89830DB68A030984702
:10F8100004F11400FDF7A8FF034B23606560257217
:10F82000204638BDE40A03087006030810B50446F4
:10F83000FFF7D2FFC021204609F0D8FA204610BDBC
:10F8400010B50446174B0360D0F8F80008B1F5F77F
:10F8500037FFD4F8F40008B1F5F732FF124BC4F8C3
:10F86000CC300023C4F8F030C4F8E430C4F8E830F9
:10F87000C4F8EC30C4F8E0300C4AC4F8CC20C4F82A
:10F88000D430C4F8D8300A4AC4F8CC2084F8D03038
:10F89000C4F8C430C4F8C8302046FFF79DFF2046A6
:10F8A00010BD00BF3C0B0308CC1D0308C00A0308B1
:10F8B000D4F5020810B50446FFF7C2FF4FF4A87153
:10F8C000204609F093FA204610BD000010B504460A
:10F8D000144B0360002303724360134B40F8143B46
:10F8E000FFF75EFF06E00F4B236000236360237287
:10F8F00009F09EFB0D4BC4F8983000236372E3605F
:10F900000122227402226274A2740322E274A362AE
:10F91000C4F88430C4F88830C4F88C30C4F890300F
:10F92000204610BD70060308E40A03088C0B030888
:10F9300070B504460E46FFF7C9FF1A4B2360002539
:10F94000C4F8C450C4F8C850174BC4F8CC3084F87D
:10F95000D050164BC4F8CC30C4F8D450C4F8D850AA
:10F9600084F8DC50124BC4F8CC30C4F8E050C4F832
:10F97000E450C4F8E850C4F8EC50C4F8F050C4F8AF
:10F98000F450C4F8F8505022294604F1FC000BF062
:10F99000B7FD6672E57425746574A574C4F8C0502B
:10F9A000204670BD3C0B0308D4F50208C00A0308CA
:10F9B000CC1D030808B50121CC3004F041F808BD86
:10F9C00008B5FFF771FB08B1FFF7F4FF08BD0000B1
:10F9D00008B5042009F066FA00220260034A0260BA
:10F9E000034A0260034A044909F0C4FE20240308C4
:10F9F000D024030811990208BC24030808B5134653
:10FA00000A4601460020FFF7E3FF000070B50546F7
:10FA10000C46064656F8083BDB6830469847236894
:10FA20002146044A41F8082B2B609B6830469847D2
:10FA3000284670BD8C0B030810B58AB004460B68CD
:10FA4000094A41F8082B00939B6802A89847694629
:10FA500004F19800FFF7DAFF009BDB6802A89847E3
:10FA600020460AB010BD00BF8C0B0308024A136881
:10FA700001331360704700BF58D60020034B1B684A
:10FA80000BB1586A70470020704700BF70B100206A
:10FA900038B504460D46FFF7F1FF284420612046A3
:10FAA00038BD000038B504460D46FFF7E7FF23696F
:10FAB000C31A217A054A52F82120B3FBF2F39D4282
:10FAC00001D3002038BDE3600120FBE79C0B030855
:10FAD00038B504460D46FFF7D1FF2369C31A217AD2
:10FAE000054A52F82120B3FBF2F39D4201D90020D0
:10FAF00038BDE3600120FBE79C0B030870B50546A9
:10FB00000E46FFF7BBFF2B69C41A2A7A064B53F83F
:10FB10002230B4FBF3F4012E02D0EC60204670BD1D
:10FB2000FFF7ACFF2861F8E79C0B030808B5FFF767
:10FB3000A5FF024BA3FB0030800908BDD34D621026
:10FB400010B5044C2046E0F75DFD034BC4F884304B
:10FB500010BD00BF70B100206DFA010838B5044631
:10FB6000124B036000254572C5604FF4E133036119
:10FB70000575457501238375C57505766423C361D5
:10FB8000036280F8285080F82950456385634564F6
:10FB90008564C5630564036DDB6858309847044B82
:10FBA000236065602572204638BD00BFB40B030892
:10FBB00070060308012070470120704790F8280064
:10FBC000704790F82900704790F82800704790F827
:10FBD000290070470146002300E00133032B08DCB5
:10FBE000054A52F823000028F7D0C26F8A42F4D1A8
:10FBF00000E00020704700BF1008012010B5074C3E
:10FC000008E0A4F58453A3F10C0453F80C3C1B68E2
:10FC100020469847024B9C42F3D110BD10080120AA
:10FC20006CD6002010B504464164836C23B1626831
:10FC3000A36C1A60204610BD0C2003F0ABFEA0643C
:10FC4000F5E710B50446C163036C23B16268236C09
:10FC50001A60204610BD0C2003F09CFE2064F5E7DE
:10FC600010B504464163836B23B16268A36B1A60CD
:10FC7000204610BD082003F08DFEA063F5E730B5E7
:10FC800085B083681BB10525284605B030BD044604
:10FC90000C3004F04DF8054608B10125F4E70022C8
:10FCA0000292019204F16003009304F188030121A0
:10FCB0004FF48050F5F7F2FEA0600028E4D1012552
:10FCC000E2E70000F8B5437A5A1ED2B2022A00F2E7
:10FCD00020810446027A002A40F01D818F4D03EBFB
:10FCE000430205EBC2025168C16791899068FEF733
:10FCF000E1F984F82800637A03EB430205EBC202C2
:10FD0000918A1069FEF7D6F984F82900236A0BB9A5
:10FD1000FE232362E3690BB90A23E361236913B964
:10FD2000E36F5B682361E3680BB90823E360E06F6E
:10FD3000F1F72EFB0546002840F0EE80E36F2269C4
:10FD40005A60217DE36F764A52F82120DA60617DA6
:10FD5000E36F744A52F821201A61A17DE36F724A61
:10FD600052F821209A60E06FF1F7B2FA05460028B8
:10FD700040F0D280E36F6D4AC3F8A020E36F6C4A75
:10FD8000C3F89820E36F6B4AC3F8A420D4F88030FE
:10FD9000002B50D0D4F88430002B52D00023C4F86C
:10FDA0008830E06FD0F88030002B50D0228CD4F80F
:10FDB0008010F1F775FD0546002840F0AD80637AAC
:10FDC00003EB4303554A52F8331004F1940004F056
:10FDD0004BF8E368C4F89C30636A002B40DDC4F83C
:10FDE000A030E369C4F8A830C4F8A440524BC4F86A
:10FDF000AC3004F18C0003F08DFE0546002840F085
:10FE00008B8004F1E000FFF73AFF0546002840F040
:10FE10008380D4F8E83033B304F58B501030FCF70E
:10FE200089FA0546002849D1627A444B43F82240BA
:10FE30000123237270E0206A03F0ACFDC4F8800057
:10FE4000A8E7FE2003F0A6FDC4F88400A6E7228CF4
:10FE5000D4F88010F1F70AFC05460028AFD05BE02B
:10FE60004FF48053BBE7364D2B685B6A3549284613
:10FE700098472B689E69FFF759FE01462846B04710
:10FE800003685B693049984703689B6940F27F21AA
:10FE9000984703685B692D49984703685B692C495B
:10FEA000984703689B69617A984703685B692949A9
:10FEB000984703685B6928499847ADE7204E336847
:10FEC0005B6A20493046984733689F69FFF72EFEEA
:10FED00001463046B84703685B691B499847036889
:10FEE0009B694FF42271984703685B6917499847EB
:10FEF00003685B691649984703689B69617A98476C
:10FF000003685B691549984703685B69124998471C
:10FF100002E0072500E005252846F8BD380903085A
:10FF2000240903082C09030818090308D907020843
:10FF3000710A02081D020208A90702081008012020
:10FF40002008012018D20208BCCC020810CD0208FB
:10FF500028D2020834D2020830CD020840D202086A
:10FF600070B5437A5A1ED2B2022A48D804462A4DA6
:10FF700003EB430205EBC2025168C16791899068A7
:10FF8000FEF798F884F82800637A03EB430205EB48
:10FF9000C202918A1069FEF78DF884F82900E06F9B
:10FFA000F1F7F6F90546237A63B3D4F880305BB3F2
:10FFB000D4F8843053B3236A53B3236953B3002670
:10FFC0002672627A154B43F8226004F18C0003F02C
:10FFD0000DFE04F58B501030FCF7A2FA04F1E0009E
:10FFE00003F04DFCD4F8800003F0E0FCD4F884006A
:10FFF00003F0DCFCC4F88060C4F8846000E00725EE
:020000040802F0
:10000000284670BD0725FBE70725F9E70725F7E731
:100010000725F5E70725F3E738090308100801204D
:1000200010B50446FFF79AFD7821204608F0DEFE61
:10003000204610BD38B502250E4C12E00E4B236051
:10004000002121710D4B2360A160E160502204F179
:1000500010000BF055FA0A4B2360013D04F584545F
:100060000C34002DEADA074A0749002008F046FE62
:1000700038BD00BF6CD60020D4F50208B01D0308BF
:10008000F00B030800000020FDFB010810B504463A
:10009000064B036003F0F3FBE06808B1F5F710FBD3
:1000A000034B236000232371204610BDB01D0308BD
:1000B000D4F5020810B50446024B0360FFF7E6FFD3
:1000C000204610BDF00B030810B50446054B036035
:1000D000FFF7DCFF41F28C01204608F087FE204646
:1000E00010BD00BFF00B030810B50446FFF7CEFFAC
:1000F0006021204608F07AFE204610BD10B5044667
:10010000084B03600023C36243638363C3630363D9
:100110008364036503644364C364FCF721FA2046E7
:1001200010BD00BFF01D030810B504460A4B036064
:1001300000F58B501030FCF737FA2046074B40F89B
:10014000E03FFFF7A3FF04F18C00FFF7D7FF204645
:10015000FFF704FD204610BD0C0C0308F00B03084C
:1001600010B50446FFF7E0FF42F6A031204608F044
:100170003DFE204610BD10B50446FFF7BFFF5421D9
:10018000204608F033FE204610BD000038B5044676
:100190000A4600F10A05074928460BF0A9F8204451
:1001A0000023837223685B6A2946204698472046CD
:1001B00038BD00BFFCD00208C36FD3F8902012F006
:1001C000010F02D01B6801221A62C36FD3F890207E
:1001D00012F0020F02D01B6804221A62C36FD3F818
:1001E000902012F0040F02D01B6802221A62C36F23
:1001F000D3F8902012F0080F02D01B6808221A6270
:10020000C36FD3F8902000F50050C0F8982BD3F8B6
:100210009020014B1A60704768D6002008B5FFF7A0
:10022000D9FC08B1FFF7C8FF08BD00002DE9F04771
:10023000C0B0044673E0226A0021D4F880000BF0BD
:100240005FF90023C4F88830228CD4F88010E06F66
:10025000F1F726FB04F5005393F89C3B23B1784B50
:100260001B68002B40F0AD80E26FD2F88030002B8D
:1002700000F0E1801B689E6CB6B2236AA3EB06080F
:10028000D4F88850A8EB050504F5005393F89C3B7F
:100290001BB1637A032B00F0E980002DC0F2488186
:1002A000002D40F3B081636C002B40F0AA81E36B1A
:1002B0007BB1236C9D60236C627A5A606268236C08
:1002C0001A60E36BD4F88010D4F888201144206CB5
:1002D0009847226D5B4B9A420DD0D4F88030D4F809
:1002E00088100B442093ADF8005013686A4620A98B
:1002F00004F158009847D4F88070D4F888301F442F
:10030000C4F8888004F5005393F89C3B1BB1637AD2
:10031000022B00F07B8104F18C0003F0F6FB04F566
:100320000053D3F8983B002B94D004F50053D3F836
:10033000986B0022C3F8982B434D2B685B6A4349A6
:10034000284698472B689F69FFF7F0FB014628462F
:10035000B84703685B693E49984703689B69B921C0
:10036000984703685B693B49984703685B693A496A
:10037000984703689B69617A984703685B693749C6
:1003800098473146FFF702FF03685B693449984795
:10039000002E3FF45FAFE36FD3F88030002B7FF483
:1003A0004AAF226A0021D4F880000BF0A9F800239C
:1003B000C4F88830228CD4F88010E06FF1F756F939
:1003C00048E7F9F78FF8274B1B68C31A41F28732C9
:1003D00093427FF649AF234B18601B4D2B685B6A35
:1003E0001A49284698472B689E69FFF79FFB0146EC
:1003F0002846B04703685B691549984703689B69BD
:10040000D421984703685B691249984703685B6980
:100410001149984703689B69617A984703685B694B
:1004200011499847064B1968FFF7B0FE03685B69EE
:100430000B49984718E7B2F85E60B6B21DE700BFF7
:1004400068D600208C0B03082008012018D202086F
:10045000BCCC020810CD020858D2020860D20208B3
:1004600030CD020864D6002078D20208DFF8B892B6
:10047000D9F800300133C9F800309C4F3B685B6A03
:100480009B49384698473B68D3F818A0FFF74EFBC6
:1004900001463846D04703685B6996499847036828
:1004A0009B69EB21984703685B6993499847036808
:1004B0005B6992499847D9F80010FFF767FE036817
:1004C0005B698F49984703689B6931469847036881
:1004D0005B698C49984703689B6941469847036864
:1004E0005B698949984703689B69D4F888109847E5
:1004F00003685B698549984703689B692946984763
:1005000003685B6982499847E36FD3F88C100368EE
:100510009B69984703685B697E499847E36FD3F806
:100520009010FFF733FE03685B697B499847B4E698
:10053000236A1D44E36B33B1FE2D04DDD4F888300B
:1005400003F1FE08FE25002706E0D4F88020D4F849
:100550008430925DDA550137BD421ADDD4F88860E7
:100560003E44236AB34200DCF61A636C002BECD0E5
:10057000A36C002BE9D0D4F88020925D1A72A36C92
:10058000627A5A606268A36C1A60636CA06C9847C8
:10059000DBE7E36B63B1236C9D60236C627A5A6086
:1005A0006268236C1A60E36BD4F88410206C98475F
:1005B000236D5A4A93420AD0D4F884202092ADF891
:1005C00000501B686A4620A904F158009847D4F8E7
:1005D0008470C4F8888095E6D4F888303344D4F821
:1005E0008010A26CCB5C1372A36C627A5A60626852
:1005F000A36C1A60636CA06C98470136AE42EBDBCB
:1006000055E60026FAE700252F467BE6002D7FF70A
:1006100082AE002F3FF47FAEF8F764FF404B1B68BB
:10062000C31AB3F57A7FFFF476AE3D4B186080268F
:100630003246002168460AF063FF324600210DEB86
:1006400006000AF05DFF0026B046B24619E04B46B0
:10065000344ACAF180010DEB0A000AF015FE0AF1D6
:10066000030A15E0B9F10D0F22D0B9F10A0F2ED00F
:1006700008F580736B442E2203F8802C08F10108E2
:100680000136B54252DD17F80690BAF17B0FDED97C
:10069000B8F17C0FF4D8A9F12003DBB25E2BE1D8CE
:1006A00008F580736B4403F8809C08F10108E7E7C4
:1006B00008F580726A445C2102F8801C08F201137C
:1006C0006B4408F10208722203F8802CD8E708F581
:1006D00080726A445C2102F8801C08F201136B44AA
:1006E00008F102086E2203F8802CC9E720080120D7
:1006F00018D20208BCCC020810CD020888D2020829
:1007000090D202089CD20208A4D20208B0D20208F9
:10071000B4D20208BCD2020830CD02088C0B030808
:100720005CD60020C4D2020860D60020174E336881
:100730005B6A17493046984733689F69FFF7F6F9B7
:1007400001463046B84703685B6912499847036819
:100750009B694FF4BA71984703685B690E499847E3
:1007600003685B690D49984703689B692946984768
:1007700003685B690A49984703685B69694698475B
:1007800003685B6907499847C5E500BF2008012059
:1007900018D20208BCCC020810CD0208CCD2020844
:1007A000DCD2020830CD020808B5FFF73FFD08B5DE
:1007B0000346C06FD0F8802042B1526B02B108BD31
:1007C0001A8CD3F88010F1F76BF8F8E71A8CD3F88D
:1007D0008010F0F74BFFF2E708B5FFF7FBF908B11F
:1007E000FFF7E5FF08BD000070B50546012003F0E6
:1007F00009F9D5F8E830002B38D1284C23685B6A1A
:1008000027492046984723689E69FFF78FF90146DC
:100810002046B047234C03685B692146984703682C
:100820005B692149984703685B69214698470368DB
:100830009B6940F2A911984703685B691B49984777
:1008400003685B691A49984703689B69697A984706
:1008500003685B691749984770BD2146F0F772FE3F
:100860004FF0FF3201210020F7F754FB05F5DC546F
:1008700018344FF0FF334FF48052214605F1E00069
:1008800003F07CF802460028F0D0E86FC36F002B1D
:10089000E3D02146F0F73CFFE2E700BF200801204B
:1008A00074CE0208BCCC0208E8D2020810CD0208BF
:1008B0003CD3020844D3020810B582B002AB03E96E
:1008C0000600037A73B1144672B1B2F5006F0DD809
:1008D0000A2392B2E03003F04DF8001B18BF01204C
:1008E00002B010BD0220FBE70020F9E70420F7E783
:1008F000037A6BB100B583B00A684B68009201932C
:1009000002AB13E90600FFF7D7FF03B05DF804FB65
:1009100002207047037A5BB100B583B00091019269
:1009200002AB13E90600FFF7C7FF03B05DF804FB55
:100930000220704770B50446C36FD3F88030002B97
:100940003AD0026A0021D0F880000AF0D9FD0023D5
:10095000C4F88830228CD4F88010E06FF0F7A0FF44
:100960001D4D2B685B6A1D49284698472B689E6978
:10097000FFF7DCF801462846B04703685B69184971
:10098000984703689B6940F21631984703685B6992
:100990001449984703685B691349984703689B6942
:1009A000617A984703685B691049984703685B69F7
:1009B0000F499847002070BD026A0021D0F88000DE
:1009C0000AF09EFD0023C4F88830228CD4F88010F1
:1009D000E06FF0F74BFEC3E72008012018D20208B1
:1009E000BCCC020810CD020864D30208F0D902087A
:1009F00030CD020810B58AB004460B68094A41F8A8
:100A0000082B00939B6802A89847694604F15000A0
:100A1000FEF7FCFF009BDB6802A8984720460AB05F
:100A200010BD00BF8C0B0308C06A28B108B50A4688
:100A30000021F7F7ADFD08BD704700F5805393F82E
:100A4000743103B9704700B583B00023019301A945
:100A500000F58B501030FFF7E7FF019B2BB14FF0F3
:100A6000E0234FF08052C3F8042D03B05DF804FB7F
:100A700008B5FFF7AFF808B1FFF7DFFF08BD08B50D
:100A8000FFF7D8FA08BD000008B50748074B036018
:100A9000002303724360064B0360064B0360064A63
:100AA000064908F02BF908BD20080120700603084C
:100AB0008C060308C006030800000020C1DB010803
:100AC00008B5FFF7E1FF08BD10B50446016000213D
:100AD0004160502208300AF013FD204610BD00008E
:100AE00038B504460D4619B900680368DB6B9847B2
:100AF0002A464FF400410548EDF700FE012D00D0D5
:100B000038BD206803681B6C9847F9E7000802426B
:100B100000B583B0006803685B6A0091019202AA85
:100B200012E90600984703B05DF804FB00B583B0F6
:100B30008DF807100A2301220DF107010248EEF794
:100B400045F803B05DF804FBB4B0002000B585B0F3
:100B500000238DF80F308DF80E300A230093012307
:100B60000DF10E020DF10F010348EEF725FD9DF882
:100B70000E0005B05DF804FBB4B00020C809704752
:100B8000C1F34110704701F01F00704708B5044BD6
:100B90005B5C42EA4312D1B2FFF7C8FF08BD00BF59
:100BA0007400002070B504460D46FFF7ECFF1A28CC
:100BB00008D829462046FFF7E3FF0546174B1B7868
:100BC000834200D170BD1F212046FFF7DCFF06469F
:100BD00000212046FFF784FF324605212046FFF71B
:100BE000D5FF03212046FFF7A1FF01212046FFF793
:100BF00077FF00212046FFF773FF3246042120468D
:100C0000FFF7C4FF29462046FFF790FF0121204649
:100C1000FFF766FF014B1D70D4E700BF3C0E0120BB
:100C2000F8B504460F461546FFF7ADFF06463946B0
:100C30002046FFF7B7FF00212046FFF751FF32465D
:100C400004212046FFF7A2FF29462046FFF76EFF4A
:100C500001212046FFF744FFF8BDF8B504460F46D2
:100C60001546FFF790FF064639462046FFF79AFFE4
:100C700000212046FFF734FF324605212046FFF7CA
:100C800085FF29462046FFF751FF01212046FFF747
:100C900027FFF8BDF8B504460D46FFF76FFF06467F
:100CA00029462046FFF76FFF074629462046FFF7F3
:100CB00079FF00212046FFF713FF3A460021204626
:100CC000FFF764FF012E09D02046FFF73FFF0546DE
:100CD00001212046FFF704FF2846F8BD2046FFF714
:100CE00035FFF1E7F8B504460F461546FFF74BFF11
:100CF000064639462046FFF755FF00212046FFF7FC
:100D0000EFFE324602212046FFF740FF29462046EB
:100D1000FFF70CFF01212046FFF7E2FEF8BD70B59A
:100D200006460C461546D2B2FFF7DCFF611C2A0AC4
:100D3000C9B23046FFF7D6FF70BD000070B582B073
:100D40000546061D01963046FEF7E8FB04221F21EA
:100D50002846FFF782FF40221F212846FFF760FF49
:100D600040221F212846FFF778FF39212846FFF748
:100D700091FF044601E0013CE4B22CB140221E2167
:100D80002846FFF74DFFF6E7002208212846FFF727
:100D9000C6FF41F6FE120A212846FFF7C0FF41F6C2
:100DA000FE120C212846FFF7BAFF094B00221A80D9
:100DB00004221F212846FFF733FF3046FEF7D7FBFA
:100DC00002B070BD3046FEF7D2FB08F031F900BF2B
:100DD0003A0E012070B504460D4616460021FFF775
:100DE0007FFE1A2203212046FFF7D0FE3246294615
:100DF0002046FFF78DFE01212046FFF771FE70BDF2
:100E00002DE9F04104460E4615460021FFF768FE25
:100E10001A2201212046FFF7B9FE20680368DF6A25
:100E20002B4632462449B84700283FD00746234E78
:100E300033685B6A2249304698473368D3F8188094
:100E4000FEF774FE01463046C0471E4E03685B69DC
:100E50003146984703685B691B49984703685B699B
:100E60003146984703689B694FF4A071984703681F
:100E70005B691649984703685B6915499847036899
:100E80009B692946984703685B691249984703683C
:100E90009B693946984703685B690F499847012168
:100EA0002046FFF71DFE0020BDE8F081012120460D
:100EB000FFF716FE0120F7E74C080120200801206B
:100EC000B0CC0208BCCC020870D3020810CD0208D6
:100ED000ACD30208C8D3020830CD020810B50446CE
:100EE0000021FFF7FDFD1F2206212046FFF74EFEE1
:100EF00001212046FFF7F4FD034B00221A70642005
:100F000002F080FD10BD00BF3C0E012008B5042298
:100F10001F21FFF785FE08BD38B504461546FFF7CB
:100F200032FE0246D4212046FFF7DCFE2A46D621B7
:100F30002046FFF7F4FEEA212046FFF7ABFE10F053
:100F4000010FF8D138BD000038B5044600680368C9
:100F50009B6898474FF4FA7002F054FD2046FFF763
:100F6000BDFF002208212046FFF7D9FE41F6FE1200
:100F70000A212046FFF7D3FE002211462046FFF744
:100F8000CEFE224D2A78E4212046FFF7ABFE6A7898
:100F9000E5212046FFF7A6FEAA78E2212046FFF7CA
:100FA000A1FEEA78E3212046FFF79CFE2A79E021A2
:100FB0002046FFF797FE6A79E1212046FFF792FE6F
:100FC0000D22C0212046FFF78DFE3222C22120468D
:100FD000FFF788FE40F61242C6212046FFF79FFE2B
:100FE0001522C4212046FFF77DFE40F2EE52CA21B1
:100FF0002046FFF794FE4FF4807210212046FFF741
:101000008BFF2046FFF782FF012038BD80000020C3
:10101000F0B583B004460D46071D01973846FEF72C
:101020007DFA39212046FFF735FE002848D02D4BA8
:101030001A8800212046FFF772FE06222946204624
:10104000FFF7DEFEA0B12A88264B1A80AE8816F084
:1010500080061ED06E88043EB6B240F2EE539E4229
:1010600000D91E463246A91D2046FFF7C9FE03E0FF
:101070002046FFF763FE2AE030B1042205F2F45166
:101080002046FFF7BDFE03E02046FFF757FE20E0B5
:1010900060B12A88013A92B241F6FE139A4200D911
:1010A0001A460C212046FFF73AFE03E02046FFF7E0
:1010B00045FE10E040221E212046FFF7B1FD00E072
:1010C00000263846FEF753FA304603B0F0BD00263E
:1010D000F7E70026F5E70026F3E73846FEF747FA7C
:1010E00007F0A6FF3A0E01202DE9F04383B0054634
:1010F0008946174600F10408CDF804804046FEF703
:101100000DFAF8F7EFF900F10A061F212846FFF75C
:10111000C1FD21E010F0020F02D1F8F7E3F90AE077
:1011200080221F212846FFF77BFD80221F212846B1
:10113000FFF793FD40E0864203D9012002F062FCF4
:10114000E3E780221F212846FFF76AFD80221F2146
:101150002846FFF782FD37E010F0080404D01C2178
:101160002846FFF797FDD5E741F6FF1202212846F2
:10117000FFF7D5FD00238DF8033001220DF10301A7
:101180002846FFF727FE3A4649462846FFF722FE43
:1011900041F6FF1204212846FFF7C1FD07F5CF52A3
:1011A0001F3292B206212846FFF7B9FD08221F21FF
:1011B0002846FFF735FD00E001244046FEF7D7F949
:1011C000204603B0BDE8F0830324F6E74046FEF76F
:1011D000CEF907F02DFF0B68036070470B680360C2
:1011E0007047704708B5836D1B686030984708BD2D
:1011F00010B50446054B0360836DDB68603098478B
:101200002046FBF7ADF9204610BD00BF480C03088F
:1012100010B50446C3689BB183688BB143697BB149
:1012200003696BB1826D094B9A4209D003792BB1E6
:10123000C06AF8F754FA38B9207104E0072002E0D8
:1012400000232371042010BD0120FCE770F6020882
:10125000C3685BB310B5044683684BB3816D184A0D
:10126000914227D002793ABB41F2B8324261026919
:101270000AB91822026123632369A36441F2B833D7
:10128000636404F1A40323644FF4C073E36304F5BF
:10129000A353A36304F1300221460A48F8F736F954
:1012A000E06258B101232371002010BD0420704773
:1012B0000420FAE70420F8E70520F6E70020F4E729
:1012C00070F60208E511020810B50446FFF790FF1A
:1012D0004FF4AF51204607F089FD204610BD0000B5
:1012E00010B50446FBF7AAF9074B23600023E3621D
:1012F0006363A363E3632363A36423652364636479
:10130000E364204610BD00BFF01D030810B586B091
:101310000C4602AB019303AB009304AB05AA18493A
:101320000AF006F8042819D1059BFF2B19D8049A56
:10133000002A18DBFF2A18DC039A002A17DBFF2A91
:1013400017DC029A002A16DBFF2A16DC2370049BA6
:101350006370039BA370E270012000E0002006B0E0
:1013600010BD0020FBE70020F9E70020F7E7002090
:10137000F5E70020F3E70020F1E70020EFE700BFEA
:10138000D0D30208F8B5814B1B78002B40F0DA80EF
:10139000044604227E4900F5E65010300AF0A0F819
:1013A000002850D17B4B1B6804F58055C5F8D03C14
:1013B000794E33685B6A79493046984733689F694C
:1013C000FEF7B4FB01463046B847754E03685B69CB
:1013D0003146984703685B697249984703685B69BF
:1013E0003146984703689B693A21984703685B69CF
:1013F0006D49984703685B696C49984703689B6926
:1014000095F8D01C98476A4E03685B693146984747
:1014100003689B6995F8D11C984703685B6931465E
:10142000984703689B6995F8D21C984703685B69E5
:101430003146984703689B6995F8D31C9847036821
:101440005B695C499847544D2B685B6A5A4928464A
:1014500098472B689E69FEF769FB01462846B0470E
:101460004F4D03685B692946984703685B694D499E
:10147000984703685B692946984703689B693F2141
:10148000984703685B694849984703685B694B491B
:10149000984704F5805503689B6995F8D01C9847D8
:1014A000434E03685B693146984703689B6995F82A
:1014B000D11C984703685B693146984703689B696C
:1014C00095F8D21C984703685B69314698470368D2
:1014D0009B6995F8D31C984703685B693549984721
:1014E00004F5AF50FFF730FD00282CD02A4D2B68B3
:1014F0005B6A3349284698472B689E69FEF716FBBE
:1015000001462846B04703685B6925499847036848
:101510009B694721984703685B692349984703689B
:101520005B692849984703685B69224998472046C8
:10153000FFF78EFE04F5E6501C3002F0F9FB134B6A
:1015400001221A70F8BD144C23685B6A1C492046BE
:10155000984723689D69FEF7E9FA01462046A847A7
:1015600003685B690E49984703689B694421984763
:1015700003685B690C49984703685B69124998479F
:1015800003685B690B499847DCE700BF341401200E
:101590006CCA02087C00002020080120DCD302086D
:1015A000BCCC0208ECD3020810CD020830D40208EB
:1015B00050D4020830CD020874CE020854D4020878
:1015C00018D2020898D4020878D40208F0B583B083
:1015D00007460C46164600F5E6551C35019528468B
:1015E000FDF79CFFD4F8063023606389A3800C4B81
:1015F0001A68C4F806209B88638106F10E0292B235
:10160000214607F5AF50FFF76FFD2846FDF7AFFF06
:1016100003B0F0BD2846FDF7AAFF07F009FD00BFA3
:101620008000002070B505460C461646042200F5E1
:10163000E651103104F1180009F052FFE8B9E388CF
:10164000B3F5807F01D0002018E0A368C4F8123001
:10165000A389E3820A4B1A68A2609B88A381D4F80D
:101660000E30A36105F58055D5F8D03CC4F80E3096
:101670004FF40073E380304600E0002070BD00BFEF
:1016800080000020002004E031F8023B1844023AB8
:1016900092B2012AF8D82AB10B78184402E083B23A
:1016A00003EB1040B0F5803FF9D2C04380B27047E1
:1016B000F8B507460C4616464D8800234B80FFF7C9
:1016C000E1FF854201D00020F8BD2378082B01D02E
:1016D0000020F9E700232370324621463846FFF701
:1016E000D1FF60803046EFE7F8B5964653881E027A
:1016F00046EA1326B6B213881C0244EA1324A4B2A5
:1017000093881A0242EA132292B2083A92B2002354
:1017100001E00133DBB200F5805C9CF8CCC69C454F
:1017200022D91F4600EB031C41F28C653CF805C032
:10173000B445EED103F2691300EB0313DB7A43B92E
:1017400007F2691300EB0313C96859601C8101217A
:10175000997200EB071041F29063C05820B1036802
:101760009B680EF1080198470020F8BDF8B50546C2
:101770000C461646042200F5E651103104F1100023
:1017800009F0AEFE10B100263046F8BD678900238F
:10179000A372E372142221462846FFF773FF8742A3
:1017A00001D00026F0E7A6F1140292B2637A012B71
:1017B00003D0112B21D00026E6E704F114012846BE
:1017C000FFF776FF00F114039EB2C3F3072343EA49
:1017D00006236380002323716371A371E371E368BF
:1017E000236105F58053D3F8D03CE36014222146F1
:1017F0002846FFF747FF6081C6E7134604F114024D
:1018000021462846FFF770FF0026BDE738B504469D
:1018100000F5B651103100F5AF50FFF7F9FBA0B15C
:1018200004F5B655163504F58053B3F8E2160B02ED
:1018300043EA11239BB2A0F10E0292B240F60601D8
:101840008B4203D0B3F5006F0ED038BD04F5B7510D
:1018500004312046FFF7E6FE0028F6D0024629466E
:101860002046FFF7B3FEF0E704F5B75104312046F8
:10187000FFF77CFFF0E7000010B5044603E04FF4EB
:101880007A7002F0BFF80B4B1B78002BF7D0204684
:10189000FFF7BCFFF7F726FE074B1B68C31A41F2A0
:1018A0008732934201D9044B18600A2002F0AAF84B
:1018B000E9E700BF341401203014012008B50068A6
:1018C000FFF7DAFF08B5FFF7F9FF00002DE9F04F49
:1018D00085B005468B4616461C46BDF83C90002355
:1018E000019300F5E6571C3703973846FDF716FEBF
:1018F00009F12A081FFA88F840F2EE53984500F2E1
:101900008C8009F1080A1FFA8AFA09F11C0189B2D0
:10191000012C63D0022C74D01CB9DBF80030029388
:101920000196414C4FF0FF332360A3803F4B1A6870
:10193000C4F806209B8863810823A3814523A373F1
:101940004FF0000B84F80FB00B0243EA11232382FF
:10195000A4F812B0A4F814B08023A3751123E37582
:10196000A4F818B005F58053D3F8D03CC4F81A3069
:10197000029BC4F81E30142204F10E012846FFF722
:1019800081FE2083330243EA16236384019A130203
:1019900043EA1223A3844FEA0A2343EA1A23E38487
:1019A000A4F828B04A460E9904F12A0009F09CFADE
:1019B0004246214605F5AF50FFF796FB25E041F280
:1019C000886202EB03132B441A1D9B7C23B193689E
:1019D000029393890193A4E7052417E0002305F5FA
:1019E000805292F8CC269A4209D905EB031241F2B3
:1019F0008C60125AB242E2D00133DBB2EFE7052429
:101A000004E00B4B029301968BE704463846FDF742
:101A1000AEFD204605B0BDE8F08F0624F6E7384657
:101A2000FDF7A5FD07F004FB400E0120800000201B
:101A3000C0A810FF2DE9F04105460E46002401E044
:101A40000134E4B205F5805393F8CC36A34245D96E
:101A500005EB041341F28C615B5AB342F0D1424F63
:101A60003B685B6A4149384698473B68D3F8188021
:101A7000FEF75CF801463846C0473D4F03685B6996
:101A80003946984703685B693A49984703685B6938
:101A90003946984703689B6940F287119847036865
:101AA0005B693549984703685B693449984703681F
:101AB0009B693146984703685B693149984705EB54
:101AC000041403689B6941F28C62A15A9847036829
:101AD0005B692C4998470020BDE8F081032B15D89D
:101AE00005F58051581C81F8CC0605EB031505F56A
:101AF000B4510023CB600B614B618B6141F28C636D
:101B0000EE5241F29063EA500120E5E7164C23685B
:101B10005B6A16492046984723689D69FEF706F8D8
:101B200001462046A847124C03685B692146984746
:101B300003685B690F49984703685B6921469847CA
:101B400003689B694FF4C671984703685B690A494B
:101B5000984703685B690C49984703685B690949C2
:101B600098470020B8E700BF20080120B0CC020849
:101B7000BCCC0208ECD3020810CD0208BCD4020889
:101B8000C4D4020830CD0208DCD4020830B50446C3
:101B90004FF0000C29E00CF1010304EB0C1E04EBE8
:101BA00003130EF5B45E0EF10C0E03F5B4530C33B3
:101BB0000FCB8EE80F000CF1010C5FFA8CFC6B1E52
:101BC0009C45E8DB04EB031303F5B4530022DA6011
:101BD0001A615A619A6104F58054013D84F8CC562B
:101BE00030BD0CF1010C5FFA8CFC04F5805393F8C6
:101BF000CC566545F4D904EB0C1341F28C629B5A28
:101C00008B42EED1DBE700002DE9F04393B00446B0
:101C1000884615461F46FAF711FD224B2360002621
:101C2000E6622422314604F1300009F069FCDFF855
:101C30007890C4F85890C4F8A06041F2B8323146A8
:101C400004F1A40009F05CFC4FF4C072314604F5C5
:101C5000A35009F055FCC4F810802B68294641F8C0
:101C6000089B00939B6802A89847694604F15800B6
:101C7000FBF732FA009BDB6802A89847394604F16B
:101C8000080002F0F1F809E0A36DDB6804F16000E0
:101C900098472046FAF764FC07F0CAF9204613B0CB
:101CA000BDE8F083480C030870F6020830B593B025
:101CB00005460C46264B00930290264B6A46182197
:101CC000FFF7A2FF009BDB6802A89847214605F5B5
:101CD000AF50FEF7F9FE05F5B1501830FFF700FBE5
:101CE00012E0009BDB6802A8984707F0A1F905F510
:101CF0008053D3F8E40508B1F3F7E2FC2846FFF778
:101D000077FA07F095F9F9E705F5805440220021AC
:101D100004F28C6009F0F4FB002184F8CC1643F641
:101D2000D603A4F8C83CC4F8CA1CA4F8CE1CC4F856
:101D3000D01CC4F8D41CA4F8D81CC4F8DC1C502255
:101D400005F5E75009F0DCFB284613B030BD00BFB5
:101D5000680C0308F4D402080A88D3B2584003017F
:101D6000DBB280EA030C6046030243EA12231BB293
:101D700083EACC0383EA1C130B80704730B583B031
:101D800004464FF6FF73ADF8063006E00DF106018C
:101D900014F8010BFFF7E0FF29464B1E9DB2002906
:101DA000F4D1BDF8060003B030BD70B506460C4650
:101DB00005E0314614F8010BFFF7CEFF2A46531E0B
:101DC0009DB2002AF5D170BD2DE9F04FC9B0814612
:101DD0000C46D0F808A0D0F80CB003690193416913
:101DE0008369C2690292026A0392426A04920020E5
:101DF00005E054F8202008AD45F8202001300F28D8
:101E0000F7DD102022E0821E08AC54F822404FEA91
:101E1000F44282EA744282EA9422C41F08AD55F863
:101E200024402244A0F10F0455F824504FEAB54451
:101E300084EAF51484EAD5042244A0F1100408AD24
:101E400055F82440224445F8202001303F28DADDAF
:101E5000DDF810E0039E029F1A468846019C5D460D
:101E6000D4460020CDF814A0CDF818B0079130E08A
:101E70004FEAF22181EAB21181EA7261714402EA09
:101E8000070E26EA020A8EEA0A0E8E44244951F809
:101E900020100EEB010A08A951F820108A444FEADD
:101EA0007C3E8EEABC0E8EEABC5E85EA040101EA45
:101EB0000C0105EA040B81EA0B0171440130B646BE
:101EC0003E46174608EB0A02A0462C4665460AEB3A
:101ED000010C3F28CCDDDDF814A0DDF818B007991F
:101EE0000CEB0A00C9F808005D44C9F80C500198D1
:101EF0000444C9F810404144C9F814101A44C9F800
:101F00001820029B1F44C9F81C70039B1E44C9F88B
:101F10002060049B7344C9F8243049B0BDE8F08FB9
:101F2000A81C030800B54FF4A27C4FF0000EE64554
:101F300020D20EEB0C0301335A0823F0010101EB10
:101F400053030E4951F8233083420ED883420FD3F6
:101F500002EB4203094951F8233083420CD102EBD2
:101F6000420201EB82005DF804FB02F1FF3CDEE778
:101F70009646DCE77246EBE70020F4E76C0D0308B9
:101F80000120704701207047007E7047072070478E
:101F900090F83400704730B4D0F87849312C02D929
:101FA0000024C0F87849D0F87849651CC0F8785901
:101FB00004EB840C00EBCC0CCCF8A82101228CF8AB
:101FC000B421CCF8C431CCF8C811002030BC704723
:101FD00000F6BC200FE0006848B14368002BFAD03F
:101FE0001C688C42F7D19B699342F4D101205DF8C3
:101FF000044B7047006820B14368002BFAD010B43E
:10200000EEE7704700F5CE700FE0006848B1436816
:10201000002BFAD01C688C42F7D1DB699342F4D1D3
:1020200001205DF8044B7047006820B14368002B25
:10203000FAD010B4EEE7704710B400F6BC200024CC
:1020400001E00068013440B14368002BF9D01B68FF
:102050008B42F6D11460002000E007205DF8044BAD
:10206000704710B400F5CE70002401E00068013420
:1020700040B14368002BF9D01B688B42F6D1146045
:10208000002000E007205DF8044B70472C3000E092
:10209000006858B14368002BFAD093F801C094450A
:1020A000F6D11B788B42F3D10120704770472DE9A0
:1020B000F04190B080460F461646056805EBC20316
:1020C0000360AB4202D2436801334360C5F3C505E8
:1020D0000BE008F1280022463946284408F004FFA6
:1020E00025442744361B402D06D036B3C5F14004A5
:1020F000A642EED23446ECE708F12802002314E0B1
:1021000002EB830E0DEB830C9EF803100DF82310E9
:102110009EF802108CF801109EF801108CF8021045
:1021200012F823108CF8031001330F2BE8DD6946F9
:102130004046FFF749FE0025D7E710B0BDE8F08123
:10214000F0B593B005460E460468E408C4F1770480
:1021500004F03F0480238DF80030472200210DF168
:10216000010009F0CDF92B6804F150026A4402F82D
:10217000483C190A04F14F026A4402F8481C190C41
:1021800004F14E026A4402F8481C1B0E04F14D0291
:102190006A4402F8483C6B6804F14C026A4402F855
:1021A000483C190A04F14B026A4402F8481C190C15
:1021B00004F14A026A4402F8481C1B0E04F1490269
:1021C0000DEB020707F8483C04F10902694628466E
:1021D000FFF76DFFEB7A3370AB7A73706B7AB37085
:1021E0002B7AF370EB7B3371AB7B737113B0F0BD63
:1021F000002858D070B59CB00C4616461D460146C6
:10220000007810F0010001D11CB070BD4A7823465F
:1022100003F8012B91ED027B8DED007B0098C4F853
:102220000100BDF804209A808B68CA68013342F12E
:1022300000028B60CA600023029303931B4B04933C
:102240001B4B05931B4B06931B4B07931B4B089390
:102250001B4B09931B4B0A9303F17453A3F5230300
:10226000A3F692430B932022103102A8FFF71FFF21
:102270002A46314602A8FFF71AFF9DF884202099CC
:1022800002A8FFF714FF0222229902A8FFF70FFF0E
:102290000722214602A8FFF70AFFE11D02A8FFF767
:1022A0004FFF0D20B0E70020704700BF67E6096AC6
:1022B00085AE67BB72F36E3C3AF54FA57F520E5167
:1022C0008C68059BABD9831F2DE9F04788B0044685
:1022D0001E469DF840C01B7B13F0020308D13069F5
:1022E00098B1007810F0010F12D100273D4601E0AF
:1022F00000273D467BB1FE20A0704FF00608E3B9F1
:1023000004F10C0E9DF844C00EE000273D46F1E7B5
:1023100001270D25EEE7FD20A0704FF00A08EEE73B
:102320000CF1FF3C5FFA8CFCBCF1010F05D90EEB00
:102330000C0010F8010C0028F2D084F803C0E17101
:102340002272002222710FB10122227100226271D9
:10235000B279A2710132B271A2788DF81420E278BC
:102360008DF81520002B3BD0A3798DF81630E3793A
:102370008DF81730237A8DF81830637A8DF819307C
:10238000C24608F1FF3189B20DF11500FFF7F6FCE6
:10239000ADF8120004F10C09E27849460DF1120083
:1023A000FFF703FD0DF112019DF84800FFF7D4FC83
:1023B000E378BDF8122009F80320BDF81220110AB5
:1023C000E378013309F80310228047BBE3789A448D
:1023D00005EB0A0080B2023080B208B0BDE8F08799
:1023E00023798DF8163063798DF81730A3798DF83D
:1023F0001830E3798DF81930237A8DF81A30637A22
:10240000A27A43EA0223E27A43EA02438DF81B30C0
:102410001A128DF81C201B148DF81D30B0E7E378DC
:1024200009EB030202920193CDF80090434605AAFE
:1024300004F58B713069FFF7DBFEC7E730B589B073
:1024400004460D469C460F9B05939DF830308DF851
:1024500018309DF834308DF819309DF838308DF8EB
:102460001A309DF840308DF81B3003238DF81C3056
:102470000DF1140EBEE80300CCF80C00CCF81010DF
:102480009EF800308CF8143000238CF809308CF85A
:102490000A308CF80B3002EB4202322302930923FC
:1024A00001930093044B03EBC2032A462146604686
:1024B000FFF70AFF09B030BD0C1B0120F0B587B053
:1024C0000C9C25796679A779D4F800C0E479049446
:1024D000CDF80CC0029701960095FFF7AFFF07B04B
:1024E000F0BD08B503460846DA7800210160416076
:1024F0000172092A28BF092203F10C0108F0F4FC3B
:1025000008BD0000002800F0DA802DE9F043A1B0FA
:102510000C461546064602F1020902F58B7802F2D6
:102520001D17002306930793664B0893664B099388
:10253000664B0A93664B0B93664B0C93664B0D935D
:10254000664B0E9303F17453A3F52303A3F6924352
:102550000F93202200F1100106A8FFF7A8FD0A2220
:10256000494606A8FFF7A3FDEA7805F10C0106A885
:10257000FFF79DFD022205F58A7106A8FFF797FD7A
:102580000722414606A8FFF792FD04A906A8FFF717
:10259000D7FD0622394604A808F0A2FF30B1022375
:1025A00086F83430002021B0BDE8F08395F816712C
:1025B00000220023CDE9022305F2171ED5F81701EA
:1025C0000290B5F81B31ADF80C300CB1002306E0D9
:1025D000032386F834300020E5E701339BB22288DC
:1025E0009A4215D995F807C003EBC3002044C1787F
:1025F0008C45F2D1287A03EBC30121440979884242
:10260000EBD103EBC308A04498F80210B942E4D11F
:102610009A4223D10F2A17D80299314811EB000CA6
:10262000039840F10008B068F168844578EB010038
:102630000FD3E87903EBC3012144C870287A0871ED
:102640008F70013222801DE0042386F83430002090
:10265000A9E7052386F834300020A4E700200021F4
:10266000CDE9000103EBC3022244D2F8050000903B
:10267000B2F80920ADF80420029A90420399019A19
:102680008A4117D203EBC3031C44D5F81731C4F8B1
:102690000530BEF80430A4F809300299039AB068F6
:1026A000F3688842934101D2B160F260012086F85C
:1026B000340078E7062386F83430002073E70120E1
:1026C000704700BF67E6096A85AE67BB72F36E3C70
:1026D0003AF54FA57F520E518C68059BABD9831FED
:1026E000808D5B002DE9F04383B005460C46904693
:1026F0001F460A9E00230B70CB78102B7CD8DFE896
:1027000013F011001100350051006C009A00AA006E
:10271000BA00CA00E90006012801420175017501ED
:10272000B201B201B8F1FD0F11D0B8F1FE0F63D1C3
:102730000223CB700023C37080F802800B7B43F030
:1027400001030B734FF0FF330370437054E0022317
:10275000CB700023C37080F802800B7B23F0010351
:102760000B734FF0FF330370437045E080F8038034
:1027700000230B710388ADF806300DF106014046C9
:10278000FFF7EAFABDF806302B80237B13F0010F28
:1027900005D000232B716B710523E3702CE003231C
:1027A000E37029E080F80480B8F1010F07D98B7835
:1027B00001338B7000230B700123CB701CE0038866
:1027C000ADF806300DF106014046FFF7C5FABDF839
:1027D00006302B800423E3700EE080F80580038828
:1027E000ADF806300DF106014046FFF7B5FABDF829
:1027F00006302B800523E3702378012B00F06F81D6
:102800000FB1EB78FB7066B1E378F3702379337125
:1028100063790133737123893381A3787381237BB7
:1028200033730023A3702378022B00F0618120789A
:1028300003B0BDE8F08380F806800388ADF8063069
:102840000DF106014046FFF787FABDF806302B80F0
:102850000623E370D0E780F807800388ADF80630E0
:102860000DF106014046FFF777FABDF806302B80E0
:102870000723E370C0E780F808800388ADF80630CE
:102880000DF106014046FFF767FABDF806302B80D0
:102890000823E370B0E780F8098000238372C372D5
:1028A0000388ADF806300DF106014046FFF754FAF3
:1028B000BDF806302B80237B13F0010F07D0EB7897
:1028C00013B10B23E37097E70C23E37094E709231C
:1028D000E37091E7437A827A43EA0223C27A43EAB9
:1028E000024343EA08224372C2F307238372120CA5
:1028F000C2720388ADF806300DF106014046FFF7BD
:102900002BFABDF806302B800A23E37074E7437A74
:10291000827A43EA0223C27A43EA024343EA084244
:102920004372C3F307238372130CC3720388ADF899
:1029300006300DF106014046FFF70EFABDF80630ED
:102940002B80EB7813B10B23E37055E70C23E37076
:1029500052E700F10C030A79511C217103F802803F
:102960000388ADF806300DF106014046FFF7F4F993
:10297000BDF806302B802279EB789A427FF43CAF89
:102980000C23E37038E7437A827A43EA0223C07A61
:1029900043EA0040FFF7C6FA8146F8B100792B8878
:1029A000ADF806300DF10601FFF7D6F9BDF8063097
:1029B0002B80DBB2984516D00E23E37085F8148186
:1029C000237999F806209342BFF416AF05F10C0065
:1029D000D21A0021184408F093FD0DE70E23E3708E
:1029E00085F8148108E70D23E370E7E70E2B03D089
:1029F0000388B8EB132F11D00223237085F81581BB
:102A00002B7913F0010F0FD02378022B09D00F235D
:102A1000E370002323700D236373EDE601230B7035
:102A2000ECE71023E370F6E7236983B11A6B4AB130
:102A30006B7AA97A43EA0123E97A43EA0141204605
:102A4000904720B92378022B01D003232370012360
:102A5000E370002F3FF4D0AE40F2231229463846EF
:102A600008F042FAC8E64B7BC3F10D03034483F838
:102A700016814B7B013BDBB24B73002B7FF4BCAE6A
:102A8000024649692069FFF73DFD804668B9236920
:102A90001B6B53B16A7AA97A42EA0122E97A42EAC7
:102AA00001412046984700B18046E378102B05D0BD
:102AB000B8F1000F10D00123237001E0022323702E
:102AC0000123E370002F3FF497AE40F22312294612
:102AD000384608F009FA8FE603232370F0E7AB7954
:102AE000637123890BB9002262810133238187E658
:102AF000002F3FF49CAE95F8143195F8152143EA68
:102B000002233B8093E6000030B583B004460D46B7
:102B100000EB4000009313460A461A4901EBC0013E
:102B200040F2231C18480CFB0400FFF7DBFD831E5A
:102B3000DBB2012B01D903B030BD124904EB4403D1
:102B4000D80001EBC3039A7801329A7000220A542C
:102B50000122DA70FD2D01D00020ECE704EB4402E5
:102B600001EBC2030222DA70074940F2231303FB90
:102B700004F40B190022DA704FF0FF320A555A7034
:102B8000EAE700BF0C1B01203814012010B50446F1
:102B90008166C36E23B1E268E36E1A60204610BD01
:102BA000082000F0F7FEE066F5E710B50446016680
:102BB000436E23B1E268636E1A60204610BD0820A0
:102BC00000F0E8FE6066F5E710B504468165C36D68
:102BD00023B1E268E36D1A60204610BD042000F0C6
:102BE000D9FEE065F5E710B504460165436D23B1F4
:102BF000E268636D1A60204610BD082000F0CAFE2E
:102C00006065F5E710B504468164C36C23B1E268E2
:102C1000E36C1A60204610BD082000F0BBFEE064A3
:102C2000F5E710B504460164436C0BB1204610BDB6
:102C3000082000F0AFFE6064F8E710B50446816339
:102C4000C36B23B12269E36B1A60204610BD0820D4
:102C500000F0A0FEE063F5E770B586B08368002B56
:102C600063D004464368002B5FD0036B002B7DD0FC
:102C7000436A062B00F29A80037E002B40F0C2804C
:102C8000836A13B94FF48073836263690BB91823A5
:102C90006361A06A00F07EFE206700256567211D44
:102CA00004F6CC2001F0CDF884F8F05A6369C4F83A
:102CB000D43A4FF48053C4F8D83AC4F8DC4A6423B9
:102CC000C4F8E03A794BC4F8E43A04F6C42000F0C2
:102CD000B3FF84F8385B012384F84C3BC4F87C597B
:102CE000C4F87859724D2B685B6A72492846984738
:102CF0002B689E69FCF71AFF01462846B0476E4DC7
:102D000003685B692946984703685B696B49984784
:102D100003685B6929469847054661680491A26883
:102D2000059203681B6A984798E0614C23685B6AC8
:102D300063492046984723689D69FCF7F7FE0146E2
:102D40002046A8475C4C03685B69214698470368A6
:102D50005B695A49984703685B692146984703684D
:102D60005B6958499847072006B070BD504C2368EE
:102D70005B6A53492046984723689D69FCF7D6FE55
:102D800001462046A8474C4C03685B69214698479A
:102D900003685B694949984703685B69214698471E
:102DA00003685B69484998470720DDE7404D2B6879
:102DB0005B6A4349284698472B689E69FCF7B6FE34
:102DC00001462846B0473C4D03685B692946984751
:102DD00003685B693949984703685B6929469847E6
:102DE000054661680091A268019203681B6A9847D2
:102DF0002B685B6935492846984700230093019367
:102E00000120B1E72A4D2B685B6A2D492846984777
:102E10002B689E69FCF78AFE01462846B047264D7E
:102E200003685B692946984703685B6923499847AB
:102E300003685B6929469847054661680291A26864
:102E4000039203681B6A98472B685B6920492846F0
:102E50009847002302930393052085E72B685B695D
:102E60001C492846984703689B69616A984703682C
:102E70005B691949984703689B69A16A9847036889
:102E80005B69164998470020049005906CE7002381
:102E90000093019306F0CCF800230293039306F00D
:102EA000C7F800230493059306F0C2F8953702088B
:102EB0002008012074CE020810CD020808D50208AF
:102EC000B0CC0208A4D502081CD502083CD50208E3
:102ED00054D5020860D502086CD5020880D50208D6
:102EE00070B586B08368002B35D004464368002B4C
:102EF00031D0436A062B4FD8037E002B78D000F6E2
:102F0000C42000F0E0FE206F00F050FD0023237687
:102F1000614D2B685B6A6149284698472B689E691A
:102F2000FCF704FE01462846B0475D4D03685B6927
:102F30002946984703685B695A49984703685B6963
:102F400029469847054661680491A268059203687E
:102F50001B6A984778E0504C23685B6A52492046C8
:102F6000984723689D69FCF7E1FD01462046A84784
:102F70004B4C03685B692146984703685B69494984
:102F8000984703685B692146984703685B6947492E
:102F90009847072006B070BD3F4D2B685B6A4249D9
:102FA000284698472B689E69FCF7C0FD01462846D5
:102FB000B0473B4D03685B692946984703685B69E6
:102FC0003849984703685B69294698470546616810
:102FD0000091A268019203681B6A98472B685B699D
:102FE0003349284698470023009301930120D1E7F5
:102FF000294D2B685B6A2C49284698472B689E69A7
:10300000FCF794FD01462846B047254D03685B69EF
:103010002946984703685B692249984703685B69BA
:1030200029469847054661680291A26803920368A1
:103030001B6A98472B685B691E49284698470023FE
:10304000029303930520A5E72B685B691A4928467C
:10305000984703689B69616A984703685B691749E9
:10306000984703689B69A16A984703685B6914499C
:1030700098470020049005908CE70023009301936B
:1030800005F0D6FF00230293039305F0D1FF002340
:103090000493059305F0CCFF2008012074CE0208AC
:1030A00010CD020808D50208B0CC020890D502085D
:1030B0003CD50208B8D5020860D502086CD50208D4
:1030C000C4D50208F8B504460F46164603681B6EC1
:1030D000984790B9022000F05DFC054607704670E5
:1030E000014604F12C0000F07FFE044608B920469A
:1030F000F8BD284600F05AFCF9E70524F7E72DE96A
:10310000F0410546884617461E4603681B6D324649
:1031100039469847B8B9242000F03CFC04460760C3
:10312000012303738661C0F81C80014605F6BC20AC
:1031300000F05AFE054610B92846BDE8F081204649
:1031400000F034FCF8E70525F6E72DE9F0410546E7
:10315000884617461E4603685B6D324639469847D7
:10316000C8B9282000F016FC044607600123037349
:10317000C661069B8361C0F82080014605F5CE70CC
:1031800000F032FE054610B92846BDE8F081204621
:1031900000F00CFCF8E70525F6E710B582B0044610
:1031A0000023019303689B6D01AA984708B102B000
:1031B00010BD019904F6BC2000F0F5FDF7E710B54D
:1031C00082B00446002301930368DB6D01AA98478F
:1031D00008B102B010BD019904F5CE7000F0E3FD16
:1031E000F7E7000038B50446074B03600025C560CB
:1031F00005612946043000F037FE6561257665607B
:10320000A560204638BD00BF800C030810B50446F9
:10321000FFF7E8FF1C21204605F0E8FD204610BD21
:1032200010B504461B4B0360012343760023C361A2
:103230000362436203674367836280F834308363C9
:10324000C363036443648364C36403654365836544
:10325000C365036643668366C36680F87F30C0F843
:10326000A031C0F8A431C0F8A831C0F87839C0F84E
:103270007C3980F8873980F8A43AC0F8C03AC0F8A1
:10328000D43A00F6C420FAF76FFA2046FFF7AAFFF7
:10329000204610BD9C0C030810B50446FFF7C0FF84
:1032A0004FF43361204605F0A1FD204610BD00001B
:1032B00010B50446024B0360FFF7B2FF204610BD75
:1032C000080D030810B50446054B0360FFF7A8FF7F
:1032D00040F65831204605F089FD204610BD00BF5C
:1032E000080D030870B50D4600F6BC200AE0012168
:1032F000201DFCF703FC2062294604F11C00B047A6
:1033000014E0006888B14468002CFAD022686B7A17
:10331000A97A43EA0123E97A43EA01439A42F0D1C8
:10332000A669002EE3D1072000E0072070BD10B58C
:1033300000F5CE74072000E0246844B16368002BD8
:10334000FAD00021181DFCF7A3FB0020F4E710BD04
:1033500070B5D0F87829D0F87C399A4248D0044624
:10336000312B02D90023C0F87C39D4F87C5905EB05
:10337000850304EBC303D3F8C431002B3BD005EB2A
:103380008500C00000F5E47004F1780120449847FE
:103390000646C0B9636F05EB850504EBC505D5F896
:1033A000CC219D18A16AA94205D8D4F87C390133F3
:1033B000C4F87C391DE0206F04F17A01184407F04D
:1033C00093FD6567F1E7022813D1636F05EB85056F
:1033D00004EBC505D5F8CC219D18A16AA94208D9EE
:1033E000206F04F17A01184407F07EFD656700E064
:1033F0000026304670BD0026FBE72DE9F04104466B
:1034000000F5CE73C0F8A431072704E0D4F8A43146
:103410001B68C4F8A431D4F8A4314BB35D68002D07
:10342000F4D0EB69002BF1D02E1DA9693046FCF7D2
:103430004FFB0028EAD0D5F81C8000213046FCF76D
:1034400027FB04F1780105F12000C047064600285B
:10345000DCD1636F6A6A9D18A16AA942D6D9206F30
:1034600004F17A01184407F03FFD65673746CDE760
:103470003846BDE8F08100002DE9F04387B00446EE
:1034800000F6443728493846FCF722FB002847D08D
:1034900004F12C0502E0002025E02D68002D3FD02E
:1034A0006E68002EF9D0002103910491059196F8E1
:1034B000008096F801903846FCF7EAFAA36E002BDC
:1034C000E9D0E268E36E1A60E36E72785A71E36ED7
:1034D00032781A71A36E03A9E06E9847E36E93F8F1
:1034E000048093F805900028D7D103AB009304F132
:1034F000780394F8242049464046FEF7DFFF06464D
:10350000636F1918A26A9142C7D2206F324604F144
:103510007A01184407F0E8FC636F33446367BCE743
:10352000022007B0BDE8F08340420F0070B584B0C0
:1035300004460AE0637E012B20D0042384F8343053
:10354000642104F6C42000F06DFB94F83430072B9E
:1035500000F2FF8001A252F823F000BF35350208C7
:103560008F350208B5350208F7350208973602088C
:10357000C136020837370208453702087D4904F68C
:103580004430FCF785FA022384F83430D8E700236E
:103590006367784904F64430FCF77AFA2046FFF76F
:1035A000C6FE032384F834300A2104F6C42000F058
:1035B00039FBCAE72046FFF75FFF636F4BB1A26B91
:1035C0002AB1E26B5360A36B216FE06B9847002335
:1035D00063674FF4FA72012104F6C42000F0A0FBE7
:1035E0000128B2D1002363672046FFF7A0FE032322
:1035F00084F83430A9E72046FFF73EFF2046FFF766
:10360000A7FE2046FFF7F9FE636F4BB1A26B2AB10C
:10361000E26B5360A36B216FE06B984700236367F5
:1036200040F6B83104F53360FCF73CFA00282CD0A2
:10363000514D2B685B6A5149284698472B689E6913
:10364000FCF774FA01462846B0474D4D03685B69A4
:103650002946984703685B694A49984703685B694C
:1036600029469847054661680091A268019203685F
:103670001B6A98472B685B69434928469847002393
:1036800000930193042384F83430012104F6C4200C
:1036900000F0C8FA59E7637E012B03D1022384F8B6
:1036A000343052E740F6B832012104F6C42000F06D
:1036B00037FB01287FF449AF052384F8343044E711
:1036C00040F6B832012104F6C42000F029FB01289D
:1036D00003D0042384F8343037E7274D2B685B6A26
:1036E0002A49284698472B689E69FCF71FFA01462D
:1036F0002846B047224D03685B692946984703680E
:103700005B692049984703685B69294698470546E5
:1037100061680291A268039203681B6A98472B684C
:103720005B691B49284698470023029303930123B2
:1037300084F8343009E740F6B83104F6C42000F0CC
:1037400071FA02E740F6B83104F6C42000F06AFAD4
:10375000FBE640F6B83104F6C42000F063FAF4E664
:1037600000230093019305F063FC0023029303936D
:1037700005F05EFC40420F0020080120DCD3020867
:1037800010CD020808D50208D4D5020874CE02086C
:10379000E8D5020808B5FFF7C9FE30B585B0044684
:1037A000002501950295039501A900F51860FEF723
:1037B00098FE294604F53360FCF76AF9236E03B3DB
:1037C000E268636E1A60636E94F887291A71636EFB
:1037D00094F888295A71236E01A9606E98470546AE
:1037E00060B994F83420131FDBB2012B01D9022AEF
:1037F00004D1012104F6C42000F08DFA284605B05A
:1038000030BD0025EDE770B5044600F5186600F6FA
:10381000A423324690F82400FFF776F9C8B1D4F813
:1038200088391B0A04D12046FFF7B7FF022511E0B3
:1038300031462046FFF756FD054607280AD1A36DFD
:1038400043B1E268E36D1A60A36D3146E06D9847BD
:1038500000E00225284670BD08B5FFF7D4FF08BD7B
:1038600008B5F5F701FD003818BF012008BD08B5FF
:10387000F4F748F9022814BF0020012008BD10B554
:103880000446FFF7EDFF58B9A06858B1F2F770F998
:103890000023A360E06838B1F1F712FF002010BDEB
:1038A0000220FCE70720FAE70020F8E72DE9F041C5
:1038B00082B01D4683686BB304460F461646FFF779
:1038C000CFFFA0B904F10C08CDF800804046FBF70B
:1038D00025FE2B4632463946A068F2F79BF984B2A2
:1038E0004046FBF744FE204602B0BDE8F0810023CD
:1038F000019301AB32463946A068F2F740FA84B230
:10390000019B002BEFD04FF0E0234FF08052C3F823
:10391000042DE8E70024E6E74046FBF728FE05F023
:1039200087FBF0B583B01E4683680BB304460F4691
:103930001546FFF795FF40B933462A463946A06839
:10394000F2F7B6FA80B203B0F0BD0023019301ABE9
:103950002A463946A068F2F73CFB80B2019B002B57
:10396000F1D04FF0E0234FF08052C3F8042DEAE786
:103970000020E8E708B5FFF799FF08BD08B5FFF795
:10398000D0FF08BD08B5F0F779FD08BD08B5F0F720
:1039900011FC08BD10B50446F0F70CFC002302E052
:1039A0000022C2540133A342FADB10BD08B5F0F780
:1039B00007FD08BD38B50A20FFF7E8FF0446064DAD
:1039C0002860F0F75BFD2B681844044B1860204614
:1039D000FFF7ECFF38BD00BFA01B01209C1B01209E
:1039E000064B1B68834205D2054B1B68834203D8F4
:1039F000002070470020704701207047A01B012065
:103A00009C1B012008B5F5F78AFF08BD08B5FFF734
:103A1000D1FF08BD074A0260002242628261C26192
:103A200002624261044901608260C2600349016030
:103A300002717047CC1D0308C00A0308D4F50208C0
:103A400008B503790BB9002008BD406AF5F7C0FF3F
:103A5000FAE708B503790BB9002008BD1346027CCC
:103A6000406AF5F7F9FFF8E7C3687BB110B5044683
:103A700083686BB102796AB940F8143FF5F769FFC2
:103A8000606248B101232371002010BD04207047FB
:103A90000420FAE70520F8E70120F6E7C3685BB1E8
:103AA00010B5044683684BB103794BB1406AF6F711
:103AB0003EF838B9207102E004207047042010BDA0
:103AC0000520FCE70120FAE710B50446094B036026
:103AD000002343628361C36103624361064A02605B
:103AE0008360C360054A02600371282105F07EF9F6
:103AF000204610BDCC1D0308C00A0308D4F50208F7
:103B000008B50846F5F70BFF08BD08B5C069F5F71D
:103B100006FF08BD38B5C368002B53D00446836840
:103B2000002B51D0006A002850D02279002A4FD1B2
:103B3000626912B94FF400726261E26912B94FF41E
:103B40007A72E26122690AB918222261E26962622C
:103B50000022A26223632369A3646369636404F19E
:103B60003002A169F5F7D2FCE06218B1012323719C
:103B7000002028E0174C23685B6A174920469847C5
:103B800023689D69FBF7D2FF01462046A847134CE6
:103B900003685B692146984703685B691049984749
:103BA00003685B692146984703689B696B219847C6
:103BB00003685B690B49984703685B690A49984742
:103BC000012000E0042038BD0420FCE70420FAE7CF
:103BD0000520F8E720080120B0CC0208BCCC020880
:103BE000F8D5020810CD020848D6020810B50446E0
:103BF000C3688BB183687BB143696BB103695BB107
:103C0000036A4BB103792BB1C06AF5F768FD38B987
:103C1000207104E0072002E000232371042010BD7E
:103C20000120FCE708B50846F5F779FE08BD08B5A0
:103C3000C069F5F774FE08BD38B5C368002B36D0EF
:103C400004468368002B34D0056A002D33D00279F6
:103C5000002A32D1426912B94FF400724261E2691E
:103C600012B94FF47A72E26122690AB9182222610C
:103C700063632369E3646369A364206B78B1F5F738
:103C8000F9FCA368204640F8583FF5F762FEA066AD
:103C9000A8B1236BABB101232371002008E004F12C
:103CA0003402A1692846F5F731FC2063E9E70420D6
:103CB00038BD0420FCE70420FAE70520F8E70120DE
:103CC000F6E70120F4E710B50446C36893B18368B2
:103CD00083B1436973B1036963B1036A53B1006B84
:103CE00040B1237923B1F5F7A5FC38B1012004E0F8
:103CF000072002E000232371042010BDA06EF5F719
:103D000016FF08B10120F8E704F1080000F0EAF816
:103D100000202071F1E708B5806EF5F759FE08BD67
:103D200008B5134690F82C20806EF5F795FE08BD77
:103D300003680BB10520704710B50446011D012032
:103D4000F1F77EF8206008B1002010BD0120FCE7EB
:103D500003680BB10520704710B504460120F1F748
:103D600057F8206008B1002010BD0120FCE708B51D
:103D7000136831B11B6853B113600139FFF7F7FFC6
:103D800002E01B680BB1002008BD0720FCE70720FC
:103D9000FAE708B50B681B681BB10B60FFF7F9FF6A
:103DA00008BD0020FCE72DE9F04182B0019001AA96
:103DB000FFF7DDFF054668B9019C206806686EB113
:103DC000D0F8048000276760FFF7F0FD2760C4F893
:103DD00004802660284602B0BDE8F08100266660B7
:103DE000FFF7E4FD2660F5E770B582B00C46019060
:103DF00001A9FFF7CEFF019E054610B1284602B08B
:103E000070BD74600820FFF7C5FD3060F6E710B59F
:103E100004460068FFF7E4FD08B9072010BD2068DC
:103E2000FFF7C4FD002020606060F7E738B5044666
:103E30000D46FFF7ECFF2846FFF7A8FD20600020A5
:103E400038BD38B5044688420CD00D464968FFF7A6
:103E5000EDFF20682968884202D06A6807F044F8BC
:103E60006B686360204638BD70B5044671B10E467C
:103E70000846DCF7DBFA054601462046FFF7D6FF89
:103E80002A463146206807F02FF86560204670BD4D
:103E90002DE9F84304460F4645680846DCF7C6FAA4
:103EA00080462846FFF772FD064605EB08092A46BC
:103EB000216807F019F849462046FFF7B7FF2A4660
:103EC0003146206807F010F82068424639462844F9
:103ED00007F00AF8C4F804903046FFF767FD204663
:103EE000BDE8F88308B5FFF792FF08BD08B504F0F8
:103EF0003FFDFCE710B5054C2046FDF7F1F9044AFB
:103F00000449204604F0FAFE10BD00BFA41B0120A6
:103F100000000020FD00020870B5FAF771F8FFF705
:103F200075FDF9F717FFF9F7ABFD04465E48036826
:103F30005B6A5E499847072C79D0FBF701FE20B1F8
:103F4000594803685B6A5A499847574C23685B6A2B
:103F500058492046984723685B6A57492046984746
:103F600023685B6A55492046984723685B6A544931
:103F70002046984723685B6A524920469847236841
:103F80005B69514920469847504D03685B69294653
:103F9000984723685B6A4E492046984723685B69C7
:103FA0004C492046984703685B692946984723682F
:103FB0005B6A29462046984704F0C8FB464C4749AF
:103FC0002046FFF751FFA4F10800002383614FF45E
:103FD00080534361424B0362FFF79CFD00282CD0C5
:103FE000314C23685B6A3F492046984723689D69A6
:103FF000FBF79CFD01462046A8473B4C03685B69E4
:104000002146984703685B693849984703685B69AC
:104010002146984703689B697421984703685B6948
:104020003349984703685B6932499847FEE71E4861
:1040300003685B6A304998477FE71B4C23685B6ADB
:104040002E492046984723689D69FBF76FFD01467E
:104050002046A847244D03685B69294698470368B2
:104060005B692249984703685B692946984703685A
:104070009B697B21984703685B691D4998470368E2
:104080005B691F499847054603689E69FFF77AFCFC
:1040900001462846B04703685B690C4998472046AB
:1040A000F9F754FE70BD00BF2008012074D6020845
:1040B000ECD602086CD7020870D7020894D7020821
:1040C000A8D70208CCD70208381E0308D8D70208A0
:1040D000DCD70208E4D70208AC1B0120F0D70208A5
:1040E000ED3E0208B0CC0208BCCC0208F8D70208AA
:1040F00010CD020828D802087CD6020874CE020827
:1041000048D8020808B5FFF7F5FE08BD072805D80E
:1041100000230B70012383401370704701230B7041
:10412000083883401370704770B5036893B1044634
:1041300092B1DE680079D86020680368DB6998472F
:10414000054618B1206803685B6A98472368DE60FB
:10415000284670BD0725FBE70725F9E770B503681A
:104160008BB10446DE680079D860206803685B691B
:104170009847054618B1206803685B6A984723682A
:10418000DE60284670BD0725FBE703689BB110B5CC
:1041900082B0044600238DF807300DF1070202219A
:1041A000FFF7C2FF08B102B010BD00224F21204628
:1041B000FFF7D4FFF7E7072070470F292FD870B516
:1041C00082B00646084615460DF106020DF10701BC
:1041D000FFF79CFF9DF807400634E4B20DF105029D
:1041E00021463046FFF7A0FF68B975B99DF8053044
:1041F0009DF8062013438DF805309DF805202146D3
:104200003046FFF7ABFF02B070BD9DF80630DB43D0
:104210005BB29DF8052013408DF80530EDE70720CF
:1042200070470F2930D870B582B00646084615464B
:104230000DF106020DF10701FFF768FF9DF8074039
:104240000234E4B20DF1050221463046FFF76CFF5F
:1042500080B9012D10D09DF80630DB435BB29DF88C
:10426000052013408DF805309DF805202146304685
:10427000FFF774FF02B070BD9DF805309DF8062071
:1042800013438DF80530EFE7072070470A88D3B253
:1042900058400301DBB280EA030C6046030243EAA4
:1042A00012231BB283EACC0383EA1C130B807047F2
:1042B00030B583B004464FF6FF73ADF8063006E024
:1042C0000DF1060114F8010BFFF7E0FF29464B1E24
:1042D0009DB20029F4D1BDF8060003B030BD70B521
:1042E00006460C4605E0314614F8010BFFF7CEFFF9
:1042F0002A46531E9DB2002AF5D170BD2DE9F04F1C
:10430000C9B081460C46D0F808A0D0F80CB00369BB
:10431000019341698369C2690292026A0392426A07
:104320000492002005E054F8202008AD45F8202034
:1043300001300F28F7DD102022E0821E08AC54F86F
:1043400022404FEAF44282EA744282EA9422C41F75
:1043500008AD55F824402244A0F10F0455F824502C
:104360004FEAB54484EAF51484EAD5042244A0F166
:10437000100408AD55F82440224445F820200130AF
:104380003F28DADDDDF810E0039E029F1A468846DA
:10439000019C5D46D4460020CDF814A0CDF818B09D
:1043A000079130E04FEAF22181EAB21181EA7261AD
:1043B000714402EA070E26EA020A8EEA0A0E8E44C9
:1043C000244951F820100EEB010A08A951F82010D9
:1043D0008A444FEA7C3E8EEABC0E8EEABC5E85EAD9
:1043E000040101EA0C0105EA040B81EA0B017144A6
:1043F0000130B6463E46174608EB0A02A0462C4658
:1044000065460AEB010C3F28CCDDDDF814A0DDF891
:1044100018B007990CEB0A00C9F808005D44C9F808
:104420000C5001980444C9F810404144C9F81410D4
:104430001A44C9F81820029B1F44C9F81C70039B3A
:104440001E44C9F82060049B7344C9F8243049B065
:10445000BDE8F08F5C200308024A0260024A026055
:10446000704700BFD4210308581E030870470B682B
:10447000036070470B680360704770470B68036008
:1044800070470B680360704770470B6803607047A4
:104490000B680360704770470B68036070470B68D8
:1044A0000360704770470B68036070470B680360D8
:1044B000704770470B68036070470B680360704774
:1044C00070470B68036070470B6803607047704764
:1044D00070477047704708B5836D1B686030984718
:1044E00008BD704770477047C36863B310B5044692
:1044F000836853B3816D194A914228D0027942BB37
:104500004FF48052426102690AB9182202612363A2
:104510002369A3644FF48053636404F1A403236408
:104520004FF4C073E36304F585530833A36304F1C8
:10453000300221460A48F4F7E9FFE06258B101234E
:104540002371002010BD042070470420FAE70420E6
:10455000F8E70520F6E70020F4E700BF70F6020850
:10456000D744020810B50446C3689BB183688BB179
:1045700043697BB103696BB1826D094B9A4209D0E3
:1045800003792BB1C06AF5F7AAF838B9207104E0B5
:10459000072002E000232371042010BD0120FCE766
:1045A00070F6020838B590F8703053B1044600F543
:1045B000C160FFF7D7FF00282FD1002384F87030A7
:1045C00038BD2C4C23685B6A2B49204698472368EA
:1045D0009D69FBF7ABFA01462046A847274C0368C4
:1045E0005B692146984703685B69254998470368DA
:1045F0005B692146984703689B6954219847036883
:104600005B692049984703685B691F4998470368BD
:104610005B691E4998470720D2E7164C23685B6AFE
:1046200015492046984723689D69FBF77FFA0146A4
:104630002046A847114C03685B69214698470368E8
:104640005B690F49984703685B692146984703688F
:104650009B695821984703685B690A499847036832
:104660005B690B49984703685B69084998470120D3
:10467000A6E700BF20080120B0CC0208BCCC02088D
:1046800054D8020810CD02089CD8020830CD020888
:10469000CCD802082DE9F04190B080460F4616466E
:1046A000056805EBC2030360AB4202D243680133E5
:1046B0004360C5F3C5050BE008F1280022463946E2
:1046C000284406F011FC25442744361B402D06D013
:1046D00036B3C5F14004A642EED23446ECE708F109
:1046E0002802002314E002EB830E0DEB830C9EF8EE
:1046F00003100DF823109EF802108CF801109EF89C
:1047000001108CF8021012F823108CF803100133FA
:104710000F2BE8DD69464046FFF7F0FD0025D7E79F
:1047200010B0BDE8F081F0B593B005460E460468C0
:10473000E408C4F1770404F03F0480238DF80030CE
:10474000472200210DF1010006F0DAFE2B6804F18A
:1047500050026A4402F8483C190A04F14F026A44C4
:1047600002F8481C190C04F14E026A4402F8481C75
:104770001B0E04F14D026A4402F8483C6B6804F1D8
:104780004C026A4402F8483C190A04F14B026A449C
:1047900002F8481C190C04F14A026A4402F8481C49
:1047A0001B0E04F149020DEB020707F8483C04F127
:1047B000090269462846FFF76DFFEB7A3370AB7A42
:1047C00073706B7AB3702B7AF370EB7B3371AB7BC6
:1047D000737113B0F0BD0000002858D070B59CB0C4
:1047E0000C4616461D460146007810F0010001D126
:1047F0001CB070BD4A78234603F8012B91ED027B73
:104800008DED007B0098C4F80100BDF804209A806B
:104810008B68CA68013342F100028B60CA600023D2
:10482000029303931B4B04931B4B05931B4B069363
:104830001B4B07931B4B08931B4B09931B4B0A9372
:1048400003F17453A3F52303A3F692430B932022A1
:10485000103102A8FFF71EFF2A46314602A8FFF7D3
:1048600019FF9DF88420209902A8FFF713FF022268
:10487000229902A8FFF70EFF0722214602A8FFF7A0
:1048800009FFE11D02A8FFF74EFF0D20B0E7002051
:10489000704700BF67E6096A85AE67BB72F36E3C7E
:1048A0003AF54FA57F520E518C68059BABD9831FFB
:1048B0002DE9F04788B004461E469DF840C01B7B9A
:1048C00013F0020308D1306998B1007810F0010F9D
:1048D00012D100273D4601E000273D467BB1FE2076
:1048E000A0704FF00608E3B904F10C0E9DF844C027
:1048F0000EE000273D46F1E701270D25EEE7FD20FC
:10490000A0704FF00A08EEE70CF1FF3C5FFA8CFC58
:10491000BCF1010F05D90EEB0C0010F8010C0028BA
:10492000F2D084F803C0E1712272002222710FB12B
:104930000122227100226271B279A2710132B27138
:10494000A2788DF81420E2788DF81520002B3BD04A
:10495000A3798DF81630E3798DF81730237A8DF826
:104960001830637A8DF81930C24608F1FF3189B2E8
:104970000DF11500FFF79CFCADF8120004F10C09D5
:10498000E27849460DF11200FFF7A9FC0DF1120182
:104990009DF84800FFF77AFCE378BDF8122009F88B
:1049A0000320BDF81220110AE378013309F803103F
:1049B000228047BBE3789A4405EB0A0080B20230BC
:1049C00080B208B0BDE8F08723798DF8163063799E
:1049D0008DF81730A3798DF81830E3798DF81930F8
:1049E000237A8DF81A30637AA27A43EA0223E27AB4
:1049F00043EA02438DF81B301A128DF81C201B1459
:104A00008DF81D30B0E7E37809EB030202920193C1
:104A1000CDF80090434605AA04F58B713069FFF785
:104A2000DBFEC7E730B589B004460D469C460F9BB8
:104A300005939DF830308DF818309DF834308DF89E
:104A400019309DF838308DF81A309DF840308DF8C7
:104A50001B3003238DF81C300DF1140EBEE803004B
:104A6000CCF80C00CCF810109EF800308CF8143004
:104A700000238CF809308CF80A308CF80B3002EBEC
:104A8000420232230293092301930093044B03EB68
:104A9000C2032A4621466046FFF70AFF09B030BD2F
:104AA00074A30120F0B587B00C9C25796679A779AD
:104AB000D4F800C0E4790494CDF80CC002970196B4
:104AC0000095FFF7AFFF07B0F0BD000030B589B02B
:104AD00004460D469C46BDF83030ADF814309DF8C4
:104AE00034308DF816309DF838308DF817300F9B24
:104AF00006939DF840308DF81C309DF844308DF8B9
:104B00001D300DF1140EBEE80300CCF80C00CCF8FB
:104B10001010BEF80030ACF8143000234D218CF892
:104B200009108CF80A308CF80B3002EB42028F230C
:104B300002930A23019303230093054B03EBC20363
:104B40002A4621466046FFF7B3FE09B030BD00BFDC
:104B500074A30120F0B587B00C9C2588A678E7786F
:104B6000D4F804C094F808E0647A0594CDF810E015
:104B7000CDF80CC0029701960095FFF7A7FF07B08C
:104B8000F0BD08B511B106F0AFF908BD06F0B8FCEC
:104B9000FBE700002DE9F041AAB006460F46154696
:104BA0001C469DF8C8308DF8A4309DF8CC308DF8A7
:104BB000A5301022309905A8FFF7E3FF8022319934
:104BC00009A8FFF7DEFF4FF09208424605A904F15D
:104BD0000C0006F089F9442363720123A3720023B9
:104BE000E37205EB450584230293CDF80480CDF8EC
:104BF0000080054B03EBC5033A4631462046FFF7DC
:104C000057FE2AB0BDE8F08174A30120F0B585B04D
:104C10000A9C04F1100594F8906094F89170039741
:104C2000029601950094FFF7B5FF05B0F0BD0000B6
:104C30002DE9F041AAB006460F4615461C46BDF8C0
:104C4000CC30ADF81030BDF8D030ADF812309DF852
:104C5000C8308DF8A4301022309905A8FFF791FFD5
:104C60008022319909A8FFF78CFF4FF09508424642
:104C700004A904F10C0006F037F942236372012302
:104C8000A3720023E37205EB4505F3230293CDF8ED
:104C90000480CDF80080054B03EBC5033A4631464E
:104CA0002046FFF705FE2AB0BDE8F08174A301207D
:104CB000F0B587B00C9C251D04F1140694F894708F
:104CC000B4F800C064880494CDF80CC00297019633
:104CD0000095FFF7ADFF07B0F0BD00002DE9F041F2
:104CE000ACB006460F4615461C46DDE93423CDE937
:104CF0000423329B0693369B0793202237990DEBB2
:104D00000200FFF73EFF2022389910A8FFF739FF75
:104D10001822399918A8FFF734FF18223A991EA8CB
:104D2000FFF72FFF20223B9924A8FFF72AFF4FF01F
:104D3000A008424604A904F10C0006F0D5F86FF073
:104D4000730363720123A3720023E37205EB45052D
:104D500032230293CDF80480CDF80080054B03EB9D
:104D6000C5033A4631462046FFF7A2FD2CB0BDE808
:104D7000F08100BF74A301202DE9F0418AB0109C9E
:104D8000A56894ED007BE66804F1100704F1300C8F
:104D900004F1500E04F1680880340994CDF82080A5
:104DA000CDF81CE0CDF818C0059704968DED027B78
:104DB0000095FFF793FF0AB0BDE8F08108B5034600
:104DC0000846DA780021016041600172092A28BF93
:104DD000092203F10C0106F087F808BD70B50546FD
:104DE0000C46C678212E28BF2126212200212046EC
:104DF00006F086FB324605F10C01204606F074F8F9
:104E000070BD70B505460C46C678932E28BF932614
:104E100093220021204606F073FB324605F10C0177
:104E2000204606F061F870BD08B5844608469CF837
:104E3000032000230B604B608B60CB600B61142A56
:104E400028BF14220CF10C0106F04EF808BD08B57D
:104E500003460846DA7800210180022A28BF022290
:104E600003F10C0106F040F808BD000010B504463F
:104E7000054B0360836DDB68603098472046F7F789
:104E80006FFB204610BD00BF6C1E030810B5044622
:104E9000FFF7ECFF41F22821204603F0A7FF204650
:104EA00010BD08B50068FBF79FFC08BD2DE9F04177
:104EB0000446884615460E1A361101E01034013EAC
:104EC000002E1FDD10222946206806F0F3F8002886
:104ED00039D0271D10222946606806F0EBF898B3F8
:104EE00004F1080710222946A06806F0E3F858B339
:104EF00004F10C0710222946E06806F0DBF80028D0
:104F0000DCD121E0A8EB04039B10022B0CD0032B77
:104F100003D0012B0FD0474616E010222946206807
:104F200006F0C8F898B1043410222946206806F02B
:104F3000C1F870B1043410222946206806F0BAF88E
:104F400048B1474600E027463846BDE8F08127468D
:104F5000FAE72746F8E72746F6E708B54FF00003DB
:104F6000FFF7A4FF08BD000010B504460A4B03601C
:104F7000002141608160C16001610430FEF774FF6F
:104F800004E000236360A36004F052F8002363612F
:104F90002376204610BD00BF800C030810B50446E0
:104FA000FFF7E2FF1D4B236004F6C420FAF7F8FB7D
:104FB00004E02046FEF716F904F03AF80123637680
:104FC0000023E3612362636223676367A36284F85B
:104FD0003430A363E36323646364A364E3642365FD
:104FE0006365A365E36523666366A366E36684F889
:104FF0007F30C4F8A031C4F8A431C4F8A831C4F893
:105000007839C4F87C3984F8873984F8A43AC4F82C
:10501000C03AC4F8D43A204610BD00BF9C0C030827
:1050200010B50B4C2046FFF7B9FF0A4B23600A4A24
:105030000A49204603F062FE094B1B6813F0010F7A
:1050400005D1074B01221A60064B00221A6010BDE1
:10505000F81B0120080D030800000020B1320208EF
:105060006CC0002070C0002010B5826841698A427F
:105070001CD20346C268914209D900681C6904FB2E
:1050800002F2811821448150DA680132DA605868EE
:105090009A6801329A6059698A4204D202685A6059
:1050A0000123036010BD00225A60F9E7034B044A54
:1050B00040F24B21034805F0DFFF00BFE4D80208AF
:1050C000ECD8020810D9020808B50369372B02D9B9
:1050D000FFF7CAFF08BD034B034A4FF4A071034812
:1050E00005F0CAFFE4D8020854D9020810D9020812
:1050F00038B504461D460170114651F8083B40F88A
:10510000083F5B6808309847256300236363A36307
:10511000E36323646364204638BD38B505460C4616
:105120000B78037051F8083F40F8083F5B6808317E
:1051300008309847236B2B6305F1340E04F1340CCF
:10514000BCE80F00AEE80F00DCF80030CEF800300D
:10515000284638BD10B504461B4B03600120207162
:105160001A4B236061711A4BC4F84431194B236008
:105170002433C4F84431C4F848210023C4F84C3126
:1051800043F6D603A4F8503184F8520104F5AA700E
:10519000FAF706FB0BE00E4BC4F844310B4B2360CF
:1051A0002046F6F70BFB084B236003F041FF00237A
:1051B000C4F8C03184F8C43184F8C531012384F8BF
:1051C000C431204610BD00BFD40503085CE50208C9
:1051D000240603083806030838B504460D4690F83F
:1051E000C53113B9A4F8501138BDB0F85011D0F83A
:1051F0004801FCF7CBFCA4F8505104F5A2722946F3
:10520000D4F84801FCF716FCEEE7000010B50446A0
:10521000044B0360044B0360282103F0E7FD2046A4
:1052200010BD00BFD4210308581E030808B5124B57
:105230001B6813F0010F01D0104808BD0F48104B38
:105240000360104B4360A3F1C543A3F53713A3F6E6
:10525000CC5383600023C360036143618361C361F6
:1052600003624362084B0360034B01221A60074A42
:10527000074903F043FDDFE748A301204CA30120C9
:10528000581E030800E00708D4210308000000208E
:105290005944020810B5044600F58053D3F8DC0CDD
:1052A00008B1F0F70DFA04F5B1501830FAF726FFFF
:1052B00004F58053D3F8E40508B1F0F701FA20466D
:1052C000FBF796FF204610BD10B5044600F5F540EB
:1052D0001C30F8F7BFF804F5F1405430F8F760FAE5
:1052E00004F5EE400C30F8F75BFA04F5EB40403083
:1052F000F8F7B0F804F5B1401030FFF7CBFF04F534
:10530000AE404030FAF79CFA04F52E502030FAF700
:105310000BFF2046FAF708FF204610BD70B5064681
:105320000C460B6800F5E045C5F85838898900F54A
:10533000EE400C30FFF750FF237C85F85E38636841
:10534000C5F8203AE18906F5F1405430FFF744FFF3
:10535000637C85F8263AA368C5F8603570BD000007
:1053600030B5CFB00C4602AB0022029203920492F9
:1053700012228DF80C2008228DF80D2004228DF8C1
:105380000F2002228DF81020074D009305AB0A462E
:1053900024212878FFF786FB05AA21462846F7F73F
:1053A000EAFC4FB030BD00BF78C0002008B50978D6
:1053B0000068FFF7D5FF08BD2DE9F04FCFB00F46CD
:1053C00014461E469DF860A19DF8649140F2231298
:1053D000002105A806F094F8002302930393049398
:1053E000ADF808708DF80A40002C6AD1642302AD34
:1053F0008DF80B308DF810608DF811A0DFF8F0807B
:10540000D8F800305B6A304940469847D8F80030F9
:10541000D3F818B0FAF78AFB01464046D847DFF8C0
:10542000D48003685B694146984703685B692749F4
:10543000984703685B694146984703689B69B021B8
:10544000984703685B692249984703685B6921496B
:10545000984703689B693946984703685B691E490A
:10546000984703689B692146984703685B691B4915
:10547000984703689B693146984703685B691849F8
:10548000984703689B695146984703685B691549CB
:10549000984703689B694946984703685B691249C6
:1054A0009847124C009505AB4A4624212078FFF717
:1054B00051FB05AA49462046F7F75DFC4FB0BDE811
:1054C000F08F002393E700BF74CE020854D802087F
:1054D00010CD0208F4D9020814DA020820DA020812
:1054E00030DA020840DA020830CD020878C0002025
:1054F00020080120BCCC020800B583B090F84E30E3
:10550000019390F84D30009390F84C3090F8522071
:10551000B0F85010FFF750FF03B05DF804FB78B10E
:1055200008B503462AB1012A01D0042202E0002274
:1055300000E0052283F852201846FFF7DDFF08BD82
:10554000002070472DE9F041F0B005460F461646A1
:10555000984602AC92220021204605F0D1FF0B2391
:105560008DF898308DF899800F223946204605F045
:10557000B3FD7F22314606A805F0AEFD084E00942B
:1055800027AB95F8562024213078FFF73FFB27AA58
:1055900095F856103046F7F7EEFB70B0BDE8F08195
:1055A00078C0002070B5ADF5127D06460C46154654
:1055B0009622002123A805F0A3FF0B238DF82031AC
:1055C0008022002103A805F09BFF45B12B4628AAA5
:1055D00021463046FFF7B6FF0DF5127D70BDFFF78F
:1055E00025FE802303AA214602F046FF30B901239D
:1055F000104A21463046FFF7A5FFEDE70F2221466E
:1056000024A805F069FD7F2203A928A805F064FD00
:10561000094C23AB009349AB96F8562024212078FF
:10562000FFF746FB49AA96F856102046F7F7A3FB6A
:10563000D2E700BF10CC020878C0002070B5F4B0EB
:105640000C4602AEA0220021304605F059FF1F2271
:10565000104906A805F040FD1F220F490EA805F0CD
:105660003BFD01230193002200920C4A182116A849
:1056700005F00AFE0A4D00962BAB2246242128781D
:10568000FFF77AFB2BAA21462846F7F774FB74B084
:1056900070BD00BF4CDA020854DA020860DA020872
:1056A00078C0002070B58AB004460E46154601A9A0
:1056B0001046FFF793FB9DF82220864B1B789A42F9
:1056C0001BD19DF82330242B17D1EA792B7A84F84B
:1056D0004C2084F84D3084F84E60BDF82030A4F89A
:1056E0005030F62B0BD0B3F5007F00F0DE800323A3
:1056F00084F852302046FFF7FFFE0AB070BDDDEDA2
:10570000037AB2EE047AF4EE477AF1EE10FA3FD162
:10571000714D2B685B6A7149284698472B689E69D2
:10572000FAF704FA01462846B0476D4D03685B69F5
:105730002946984703685B696A49984703685B692B
:105740002946984703689B6940F2231198470368EC
:105750005B696549984703685B69644998470368D2
:105760005B6963499847052384F852302046FFF768
:10577000C3FE23465F4A0021A06C02F003FC002810
:10578000BBD0022384F852302046FFF7B5FEB4E7C1
:10579000B1EE007AF4EE477AF1EE10FA40D14E4DB8
:1057A0002B685B6A4D49284698472B689E69FAF733
:1057B000BDF901462846B047494D03685B69294653
:1057C000984703685B694749984703685B692946BE
:1057D000984703689B6940F23111984703685B69F9
:1057E0004149984703685B694349984703685B6987
:1057F0003F499847052384F852302046FFF77CFE46
:1058000023463C4A0121A06C02F0BCFB00283FF477
:1058100074AF022384F852302046FFF76DFE6CE728
:10582000B7EE007AF4EE477AF1EE10FA7FF465AF46
:10583000294D2B685B6A2949284698472B689E6941
:10584000FAF774F901462846B047254D03685B69AD
:105850002946984703685B692249984703685B6952
:105860002946984703689B694FF49F7198470368DE
:105870005B691D49984703685B692049984703683D
:105880005B691B499847052384F85230A06C01F0EE
:10589000C7FF30B1022384F852302046FFF72CFEB8
:1058A0002BE7002384F85230F7E79DED017ADFED16
:1058B000147AB4EE677AF1EE10FA7FF41EAF00238B
:1058C00084F8523031462046FFF7B8FE2046FFF7F5
:1058D00013FE12E778C0002020080120DCD3020864
:1058E000BCCC020854D8020810CD02086CDA0208B9
:1058F00030CD02081F55020884DA020898DA02083F
:105900000000C64308B509780068FFF7CBFE08BD64
:1059100070B58AB004460E46154605A91046FFF735
:1059200083FAEA792B7A84F8542084F8553084F885
:105930005660002300930193029303938DF8103077
:10594000102206A9684605F0C7FB9DF81620294BD2
:105950001B789A4211D19DF81730242B0DD1264D7A
:105960006A462946A5F12400FFF7F7FA854206D0DA
:10597000002269462046FFF715FE0AB070BD1F4D94
:105980002B685B6A1E49284698472B689E69FAF780
:10599000CDF801462846B0471A4D03685B69294691
:1059A000984703685B691849984703685B6929460B
:1059B000984703689B6940F2AF11984703685B6999
:1059C0001249984703685B691149984703685B6906
:1059D0006946984703685B690E49984703685B69A5
:1059E0000D49984701230D4A69462046FFF7AAFD55
:1059F000C3E700BF78C000205C2003082008012016
:105A0000B0CC0208BCCC020854D8020810CD020861
:105A1000B0DA0208BCDA020830CD020810CC020865
:105A200008B509780068FFF773FF08BD70B582B04C
:105A300004460E46154601A91046FFF708FAEA7912
:105A40002B7A84F8542084F8553084F856609DF8F9
:105A500004200C4B1B789A4203D19DF80530242B6F
:105A60000ED002B070BD002255F8041B2046FFF78F
:105A700099FD3220FDF7C6FF034B9D42F3D1F0E7BD
:105A8000024DF9E778C000205C20030838200308A5
:105A900008B509780068FFF7C9FF08BD10B50446CE
:105AA000431D00F10A0102E0012203F8012B994293
:105AB000FAD12046F6F708FB0A20FDF7A3FFF8E726
:105AC00010B58CB004460B788DF8003051F8083FC3
:105AD00002935B68083104A898479DF80030237052
:105AE000029B084A0292204640F8083F9B6804A99E
:105AF00008309847029BDB6804A8984720460CB002
:105B000010BD00BFB81F030808B503790BB900200A
:105B100008BDC06AF3F710FEFAE710B50446F3F7C4
:105B2000E1FCA062012384F83930022104F1400035
:105B3000FFF7EAFF10BD30B585B00546144601A950
:105B40001046FFF73BF9237A643BDBB2052B01D902
:105B500005B030BDA86CFFF7E0FFF9E708B509789C
:105B60000068FFF7E8FF08BD30B593B00446354B39
:105B70000360002303724360334820606172012197
:105B8000E1614FF4806121624FF4805161622F49DD
:105B900021652F492160A4F87820C4F88030C4F82A
:105BA0008430C4F8883004F18C052846FBF798FB54
:105BB000284BC4F8E030002184F8E410264BC4F8E8
:105BC000E030C4F8E810C4F8EC10502204F1F00002
:105BD00005F096FC214BC4F8E030214B0093029471
:105BE000204B6A46282104F58B501030F7F78AFACB
:105BF00012E0009BDB6802A898472046174B40F84C
:105C0000E03FFAF743FA2846FAF778FA2046F9F720
:105C1000A5FF03F00DFAF9E7009BDB6802A898479F
:105C20004FF48052002104F5DC50183005F068FC78
:105C300004F500530022C3F8982B83F89C2B2046D0
:105C400013B030BD70060308B40B03088C0B0308B7
:105C50000C0C0308D4F50208B01D0308F00B030870
:105C600028200308CCDA02082DE9F04104464FF45D
:105C700000620221FFF778FF04F52E5620364FF41C
:105C8000006203213046FFF76FFF04F5AE4740374F
:105C900001213846F9F74CFE04F5B1451035394677
:105CA0002846FCF703F804F5E043304AC3F8C02562
:105CB000012183F8C4152E4AC3F8C025002283F8B9
:105CC000C5252C48C3F8C005C3F8044783F8082746
:105CD00083F8092783F8081704F5EE4808F10C0843
:105CE0002A4602214046FFF735FA2A46032104F5E9
:105CF000F1405430FFF72EFA19E04046F7F750FD17
:105D000004F5EB404030F7F7A5FB2846FFF7C2FA51
:105D10003846F9F795FD3046FAF706FA2046FAF7C5
:105D200003FA03F085F9EBE7F2E7F4E7F6E704F5A9
:105D3000E0430E4AC3F89C2A012183F8A01A0C4ABA
:105D4000C3F89C2A83F8A11A0A4AC3F89C2AC3F80C
:105D5000E06B002283F8E42B83F8E52B83F8E41B47
:105D600083F8E82B2046BDE8F08100BFD405030886
:105D70005CE50208F40503080A4B1B6813F0010FE9
:105D800001D00948704710B5074C2046FFF76CFF5B
:105D9000044B01221A60054A0549204602F0AEFF75
:105DA000014810BD50270120582701200000002085
:105DB000C952020808B5042003F074F800220260FA
:105DC000034A0260034A0260034A044903F0D2FC1A
:105DD00020240308D024030811990208BC240308D6
:105DE00008B513460A4601460020FFF7E3FF0368A3
:105DF0009B68012B04D0C3688B4204D9C1607047F3
:105E0000C1600161704703698B4200D20161704734
:105E10002DE9F04383B0064603689B68002B31D11F
:105E20007368F360336103B0BDE8F0832369DB6816
:105E300004F11800984723680093174B0193009CC6
:105E40009C42F3D157F8093003E01A680021196029
:105E50001346114A9342F8D147F809200023C8F8A5
:105E600004300135B368AB420ED977684FEAC509F3
:105E700007EBC508D8F80430002BF2D057F83530BE
:105E80000093DAE70025EDE7336800229A60DA60D4
:105E90001A685A60C4E700BF70C0002010B50446FD
:105EA000FFF7B6FF14F5187013D004F52C7C0BE047
:105EB0001A68002119601346074A9342F8D1CCF8BA
:105EC00000200023CCF80430604502D05CF8083D87
:105ED000F2E7204610BD00BF70C00020F0B51D469F
:105EE00043B193FAA3F6B6FA86F60768CC1B4FF0D7
:105EF000000C03E01F26F8E70CF1010CA44503DABF
:105F000017F80C30302BF7D0A4450DDA022D37D01E
:105F100007EB0C0317F80C70303FFFB2AF4207DA03
:105F200017600CF1010E0CE067440760012026E0C9
:105F30000360012023E01168B140194311600EF1A4
:105F4000010EA64506DA036813F80E30303BDBB2CB
:105F5000AB42F0DB036873440360AEEB0C0006FB5E
:105F600000F0022D07D077B1B7FA87F3183BC3F1E1
:105F70000803F61A801B2028CCBF00200120F0BDAA
:105F8000E6460027DDE70823F1E70000F0B51D46EF
:105F900043B193FAA3F6B6FA86F60468A1EB040EB1
:105FA000002102E01F26F8E70131714502DA635C47
:105FB000302BF9D071450CDA022D37D004EB010CEF
:105FC000635C1D4CE75CAF4207DA176001F1010C1E
:105FD0000DE00C440460012027E0C0F800C001205F
:105FE00023E01368B340234313600CF1010CF44524
:105FF00006DA036813F80C300F4CE45CAC42F0DBBB
:10600000036863440360ACEB010006FB00F0022D63
:1060100007D077B1B7FA87F3183BC3F10803F61A34
:10602000801B2028CCBF00200120F0BD8C4600271B
:10603000DDE70823F1E700BFB81E0308F0B584468A
:106040009E4633B1B3FA83F4013CC4F11F0420200F
:1060500015E01F24F9E70027BE4520DB1568AEFBDD
:1060600005560EBB2E46156037BB00259B191DD269
:1060700013600DBBDCF800300133CCF80030DCF8E5
:1060800000308B4226D01B78303BDBB2734523DADD
:10609000001BE0D4156805FB0E331360EAE71568B2
:1060A000002DDBD00127D9E70127DBE70125DFE75A
:1060B000002000E0002070B1DCF80020531CCCF878
:1060C00000308B42F4D05378303BDBB27345F1DAC9
:1060D0000120F0E70120F0BD0120FCE7F0B5844687
:1060E0001C463BB1B3FA83F5013DC5F11F054FF0E6
:1060F000200E15E01F25F8E70027BC4221DB1368BE
:10610000A4FB033616BB1E4613603FBB0023801959
:106110001ED2106013BBDCF800300133CCF8003025
:10612000DCF800308B4227D01B781548C05CA042B9
:1061300024DABEEB050EDFD4136803FB04031360FF
:10614000E9E71368002BDAD00127D8E70127DAE75F
:106150000123DEE7002000E0002070B1DCF8002021
:10616000531CCCF800308B42F4D05378044AD35CF3
:10617000A342F1DA0120F0E70120F0BD0120FCE7A5
:10618000B81E0308F0B585B00446019194461D463B
:106190000A9B002202604260016061451FD00A78BC
:1061A0002D2A17D0012700220392019E5A1E1A425F
:1061B0001DD1082B15DC03AA614601A8FFF78EFE4E
:1061C000019BB34221D0236010BB22236360204691
:1061D00005B0F0BD013101914FF0FF37E3E7012732
:1061E000E1E703AA614601A8FFF7D0FEE8E70A2B22
:1061F00005DC03AA614601A8FFF720FFE0E703AA38
:10620000614601A8FFF76AFFDAE716236360DEE75D
:106210000022039B87FB0331B1EBE37F06D1039997
:10622000002905DB72B122236360D0E70122F6E783
:1062300001220FB90022F5E7B7F1FF3FF2D19942F1
:10624000F8D0EFE72B60C2E7C368A3B370B5A2B084
:1062500004460DF10F0525F00F058022FF21284689
:1062600005F04EF9AC4620696169A269E369ACE8C2
:106270000F00206A616AACE803001048EDF760FF88
:1062800062688021E068F8F7B3F808B922B070BD01
:106290000A4E3046EDF754FF80232A466168E068D5
:1062A000F8F7F4F804463046EDF74AFF802C14BFA7
:1062B00000200120EAE70020704700BF18B8002046
:1062C0002DE9F041AAB005460E46144605A9104630
:1062D000FEF797FD9DF814207E4B1B789A4204D15F
:1062E0009DF815202B799A4202D02AB0BDE8F081A2
:1062F000E279237A85F8542085F8553085F8566080
:10630000FEF794FF00F11004FEF790FF0DF1260256
:106310000DF1160101F0C2FF064630B96E490DF1CC
:106320001600DAF779F8002858D06C490DF11600FC
:10633000DAF772F8002800F09980002E00F0B8809B
:10634000FEF774FFFFF780FF002800F0BA80FFF728
:1063500013FD2146FEF7E2FF614C23685B6A614949
:106360002046984723689E69F9F7E0FB01462046DE
:10637000B0475D4C03685B692146984703685B69D9
:106380005A49984703685B692146984703689B69A7
:1063900040F29511984703685B695549984703682F
:1063A0005B695449984703685B690DF1160198478A
:1063B00003685B695049984703685B690DF12601E2
:1063C000984703685B694D49984700230DF1260201
:1063D0000DF116012846FFF7B5F886E70DF1260006
:1063E000DAF724F80A23009302AB0DF126020244E7
:1063F0000DF1260103A8FFF7C5FE049B002B9CD1DD
:10640000029B012B99D1364F3B685B6A3C49384669
:1064100098473B68D3F81880F9F788FB014638465F
:10642000C047314F03685B693946984703685B6929
:106430002E49984703685B693946984703689B690A
:106440004FF4B771984703685B6929499847036817
:106450005B692C49984703685B6928499847322053
:10646000FDF7D0FA0023284A1A6066E70DF12600EE
:10647000D9F7DCFF0A23009302AB0DF12602024498
:106480000DF1260103A8FFF77DFE049B002B7FF48E
:1064900054AF029B012B7FF450AF3220FDF7B2FACC
:1064A000FFF76AFC00F52E502030FAF743FA47E771
:1064B00001230DF126020DF116012846FFF742F8DF
:1064C00013E703230DF126020DF116012846FFF70D
:1064D00039F80AE778C00020D4DA020824DB020881
:1064E0002008012074CE0208BCCC020854D802084F
:1064F00010CD020830DB02083CDB020830CD020878
:10650000DCD30208E0DA0208EFBEADDE08B5097898
:106510000068FFF7D5FE08BD38B505460C460B7878
:1065200003708B680C4A41F8082F40F8083F9B68BD
:10653000083108309847236B2B6305F1340E04F1C2
:10654000340CBCE80F00AEE80F00DCF80030CEF8E9
:106550000030284638BD00BFA81E030808B5FFF765
:10656000DBFF08BD38B504460D4606E0204650F86E
:10657000083FDB68083098474834A542F6D138BD5B
:1065800010B504460B4B036000F5C160FEF76EFCCE
:10659000D4F83013D4F82C03FFF7E4FFD4F82C33ED
:1065A000C4F8303304F17800FFF778FC024B236025
:1065B000204610BD941E0308B8F5020810B5044625
:1065C000FFF7DEFF41F63001204602F00FFC2046C7
:1065D00010BD03680B6001607047000070B51C4679
:1065E0001B685BB905460E4621461068FFF7F1FFB0
:1065F0007368013373602C60284670BD034B044AF6
:1066000040F2ED21034804F037FD00BF48DB0208EB
:1066100050DB020804DD02082DE9F04F97B0064672
:106620000D4617464B688A6803EBC2030969544A52
:1066300015920493059106920360416082600023E5
:1066400003732868836842699A4212D03978AB682C
:10665000B1FBF3F403FB1414D5F8049009EBC40860
:10666000D8F8043063B1CDF8008059F83430019384
:1066700040E0444B444A40F21B41444804F0FCFCD7
:10668000434B02934FF0000ACDF80CA0FEF71CFD1F
:106690008346C0F800A03B780372BB683D4A47F8C8
:1066A000082F03619B6807F1080118309847CDF85F
:1066B00020805B4608AA414607A8FFF78FFF4146A6
:1066C0002846FFF794FB6B68AA6803EBC20359F8EE
:1066D00034200C920993CDF828800B923360C6F8D1
:1066E0000480B2600123337310E0009A12680092B4
:1066F0001B680193224C0D94019BA34202D01C7A8B
:10670000A142F2D11E4A0E92934203D0304617B0F6
:10671000BDE8F08F1E4B02934FF00009CDF80C90AE
:10672000FEF7D2FC0446C0F800903B780372BB68C9
:10673000184A47F8082F03619B6807F108011830D1
:106740009847009F1097234610AA41460FA8FFF7CD
:1067500045FF41462846FFF74AFB3B6800936A68BD
:10676000A96802EBC10214931192CDF848801393EB
:106770003260C6F80480B36001233373C6E700BFFC
:1067800070C0002058DD020864DD020834DF020812
:10679000C9500208B81F0308F0B5A7B0074616464F
:1067A0008DF80710C4680DF1070221461BA8F5F704
:1067B000C9FC6368A26803EBC2022169544B2593AC
:1067C0001E921F9120931D9A9A4214D123685A69F0
:1067D0009B689A4248D09DF807308DF808303146C2
:1067E00051F8083B04935B6806A8984702A90EA8D5
:1067F000FFF766F970E0474C23685B6A464920461C
:10680000984723689D69F9F791F901462046A84702
:10681000424C03685B692146984703685B694049BD
:10682000984703685B692146984703689B699621EE
:10683000984703685B693B49984703685B693A4935
:10684000984703689B693979984703685B693749BA
:10685000984703689B699DF80710984703685B6930
:1068600033499847052045E02A4C23685B6A2A494A
:106870002046984723689D69F9F758F90146204654
:10688000A847264C03685B692146984703685B6903
:106890002349984703685B692146984703689B69C9
:1068A0009B21984703685B691E49984703685B69A9
:1068B0002049984703689B693979984703685B6961
:1068C0001D4998473B691968F9F760FC03685B69E3
:1068D0001749984701200DE00EAA214621A8FFF78D
:1068E0009BFE109BDB6812A89847049BDB6806A8F8
:1068F0009847002027B0F0BD109BDB6812A898478E
:10690000049BDB6806A8984702F092FBF8E700BFFB
:1069100070C0002020080120B0CC0208BCCC0208C6
:1069200080DF020810CD0208DCDF020810E0020858
:1069300030E0020834E0020860E0020808B50420F4
:1069400002F0B0FA00220260034A0260034A0260C9
:10695000034A044902F00EFF20240308D024030850
:1069600011990208BC24030808B50A460146002014
:10697000FFF7E4FF70B505460C46064656F8083B9F
:10698000DB683046984723682146044A41F8082BC3
:106990002B609B6830469847284670BDA81E0308A8
:1069A00070B58AB005460C460B78064606F8083BDB
:1069B0008B68104A41F8082F00939B68083102A8A1
:1069C000984769463046FFF7D5FF009BDB6802A871
:1069D0009847236B2B6305F1340E04F1340CBCE8AB
:1069E0000F00AEE80F00DCF80030CEF8003028468B
:1069F0000AB070BDA81E030830B593B00546014625
:106A00006846FFF789FDA5F1480405E021462846C0
:106A1000FFF7C6FF2546483C236B0C9A9A42F5D3F4
:106A200069462846FFF7BCFF029BDB6804A898472D
:106A300013B030BD30B593B005460C4601466846EC
:106A4000FFF76AFD21462846FFF7AAFF6946204660
:106A5000FFF7A6FF029BDB6804A8984713B030BD80
:106A600070B50D6B146BAC420FD91E6BA64205D8E6
:106A7000AE4207D91946FFF7DDFF70BD1146FFF79B
:106A8000D9FFFAE7FFF7D6FFF7E71E6BB54205D34C
:106A9000B44206D21946FFF7CDFFEEE7FFF7CAFF73
:106AA000EBE71146FFF7C6FFE7E770B505460C4672
:106AB000164600E04835296B336B8B42FAD8483CC8
:106AC00000E0483C216B8B42FBD3A54205D2214616
:106AD0002846FFF7AFFF4835EDE7284670BD0000B8
:106AE000F0B583B004460D461646A1EB000C4FEA04
:106AF000EC0C0E4B03FB0CFC0CEBDC7C4FEA6C0C3F
:106B00000CEBCC0C00F148078DF80020A1F14803F4
:106B100000EBCC023946FFF7A3FF33462246294655
:106B20003846FFF7C2FF03B0F0BD00BF398EE3382F
:106B3000F8B505468C4617461E464C1E04EBD47429
:106B400064100BE00CEBCC0C05EBCC00FFF728FF3E
:106B500004F1FF3C0CEBDC73A4465C10BC4507DD84
:106B600004EBC40105EBC1010A6B336B9A42E9D314
:106B70000CEBCC0C314605EBCC00FFF711FFF8BD58
:106B80002DE9F04397B006468846174699460C46CD
:106B90000AE005EBC50104EBC40406EBC10106EBFA
:106BA000C400FFF7FDFE2C467B1E03EBD373B4EB52
:106BB000630F12DA631C5D004FEA031C0CEB430CFD
:106BC0004FEACC0306EBCC0C483B3344DCF83020D6
:106BD0001B6B9A42DDD2013DDBE717F0010F05D1B7
:106BE000023F07EBD777B4EB670F12D0494602A8F4
:106BF000FFF792FC15AB009302AB424621463046AC
:106C0000FFF796FF049BDB6806A8984717B0BDE81E
:106C1000F083631C5D00190101EB4301C900483991
:106C200004EBC404314406EBC400FFF7B9FE6C1E4C
:106C3000DCE70000091A482931DDF0B5A7B00546A8
:106C40001746C910164E01FB06F6B41E04EBD474A9
:106C5000641004E0013C049BDB6806A8984704EB41
:106C6000C40105EBC10102A8FFF756FC02A914A854
:106C7000FFF752FC3B788DF8003014AB32462146CA
:106C80002846FFF77DFF169BDB6818A89847002C65
:106C9000E0D1049BDB6806A8984727B0F0BD704799
:106CA000398EE338F0B5A7B005460C4616461F46A8
:106CB000114614A8FFF730FC29463046FFF770FE56
:106CC000641BE4100C4B03FB04F414A902A8FFF7A7
:106CD00023FC3B788DF8003002AB22460021284689
:106CE000FFF74EFF049BDB6806A89847169BDB68FE
:106CF00018A8984727B0F0BD398EE338F0B583B0B7
:106D000005460F4616468DF8043001AAFFF792FF9C
:106D10003C4600E04834B4420AD22B6B226B9A42C4
:106D2000F8D201AB224639462846FFF7BBFFF1E710
:106D300003B0F0BD70B505460C46164606E0483C6B
:106D40003346224621462846FFF7ACFF611B4829FF
:106D5000F5DC70BD30B583B004460D468DF80430C7
:106D6000DBB2FFF7CBFF01AA29462046FFF7E2FF7F
:106D700003B030BD2DE9F04106460C4615461F46CE
:106D8000A11BB1F5906F14DD6DB1013D3A4621466E
:106D90003046FFF7A5FE80463B462A462146FFF7D0
:106DA000E9FF4446ECE73B46224621463046FFF7E2
:106DB000D1FFBDE8F081000070B50E4615460C1AF3
:106DC000E410074B03FB04F406E0483E483D31461F
:106DD0002846FFF7E5FD013C002CF6DC284670BD97
:106DE000398EE338884227D070B592B005460E46FA
:106DF00000F1480405E04FF000012046FFF7FCFDDC
:106E00004834B44216D0226B2B6B9A42F3D22146FF
:106E10006846FFF781FB04F1480221462846FFF748
:106E2000CBFF69462846FFF7BBFD029BDB6804A841
:106E30009847E5E712B070BD704738B50D460B1A9C
:106E4000B3F5906F0EDD00F590642146FFF7CAFFA1
:106E500005E04FF000012046FFF7CEFD4834A54283
:106E6000F7D138BDFFF7BEFFFBE7000088421BD01B
:106E7000F8B505460E4617460C1AE4100B4B03FBFB
:106E800004F47CB1B4FA84F4C4F11F043B466200FC
:106E900031462846FFF76EFF3A4631462846FFF74F
:106EA000CCFFF8BD2024EFE7704700BF398EE338F0
:106EB0002DE9F04792B080460E4691469A46036906
:106EC0005C689F683DE05A4B1B689C69F8F72EFE92
:106ED00001465748A04703685B69564998470368CD
:106EE0005B695549984703685B695249984703684D
:106EF0009B69AF21984703685B69504998470368CD
:106F00005B694F49984703689B6998F80410984754
:106F100003685B694B49984703689B69314698470A
:106F200003685B6948499847029BDB6804A8984757
:106F3000052012B0BDE8F087029BDD6804A8A847D1
:106F40004834BC420DD021466846FEF7E6F89DF86D
:106F500000C0B445F0D1364803685B6A3B499847A6
:106F6000B1E7D8F810402268A36861685B1ADB10AB
:106F7000374901FB03F39A421AD053464A46314639
:106F80006846FEF7B5F86946A068FFF7E7FAA36818
:106F90004833A360029BDB6804A89847D8F81030F8
:106FA0004FF0000299685868FFF760FF0020C0E7C3
:106FB0001F4C23685B6A25492046984723689D69D2
:106FC000F8F7B4FD01462046A8471A4C03685B69F0
:106FD0002146984703685B691749984703685B69CE
:106FE0002146984703689B69B621984703685B6907
:106FF0001249984703685B691649984703689B697B
:1070000098F80410984703685B6913499847D8F8C3
:1070100010301968F9F7BAF803685B690A499847AC
:10702000012086E7029BDB6804A8984702F000F87D
:1070300020080120BCCC020880DF020810CD020825
:1070400080E00208BCE0020830E00208B0CC020890
:10705000398EE338DCE0020860E00208F0B58BB05E
:1070600090F87030D3B904468948EDF769F8894D36
:107070002846F5F726FE6B7813B901222A706A704C
:10708000844B01229A70844B0093029440F6B833EB
:107090006A4600212046FFF70BFF2BE07F4C236858
:1070A0005B6A7F492046984723689D69F8F73EFD53
:1070B00001462046A8477B4C03685B6921469847F8
:1070C00003685B697849984703685B69214698477C
:1070D00003689B692521984703685B697349984752
:1070E00003685B697249984703685B69714998470F
:1070F000052579E0009BDB6802A898476E4B00935A
:1071000002946A4600212046FFF746FB009BDB689D
:1071100002A89847694B009302946A464C21204686
:10712000FFF73AFB009BDB6802A89847644B00938B
:1071300002946A4643212046FFF72EFB009BDB6842
:1071400002A898475F4B009302946A46402120466C
:10715000FFF722FB009BDB6802A898475A4B00937D
:1071600002946A4641212046FFF716FB009BDB682C
:1071700002A898472046F4F741FF04F5C160FDF7E7
:10718000B3F90546002832D1444E33685B6A4F4953
:107190003046984733689F69F8F7C8FC0146304687
:1071A000B847404E03685B693146984703685B699E
:1071B0003D49984703685B693146984703689B6976
:1071C0004A21984703685B693849984703685B69B7
:1071D0003F49984703685B6936499847012384F81B
:1071E0007030002384F8643028460BB0F0BD2B4C7F
:1071F00023685B6A2A492046984723689D69F8F707
:1072000095FC01462046A847264C03685B69214649
:10721000984703685B692449984703685B6921467E
:10722000984703689B694721984703685B691F4932
:10723000984703685B692749984703685B691D495C
:1072400098470125D0E7009BDB6802A8984701F02A
:10725000EFFE009BDB6802A8984701F0E9FE009B67
:10726000DB6802A8984701F0E3FE009BDB6802A8F8
:10727000984701F0DDFE009BDB6802A8984701F00B
:10728000D7FE009BDB6802A8984701F0D1FE00BF43
:1072900018B8002078C0002018200308200801201A
:1072A000B0CC0208BCCC020854D8020810CD0208A9
:1072B0000CE1020830CD020808200308F81F03087B
:1072C000E81F0308D81F0308C81F030874CE02086C
:1072D0004CE1020838E1020808B5FDF7A1FE08BD3F
:1072E00010B50C794CB9886898B189891AB1012216
:1072F000E7F704FA09E02246FAE7006858B1897B0B
:107300002AB10122FCF78DFF0446204610BD002261
:10731000F8E70724F9E70724F7E70000F8B5074680
:1073200016460C4D05EB0115002404E00A20F2F787
:10733000F6FA0134E4B2022C08D83246294638461F
:10734000FFF7CEFF03460028F0D100E001231846E6
:10735000F8BD00BF5C210308002305E003F114021F
:1073600000EB820251600133132BF7D901EB81014D
:107370008900C0F8A4100023C0F8A83070470000AE
:1073800038B590F84430022B44D00546042B43D046
:10739000012380F844304FF0FF338364002424E05D
:1073A000012210211D48E7F7A9F90520F2F7B7FAE5
:1073B0001FE0012C05D0AC64042385F84430012083
:1073C00027E0002210211548E7F798F9F3E74FF47A
:1073D000FA70F2F7A4FA002210211048E7F78EF9AC
:1073E00010E00A20F2F79BFA0134062C0DDC012C88
:1073F000D6D00122E1B22846FFF790FF0028D8D16D
:10740000012CE4D0052CECDDEEE7022385F84430B6
:10741000002038BD0020FCE70120FAE7000402420A
:1074200038B590F84430CBB10546032380F844309A
:10743000062400E0013C002C0ADB0022E1B22846D1
:10744000FFF76CFF002CF5DD0A20F2F768FAF1E790
:10745000002385F844304FF0FF33AB64002038BD83
:1074600038B590F84430DBB10546032380F844304A
:10747000062400E0013C002C0CDB012CFAD0002299
:10748000E1B22846FFF74AFF002CF3DD0A20F2F7AD
:1074900046FAEFE7002385F844304FF0FF33AB6442
:1074A000002038BD38B504460430F6F7F5FCD4F8B2
:1074B000A430D4F8A81001F1140204EB820255683C
:1074C0005B1BC4F8A43050600344C4F8A4300131FD
:1074D0001448A0FB01C2120902EB8202A1EB820256
:1074E000C4F8A820A0FB0303226DB2EB131F17D230
:1074F0001809801AE06407EE900AF8EE677A9FEDAB
:107500000A7A67EE877AFCEEE77AF8EE677A9FED03
:10751000077A67EE877AFCEEE77AC4ED2C7A38BDFD
:107520000020E7E7CDCCCCCC00007A44FCC2EB399C
:1075300070B506460024254604E0301DF6F7ACFC85
:1075400005440134132CF8D9064BA3FB0531090976
:1075500031653046FFF700FF0023F364C6F8B03012
:10756000306D70BDCDCCCCCC70B5054601234373D6
:1075700003750430F6F7B6FC10B1034605283AD17E
:107580002846FFF7D5FF2B68002B36D0002412E0E9
:107590001C4B03EB04139E7B012231462868FCF749
:1075A0000CFE034638BB002231462868FCF739FE42
:1075B000034600BB0134062C12DC124B03EB041310
:1075C0001B79012BE4D00F4B03EB04139868B0B187
:1075D0000C4B03EB041300229989E7F78FF8E9E7D6
:1075E000002210210848E7F789F8002385F8443085
:1075F0004FF0FF32AA64184670BD0723FBE707234C
:10760000F9E700BF5C21030800040242044A42601B
:10761000044A4260044A426000228260027370475A
:1076200014070308F40603087006030830B587B092
:1076300085695DB303460C46EC4600F1180207CAA3
:107640008CE8070094B10022039204928DF8142074
:1076500003AA03CA9861D961127883F82020012C0B
:107660000BD09DF808207AB901221A7522469DF8A0
:1076700008100198A84707B030BD9DF808200AB946
:107680000722F2E72246F0E70722EEE70020F2E7C2
:10769000027D0A2A46D838B540F20153D34013F090
:1076A000010F35D090F82030012B32D00123037523
:1076B0001D4C23685B6A1D492046984723689D69D5
:1076C000F8F734FA01462046A847194C03685B696D
:1076D0002146984703685B691649984703685B69C8
:1076E0002146984703689B69A021984703685B6916
:1076F0001149984703685B691049984703685B69BB
:107700000F49984701224FF400510E48E6F7F6FF63
:1077100038BD0121FFF78AFF0028C9D06420FCF79B
:1077200071F9C5E7704700BF20080120DCD30208CB
:10773000BCCC0208ECE1020810CD020830E20208DD
:1077400030CD02080008024238B504460025056025
:107750000F4B4360057385600E4B43600E4B4360D7
:1077600080F844504FF0FF338364C56405655022B0
:107770002946543003F0C4FEC4F8A450C4F8A850FD
:107780000023C4F8AC30C4F8B050204638BD00BF68
:1077900070060308F40603081407030838B51648F2
:1077A000164B0360002303724360154A0260154ABA
:1077B0000260036103758361C36180F8203080F843
:1077C00021304362104D2A46104901F097FA104CBF
:1077D0002046FFF7B9FF2A460E49204601F08EFAEF
:1077E0000D4B1B6813F0010F05D10B4B01221A60E2
:1077F0000A4B00221A6038BDC0A40120700603089D
:10780000600A0308900A030800000020A1E50108AF
:1078100004A401200D7602086CC0002070C0002076
:1078200010B504460748FFF7FBFD00B110BD4FF44B
:107830007A70FCF7E7F80348FFF7A2FD0028F5D1BE
:107840002075F3E704A401202DE9F84F0446012038
:10785000FCF7D8F88E4BD3F8F43013F0804F06D0F5
:107860000120FCF7CFF80A20FCF7CCF8D3E18948D7
:10787000FFF786FDF4E70122D4F8E0100720F1F7C6
:10788000ADFF051E80F20782237D023B082B00F22C
:10789000C281DFE813F08901C00189005003580359
:1078A000C001C001650219012046FFF7F1FEF6E1B3
:1078B00000224FF400517848E6F720FF0223237599
:1078C0002DE0764E33685B6A7549304698473368D9
:1078D0009F69F8F72BF901463046B847714E0368A7
:1078E0005B693146984703685B696F49984703684D
:1078F0005B693146984703689B69CE2198470368C6
:107900005B696A49984703685B69694998470368F6
:107910005B696849984700212046FFF787FE15F00C
:10792000040FB1D0227D0A2A39D80123934013F4E1
:10793000A26F05D113F0810F31D004232375A3E783
:10794000564D2B685B6A5649284698472B689E69B6
:10795000F8F7ECF801462846B047524D03685B69DA
:107960002946984703685B694F49984703685B69F4
:107970002946984703689B69E221984703685B6939
:107980004A49984703685B694B49984703685B69B4
:107990004849984700212046FFF748FE74E7022136
:1079A0002046FFF743FE6FE73C4D2B685B6A434977
:1079B000284698472B689E69F8F7B8F8014628468C
:1079C000B047384F03685B6939469847DFF8D8A05D
:1079D00003685B695146984703685B693946984775
:1079E00003689B69FC219847DFF8C09003685B69D6
:1079F0004946984703685B6931499847DFF8B48086
:107A000003685B6941469847F1F76CFD60630023AA
:107A100084F839301F48FFF7B3FC06462B685B6AD1
:107A20001F49284698472B68D3F818B0F8F77EF816
:107A300001462846D84703685B693946984703687A
:107A40005B695146984703685B6939469847036804
:107A50009B694FF48071984703685B694946984772
:107A600003685B691749984703689B6931469847E3
:107A700003685B694146984716B106232375CAE03F
:107A800000212046FFF7D2FD0A232375C3E000BF83
:107A9000000C024604A40120000802422008012034
:107AA00074CE0208BCCC020850E2020810CD0208D5
:107AB00094E2020830CD0208D0E20208DCD30208CA
:107AC000F0E20208FCE20208F1F70CFD636BC01A59
:107AD00044F6206398422DD9914D2B685B6A9149F9
:107AE000284698472B689E69F8F720F801462846F3
:107AF000B0478D4D03685B692946984703685B6909
:107B00008A49984703685B692946984703689B69D7
:107B10004FF48E71984703685B69854998470368FD
:107B20005B698449984703685B69834998470623E2
:107B3000237570E0814D2846FFF7B4FCD5F8B020DE
:107B400094F83930002B66D0642A64D9744D2B68C0
:107B50005B6A7B49284698472B689E69F7F7E6FFE2
:107B600001462846B047704D03685B69294698472F
:107B700003685B696D49984703685B6929469847C4
:107B800003689B6940F21711984703685B6968496D
:107B9000984703685B696B49984703685B69664966
:107BA00098470523237536E05D4D2B685B6A644971
:107BB000284698472B689E69F7F7B8FF0146284684
:107BC000B047594D03685B692946984703685B696C
:107BD0005649984703685B692946984703689B693B
:107BE00040F22311984703685B695149984703683D
:107BF0005B695549984703685B694F49984700217D
:107C00002046FFF713FDF1F76DFC2063002384F895
:107C10003830092323754D4800F00CFD4748FFF725
:107C200041FCF1F75FFC0646E36AC31A40F6B7323F
:107C300093422AD93A4D2B685B6A454928469847B2
:107C40002B689F69F7F772FF01462846B84703681B
:107C50005B693549984703689B69B7219847036872
:107C60005B693349984703685B693A499847334BE6
:107C7000D3F8B010F8F78AFA03685B693649984779
:107C800003685B692C499847E66294F84430002BFE
:107C90007FF4F1AD002515F0020F7FF405AE15F06D
:107CA000010F3FF43CAE237D012B7FF601AE022B8A
:107CB0003FF407AE092B3FF404AE194E33685B6AFC
:107CC00018493046984733689F69F7F72FFF0146F8
:107CD0003046B847144E03685B69314698470368DD
:107CE0005B691249984703685B69314698470368A6
:107CF0009B69D321984703685B690D4998470368DE
:107D00005B691649984703689B69217D984703681A
:107D10005B690949984702212046FFF787FCFEE589
:107D200020080120B0CC0208BCCC020850E20208B6
:107D300010CD020828E3020830CD020804A4012077
:107D400074CE020810E302083CE30208E8A4012014
:107D500018D2020844E202084CE20208B4E2020827
:107D6000F1F7C0FB236BC31A43F6972293427FF6C9
:107D700052AF94F839503DB1A36AC01A40F6B733F8
:107D8000984202D8002500E00025714E3046FFF7EA
:107D900089FBD6F8B030002D00F09F80312B00F227
:107DA0009C8094F83830002B40F09780694D2B6808
:107DB0005B6A6949284698472B689E69F7F7B6FEC3
:107DC00001462846B047654F03685B6939469847C6
:107DD000DFF8A0A103685B695146984703685B69B7
:107DE0003946984703689B694FF49D719847DFF8BF
:107DF000889103685B694946984703685B695849FD
:107E00009847DFF87C8103685B6941469847504892
:107E1000FFF726FB06462B685B6A524928469847BF
:107E20002B68D3F818B0F7F781FE01462846D847EB
:107E300003685B693946984703685B695146984710
:107E400003685B693946984703689B694FF49E71E4
:107E5000984703685B694946984703685B694249EC
:107E6000984703689B693146984703685B694146B8
:107E70009847002E2BD02B685B6A3C4928469847D0
:107E80002B689E69F7F752FE01462846B047036803
:107E90005B693946984703685B69514698470368B0
:107EA0005B693946984703689B694FF49F7198470F
:107EB00003685B694946984703685B692C499847A2
:107EC00003685B694146984706232375A3E60123AF
:107ED00084F83830052323759DE61E4D2B685B6AB8
:107EE0002249284698472B689E69F7F71FFE0146EE
:107EF0002846B047194D03685B69294698470368CF
:107F00005B691C49984703685B6929469847036881
:107F10009B694FF4A371984703685B6916499847BA
:107F200003685B691549984703685B69144998477A
:107F3000062323756FE601212046FFF777FB6420B7
:107F4000FBF760FD67E602212046FFF76FFB62E664
:107F500004A4012020080120DCD30208BCCC0208C4
:107F60004CE3020874CE020880E30208B0CC020899
:107F700094E3020850E2020810CD0208A4E30208CC
:107F800030CD0208DAB110B584B084460C460192B7
:107F900002938DF80C1001AB03CBCCF81800CCF891
:107FA0001C10E3B28CF820300CF140002CB90121F8
:107FB000FDF7AAFD002004B010BD0421F8E705205C
:107FC00070470000F8B590F82430002B57D10446D4
:107FD000574D2846ECF7B4F8564E4023F360012382
:107FE00073723046F6F71AFB2846ECF7A9F8524FA1
:107FF0003E603846FCF7C9F82846ECF7A1F84F4830
:108000000760FFF7B1FA2846ECF79AF804F1400050
:10801000FCF76AFA054600285DD1494E33685B6A71
:1080200048493046984733689F69F7F77FFD014616
:108030003046B847444E03685B6931469847036849
:108040005B694249984703685B6931469847036812
:108050009B694921984703685B693D4998470368D4
:108060005B693C49984703685B693B499847012332
:1080700084F824300023237523722846F8BD304C41
:1080800023685B6A35492046984723689D69F7F75E
:108090004DFD01462046A8472B4C03685B692146ED
:1080A000984703685B692949984703685B692146DB
:1080B000984703689B692E21984703685B692449A8
:1080C000984703685B692649984703685B692249BA
:1080D00098470525D1E71A4C23685B6A1F4920465B
:1080E000984723689D69F7F721FD01462046A84778
:1080F000154C03685B692146984703685B6913491F
:10810000984703685B692146984703689B69462145
:10811000984703685B690E49984703685B69114992
:10812000984703685B690C4998470125A5E700BF9C
:1081300018B80020C0A401208800002004A4012059
:108140002008012074CE0208BCCC020850E20208CC
:1081500010CD0208E8E3020830CD0208B0CC0208D6
:10816000B8E3020838E1020808B5FFF717FB08BDBD
:10817000024A0260024A0260704700BFFC21030805
:10818000E821030800B50022026042608260C260FC
:10819000026142614FF0C00C80F800C0A82141701C
:1081A000102282704FF00A0E80F803E080F804C0BD
:1081B000417182714FF0140E80F807E080F808C01A
:1081C00041728272E322C2726FF029020273382276
:1081D00042736FF01F018173C273012202744274F3
:1081E00034220275122242755A2282756FF05A02A9
:1081F000C2755DF804FB10B504462022002103F08F
:108200007FF978232377562363775A23A3776FF078
:108210005A03E377204610BD10B50446044B0360B3
:10822000044B0360302100F0E1FD204610BD00BF8B
:10823000FC210308E8210308104B1B6813F0010F11
:1082400001D00F48704710B50D4C0E4B23600E4BFC
:1082500063600E4BA3600021E160202204F1100056
:1082600003F04EF90A4B2360044B01221A60094ABD
:108270000949204600F042FD014810BDECA4012050
:10828000F0A40120E821030800C0070878565AA589
:10829000FC21030800000020718102082DE9F04153
:1082A00082B0002900F0C280054614460E46002A1E
:1082B00000F0BE805F493046D8F7AEF850B15E4955
:1082C0003046D8F7A9F828B15C493046D8F7A4F869
:1082D00000285ED10023019301A92046F9F716F882
:1082E0000746002846D053493046D8F795F800286D
:1082F00044D105F11000019B0360514D2B685B6A6E
:108300005049284698472B68D3F81880F7F70EFC99
:1083100001462846C0474C4D03685B69294698478B
:1083200003685B694949984703685B692946984730
:1083300003689B693F21984703685B6944499847F4
:1083400003685B694349984703685B69314698470E
:1083500003685B694049984703685B692146984711
:1083600003685B69002F5FD03C49984703685B69ED
:108370003B499847384602B0BDE8F0812E49304667
:10838000D8F74AF810B905F11400B4E705F1180060
:10839000B1E7002301930A2201A9204602F050FC14
:1083A0000746019BA3420FD01B786BB92D4930467D
:1083B000D8F732F850B9B7F5806F07DBB7F5803FD3
:1083C00004DAAF83012798E70027D3E72649304630
:1083D000D8F722F840B9B7F5806F05DBB7F5803FD5
:1083E00002DAEF83012788E720493046D8F714F8EE
:1083F00038B9002F05DB022F03DC85F82070012738
:108400007BE71B493046D8F707F838B9002F07DB60
:10841000022F07DC85F8217001276EE700276CE743
:1084200000276AE7002768E712499EE70027A1E7CF
:1084300000279FE764E1020870E102087CE102087E
:108440002008012074CE0208BCCC020820E40208F7
:1084500010CD020864E4020870E4020804E4020893
:1084600030CD020884E1020890E102089CE1020894
:10847000A8E1020810E40208002900F08380F0B5AA
:1084800085B0074614461D460E46002A7CD0002BB8
:108490007CD0002313703F493046D7F7BDFF28B387
:1084A0003D493046D7F7B8FF00282DD03B4930462C
:1084B000D7F7B2FF002835D039493046D7F7ACFF9F
:1084C00000283DD037493046D7F7A6FF00283FD0D7
:1084D00035493046D7F7A0FF002841D03349304610
:1084E000D7F79AFF002844D0002050E07B7CBA7C6C
:1084F000F97C0291019200933B7C2D4A294620464B
:1085000002F0C2FE012042E07B7DBA7DF97D02913E
:10851000019200933B7D264A2946204602F0B4FE94
:10852000012034E07B7EBA7EF97E029101920093B5
:108530003B7E1F4A2946204602F0A6FE012026E087
:10854000BB8B1C4A2946204602F09EFE01201EE0FD
:10855000FB8B184A2946204602F096FE012016E0C1
:1085600097F82030134A2946204602F08DFE01205C
:108570000DE097F821300F4A2946204602F084FE8C
:10858000012004E000207047002000E0002005B03A
:10859000F0BD00BF64E1020870E102087CE102085E
:1085A00084E1020890E102089CE10208A8E10208C7
:1085B00074E4020880E40208C368002B36D070B56A
:1085C000A2B004460DF10F0525F00F058022FF2112
:1085D000284602F095FFAC4620696169A269E3690B
:1085E000ACE80F00206A616AA26AE36AACE80F0097
:1085F0000F48EBF7A5FD62688021E068F5F7F8FE0B
:1086000008B922B070BD0A4E3046EBF799FD8023C1
:108610002A466168E068F5F739FF04463046EBF713
:108620008FFD802C14BF00200120EAE70020704756
:1086300018B8002038B50446037813F0010F04D1B0
:10864000237813F0020F10D138BD037803F0FE0336
:1086500003700E4D2846EBF773FDFCF7E7FDFDF7C1
:10866000F3FD2846EBF76CFDEAE7237803F0FD0302
:108670002370064C2046EBF763FDFFF7DDFDFFF7A7
:108680009BFF2046EBF75CFDDEE700BF18B800203B
:108690000B68036070470B680360704770470B6896
:1086A000036070470B6803607047704710B504465D
:1086B0004030FCF7DBFB204610BD08B50068FFF733
:1086C000C3F808BD08B50068FDF7E8F908BD00F576
:1086D000E04393F8E83BBBBB10B5044600F5B1405E
:1086E0001030F8F74FFE04F500534FF46122C3F841
:1086F000B02B4FF40062A3F8182C4FF48052C3F84B
:10870000C42B04F5EB404030F4F7CEFD08B1012056
:1087100010BD04F5EE400C30F4F7E4FE0028F6D16D
:1087200004F5F1405430F4F7DDFE0028EFD104F5F4
:10873000F5401C30F4F7B8FD0028E8D104F5E0441A
:10874000012384F8E83BE3E7052070477047000009
:1087500000F1180200F51873026043600A2282607B
:10876000C360036100F130018161C16100210162D8
:10877000416238218162C2620922002A0CDB10B4F6
:1087800000211960054C1C605960013A0833002A29
:10879000F6DA5DF8044B7047704700BF70C00020E8
:1087A0002DE9F04393B00446884615461F46F3F77B
:1087B00045FF234B23600026E6622422314604F164
:1087C000300002F09DFEDFF87C90C4F85890C4F8A9
:1087D000A0604FF48052314604F1A40002F090FEF4
:1087E0004FF4C072314604F58550083002F088FE1F
:1087F000C4F810802B68294641F8089B00939B68B9
:1088000002A89847694604F15800F4F765FC009BFC
:10881000DB6802A89847394604F10800FBF724FBFF
:1088200009E0A36DDB6804F1600098472046F3F788
:1088300097FE00F0FDFB204613B0BDE8F08300BFBB
:108840006C1E030870F6020810B592B004460023AF
:1088500003758361C36180F8203080F8243083621F
:10886000C3620363436380F8383080F839300B4BC0
:10887000009302900A4B6A4618214030FFF790FFA0
:1088800005E0009BDB6802A8984700F0D1FB009B45
:10889000DB6802A89847204612B010BD18220308D2
:1088A00084E4020830B587B0044645681DB16B69A1
:1088B00082689A4213D023689B682146684698478D
:1088C00004F1100C00980199029A039BACE80F0088
:1088D00004980599ACE80300012007B030BD00F111
:1088E000100C28686968AA68EB68ACE80F00286972
:1088F0006969ACE80300EFE730B589B00446456824
:108900001DB1EB6982689A4215D023689B682146A5
:108910006846984704F1100C00980199029A039B4D
:10892000ACE80F0004980599069A079BACE80F0085
:10893000012009B030BD00F1100C28686968AA68F0
:10894000EB68ACE80F0028696969AA69EB69ACE8D3
:108950000F00EDE710B50C46FCF768FCC460FFF7AC
:10896000A1FFFFF769FCC460FFF7C6FF10BD000060
:1089700038B5784B1B78062B19D8DFE813F00700C1
:108980001C005300890018001800BF00724973488A
:10899000FFF7E0FFFDF7F0F90446FCF747FC00F1B4
:1089A00010012046FCF7BAFC6A4B01221A706420C1
:1089B000FBF728F838BDFDF7DFF9FFF788FE002840
:1089C0002CD0674C23685B6A664920469847236829
:1089D0009D69F7F7ABF801462046A847624C03684B
:1089E0005B692146984703685B696049984703685B
:1089F0005B692146984703689B6942219847036851
:108A00005B695B49984703685B695A499847036803
:108A10005B69594998474F4B06221A704D4B022209
:108A20001A70C4E75548FFF7CDFA00282CD04C4CFB
:108A300023685B6A4B492046984723689D69F7F78E
:108A400075F801462046A847474C03685B692146F4
:108A5000984703685B694549984703685B69214605
:108A6000984703689B694A21984703685B694049B6
:108A7000984703685B694249984703685B693E49C8
:108A80009847344B06221A70324B03221A708EE735
:108A90003C48FEF7E3FA00282CD0314C23685B6A8F
:108AA00030492046984723689D69F7F73FF801460B
:108AB0002046A8472C4C03685B6921469847036809
:108AC0005B692A49984703685B69214698470368B0
:108AD0009B695321984703685B6925499847036858
:108AE0005B692949984703685B6923499847194B93
:108AF00006221A70174B05221A7058E7184C236883
:108B00005B6A18492046984723689D69F7F70EF875
:108B100001462046A847144C03685B6921469847E4
:108B200003685B691149984703685B692146984768
:108B300003689B698B21984703685B690C499847D8
:108B400003685B691149984703685B690A4998475C
:108B50002DE700BF20A50120C0CF0120E8A40120FF
:108B600020080120B0CC0208BCCC020898E402081E
:108B700010CD0208C8E4020830CD020858BD01201B
:108B8000E4E4020828A5012000E502081CE502082B
:108B900010B504460A2340F8103B6060A06001460F
:108BA000FDF7E0FC6368A360204610BD2DE9F041AD
:108BB00094B004460E4600F1780700F54A78254B3C
:108BC0000360242202710025C0F805504572C76079
:108BD000C0F810800423037545751F4B40F8183BFF
:108BE000294602F08DFCE56325646564A66484F87B
:108BF000705013AA12A93846FFF7AAFD4046FFF7A6
:108C0000C7FF164B00930294154B6A46182104F5D2
:108C1000C160FFF7C5FD14E0009BDB6802A8984720
:108C2000D4F83013D4F82C03FDF79CFCD4F82C3383
:108C3000C4F830333846FDF731F9064B236000F0B5
:108C4000F7F9009BDB6802A89847204614B0BDE8FE
:108C5000F08100BFB8F50208941E0308082203083B
:108C600084E4020870B51748174B036000230372B1
:108C70004360164B0360164B0360164C22461649A0
:108C800000F03CF8154D2846FFF7DEFD224614495A
:108C9000284600F033F8134E29463046FFF786FF8A
:108CA00022461149304600F029F8104B1B6813F09A
:108CB000010F05D10D4B01221A600D4B00221A60E5
:108CC00070BD00BFC0CF012070060308C0090308B3
:108CD000100A0308000000208DE2010858BD0120A1
:108CE000AD86020828A50120816502086CC000201D
:108CF00070C0002008B5FFF7B5FF08BD0B46014660
:108D0000184602F0FDB97FB50024102315461268FD
:108D1000CDE902340368CDE900449E696B46B04753
:108D20009DF8043003F00603062B05BF009B0120CD
:108D300020462B6004B070BD009890420CBF062006
:108D400001207047034B10B50446036000F0BFFDDF
:108D5000204610BD6022030810B50446FFF7F2FF5D
:108D60000821204600F042F8204610BD2DE9F041D0
:108D7000DDF818801F4606461546DDE9083498459B
:108D800007D1079900F0A6FD18B165710020BDE874
:108D9000F0813946304600F09DFD0028F6D00123D1
:108DA000C4F800802571A371F0E738B515461C465C
:108DB00000F090FD20B108232560E36006232371B5
:108DC00038BD2DE9F04105460C4616461F4600F019
:108DD00081FD48B9032F07D823683246294620462B
:108DE0005B69BDE8F0411847BDE8F08100F0A3BD24
:108DF000194A50F8081C536870B5A0F1080413B163
:108E00006518AB4203D940F8043C546070BD5E68FD
:108E10001FD11B680B4440E90236F6E71A1D3346A2
:108E20005E6836B1B542F9D801BF2E686D68891900
:108E30005D6013681D685E19B44217BF5B686D18EA
:108E400040F8081C40F8043C16BF13681D605C60C5
:108E5000DCE70432E4E700BFE0CF01200830104A2D
:108E6000082838BF0820073020F0070352F8040F05
:108E700030B580B1016844688B420DD8CD1A072DFA
:108E80008DBFC118016021464C6082BFC55010687B
:108E900003600830116030BD021D2046E9E700BFC5
:108EA000E0CF012010B500F18004204602F02AF83E
:108EB000034630B92046FFF7D1FF034608B900F05A
:108EC000F9FB80220021184602F01AFB803010BD09
:108ED000064B8038D3E902231344984203D28242DE
:108EE00001D2FFF785BF02F015B800BFE0CF012027
:108EF00070B50D4619460368049E9D4204D92A4662
:108F000009490A4800F0FCFC5C1B944228BF144647
:108F10003246A64228BF224622B14068284402F0C9
:108F2000DFFA00B9A01B70BD842203089E2203084B
:108F30002DE9F0470025394E8CB03948F5604FF0E7
:108F40000F090DF11008C6E9015501F0FDFE354B82
:108F5000044693E8030008230693334BCDE9073515
:108F600009230993314B0A93042388E803000B93E8
:108F7000B4B90B9B089D402BA8BF4023002D08BF10
:108F800006253E355D43AD00F56035B1284601F05C
:108F9000B9FFB06000283CD1F4600CB0BDE8F087A8
:108FA00023780F22002140463A2BCDF8009008BFCD
:108FB00001342346FFF79CFF28BBE37B2E2B22D1F5
:108FC00010344FF0030A06AFBAF1010A1BD03D6816
:108FD0002346002138462A460095FFF789FF0246BE
:108FE00010B9635D3D2B01D00C37EDE7013503A9C6
:108FF000601901F09FFE039C23783A2B00D013B92F
:10900000002800DBB86020463A2101F009FF044641
:10901000AEE77060C0E90054BFE700BFE0CF0120B9
:10902000CF22030874CA0208E0220308E9220308D9
:109030001EB400F09CF81EBCD7F7A4F90378472BA8
:1090400017D143784E2B14D18378552B11D1C37887
:10905000432B0ED10379432B0BD143792B2B08D112
:1090600083792B2B05D1C07901288CBF00200120EA
:1090700070470020704700002DE9F3411D4603783A
:109080000E460246472BC17913D143784E2B10D19F
:109090008378552B0DD1C378432B0AD10379462B06
:1090A00007D143794F2B04D18379522B01D1002969
:1090B00030D01046FFF7C2FF80F001040023E4B275
:1090C000002001904BBB54BB01290ABF52F8203C41
:1090D000A2F12003783B01290CBF52F8202C583212
:1090E0001C680192236820469B689847C8B1019B81
:1090F00002271B680193336801AA21463046D3F842
:1091000010800123C04770B1019B2B60384602B02C
:10911000BDE8F08101230C46D2E7044CE2E7044CA1
:10912000E0E70127E7E70746F0E700BFE42303088D
:109130001024030810B5044600F040F8024620460B
:10914000A4F12001FFF77AFF60B154F8043C013329
:10915000012B44F8043C03D1936844F8083C916027
:10916000012010BD9368002BF9D000F0A3FA10B5D0
:1091700000F024F8826801460AB900F09BFA02F177
:1091800020042046FFF75AFF40B1D369013BD36169
:1091900013B9906988609361204610BD8860FBE731
:1091A00070470000004870470323030810B50446C9
:1091B0000421FFF71BFE204610BD00000048704749
:1091C000F0CF012000231A4630B510F8015B05F0FE
:1091D0007F049440073223432C06F6D40B6030BD45
:1091E00000231A4630B510F8014B04F07F05954076
:1091F00007322B432506F6D41F2A06D8640642BF41
:109200004FF0FF3404FA02F213430B6030BD5028D4
:109210002DE9F3410646884615461F4608D1D01C65
:1092200020F0030050F8044B3C6002B0BDE8F08130
:1092300000F00F030C2B2ED8DFE803F025071D25C7
:10924000292D2D2D2D182125290001A92846FFF7AC
:10925000B9FF019C002CE7D006F07003102B08BF6B
:10926000A8463306444448BF2468DDE701A92846E0
:10927000FFF7B6FFEDE7284630F8024BEAE728464D
:1092800030F9024BE6E7284650F8044BE2E728465F
:1092900050F8084BDEE701F0E7FE08B50346084644
:1092A000FF2B0DD003F07003302B0FD004D8202BF0
:1092B00008D005D901F0D8FE402B0BD0502BF9D1A6
:1092C000002008BDBDE8084001F03BBCBDE80840F7
:1092D00001F034BCBDE8084001F020BC70B50C467C
:1092E00015461E4601462046FFF7D7FF3346014686
:1092F0002A462046BDE87040FFF789BF73B50C468B
:109300001546064608B101F009FC2246286012F80D
:10931000011BFF291CD02B1D3046FFF7DFFF024643
:10932000104610F8013BFF2B14D0102301A92B7518
:10933000FFF748FF019B0344EB6001A910F8013BD4
:109340006B75FFF73FFF019B03442B6102B070BDBB
:109350006860E5E72B750023EEE71FB503AB0A460F
:1093600000930023194600F0C1FE039805B05DF894
:1093700004FB00002DE9F04F002393B005460C4696
:10938000079300F003031646012B10D0022B03D0E5
:10939000002B3BD101073BD53146204601F0A8FB0D
:1093A00018B1092013B0BDE8F08F0820FAE70207D2
:1093B00023D5022305F008050C2230460C941D43EA
:1093C0000CAB00930023194600F0B6FE062D21D108
:1093D000D4F83080B8F1000FD4E90A790CBF4FF00F
:1093E000010A4FF0030A15F0080500F00981BAF1EF
:1093F000010F40F0018100F05DF90F6A30460D2148
:10940000FFF7ABFF8742D4D10623D3E701F02CFE50
:109410000123CFE7304601F087FB81460028BBD00F
:109420000CAA01463046FFF769FF9DF844B031466B
:1094300003905846FFF731FF0F2102900E903046FF
:10944000FFF78BFF20F00108039A08F1FF38109F07
:10945000974215D800274FF0010AB846EB07C2D54E
:10946000BAF1020F98D0079D0D213046FFF775FF26
:10947000C4F83080C4E90805C4E90A79062091E7F8
:109480009DF845A008AB00205146FFF727FF09AB28
:10949000024651460020FFF721FF0AAB0246514623
:1094A0000020FFF71BFF0BA9FFF78CFE0C9B089910
:1094B00002460B44434551D809990B444345C6D94C
:1094C000DDF82880B8F1000F01D00D9B98440B9B6C
:1094D000002B3BD0B8F1000F3FF45EAF15F008024F
:1094E00004923DD0472222704E2262705522A27013
:1094F0004322E270462222714F2262715222A271EF
:109500000022E271013BF8180023039309A9FFF739
:1095100067FE0AA90590FFF763FE099F002F68D038
:1095200042DDBBF1FF0F3BD00BF00703042B3FF6EE
:109530006DAF01A252F823F0739502080D94020852
:10954000A5950208739502089D950208B8F1000FD1
:109550003FF422AF00274FF0020A7FE73A4676E752
:10956000E279012A0CBF54F8202C04F1580207922A
:10957000C8E704220F990BAB584602FB1712029959
:10958000FFF745FE0B9931B13CB307AB00222046F3
:10959000FFF772FD08B34FF0030A5FE70822E9E71F
:1095A0000022E7E70222E5E76FF040420F9BD21B63
:1095B00003EB820AC4B10499B1B9079BAAF1040A6A
:1095C0000B935AF8041F0029E5D00BAB002251443D
:1095D0002046FFF751FD0028F3D00A98002859D003
:1095E000059B0344184691E753F82230002BF4D131
:1095F000D1E701230393F0E7002F1FDA00F06AF8A8
:10960000BAF1010F02D1204600F0B4F9002F15DAAB
:109610000CAA49463046FFF771FE31469DF84400DA
:10962000FFF73BFEFA430F9B03EB820353F8252021
:1096300052BB0422C4E90A50C4E90C2300230BAD39
:1096400030460B941A461946009500F075FD00232C
:1096500001223046194600950B9700F06DFD0F2151
:109660003046FFF77AFE00F0010000230F2240EAA7
:109670000800009519460B90304600F05DFDBAF1E8
:10968000020F03D007208DE60135CFE72046FFF714
:1096900051FDF7E7039B002B3FF47EAE5AE700BF76
:1096A00008B5804701F0E0FC014BD3E8AF0F7047ED
:1096B0009400002008B5FFF7F7FFFFF7F1FF08B5AA
:1096C0008047FFF7F7FF0000014BD3E8AF0F70476B
:1096D0009000002008B5FFF7F7FFFFF7F0FF012823
:1096E00010B503D951F8140CFFF7DAFFA1F12803E4
:1096F000D3E8EF2F013AC3E8E02F0028F8D15AB998
:1097000051F81C3C01F158040BB120469847204603
:10971000BDE81040FFF7DCBB10BD000038B50025E8
:10972000044640E91E1240F8805CFFF7CDFF44F884
:10973000700CFFF7B9FF472344F86C0CA4F18000CC
:1097400004F8583C4E2304F8515C04F8573C552368
:1097500004F8563C432304F8553C04F8543C2B23AE
:1097600004F8533C04F8523C014B44F8503C38BDDB
:10977000DF96020808B504460D461646FFF71EFDA3
:10978000436829463246013343602046FFF7C6FF4F
:109790000123044644F8283B2046D6F7E1FD204645
:1097A00000F028F9FFF786FF012838BF012010B527
:1097B0000446204601F0A6FB00B110BD00F044F9BC
:1097C00008B901F051FC8047F3E70000034B10B5E6
:1097D00004460360FFF7B6FA204610BD682403086C
:1097E00010B50446FFF7F2FF0C212046FFF7FEFA02
:1097F000204610BD2DE9F041DDF8188006460F46E1
:10980000154690451C460BD0B0682A463946036879
:10981000CDF818801E6A2346B446BDE8F041604783
:10982000194600F057F80028EED00620BDE8F08178
:109830002DE9F14F0D461946814617469846DDE958
:109840000A4BDDE90CA600F045F890B1002D34601C
:10985000377109DB2C44A24514BF01240624B471DE
:10986000002001B0BDE8F08F0235F9D10123B371BA
:10987000F6E7544506D15946484600F02BF808B1A2
:109880007771EDE7D9F808003A4629460368CDE933
:109890000CA6CDE90A4BDC694346A44601B0BDE8FD
:1098A000F04F60472DE9F04107460C4615461E462D
:1098B000FFF77BFA48B9B8682A46214603689F69D2
:1098C0003346BC46BDE8F0416047BDE8F0817047D3
:1098D00000207047814208B50ED0406803782A2BDB
:1098E0000CD049680B782A2B08BF0131D6F794FDBC
:1098F000B0FA80F0400908BD0120FCE70020FAE73B
:109900000FB408B501F0B0FB0048704712230308FC
:10991000034B10B504460360FFF742FC204610BD20
:10992000D024030810B50446FFF7F2FF204600F0EC
:1099300002F8204610BD01F0EDBA0378472B17D18D
:1099400043784E2B14D18378552B11D1C378432BF8
:109950000ED10379432B0BD143792B2B08D183797B
:109960002B2B05D1C07901288CBF00200120704726
:109970000020704710B5044648B100F03BF820467F
:10998000FFF7DBFF18B154F8140CFFF789FEFFF75F
:1099900091FE38B50246FFF7D0FF044640B152F8B9
:1099A000184C0025104600F025F81DB1FFF792FE77
:1099B0000125F7E72046FFF782FE0378472B17D1F2
:1099C00043784E2B14D18378552B11D1C378432B78
:1099D0000ED10379432B0BD143792B2B08D18379FB
:1099E0002B2B05D1C07901288CBF002001207047A6
:1099F0000020704738B50446FFF7E0FB02460568D3
:109A00002046A4F12001FFF7D8FF28B90DB1FFF7D8
:109A100051FE1160284638BD54F80C3C2046002BFE
:109A2000B4BFC3F1010301338D4244F80C3C5368C9
:109A300003F1FF3353601CBF44F8105C1160656A8A
:109A400000F052FBE6E70000014BD3E8AF0F704790
:109A5000FCCF01202DE9F04F099D0E4604460F462C
:109A6000002B47D18A429446B2FA82F35AD943B1C5
:109A700002FA03FCC3F120029F409C4020FA02F24C
:109A800017434FEA1C461FFA8CFE220CB7FBF6F177
:109A900006FB117701FB0EF042EA0742904208D91B
:109AA0001CEB020201F1FF3702D2904200F23C812E
:109AB0003946121AA4B2B2FBF6F006FB102200FBE4
:109AC0000EFE44EA0244A64508D91CEB040400F14A
:109AD000FF3202D2A64500F22A81104640EA014038
:109AE000A4EB0E0400211DB1DC400023C5E90043B6
:109AF000BDE8F08F8B4205D90DB1C5E90001002109
:109B00000846F5E7B3FA83F100294FD1B342C0F01C
:109B10000281824240F2FF800846002DE8D0C5E96C
:109B20000047E5E7002B40F0AF808A1A4FEA1C4E51
:109B30001FFA8CF70121B2FBFEF60EFB1620220C59
:109B400042EA004207FB06F090420FD91CEB0202EA
:109B500006F1FF382CBF4FF001094FF00009904289
:109B600003D9B9F1000F00F0DC804646121AA4B206
:109B7000B2FBFEF00EFB102200FB07F744EA0244A2
:109B8000A7420FD91CEB040400F1FF322CBF4FF0A9
:109B9000010E4FF0000EA74203D9BEF1000F00F0F6
:109BA000C9801046E41B40EA06409CE7C1F120044E
:109BB0008B4006FA01FC00FA01FE22FA04F7E640A7
:109BC0008A401F4320FA04F34FEA174843EA0C0384
:109BD0001FFA87FC4FEA1349B6FBF8F008FB106642
:109BE00049EA064600FB0CF9B1450ED9BE1900F151
:109BF000FF3A2CBF4FF0010B4FF0000BB14503D9DA
:109C0000BBF1000F00F0A2805046A6EB09061FFA38
:109C100083F9B6FBF8F308FB136603FB0CFC49EA77
:109C20000646B4450ED9BE1903F1FF382CBF4FF0DC
:109C300001094FF00009B44503D9B9F1000F00F054
:109C40008280434643EA0040A6EB0C06A0FB028C50
:109C500066454346E14602D307D1C64505D2B8EB77
:109C600002036CEB070C0138E1465DB1BEEB030269
:109C700066EB090606FA04F422FA01F3CE401C430F
:109C8000C5E90046002133E702FA03FCC3F12002D4
:109C900099409C40D6404FEA1C4E20FA02F21FFA2F
:109CA0008CF7B6FBFEF00A430EFB1066110C41EA7E
:109CB000064100FB07F68E420ED91CEB010100F1B4
:109CC000FF382CBF4FF001094FF000098E4202D936
:109CD000B9F1000F34D04046891B92B2B1FBFEF6B9
:109CE0000EFB161142EA014206FB07F191420ED922
:109CF0001CEB020206F1FF382CBF4FF001094FF0B8
:109D00000009914202D9B9F1000F16D04646521A05
:109D100046EA00410FE7841A66EB0302012017466A
:109D2000FBE6023E624421E702396244C1E6644434
:109D30000238D3E66444023834E7023E6244E6E780
:109D400002386144C8E7023B3E447BE702383E44A8
:109D50005BE700BF03685A004CBF43F0004323F0A9
:109D600000431844704700BF2DE9F04729B301F1C3
:109D7000FF3A8046914600255646A91948BF013151
:109D8000491008EBC107CC003846FFF7E3FF8A45CE
:109D90000DD00834484508EB04000AD8FFF7DAFF75
:109DA00001384D1C4845E8D33846BDE8F0874845A2
:109DB000FAD98D4201F1FF36DFD100273846BDE8E0
:109DC000F08700BF012809D0022805D00028044BE5
:109DD00014BF002018467047024870470248704779
:109DE000B1A40208C1A40208B9A40208224B30B5EC
:109DF000044683B08D1E43B301A92846AFF300800B
:109E0000F0B101992A46FFF7AFFF0146C0B1FFF755
:109E1000A1FF4B68A064012B2AD0002B01F10400A4
:109E200024DBFFF797FF002323650368E064002B22
:109E300011DBFFF78FFF03460020236103B030BD25
:109E400000230920236103B030BD0C480C49091AD6
:109E5000C9100191D6E7C3F30360FFF7B3FF031EF8
:109E60000CBF09200020236103B030BD0123DBE7D4
:109E700000230520E1E700BF00000000382F0308A1
:109E8000083C03080368DA0710B5044606D49B07AC
:109E900000F1500009D5D6F7FBF92368590709D519
:109EA0001A070ED5DB0613D510BDD6F7E9F92368DE
:109EB0005907F5D404F1D800D6F7F2F923681A0748
:109EC000F0D404F5AC70D6F7F3F92368DB06EBD4D5
:109ED00004F5EC70BDE81040D6F72EBA03460068D2
:109EE00000B11844704700BF704700BF70B504460A
:109EF0000E46316C2046FFF779FF054698B9D6F833
:109F000040C03246236921460120C4F814C0984756
:109F10000828EED0072806D12846316CFFF7E4FF69
:109F2000301DD6F7A1F901F09FF800BF2DE9F047E9
:109F300001F1040CADF5787DC7680646D0F81880AD
:109F400014460DF1140E04AD4FF00009BCE80F00EB
:109F5000AEE80F00BCE80F00AEE80F00BCE80F0051
:109F6000AEE80F009CE80F008EE80F00C5F80090E7
:109F700023E02B6C4FF4F47229467EA8736100F045
:109F8000B3FF33697EAA3146504698478C9B2146E1
:109F9000814603933246039C33460120AC64CDE9ED
:109FA0000058B847044628BB4FF4F4727EA92846EF
:109FB00000F09AFFB9F1080F19D10934296C304625
:109FC000FFF714FF81465FFA84FA0028D1D0AC6B0A
:109FD000334632464AF01001AC640120CDE9005806
:109FE000B84738B948460DF5787DBDE8F087B9F136
:109FF000070F06D04FF0090948460DF5787DBDE8FA
:10A00000F0872046296CFFF76FFF05A8D6F72CF9DB
:10A01000F0B5CB6BFBB001F1040C0E460B6401AC48
:10A0200005464FF0FF37BCE80F000FC4BCE80F0037
:10A030000FC4BCE80F000FC49CE80F0084E80F00B9
:10A04000009706E02B696A46294698470828044687
:10A0500008D110992846FFF7C9FE0028F2D0092040
:10A060007BB0F0BD6846FFF70DFF062CF7D13146F7
:10A070002846FFF73BFF00BF10B4DC6BC1601946F8
:10A08000826100221C6410BCFFF750BF70B54369A9
:10A09000C6680B64AEB903690A4604460D4601461C
:10A0A00002209847072805D008280FD129462046C6
:10A0B000FFF71CFF3046296CFFF716FF281DD6F767
:10A0C000D3F80122FFF732FF00F0CEFF00F0CCFF03
:10A0D000C26832B1D1F83CC00022C1F840C0FFF7DD
:10A0E00025BFFFF795BF00BF704700BF052915D8F2
:10A0F000DFE801F00A031403030501207047436CF5
:10A100000020009A1360704743B90F2A06D800EB6D
:10A11000820200205368009A136070470220704743
:10A1200010B584B000230A4603AC19460094FFF72B
:10A13000DDFF039804B010BD052915D8DFE801F054
:10A140000A031403030501207047009B1B68436446
:10A150000020704743B90F2A06D8009B00EB82020B
:10A1600000201B68536070470220704710B584B010
:10A17000002303AC03920A4619460094FFF7DCFF64
:10A1800004B010BDF0B5D36BADF5117D141D0646BE
:10A1900013640DF15C0C0D464FF0FF370FCCACE8AB
:10A1A0000F000FCCACE80F000FCCACE80F0094E828
:10A1B0000F008CE80F00169710E0FFF7D7FF294635
:10A1C00016A8B047034616AA6946082083B9049B1F
:10A1D0009847052804460CD009280AD026996846D5
:10A1E000FFF704FE03466A460C2116A8002BE4D0B4
:10A1F000092416A8FFF746FE20460DF5117DF0BD97
:10A200002DE9F04F1646CA6C89B00D4652F8041B72
:10A2100000F0030C0692002B7CD00C0C09048DF886
:10A220001D40E4B20591022102EB8402BCF1020F51
:10A230008DF81C10296D08BFAA6B11F0010809D018
:10A2400005A9304600F0D4FA00285BD1082009B0F7
:10A25000BDE8F08F1768002FF2D000F00801BB4670
:10A260009A4667460191CDF80880BAF1020F4DD0A9
:10A27000B2F800B002F10409548824F00102AB6C7A
:10A2800064000F2102EB03083046FFF749FF04F09A
:10A2900002040BF00103804543EA04032CD82BF0A1
:10A2A000010B012BC34472D0022B39D053BB17B121
:10A2B000834500F2C88009F10402D2F800B0BBF176
:10A2C000000FD2D105A93046DDF8088000F090FAE1
:10A2D000C0B9B8F1000FB9D00F213046FFF720FF09
:10A2E0000E2102463046FFF741FF704A0F213046EB
:10A2F000FFF73CFF072006E0012B66D0022B25D09C
:10A30000002BD8D0092009B0BDE8F08F546802F1C5
:10A310000809B2E709028DF81D300591032185E790
:10A32000D9F8004024F00048B7B9834505D9019B0E
:10A33000002B64D0B8F1000F61D0002C01DA09F1D4
:10A34000040908F1010309EB8302B6E7D9F80040DC
:10A3500024F00048002FF0D0D5F820B00D21304671
:10A36000FFF7DEFE8345E8D1AA6A9145E5D10024D6
:10A370000422C5F82880C5E90B424A446A63D9F82B
:10A380000020A242C0F28D8001230293D9E7F7B9E1
:10A39000834517D9D9F80430D9F80020991C4FEA21
:10A3A000D272AFD005F158040133049472D009F190
:10A3B0000400FFF793FD04AB01462846FEF75CFE60
:10A3C000002853D109F1080277E7002FFAD02C6A50
:10A3D0000D213046FFF7A4FE8442F3D1AB6A9945C4
:10A3E000F0D14846FFF7B6FC0F2102463046FFF792
:10A3F000BDFE2A4600213046FFF7B8FE7AE705F198
:10A400005803039709F1040B00241F460CE058463B
:10A4100000220497FFF762FD04AB014628460BF1CA
:10A42000040BFEF729FE88BB444504F10104EED17C
:10A430000D213046FFF774FE049B024606202A6277
:10A44000C5E909395FE74846FFF784FC09F10402D2
:10A4500004462846AA63FEF76DFE00283FF452AF7B
:10A4600022460F213046FFF781FE43E704460D21C7
:10A470003046049EFFF754FE022C286202D1EE62A1
:10A4800005F12C060620C5E909693CE7039FD9F8C8
:10A49000004052E730460D21FFF742FE2646286273
:10A4A000F0E708F1010209EB82009BE793990208AB
:10A4B0000023FFF7A5BE00BF0123FFF7A1BE00BF29
:10A4C0000223FFF79DBE00BF2DE9F0410546C4B051
:10A4D0001446052900F2B480DFE801F00F29B269C3
:10A4E0008F03836B002C40F0AB8053F8042B426445
:10A4F0008363002044B0BDE8F081002B40F0A080D1
:10A500001FFA84FC806B01262F1D06FA03F1024618
:10A5100011EA0C0F04D052F8041B104647F8231020
:10A520000133102BF1D1A204E3D4A863E1E703F0D7
:10A53000FB02260CA4B2012A40F08280012B06EB1C
:10A54000040800F0C280B8F1200F79D80F2E79D915
:10A55000002CCED002680193530705D522F00402E7
:10A5600040F8D82BD5F7A0FE02AF64003846D5F7E7
:10A570009BFEA6F11002A96B601E019B07EBC202B5
:10A58000441C101F01EB840251F8044B914240F827
:10A59000044FF9D1012B00F0CA800F2EA96302D815
:10A5A00022A8D5F775FE3846D5F77AFEA1E7032B2A
:10A5B00046D11FFA84F8260C08EB1444102C3FD81F
:10A5C00003681F0700F1AB8022AF3846D5F792FE33
:10A5D000AC6B4FEA480107EBC6034A1E41B1E01AD3
:10A5E000013A1958561C43F8041BF9D104EBC8046E
:10A5F0003846AC63D5F75CFE7BE70BBB102C1FD84D
:10A600000368D80600F1838022AF3846D5F79EFE56
:10A61000AE6B394600234FF0010C0CFA03F23046C2
:10A620000133224203D050F8042B06460A60042B63
:10A6300001F10401F1D13846AE63D5F77DFE58E74C
:10A64000022057E70268B8F1100F02F0010040F253
:10A65000898058B122F001022846019342F002029B
:10A6600040F8502BD5F718FE2A68019B5107A8F136
:10A67000100800F18880019322AF3846D5F70CFE10
:10A6800002A8D5F711FEC6F11001AA6B07EBC600B0
:10A690004900019B01390131043802EB810152F874
:10A6A000044B914240F8044FF9D1B8F1000F4FD05C
:10A6B0004FEA4802102E02AF02F1FF30324638BF97
:10A6C0001022103A07EBC2025AE7B8F1100FB7D8C0
:10A6D000102EB5D00168CA0730D521F003012846F5
:10A6E000019340F8501BD5F7CFFD019B012B25D0DE
:10A6F00022AF01933846D5F7CFFDAA6B74B3019B07
:10A7000064004FF0000807EBC600611EC3E723F0AA
:10A71000100305F5EC702B60D5F718FE74E723F0F5
:10A72000080300F5AC702B60D5F7E4FD4CE722AFD1
:10A7300004323846AA63D5F7A3FDDAE622AF0193C7
:10A740003846D5F7A1FDAA6B019B002CF0D0D7E7C6
:10A75000012BEDD00F2EA9633FF6CBAE3846D5F7CF
:10A7600097FDC6E611460028C2D0052BB5D122F0D0
:10A7700001022846019342F0020240F8502BD5F71F
:10A780008BFD019BB4E722F004022846019340F8B8
:10A79000D82BD5F789FD6FE7027A03468AB9427A4A
:10A7A000B2B14168013A4FF0030C10B442720C1D73
:10A7B000086883F808C002025C60000E10BC1A60D2
:10A7C00070470068013A1A720202000E1A60704760
:10A7D000B020704710B584B000230C2203AC19469A
:10A7E0000094FFF783FC039804B010BDFFF7F2BF9D
:10A7F0002DE9F0434FF0000885B006460D46284687
:10A80000FFF7CAFFB028044600F01E81070638D5BE
:10A8100000F0F003A02B00F083800CD8802B5ED0DA
:10A82000902B04D100F00D030D2B40F08F800920F8
:10A8300005B0BDE8F083B02B68D0C02B3ED1C62850
:10A8400000F0EF80C72800F0048100F0F803C02B6F
:10A8500000F01181C82800F01C81C928E7D12846E2
:10A86000FFF79AFF020300F00F0002F4702201309C
:10A870000243012105233046FFF726FE0028BED003
:10A88000D5E783000DF108090D223046DBB2CDF883
:10A8900000901F1D00231946FFF728FC029B60064D
:10A8A0004FF00D023046CDF800904CBFDF1BFF1873
:10A8B000002302971946FFF73FFCA0E700F0F803DA
:10A8C000D02BB4D100F0070205230121304601321C
:10A8D00042F40022FFF7F8FD002890D0A7E72402F9
:10A8E0002846FFF759FF2043B0F5004F9FD00401E1
:10A8F00000233046A2B21946FFF7E6FD002896D1A4
:10A9000014F4004F18BF4FF0010878E7A0F1B1032D
:10A91000042B00F2DA80DFE803F07B503D332A009D
:10A92000C3434FF47F62010703F0070342FA03F2C7
:10A9300002F47F6201D542F480420023304619467A
:10A94000FFF7C2FD00283FF45AAF70E702AF0023C3
:10A9500000F00F02304619460097FFF7C7FB0023AF
:10A960000D22304619460097FFF7E6FB47E703AA9A
:10A9700000233046009219460D22FFF7B7FB3EE751
:10A980000023052130461A46FFF79EFD00283FF4BC
:10A9900036AF4CE72846FFF7FFFE0123020300F025
:10A9A0000F001946013002F4702202433046FFF7CF
:10A9B0008BFD00283FF423AF39E700230DF1080990
:10A9C0000D2230461946CDF80090FFF78FFB284640
:10A9D000FFF7E2FE0206029C4FF002070AD500F0E4
:10A9E0007F00B8400737044428460294FFF7D4FE9E
:10A9F0000306F4D4B84004F5017400230D2220446A
:10AA0000CDF80090194602903046FFF795FBF6E628
:10AA10002846FFF7C1FE431E0246DBB20E2B8CD93F
:10AA200005E72846FFF7B8FE0323020300F00F00F6
:10AA30001946013002F4702202433046FFF744FD0C
:10AA400000283FF4DCAEF2E6B8F1000F2DD0002074
:10AA5000EEE62846FFF7A0FE431E0246DBB20E2BB1
:10AA60003FF6E5AE002304213046FFF72DFD002818
:10AA70003FF4C5AEDBE600F00F020323304601329F
:10AA8000194642F42022FFF71FFD00283FF4B7AE1D
:10AA9000CDE62846FFF780FE00F0F00200F00F033D
:10AAA0001032013343EA0232E3E602AC4346414648
:10AAB0000E2230460094FFF719FB0F224346414611
:10AAC00030460094FFF738FBC1E700F0FC03B42BDD
:10AAD0003FF4ADAE00F00702012330461A44194698
:10AAE00042F40022FFF7F0FC00283FF488AE9EE617
:10AAF000024603230846D26C10B584B008328DF8A4
:10AB00000C3001A952F8043C1C021B0ECDE9014295
:10AB10008DF80D30FFF76CFE04B010BD08B5FFF7DF
:10AB200065FE806C08BD00BF08B5FFF75FFEC06C16
:10AB3000C37900EB8300083008BD00BF08B500F002
:10AB400093FA08B5FFF7FAFF242B2DE9F047864664
:10AB5000904601D8012B06D100F09EFC162303601D
:10AB60000020BDE8F0870D4633482A4615F8014B12
:10AB7000065D16F00806F8D12D2C10D12C78012690
:10AB8000951C33F0100215D1302C0DD12A7802F02B
:10AB9000DF02582A08D16C78023510230AE02B2CEA
:10ABA00004BF2C78951CECE7002BF6D1302C14BF99
:10ABB0000A23082306F1004C00220CF1FF3C10464A
:10ABC000BCFBF3F903FB19CAA4F13007092F0FD816
:10ABD0003C46A3421BDD571C07D0814514D301D14D
:10ABE000A24511DB00FB0340012215F8014BEBE706
:10ABF000A4F14107192F01D8373CEAE7A4F1610716
:10AC0000192F04D8573CE4E74FF0FF32EDE7531C0F
:10AC100008D122236046CEF80030B8F1000FA0D052
:10AC2000691E06E006B14042B8F1000F99D0002A33
:10AC3000F6D1C8F8001094E7DD240308FFF784BFBD
:10AC400013460A46014602480068FFF77DBF00BF71
:10AC5000980000202DE9F04386460D46334E2846E5
:10AC600015F8014B375D17F00807F8D12D2C10D1DE
:10AC70002C780127851C33F0100015D1302C0DD114
:10AC8000287800F0DF00582808D16C7802351023AE
:10AC90000AE02B2C04BF2C78851CECE7002BF6D1A6
:10ACA000302C14BF0A2308234FF0FF380026B8FBCE
:10ACB000F3F803FB08F930466FEA0909A4F1300CF8
:10ACC000BCF1090F10D86446A3421EDDB6F1FF3F68
:10ACD00007D0804516D301D1A14513DB00FB03400B
:10ACE000012615F8014BE9E7A4F1410CBCF1190F5D
:10ACF00001D8373CE8E7A4F1610CBCF1190F04D886
:10AD0000573CE1E74FF0FF36EBE7731C06D12223F7
:10AD10003046CEF8003032B9BDE8F08307B140428A
:10AD2000002AF9D006B1691E1160F5E7DD24030899
:10AD3000FFF790BF13460A46014602480068FFF736
:10AD400089BF00BF98000020044B07B5014601AA47
:10AD5000186800F005F803B05DF804FB98000020C7
:10AD60002DE9F84FDFF86CA006468946174600F03B
:10AD7000CFFBDAF8004034B14B46984613F8012B6C
:10AD80003AB13D2AF9D1304600F0C8FB0020BDE8B9
:10AD9000F88FA8EB0908A34654F8040B0028F2D05A
:10ADA0004246494600F086F90028F4D154F8043CA4
:10ADB00003EB080513F808303D2BECD1DAF800302E
:10ADC0003046ABEB03039B103B6000F0A7FB681C15
:10ADD000DDE700BF3000002070B50D4D00260D4CA2
:10ADE000641BA410A64209D10B4D00260B4C01F0A8
:10ADF00025FE641BA410A64205D170BD55F8043B86
:10AE000001369847EEE755F8043B01369847F2E7DC
:10AE1000083C0308083C0308083C0308343C0308CA
:10AE2000C9B20346184613F8012B12B18A42F9D170
:10AE30007047002918BF002070470000294B1B688D
:10AE4000834270B504464BD0C369ABB1DB686BB1CC
:10AE50000025E369DB68595900293BD10435802D71
:10AE6000F7D1E3692046D96800F05EFBE369196811
:10AE700011B1204600F058FB616911B1204600F085
:10AE800053FBE16911B1204600F04EFB216B11B17B
:10AE9000204600F049FB616B11B1204600F044FBF5
:10AEA000A16B11B1204600F03FFBA16C11B120460F
:10AEB00000F03AFB616C11B1204600F035FBE16A0D
:10AEC00011B1204600F030FB236A4BB12046BDE8AB
:10AED000704018470E68204600F026FB3146BBE75D
:10AEE00070BD00BF980000200A44431E914200D16B
:10AEF000704710B511F8014B914203F8014FF9D199
:10AF000010BD0000024B0146186800F02DB800BFCC
:10AF100098000020024B0146186800F005BB00BFF6
:10AF20009800002070B50F4E0C460546316811B9E7
:10AF300000F090FA30602146284600F08BFA431C5E
:10AF400003D14FF0FF34204670BDC41C24F003042D
:10AF5000A042F8D0211A284600F07CFA0130F2D144
:10AF6000EFE700BF04D001202DE9F843CD1C0646D1
:10AF700025F0030508350C2D38BF0C25002D01DB0D
:10AF8000A94204D90C2333600020BDE8F883DFF820
:10AF9000D48000F03DFAD8F800301C4644BB294666
:10AFA0003046FFF7BFFF431C044658D1D8F8004095
:10AFB0002746002F43D1002C4BD02368394630461A
:10AFC00004EB030900F046FA814542D1216830467E
:10AFD0006D1A2946FFF7A6FF01303AD023682B44AB
:10AFE0002360D8F800305A6862BBC8F800700FE0E0
:10AFF0002268521B20D40B2A17D96119A34225605D
:10B0000018BF5960636808BFC8F8001062514B60F0
:10B01000304600F003FA04F10B00231D20F0070076
:10B02000C21A1CBF1B1AA350AFE76268A3420CBF31
:10B03000C8F800205A60EBE723466468AEE73C4658
:10B040007F68B6E71A465B68A342FBD100235360D2
:10B05000DEE70C233046336000F0E0F994E705604A
:10B06000D6E700BF08D00120062008B501F074FB28
:10B070000120F0F751FA00001FB514461A46094B9B
:10B0800005461B68D8684CB1074B00910749CDE9CC
:10B0900001342B4600F0E6F8FFF7E6FF044B1C46B0
:10B0A000F3E700BF9800002024230308312303089E
:10B0B0005F23030810B56AB10139841810F8012B19
:10B0C00011F8013F9A4203D1A04201D0002AF5D1E4
:10B0D000D01A10BD1046FCE70139034610B532B155
:10B0E00011F8014F013A03F8014B002CF7D11A4433
:10B0F0000021934200D110BD03F8011BF9E70000C5
:10B1000010B504460448134620B10A4602202146E1
:10B11000AFF3008010BD00BF00000000002310B599
:10B1200004468360818119464366C2810822836197
:10B13000C0E90033C0E904335C3000F0E1F90D4BA5
:10B14000246263620C4BA3620C4BE3620C4B2363DF
:10B150000C4B9C4206D003F16802944202D0D033DB
:10B160009C4205D104F15800BDE8104000F026BA19
:10B1700010BD00BF85B30208ABB30208E3B30208F9
:10B1800007B402080CD00120024A0349034800F02A
:10B1900089B900BFE80000209DC602089C0000207D
:10B1A00041680C4B994210B5044601D001F076FA83
:10B1B000A168094B994202D0204601F06FFAE1687C
:10B1C000064B994204D02046BDE8104001F066BA13
:10B1D00010BD00BF0CD0012074D00120DCD00120B4
:10B1E00010B50B4B04210B4C0B4A20461A60002271
:10B1F000FFF794FF04F1680001220921FFF78EFF99
:10B2000004F1D00002221221BDE81040FFF786BFF2
:10B2100044D101200CD0012089B10208014800F07E
:10B22000CEB900BF4AD10120014800F0C9B900BF22
:10B230004AD1012010B50446FFF7F0FF236A1BB185
:10B24000BDE81040FFF7F0BF044B2362044B1B68BE
:10B25000002BF5D1FFF7C4FFF2E700BFA1B1020850
:10B2600044D101200EB403B503AB0146054853F8A1
:10B27000042B0068019300F0F5FC02B05DF804EBCC
:10B2800003B07047980000200CB4184B30B50C1E6A
:10B290009DB01D6808DA8B234FF0FF302B601DB086
:10B2A000BDE8304002B070474FF402730290069040
:10B2B00002A9ADF8143014BF04F1FF332346209ADD
:10B2C0002846049307934FF6FF73ADF8163021AB71
:10B2D000019300F0D1F9431CBCBF8B232B60002CE1
:10B2E000DDD0029B00221A70D9E700BF9800002031
:10B2F0000EB400B59CB06FF000411DAB02900690FB
:10B30000079104910848094953F8042B059102A9B3
:10B310000068019300F0B0F9029B00221A701CB083
:10B320005DF804EB03B07047980000200802FFFFAF
:10B330000EB430B59CB04FF401721FACADF81420C0
:10B34000029054F8045B0690D5F770F80B4B2A4630
:10B35000039002A90B93002307900F9314934FF6C9
:10B36000FF730748ADF8163023460068019400F0DB
:10B37000D9FA1CB0BDE8304003B07047A7B302084B
:10B380009800002010B50C46B1F90E1000F050F8EE
:10B390000028ABBF636DA3891B1823F48053ACBF97
:10B3A0006365A38110BD002070472DE9F0411F4661
:10B3B0008B8905460C46DB05164605D5022300227F
:10B3C000B1F90E1001F0D0F9A3893246B4F90E108C
:10B3D000284623F48053A3813B46BDE8F04100F0AA
:10B3E00049B810B50C46B1F90E1001F0BDF9431C77
:10B3F000A38915BF606523F4805343F48053A38170
:10B4000018BFA38110BDB1F90E1001F0B3B8000050
:10B41000014800F0D4B800BF49D10120014800F034
:10B42000CFB800BF49D101200A220021FFF708BC94
:10B4300038B50446064D0846114600222A601A46D1
:10B44000F0F770F8431C02D12B6803B1236038BDBC
:10B4500000D0012038B50023054D044608462B6076
:10B46000F0F72CF8431C02D12B6803B1236038BDE0
:10B4700000D0012038B50446064D0846114600228A
:10B480002A601A46F0F75EF8431C02D12B6803B11C
:10B49000236038BD00D00120014B1868704700BF01
:10B4A000980000202DE9F8430746884614460026F8
:10B4B000D4E90195B9F1010905D52468002CF7D12B
:10B4C0003046BDE8F883AB89012B07D9B5F90E30BA
:10B4D000013303D029463846C04706436835E9E7BB
:10B4E0000139024410B5904201D1002005E00378F3
:10B4F00011F8014FA34201D0181B10BD0130F2E733
:10B5000002440346934200D1704703F8011BF9E758
:10B51000014800F054B800BF48D10120014800F0B4
:10B520004FB800BF48D1012038B50546002941D0A9
:10B5300051F8043C0C1F002BB8BFE418FFF768FF5C
:10B540001D4A136833B9636014602846BDE838406B
:10B55000FFF764BFA34208D9206821188B4201BFBE
:10B5600019685B6809182160EDE71A465B680BB142
:10B57000A342FAD911685018A0420BD120680144A7
:10B58000501811608342E0D118685B68084453602A
:10B590001060DAE702D90C232B60D6E72068211867
:10B5A0008B4202BF19685B680918636008BF21609D
:10B5B0005460CAE738BD00BF08D00120704770470B
:10B5C00070472DE9F0471F468E6882460C46BE4202
:10B5D00090460B682DD8B1F90C2012F4906F26D04C
:10B5E0006569096905EB4505A3EB01097B1C05EBC2
:10B5F000D5754B446D109D4238BF1D46530527D568
:10B600002946FFF7B1FC064660B34A462169FFF7B9
:10B610006BFCA38923F4906343F08003A38126612C
:10B620004E446561A5EB090526603E46A560BE4215
:10B6300000D93E4632464146206801F0F5F8A3683D
:10B6400000209B1BA360236833442360BDE8F08780
:10B650002A4601F03AF906460028E0D12169504611
:10B66000FFF762FF0C234FF0FF30CAF80030A389C8
:10B6700043F04003A381E9E72DE9F04F98468B8919
:10B680009DB007461B060D46144610D50B6973B9CD
:10B690004021FFF769FC2860286130B90C233B602A
:10B6A0004FF0FF301DB0BDE8F08F40236B610023E9
:10B6B000CDF80C804FF00109DFF8A0810993202319
:10B6C0008DF8293030238DF82A3023469A4613F816
:10B6D000012B0AB1252AF9D1BAEB040B0BD05B463A
:10B6E000224629463846FFF76CFF013000F0A7805C
:10B6F000099A5A4409929AF80030002B00F09F8072
:10B7000000234FF0FF320AF1010A049307938DF8EA
:10B7100053301A93CDE90523544605224F4814F8B7
:10B72000011B00F0E3FF049AD8B9D00644BF2023E0
:10B730008DF85330110744BF2B238DF853309AF8FE
:10B7400000302A2B15D0079A544600204FF00A0CDF
:10B75000214611F8013B303B092B4BD9B0B1079280
:10B7600014E0A0EB0803A24609FA03F31343049381
:10B77000D2E7039B191D1B68002B0391BBBF5B42E3
:10B7800042F0020207930793B8BF049223782E2B4E
:10B790000AD163782A2B32D1039B02341A1D1B680D
:10B7A00043EAE37303920593DFF8C0A003222178F4
:10B7B000504600F09BFF38B1A0EB0A004022049BEA
:10B7C000013482401343049314F8011B06222448D9
:10B7D0008DF8281000F08AFF002836D0214B1BBBC3
:10B7E000039B073323F0070308330393099B334478
:10B7F00009936AE70CFB02320C460120A8E70023FC
:10B8000001344FF00A0C19460593204610F8012B1D
:10B81000303A092A03D9002BC6D00591C4E70CFBA6
:10B82000012104460123F0E703AB2A4604A9384668
:10B8300000930D4BAFF30080421C0646D6D1AB8976
:10B840005B063FF52DAF09982CE703AB2A4604A908
:10B8500038460093044B00F023FCEDE76023030817
:10B860006A23030800000000C3B50208662303082A
:10B8700038B54B1C144603D14FF0FF35284638BD70
:10B880009389CDB223F020039381636B52688BB10F
:10B89000A36B934208DD23685A1E226003F8015C03
:10B8A000636801336360E9E7214600F0D7FF0028B1
:10B8B000F1D0E1E72169236851B1994208D213F828
:10B8C000011CA94204D1013B013223606260D5E72B
:10B8D000C4E90F3204F1440363630323A3632346E3
:10B8E00003F8465F23600123DCE710B50C46496B83
:10B8F00069B104F14403994201D0FFF715FE00201D
:10B90000236C6063636013B1E36B236010BD236934
:10B910004FF0FF30236000236360A38943F02003CE
:10B92000A381F3E72DE9F04F0C46ADF5237D00210F
:10B9300006460DF10408A64F0093CDF81881CDE915
:10B940004411A449A091A449A19192F80090B9F1A1
:10B95000000F00F0588117F80930551C13F0080348
:10B9600019D06368002B0FDD23681A78BA5C1207C0
:10B9700001D42A46E9E7459A013301322360459212
:10B980006268013A6260ECE7A19B21463046984725
:10B990000028E9D0EDE7B9F1250F40F0868041930A
:10B9A000439353782A2B04BF1023951C4FF00A02AF
:10B9B00008BF4193AA461AF8011BA1F13003092BD5
:10B9C0001ED9DFF818B20322584600F08FFE38B1B6
:10B9D000A0EB0B000123419A55468340134341934A
:10B9E00015F8013B782B06D8572B10D8252B5CD0A7
:10B9F00056D8002B74D0032347930A23429387E041
:10BA0000439B554602FB031130394391D2E7A3F122
:10BA10005802202AEFD801A151F822F0EFBA02080B
:10BA2000F7B90208F7B9020849BB0208F7B90208DA
:10BA3000F7B90208F7B90208F7B90208F7B902081E
:10BA4000F7B90208F7B902085FBB020845BB020854
:10BA5000A7BA0208A7BA0208A7BA0208F7B90208EB
:10BA600001BB0208F7B90208F7B90208F7B90208E2
:10BA7000F7B902086FBB020809BB0208E7BA02085F
:10BA8000F7B90208F7B902086BBB0208F7B9020858
:10BA900045BB0208F7B90208F7B90208EFBA020875
:10BAA000453B022BA7D8052331E06368002B0DDD51
:10BAB00023681A784A4540F0A68001336268236003
:10BAC000013A459B62600133459352E7A19B2146B1
:10BAD000304698470028EBD04498002840F08B80EF
:10BAE0004FF0FF308BE0419A42F020024192419AA0
:10BAF00042F40072419210226E2B429202D905E06C
:10BB000000234293032302E0082342930423479334
:10BB10006368002B3ADD419B590604D423681A78E8
:10BB2000BA5C120739D4479B022B48DC6B4622468D
:10BB300041A9304600F0D2FB012864D002287FF4EE
:10BB400018AFC9E70A22D7E72946404600F01EFE93
:10BB5000419B054643F0400341930123D7E7419BB6
:10BB600043F0400341930023D1E70223CFE74198FC
:10BB7000C3063FF5FEAE009BC007459A03F10401E2
:10BB800000911B684CBF1A801A60F2E6A19B214607
:10BB9000304698470028BED09EE7459A013245922C
:10BBA0006268013A002A626002DD01332360B5E772
:10BBB000A19B2146304698470028AFD08CE7042B44
:10BBC0000EDC6B46224641A9304600F0E1FBB3E7AC
:10BBD000DD24030871B80208EBB8020866230308E5
:10BBE0000A4B002B3FF4C5AE6B46224641A93046B6
:10BBF000AFF30080A0E7A3895B063FF571AF0DF5B9
:10BC0000237DBDE8F08F4498F9E700BF00000000F5
:10BC10009368013B002B936010B408DA9469A34247
:10BC200001DB0A2903D15DF8044B00F033B9136836
:10BC3000581C1060084619705DF8044B7047F8B541
:10BC400006460F461446D518AC4201D1002007E045
:10BC50003A4614F8011B3046FFF7DAFF431CF3D1D4
:10BC6000F8BD00002DE9F04F0D469DB014469846F2
:10BC7000064618B1036A0BB9FFF7DCFA6B6ED907F9
:10BC800005D4AB899A0502D4A86DFFF798FCAB895F
:10BC90001B0701D52B699BB92946304600F038F9BE
:10BCA00070B16B6EDC0704D54FF0FF301DB0BDE8FE
:10BCB000F08FAB899805F7D4A86DFFF781FCF3E707
:10BCC0000023CDF80C804FF00109DFF8B48109930F
:10BCD00020238DF8293030238DF82A3023469A46C8
:10BCE00013F8012B0AB1252AF9D1BAEB040B0BD0BA
:10BCF0005B46224629463046FFF7A1FF013000F09F
:10BD0000A780099A5A4409929AF80030002B00F053
:10BD10009F8000234FF0FF320AF1010A049307933A
:10BD20008DF853301A93CDE9052354460522544823
:10BD300014F8011B00F0DAFC049AD8B9D10644BF0C
:10BD400020238DF85330130744BF2B238DF8533035
:10BD50009AF800302A2B15D0079A544600204FF04D
:10BD60000A0C214611F8013B303B092B4BD9B0B1ED
:10BD7000079214E0A0EB0803A24609FA03F3134369
:10BD80000493D2E7039B191D1B68002B0391BBBFD3
:10BD90005B4242F0020207930793B8BF04922378F4
:10BDA0002E2B0AD163782A2B32D1039B02341A1D21
:10BDB0001B6843EAE37303920593DFF8D4A00322E0
:10BDC0002178504600F092FC38B1A0EB0A004022E6
:10BDD000049B013482401343049314F8011B062290
:10BDE00028488DF8281000F081FC00283FD0264B11
:10BDF0001BBB039B073323F0070308330393099B03
:10BE00003B4409936AE70CFB02320C460120A8E789
:10BE1000002301344FF00A0C19460593204610F810
:10BE2000012B303A092A03D9002BC6D00591C4E76B
:10BE30000CFB012104460123F0E703AB2A4604A9C9
:10BE400030460093114BAFF300800746781CD6D1E3
:10BE50006B6ED90705D4AB899A0502D4A86DFFF79C
:10BE6000AFFBAB895B063FF51FAF09981EE703AB3D
:10BE70002A4604A930460093044B00F011F9E4E788
:10BE8000602303086A230308000000003FBC020887
:10BE900066230308F8B50E461446054618B1036A32
:10BEA0000BB9FFF7C7F9A369A360A3891A0701D5E6
:10BEB000236943B92146284600F02AF818B14FF00B
:10BEC000FF373846F8BD2368F6B222693746981A1C
:10BED0006369834205DC2146284600F0DFFB002829
:10BEE000EDD1A368013BA36023685A1C22601E7039
:10BEF000431C62699A4204D0A389DB07E1D50A2E6C
:10BF0000DFD12146284600F0C9FB0028D9D0D6E76A
:10BF100038B5294B05460C46186818B1036A0BB9A9
:10BF2000FFF788F9B4F90C30190722D4DA0607D4E0
:10BF300009222A6043F040034FF0FF30A38133E031
:10BF4000580712D5616B41B104F14403994202D004
:10BF50002846FFF7E9FA00236363A38923F024034B
:10BF6000A3810023636023692360A38943F008034E
:10BF7000A38123694BB9A38903F42073B3F5007F30
:10BF800003D02146284600F0F3FCB4F90C3013F03E
:10BF900001020AD00022A26062695242A2612269B3
:10BFA00042B913F08000C5D138BD990758BF626906
:10BFB000A260F4E70020F7E7980000202DE9F047A1
:10BFC000164698468A6807460B690C46DDF82090AD
:10BFD0009342B8BF1346336091F843200AB101334E
:10BFE00033602368990642BF3368023333602568A3
:10BFF00015F0060506D104F1190AE36832689B1AA8
:10C00000AB422BDC94F843302268003B18BF01237D
:10C01000920630D404F1430241463846C847013005
:10C0200023D023681A3454F80A2C03F00603042B97
:10C030000ABF54F80E5C002533684FF0000608BFB5
:10C04000ED1A54F8123C08BF25EAE5759342C4BFC7
:10C050009B1AED18B5421AD1002008E00123524680
:10C0600041463846C847013003D14FF0FF30BDE8A4
:10C07000F0870135C1E7E1185A1C30200233224411
:10C0800081F8430094F8451082F84310C2E7012379
:10C09000224641463846C8470130E6D00136D9E746
:10C0A0002DE9FF470F7E914680460C46782F9A4631
:10C0B0000C9E01F1430207D8622F0AD8002F00F02E
:10C0C000D180582F00F0B88004F1420684F8427005
:10C0D0003AE0A7F16303152BF6D801A151F823F03C
:10C0E00039C102084DC10208C9C00208C9C002080E
:10C0F000C9C00208C9C002084DC10208C9C002086F
:10C10000C9C00208C9C00208C9C002084BC202085F
:10C1100077C1020805C20208C9C00208C9C00208E6
:10C120006DC20208C9C0020877C10208C9C002086E
:10C13000C9C002080DC2020833681A1D1B683260AC
:10C1400004F1420684F8423001239CE03368206801
:10C15000191D3160060601D51D6803E04506FBD5B3
:10C16000B3F90050002D03DA2D236D4284F84330DB
:10C1700058480A2311E021683368080653F8045B25
:10C1800002D4490648BFADB26F2F3360514814BF87
:10C190000A230823002184F843106668002EA66055
:10C1A00005DB21682E4321F0040121604BD01646A7
:10C1B000B5FBF3F103FB1157C75D06F8017D2F4670
:10C1C0000D46BB42F4D9082B0BD12368DF0708D5F5
:10C1D000236961689942DEBF302306F8013C06F10D
:10C1E000FF36921B22614B4603AA21464046CDF8FA
:10C1F00000A0FFF7E3FE01304AD14FF0FF3004B05A
:10C20000BDE8F087236843F0200323607827324895
:10C21000236884F845701F06316851F8045B02D426
:10C220005F0648BFADB23160D90744BF43F0200379
:10C2300023601DB11023ADE72648E9E7236823F00A
:10C2400020032360F6E71646BDE733682568181D0E
:10C25000616930602E061B6801D5196002E068062E
:10C26000FBD51980002316462361BCE73368002103
:10C270001A1D32601E686268304600F037FA08B155
:10C28000801B606063682361002384F84330AAE761
:10C290002369324649464046D0470130ADD0236835
:10C2A0009B0713D4E068039B9842B8BF1846A6E7E3
:10C2B0000123324649464046D04701309DD00135E2
:10C2C000E36803995B1AAB42F2DCEBE7002504F16B
:10C2D0001906F5E771230308822303082DE9F843C3
:10C2E00015468A6880460C4632B98A69002A14BF0E
:10C2F0004FF0FF3201228A6022680027DFF88C901D
:10C30000D1065FBF1A68111D19601668A06988B14F
:10C31000012807D12B681A7863699B5C53B9002FF9
:10C3200031D022E0022820D12B681B7819F8033085
:10C330001B071AD423680137DA065EBF2B681B7807
:10C3400006F8013B2A686B680132013B2A60A2684B
:10C350006B60013AA26042B1002BD7DCD4F8803187
:10C360002946404698470028D0D0236813F0100390
:10C3700005D1E2680132E260A26902B1337023693B
:10C3800000203B442361BDE8F88300BFDD2403089F
:10C390002DE9F04F984687B0724B0C468246164600
:10C3A00027464FF0000B93E8070003AB83E8070034
:10C3B0006D4BA1696D4A032908BF1A46A368019213
:10C3C0005A1EB2F5AE7F89BF6FF4AE754FF000090B
:10C3D00003EB050940F25D1388BFA36057F81C3BCF
:10C3E00043F450633D462360316803AB0222097871
:10C3F00053F82B0000F07AF928B3BBF1010F59D1A3
:10C4000062682AB92268082142F4007261602260E1
:10C41000226822F4A0622260A268511EA16092B13B
:10C420003268511C3160127805F8012B7268013AAC
:10C43000002A726007DCD4F88021314650469047CC
:10C44000002840F085800BF1010BBBF1030FCBD12D
:10C4500063680BB90A23636063684FF0000B4449BB
:10C460006069C91A00F092F9A3682268002B3DD0D8
:10C470003168606991F800C010F80C00002835D0D0
:10C48000BCF1300F24D1100522D50BF1010BB9F10D
:10C49000000F03D0013309F1FF39A3607368013B3A
:10C4A000002B73601BDD336801333360A368013BED
:10C4B000A360D9E7BBF1020FAED1226802F4C061DC
:10C4C000B1F5007FBFD1102142F480726160A2E714
:10C4D00022F4106222600B7805F8013BDEE7D4F805
:10C4E00080313146504698470028DFD02368D9056F
:10C4F0000DD5BD4209D905F1FF3915F8011CD4F855
:10C500007C3132464D4650469847BD4228D022687D
:10C5100012F0100213D12A70394663685046019E0A
:10C52000B047D8F8003021681A1D11F0200FC8F864
:10C5300000201B680FD01860E3680133E360ED1B37
:10C54000236900205D442B44236107B0BDE8F08FD0
:10C550004FF0000BCAE7CA074CBF18801860EBE722
:10C560000120F2E77CCA02083DAC020831AD0208A6
:10C57000A323030838B50023054D044608462B6065
:10C58000EEF7EEFF431C02D12B6803B1236038BDE8
:10C5900000D00120B1F90C202DE9F0411607054625
:10C5A0000C4654D44B68002B02DC0B6C002B48DD8E
:10C5B000E66A002E45D0002312F480522F68216ACB
:10C5C0002B6030D0626DA389590705D56368D21AF4
:10C5D000636B0BB1236CD21A0023E66A216A2846EA
:10C5E000B047431CA38906D129681D292BD82A4AA4
:10C5F000CA40D60727D50022D9046260226922608A
:10C6000004D5421C01D12B6803B96065616B2F60B2
:10C61000B9B104F14403994202D02846FEF784FFE1
:10C62000002363630DE001232846B0470246501CF7
:10C63000C9D12B68002BC6D01D2B01D0162B1DD1C4
:10C640002F60002021E043F040031BB21AE00F6985
:10C65000002FF6D093070E680F600CBF4B690023C4
:10C66000A6EB07088B60B8F1000FEADD43463A46B7
:10C67000216A2846A66AB047002808DCB4F90C30C5
:10C6800043F040034FF0FF30A381BDE8F081074441
:10C69000A8EB0008E7E700BF0100402038B50B69B0
:10C6A00005460C4613B90025284638BD18B1036A63
:10C6B0000BB9FEF7BFFDB4F90C30002BF3D0626E5E
:10C6C000D00704D4990502D4A06DFEF778FF284660
:10C6D0002146FFF75FFF636E0546DA07E4D4A389BE
:10C6E0009B05E1D4A06DFEF76BFFDDE7C9B2034601
:10C6F000024410B59342184601D1002003E00478AB
:10C7000001338C42F6D110BD1F2938B505460C46C1
:10C7100004D9162303604FF0FF3038BDC26B12B14D
:10C7200052F821304BB9284600F07CF822460146E9
:10C730002846BDE8384000F063B8012B0AD0591CE8
:10C7400003D1162303600120E7E70021204642F8C9
:10C75000241098470020E0E7024B01461868FFF7D5
:10C76000D3BF00BF9800002038B50446064D0846E8
:10C77000114600222A601A46EEF7FCFE431C02D145
:10C780002B6803B1236038BD00D0012070B50B7851
:10C79000044601385E2B04F1FF0513BF4A1C8A1CB6
:10C7A0004B78002108BF012100F8011FA842FBD1EE
:10C7B0000BB9501E70BD81F001011046E1540246D4
:10C7C00012F8015B2D2D05D05D2D16D0002DF1D076
:10C7D0002B46F2E746785D2EFAD0B342F8DC023001
:10C7E0001A4601329642A154FBDCF21A5D1C013A52
:10C7F000B342A8BF0022AB18E1E71046DAE7000019
:10C8000038B50023064D0446084611462B60EEF766
:10C810007BFE431C02D12B6803B1236038BD00BFEF
:10C8200000D00120EEF76EBE884210B501EB020485
:10C8300002D98442234607D8431EA14208D011F8EA
:10C84000012B03F8012FF8E7024401468A4200D188
:10C8500010BD13F8014D02F8014DF7E72DE9F04145
:10C860000C46496B04F1440399421AD14FF480619C
:10C87000FEF77AFB18B94FF0FF30BDE8F0814FF4B6
:10C880008063606300F2FD30A36394F846308370E8
:10C8900094F84530437094F84430037020600020D1
:10C8A000EBE7A66B77003A4600F00FF80546002844
:10C8B000E1D000EB0608014632464046FEF714FB85
:10C8C000C4F80080C4E90D57E9E72DE9F0410746B7
:10C8D00014460D4621B91146BDE8F041FEF744BBB0
:10C8E0002AB92546FEF720FE2846BDE8F08100F073
:10C8F0009DF88442064602D8B4EB500FF4D8214686
:10C900003846FEF731FB804608B94546ECE7B442AD
:10C910002246294628BF3246FEF7E6FA294638461F
:10C92000FEF702FEF1E770B50C46B1F90E1096B0B5
:10C93000154600291E460CDAA389002113F0800F4A
:10C9400014BF40234FF48063002031602B6016B089
:10C9500070BD6A4600F048F80028EDDB019901F44B
:10C960007041A1F50053594259414FF48063EBE700
:10C970008B89F7B59D0706460C4607D504F147039A
:10C98000236023610123636103B0F0BD01AB6A46FC
:10C99000FFF7C9FF009F054630463946FEF7E4FA27
:10C9A00048B9B4F90C309A05EED423F0030343F0F0
:10C9B0000203A381E2E7A389206043F08003A381FF
:10C9C000019BC4E904075BB1B4F90E10304600F0D6
:10C9D0001DF828B1A38923F0030343F00103A381C9
:10C9E000A3891D43A581CFE738B50023064D044632
:10C9F000084611462B60EEF7B6FD431C02D12B68AA
:10CA000003B1236038BD00BF00D0012038B500233A
:10CA1000054D044608462B60EEF7AAFD431C02D1E3
:10CA20002B6803B1236038BD00D0012051F8043CCD
:10CA3000181F002BBCBF0B58C0187047F8B500BFBB
:10CA4000F8BC08BC9E467047F8B500BFF8BC08BCEF
:04CA50009E46704747
:10CA540049444C4500000000546D72205376630035
:10CA6400546D72510000000000000000000000003E
:10CA74000F000000F3220308A5230308A8230308DA
:10CA8400AB230308000000000000000001020304BF
:10CA9400060708090000000001020304006CDC0220
:10CAA40000366E010024F400001BB70000093D00AD
:10CAB40080841E00504B140040420F0000E02E0002
:10CAC4000070170000A00F0000B80B00801A0600C9
:10CAD400400D030088070200A08601000000024206
:10CAE40001000000000002420300000000000242B6
:10CAF400060000000004024201000000000402429B
:10CB04000A0000000008024202000000000C024279
:10CB14000D000000000C0242020000000008024266
:10CB24000A00000000040242000000000008024263
:10CB34000C00000000040242030000000004024252
:10CB44000400000000100242000000000010024235
:10CB54000200000000100242030000000100020075
:10CB64000400060008000A000C0010002000400029
:10CB74008000000101010103070100000804020410
:10CB840008010101370000002A2A2A204C6173742D
:10CB94002072657365743A20575744472028737987
:10CBA4007374656D2068616E6729202A2A2A0D0A2C
:10CBB400000000002A2A2A204C61737420726573D5
:10CBC40065743A2049574447202A2A2A0D0A00004E
:10CBD4004C6173742072657365743A20536F667484
:10CBE400776172650D0A00004C617374207265737D
:10CBF40065743A2042726F776E6F75742028706F77
:10CC0400776572206973737565290D0A0000000049
:10CC14004C6173742072657365743A2050494E20D8
:10CC240072657365740D0A004C61737420726573C8
:10CC340065743A204F7074696F6E20627974652050
:10CC44006C6F616465720D0A0000000064656661C2
:10CC5400756C745461736B0050432020203D203068
:10CC6400782530386C58200D0A4C522020203D2065
:10CC740030782530386C580D0A43465352203D20F5
:10CC840030782530386C580D0A48465352203D20E0
:10CC940030782530386C580D0A42464152203D20E8
:10CCA40030782530386C580D0A0000000D1B5B39B4
:10CCB400316D7C4552524F527C0000004772656DC5
:10CCC40073792F45746865726E65745F434F4D2F99
:10CCD4004C69627261726965732F44726976657218
:10CCE4002F4D61766C696E6B2F5372632F6472697A
:10CCF4007665725F6D61766C696E6B5F636F6D7084
:10CD04006F6E656E742E6370700000007C200000EE
:10CD14004D61766C696E6B206D616E616765722022
:10CD24006F70656E206661696C0000001B5B306D7E
:10CD34000A0000004772656D73792F457468657247
:10CD44006E65745F434F4D2F4C6962726172696501
:10CD5400732F4472697665722F4D61766C696E6BC0
:10CD64002F5372632F6472697665725F6D61766C9E
:10CD7400696E6B5F6D616E616765722E63707000C2
:10CD840043616E6E6F7420616464206D61766C69BA
:10CD94006E6B20636F6D706F6E656E7400000000C3
:10CDA40054727920746F2072656D6F7665206E6F92
:10CDB4006E206578697374656E74206D61766C6934
:10CDC4006E6B20636F6D706F6E656E74206174207E
:10CDD4004D41565F434F4D505F7B307D0000000056
:10CDE40054727920746F20616464206E6577206DBD
:10CDF40061766C696E6B20434F4D20706F727420A6
:10CE0400746F20616C7265616479206578697374EC
:10CE1400656E7420706F7274206174204D41564C9D
:10CE2400494E4B5F434F4D4D5F7B307D000000000A
:10CE340054727920746F2072656D6F7665206E6F01
:10CE44006E206578697374656E74206D61766C69A3
:10CE54006E6B20434F4D20706F7274206174204DAF
:10CE640041564C494E4B5F434F4D4D5F7B307D00E7
:10CE74000D1B5B306D7C494E464F7C00545820514D
:10CE840075657565204F70656E204661696C20007C
:10CE94005458205461736B204F70656E204661694D
:10CEA4006C2000004D6178206D61766C696E6B209A
:10CEB400726F7574657320726561636865640000E0
:10CEC40043616E6E6F7420616C6C6F636174652076
:10CED4006D656D6F727920666F72206E6577206D57
:10CEE40061766C696E6B20726F757465000000006A
:10CEF4004D616E6167657254580000005458515575
:10CF0400455545004772656D73792F4574686572A0
:10CF14006E65745F434F4D2F4C696272617269652F
:10CF2400732F4472697665722F4D61766C696E6BEE
:10CF34002F5372632F6472697665725F6D61766CCC
:10CF4400696E6B5F73657269616C5F636F6D5F704F
:10CF54006F72742E63707000547279696E672074F6
:10CF64006F206F70656E20616E20616C7265616404
:10CF740079206F70656E20434F4D20706F7274007E
:10CF8400547279696E6720746F206F70656E2061CA
:10CF94006E20756E696E697469616C697A65642066
:10CFA400434F4D20706F7274000000005472796911
:10CFB4006E6720746F20636C6F736520616E2061EF
:10CFC4006C726561647920636C6F73656420434F90
:10CFD4004D20706F727400004772656D73792F4530
:10CFE400746865726E65745F434F4D2F4C6962724D
:10CFF40061726965732F4472697665722F4D61762B
:10D004006C696E6B2F5372632F6472697665725FFD
:10D014006D61766C696E6B5F7564705F636F6D5F75
:10D02400706F72742E63707000000000547279691E
:10D034006E6720746F206F70656E20436F6D207073
:10D044006F72742062617365206661696C00000010
:10D054005265676973746572205544502052656344
:10D064006569766572204661696C0000434D444CE5
:10D07400494E45002D2D2D2D2D2D2D2D2D2D2D2DB4
:10D084002D2D2D2D2D2D2D2D2D2D2D2D2D2D2D2DCC
:10D094002D2D2D2D2D2D2D2D2D2D0A00436F6D7031
:10D0A400616E793A204772656D73790A0000000059
:10D0B400417574686F723A20204669726D776172A7
:10D0C40065205465616D0A0056657273696F6E3A26
:10D0D40020312E302E300A00506C6174666F726DF0
:10D0E4003A2053746D3332483778780A00000000D0
:10D0F40025642E2564000000256400004C4F470081
:10D104004C6F67206B686F6E6720686F2074726F56
:10D114002074727579656E20756172742071756101
:10D1240020646D61212043616E2063616920646124
:10D134007420747820646D612064652073752064A4
:10D14400756E672E0A00000050414745300000000C
:10D15400504147453100000050414745320000002E
:10D16400504147453300000050414745340000001A
:10D174005041474535000000504147453600000006
:10D1840050414745370000005041474538000000F2
:10D1940050414745390000005041474531300000B7
:10D1A40050414745313100005350493200000000DE
:10D1B4004144435F43485F4E4F4E45004144435F03
:10D1C400434837004144435F4E4F4E450000000042
:10D1D40041444331000000004932435F4E4F4E4505
:10D1E4000000000049324331000000005541525410
:10D1F400310000005541525433000000554152544F
:10D204003400000054494D45350000005F45565434
:10D21400000000000D1B5B33326D7C494E464F7C91
:10D2240000000000556172742069643A2000000017
:10D23400206E6F74206F70656E6564002043616EAC
:10D244006E6F74204F70656E205F74785461736BD9
:10D2540000000000554152545B0000005D206572DF
:10D26400726F722068616E646C65642C20636F64F5
:10D27400653D00005D206572726F7220636F6465A6
:10D284003D000000553320230000000020636E742D
:10D29400446D613D0000000020636E743D00000099
:10D2A400207074724F6C643D00000000206E3D00DD
:10D2B4002073746174653D00206572723D00000046
:10D2C4002530325820000000554152545B325D2015
:10D2D40052582028000000004229204845583A208E
:10D2E400000000004772656D73792F45746865729C
:10D2F4006E65745F434F4D2F4C696272617269654C
:10D30400732F48617264776172652F53746D333281
:10D3140055352F5372632F68617264776172655F4C
:10D3240075355F7065726970686572616C5F75618F
:10D3340072742E637070000049443A2000000000AB
:10D344002020205F747853747265616D4275662085
:10D354006E6F74206F70656E20313233210A0000C5
:10D36400526573657420554152545B004772656D74
:10D3740073792F45746865726E65745F434F4D2FE2
:10D384004C69627261726965732F4D6F64756C6567
:10D39400732F454E4332384A36302F656E63323828
:10D3A4006A36302E63707000526561644275666639
:10D3B40065724D656D206661696C2073697A653D9F
:10D3C40020000000726574200000000025642E25F2
:10D3D400642E25642E2564000D1B5B39356D7C5746
:10D3E40041524E7C000000004772656D73792F45F1
:10D3F400746865726E65745F434F4D2F4C69627239
:10D4040061726965732F4D6F64756C65732F457414
:10D414006865726E65745F434F4D2F45746865721D
:10D424006E65745F434F4D2E637070004F776E20AE
:10D434004950206E6F74207365742C207573696E67
:10D44400672064656661756C743A20002E000000E4
:10D45400496E697469616C697A696E67204574689C
:10D4640065726E657420434F4D2077697468204956
:10D47400503A20004661696C656420746F20696EBF
:10D48400697469616C697A6520454E4332384A365D
:10D4940030000000454E4332384A363020696E6908
:10D4A4007469616C697A6564207375636365737309
:10D4B40066756C6C79000000506F72742000000077
:10D4C40020616C7265616479207265676973746543
:10D4D4007265643A2000000055445020726563650B
:10D4E40069766572207461626C652066756C6C0087
:10D4F40065746865726E657420636F6D2074617302
:10D504006B00000050524F544F434F4C5F4D4156F7
:10D514004C494E4B5F56320053797374656D4944E0
:10D524002C20436F6D704944206E6F7420736574B2
:10D5340074696E67210A0000206368616E6E656C11
:10D54400206F7574206F662072616E6765210A0012
:10D55400206F70656E6564210A00000020436861D5
:10D564006E6E656C3A2000002C2057726974654217
:10D5740075666653697A653A20000000206F70650D
:10D584006E20646F6E65210A6E0000005379737417
:10D59400656D49442C20436F6D704944206F72209F
:10D5A4004E616D65206E6F742073657474696E6767
:10D5B400210A000020636C6F736564210A00000077
:10D5C40020636C6F736520646F6E65210A00000030
:10D5D400204C6F737420636F6E6E656374696F6E35
:10D5E400210A0000205265636F6E6E656374696F73
:10D5F4006E210A004772656D73792F4574686572F0
:10D604006E65745F434F4D2F4C6962726172696538
:10D61400732F52544F532F434D5349535F4F535F0E
:10D6240056322F5372632F72746F735F636D736915
:10D63400735F6F735F76325F7461736B2E637070A8
:10D64400000000005461736B206C6F6F70206B6876
:10D654006F6E6720636169206461742064756F6311
:10D66400C3A164617364617364210A0D0000000046
:10D674000D1B6320000000005761726E696E673AEB
:10D6840020436F6D6D616E64206C696E65206B68FC
:10D694006F6E672073752064756E672064756F63A1
:10D6A4002E204D756F6E20636861792064756F63F9
:10D6B40020636F6D6D616E64206C696E652078699E
:10D6C4006E20656E61626C6520756172742072787B
:10D6D40020646D61206D6F64652063697263756C8D
:10D6E40061720A0D000000005761726E696E673A3C
:10D6F400205065726970686572616C2074696D652B
:10D70400206B686F6E672073752064756E67206484
:10D71400756F632E204D756F6E2063686179206488
:10D72400756F63207065726970686572616C2074CE
:10D73400696D652078696E206361702063686F206D
:10D744005045524950484552414C5F54494D45203B
:10D75400676961207472692074696D652068616EFF
:10D76400646C650A0D0000000A0A00002D2D2D2DA1
:10D774002D2D2D2D2D2D2D2D2D2D2D2D2D2D2D2DD5
:10D784002D2D2D2D2D2D2D2D2D2D2D0A0D0000008F
:10D7940020436F6D70616E793A204752454D53595D
:10D7A400200A0D0020417574686F723A2047726533
:10D7B4006D7379204669726D776172652054656175
:10D7C4006D200A0D000000002056657273696F6EAB
:10D7D4003A2000000A0D000020446174653A2000DC
:10D7E4005365702031302032303236004C4F4F5068
:10D7F400000000004772656D73792F457468657287
:10D804006E65745F434F4D2F4C6962726172696536
:10D81400732F6772656D73795F6D61696E2E6370C6
:10D82400700000005461736B206C6F6F70206B6824
:10D834006F6E6720636169206461742064756F632F
:10D84400210A0D00486561702073697A653A2000E9
:10D854004772656D73792F45746865726E65745F80
:10D86400434F4D2F536C6565704D6F64652F557331
:10D8740065722F4D61766C696E6B48616E646C6580
:10D88400722F4D61766C696E6B48616E646C657263
:10D894002E63707000000000547279696E67207402
:10D8A4006F20636C6F736520616E20616C726561BB
:10D8B400647920636C6F736564206D61766C696E46
:10D8C4006B207461736B00004D61696E2074617329
:10D8D4006B20436C6F7365204641494C0000000087
:10D8E4002866616C73652900636861722A20657417
:10D8F4006C3A3A69706F6F6C3A3A616C6C6F636141
:10D9040074655F6974656D28290000004772656D50
:10D9140073792F45746865726E65745F434F4D2F3C
:10D92400536C6565704D6F64652F2E2E2F53756291
:10D934006D6F64756C652F65746C2F696E636C759F
:10D9440064652F65746C2F69706F6F6C2E680000AE
:10D95400542A2065746C3A3A69706F6F6C3A3A6174
:10D964006C6C6F636174652829205B776974682027
:10D9740054203D2065746C3A3A69756E6F72646523
:10D984007265645F6D61703C756E7369676E656422
:10D9940020636861722C207374646578743A3A6900
:10D9A4006E706C6163655F66756E6374696F6E3CFF
:10D9B400766F6964286D61766C696E6B5F6368610C
:10D9C4006E6E656C5F742C20636F6E7374205F5F82
:10D9D4006D61766C696E6B5F6D65737361676526E7
:10D9E400293E203E3A3A6E6F64655F745D00000024
:10D9F40053656E64696E6720636F6D6D616E64203C
:10DA040061636B3A20636F6D6D616E643D0000006D
:10DA14002C20726573756C743D0000002C207461B9
:10DA2400726765745F7379733D0000002C20746124
:10DA3400726765745F636F6D703D00002C206368CE
:10DA4400616E6E656C3D00004772656D7379000010
:10DA5400536C6565704D6F646500000025642E2568
:10DA6400642E256400000000526563656976656470
:10DA7400206F666620636F6D6D616E640000000048
:10DA84005265636569766564206F6E20636F6D6DA2
:10DA9400616E6400526563656976656420726562CF
:10DAA4006F6F7420636F6D6D616E6400506172619D
:10DAB4006D2069643A200000207265717565737485
:10DAC400204641494C0000005561727454780000AE
:10DAD400544553545F57574447000000544553542A
:10DAE4005F5757444720747269676765726564219C
:10DAF4002044657265666572656E63696E67206E43
:10DB0400756C6C70747220746F20747269676765C9
:10DB14007220486172644661756C742E2E2E00006A
:10DB240052455345545F554152540000506172614F
:10DB34006D2049443A2000002056616C75653A20F6
:10DB44000000000066616C736500000065746C3A47
:10DB54003A696E747275736976655F666F72776120
:10DB640072645F6C6973743C5456616C75652C20E7
:10DB7400544C696E6B3E3A3A6974657261746F72A3
:10DB84002065746C3A3A696E747275736976655F70
:10DB9400666F72776172645F6C6973743C5456612A
:10DBA4006C75652C20544C696E6B3E3A3A696E7301
:10DBB4006572745F616674657228697465726174F4
:10DBC4006F722C2076616C75655F74797065262997
:10DBD400205B77697468205456616C7565203D201C
:10DBE40065746C3A3A69756E6F7264657265645FE8
:10DBF4006D61703C756E7369676E656420636861FE
:10DC0400722C207374646578743A3A696E706C612E
:10DC140063655F66756E6374696F6E3C766F696485
:10DC2400286D61766C696E6B5F6368616E6E656C9E
:10DC34005F742C20636F6E7374205F5F6D61766C0C
:10DC4400696E6B5F6D65737361676526293E203E5F
:10DC54003A3A6E6F64655F743B20544C696E6B2076
:10DC64003D2065746C3A3A666F72776172645F6CDA
:10DC7400696E6B3C303E3B2076616C75655F7479F0
:10DC84007065203D2065746C3A3A69756E6F7264F4
:10DC9400657265645F6D61703C756E7369676E650E
:10DCA4006420636861722C207374646578743A3AF2
:10DCB400696E706C6163655F66756E6374696F6EBF
:10DCC4003C766F6964286D61766C696E6B5F63681E
:10DCD400616E6E656C5F742C20636F6E7374205F6D
:10DCE4005F6D61766C696E6B5F6D6573736167659B
:10DCF40026293E203E3A3A6E6F64655F745D0000EB
:10DD04004772656D73792F45746865726E65745FCB
:10DD1400434F4D2F536C6565704D6F64652F2E2EE8
:10DD24002F5375626D6F64756C652F65746C2F6904
:10DD34006E636C7564652F65746C2F696E7472758F
:10DD4400736976655F666F72776172645F6C69731D
:10DD5400742E6800282166756C6C2829290000003F
:10DD64007374643A3A706169723C65746C3A3A69E6
:10DD7400756E6F7264657265645F6D61703C544B5F
:10DD840065792C20542C2054486173682C20544B02
:10DD94006579457175616C3E3A3A6974657261746E
:10DDA4006F722C20626F6F6C3E2065746C3A3A6916
:10DDB400756E6F7264657265645F6D61703C544B1F
:10DDC40065792C20542C2054486173682C20544BC2
:10DDD4006579457175616C3E3A3A696E7365727422
:10DDE400287276616C75655F7265666572656E63CF
:10DDF4006529205B7769746820544B6579203D2040
:10DE0400756E7369676E656420636861723B205444
:10DE1400203D207374646578743A3A696E706C615D
:10DE240063655F66756E6374696F6E3C766F696473
:10DE3400286D61766C696E6B5F6368616E6E656C8C
:10DE44005F742C20636F6E7374205F5F6D61766CFA
:10DE5400696E6B5F6D65737361676526293E3B2050
:10DE64005448617368203D2065746C3A3A68617364
:10DE7400683C756E7369676E656420636861723EA1
:10DE84003B20544B6579457175616C203D20657468
:10DE94006C3A3A657175616C5F746F3C756E736949
:10DEA400676E656420636861723E3B207276616CC4
:10DEB40075655F7265666572656E6365203D207386
:10DEC40074643A3A706169723C636F6E737420755E
:10DED4006E7369676E656420636861722C20737465
:10DEE400646578743A3A696E706C6163655F6675EF
:10DEF4006E6374696F6E3C766F6964286D61766CCD
:10DF0400696E6B5F6368616E6E656C5F742C206311
:10DF14006F6E7374205F5F6D61766C696E6B5F6D9D
:10DF240065737361676526293E203E26265D0000E1
:10DF34004772656D73792F45746865726E65745F99
:10DF4400434F4D2F536C6565704D6F64652F2E2EB6
:10DF54002F5375626D6F64756C652F65746C2F69D2
:10DF64006E636C7564652F65746C2F756E6F726467
:10DF7400657265645F6D61702E6800004772656D3F
:10DF840073792F45746865726E65745F434F4D2FC6
:10DF9400536C6565704D6F64652F2E2E2F4C69622E
:10DFA4007261726965732F4472697665722F4D616F
:10DFB400766C696E6B2F496E632F64726976657235
:10DFC4005F6D61766C696E6B5F636F6D706F6E65AC
:10DFD4006E742E687070000054727920746F206122
:10DFE4006464206E6577206D61766C696E6B206D5C
:10DFF40073672063616C6C6261636B20666F72206F
:10E00400636F6D706F6E656E74207B007D20746F1E
:10E0140020616C7265616479206578697374656EDA
:10E0240074206D73676964207B2000007D0000000C
:10E034004D61766C696E6B206D73672063616C6CE7
:10E044006261636B207461626C65206F6620636F2C
:10E054006D706F6E656E74207B0000007D206973A7
:10E064002066756C6C2E2043757272656E74206325
:10E0740061706163697479207B00000054727920B7
:10E08400746F20616464206E6577206D61766C69BD
:10E094006E6B20706572696F6469632073656E646A
:10E0A400206D736720666F7220636F6D706F6E658D
:10E0B4006E74207B000000007D20746F20616C7200
:10E0C40065616479206578697374656E74206D7315
:10E0D400676964207B0000004D61766C696E6B207B
:10E0E400706572696F6469632073656E64206D7313
:10E0F40067207461626C65206F6620636F6D706F5A
:10E104006E656E74207B0000547279696E672074AA
:10E114006F206F70656E20616E20616C7265616442
:10E1240079206F70656E206D61766C696E6B2074FA
:10E1340061736B004D61696E207461736B204F7065
:10E14400656E204641494C004D61766C696E6B20CA
:10E154006D61696E207461736B204F70656E000091
:10E1640044524F4E455F4950000000004445564913
:10E1740043455F49500000004F574E5F495000002F
:10E1840044524F4E455F504F525400004445564947
:10E1940043455F504F5254005544505F4D4F4445E2
:10E1A4005F4452005544505F4D4F44455F44560010
:10E1B40047494D42414C00003132565F534F4D00A8
:10E1C4003132565F535953003356335F535953001A
:10E1D40035565F43414D00003156345F43414D0095
:10E1E4003156385F535953004772656D73792F4523
:10E1F400746865726E65745F434F4D2F536C65652B
:10E20400704D6F64652F557365722F536C6565701F
:10E214004D6F64655F436F6D2F536C6565704D6F13
:10E2240064655F436F6D2E68707000007377697466
:10E234006368207561727420746F20736F6D0000C1
:10E244005057203A200000006D4100004772656D70
:10E2540073792F45746865726E65745F434F4D2FF3
:10E26400536C6565704D6F64652F557365722F53DC
:10E274006C6565704D6F64655F436F6D2F536C659E
:10E2840065704D6F64655F436F6D2E637070000041
:10E29400534F4D20736C65657020616C72656164C9
:10E2A4007920696E2070726F677265737300000065
:10E2B40043616E6E6F7420736C65657020534F4DAF
:10E2C40020696E207374617465200000534F4D20E3
:10E2D40077616B65757020616C7265616479206922
:10E2E4006E2070726F677265737300005057204F11
:10E2F4004E20534F4D000000506F7765724F6E20D3
:10E30400726573756C743A2000000000534F4D2001
:10E3140077616B65757020636F6E6669726D656495
:10E3240000000000534F4D2077616B6575702074B9
:10E33400696D656F75740000536F6D20737461743B
:10E344006520736C65657000534F4D20736C656573
:10E354007020636F6E6669726D65642C20706F77D0
:10E364006572696E67206F666620617578696C698D
:10E37400617279207261696C73000000506F776577
:10E38400724F666620726573756C743A20000000E3
:10E39400506F7765724F6666206661696C656400CC
:10E3A400534F4D20736C6565702074696D656F758E
:10E3B40074000000547279696E6720746F206F7066
:10E3C400656E20616E20616C7265616479206F7086
:10E3D400656E20736C656570206D6F646520746173
:10E3E400736B0000536C656570206D6F6465206D00
:10E3F40061696E207461736B204F70656E0000005C
:10E4040020286368616E67656429000020286E6FA8
:10E41400206368616E676529000000004772656DBE
:10E4240073792F45746865726E65745F434F4D2F21
:10E43400536C6565704D6F64652F557365722F530A
:10E44400746F72616765506172616D2F53746F727E
:10E45400616765506172616D2E6370700000000029
:10E46400536574506172616D3A200000203D2000B4
:10E4740025752E25752E25752E257500257500000C
:10E484006D61766C696E6B20636F6D207461736B64
:10E49400000000004772656D73792F4574686572DA
:10E4A4006E65745F434F4D2F536C6565704D6F649B
:10E4B400652F557365722F70726F6772616D2E636D
:10E4C40070700000434F4D20706F7274206D616E48
:10E4D40061676572204F70656E204661696C00004B
:10E4E400536C656570204D6F646520436F6D204FDC
:10E4F40070656E204661696C000000004D61766CA9
:10E50400696E6B2048616E646C6572204F70656E35
:10E51400204661696C0000004170706C696361742D
:10E52400696F6E206572726F7200000050CC020831
:10E5340000000000000000000000000000000000D7
:10E5440000020000180000000000000000000000AD
:10E5540000000000000000000000000000000000B7
:10E5640000000000A9B70108BDB7010899BF010860
:10E574000000000032090900000000000100000052
:10E584007C1F2B000000000002000000890C0C001E
:10E594000000000004000000ED0E0E030C0D00004E
:10E5A40005000000D91C1C0100000000060000004A
:10E5B400680303000000000007000000772020002B
:10E5C4000000000008000000752424000000000082
:10E5D4000B000000590606010400000014000000AE
:10E5E400D614140302030000150000009F02020366
:10E5F4000001000016000000DC19190000000000F2
:10E6040017000000A81717030405000018000000F5
:10E61400181E340000000000190000001765650092
:10E62400000000001A000000AA16180000000000F4
:10E634001B000000901A1D00000000001C000000D8
:10E6440043101000000000001D000000730E1000B5
:10E65400000000001E000000271C1C000000000039
:10E664001F000000F6203000000000002000000021
:10E67400B91C1C000000000021000000681C1C00E4
:10E684000000000022000000ED161600000000004B
:10E6940023000000F416160000000000240000000F
:10E6A400DE1525000000000025000000D406070345
:10E6B4000405000026000000090607030405000005
:10E6C40027000000FE25260320210000280000006A
:10E6D400E604050302030000290000001C040403EF
:10E6E400020300002A0000001C02120000000000C7
:10E6F4002B00000084020303000100002C00000032
:10E70400DD040903020300002D000000E8020303F6
:10E71400000100002E0000000B02020000000000B7
:10E724002F000000990308030001000030000000DE
:10E73400290D15010C00000031000000270C140005
:10E7440000000000320000004E25250312130000D3
:10E7540033000000C4040503020300003600000077
:10E764000F1B1B03181900003700000003191900C0
:10E77400000000003D000000A74848000000000021
:10E784003E000000B71A1A00000000003F0000001D
:10E7940077B5B5000000000040000000BFE1E100D3
:10E7A4000000000041000000762A2A00000000005A
:10E7B4004200000094060603020300004300000028
:10E7C400150404000000000045000000F30B1E01C6
:10E7D4000A000000460000007C122603101100000D
:10E7E4004900000026252603202100004A000000DD
:10E7F40014141400000000004B0000009E232303A7
:10E804001E1F00004C000000982121031E1F000061
:10E814004D0000008F030A030809000050000000A7
:10E824000E04040302030000510000006A161600DF
:10E8340000000000520000003127330324250000AB
:10E8440053000000162525000000000054000000BD
:10E854008F35350332330000550000008C3333000C
:10E864000000000056000000053535033233000077
:10E8740057000000963333000000000059000000E8
:10E88400E71C1C00000000005A000000B7383800E4
:10E89400000000005B0000003F2A2A000000000086
:10E8A4005C00000036212100000000005D00000033
:10E8B4002F5151000000000064000000AF1A220034
:10E8C40000000000650000006620750000000000E4
:10E8D400660000009E207500000000006700000034
:10E8E400D0143900000000006800000038207400D3
:10E8F40000000000690000005D3E3F0000000000D1
:10E904006A0000008A2C2C00000000006B0000004C
:10E914006C404100000000006C00000020545C00CA
:10E92400000000006D000000B909090000000000AB
:10E934006E00000054FEFE03010200006F000000A0
:10E94400221012031011000070000000AE0C0C0025
:10E9540000000000710000007C242700000000007B
:10E9640072000000ED2C2C00000000007300000079
:10E974000440400000000000740000004C16180021
:10E984000000000075000000800606030405000076
:10E9940076000000380E0E00000000007700000032
:10E9A400740C0C030A0B00007800000086616100FF
:10E9B4000000000079000000ED02020300010000E5
:10E9C4007A000000CB020203000100007B0000007B
:10E9D400FA717103000100007C0000005723390024
:10E9E400000000007D000000CB06060000000000CF
:10E9F4007E000000DC4F51034F5000007F000000F8
:10EA0400192323000000000080000000E2232300FB
:10EA140000000000810000002E1618000000000015
:10EA2400820000001D0D0D000000000083000000A6
:10EA3400DFFFFF000000000084000000550E2700E7
:10EA44000000000085000000061212000000000013
:10EA540086000000E52B2B0000000000870000006A
:10EA6400CB08080000000000880000000116160012
:10EA74000000000089000000C30E10000000000028
:10EA84008A0000006D247800000000008B00000064
:10EA9400A82B2B03292A00008C000000B52929008B
:10EAA400000000008D0000002F2020000000000066
:10EAB4008E00000048F3F300000000008F00000007
:10EAC400830E100000000000900000007F5D5D00D8
:10EAD4000000000092000000676464000000000071
:10EAE400930000009A243600000000009400000007
:10EAF400B23C4E000000000095000000C81E3C001F
:10EB04000000000096000000862A2A000000000091
:10EB140097000000DB0808030607000098000000C7
:10EB2400D00408000000000099000000BC0C0C0098
:10EB3400000000009A000000540F0F0306070000B5
:10EB44009B000000160D0D03040500009C0000004E
:10EB540013060603000100009D000000150F0F03BB
:10EB64000C0D00009E000000860E0F030C0D00002B
:10EB7400A00000004E0C0C0308090000A1000000D6
:10EB84004403030300010000A2000000BD080900C3
:10EB940000000000A30000007F1C1C000000000017
:10EBA400A40000009A2C2C0000000000A500000026
:10EBB4001503030000000000A60000001509090069
:10EBC40000000000A70000009016160000000000DE
:10EBD400A8000000010C0C0000000000A9000000C7
:10EBE400EA12120000000000AA00000049222200DC
:10EBF40000000000AB000000B5424200000000002D
:10EC0400AC0000001662620000000000AD000000CD
:10EC14005308080000000000AE000000A7303000D8
:10EC240000000000AF0000008A1313030E0F000061
:10EC3400B0000000EA03030300010000B10000007B
:10EC4400F014140000000000B20000002F18180097
:10EC540000000000B3000000BD1D1D011A000000EB
:10EC6400B4000000342D2F012A000000B50000007C
:10EC7400AE04040000000000B6000000E5282800EF
:10EC840000000000B700000055020203000100006C
:10EC9400B80000009FCECE0304050000B9000000B8
:10ECA400BA07070304050000BA000000481D1D034D
:10ECB40000010000BF0000005C1B1B0000000000FE
:10ECC400C0000000242C360000000000C100000039
:10ECD40047161A0000000000C2000000621921005B
:10ECE40000000000C300000078252500000000009B
:10ECF400C8000000862A2A0328290000C900000051
:10ED0400CD0E0E030C0D0000D600000045080803CC
:10ED140006070000D70000006503030000000000A0
:10ED2400D80000003203030300010000D9000000F2
:10ED3400CA06060000000000DA00000011070703FD
:10ED440000010000DB000000A2020200000000003D
:10ED5400E1000000D041490000000000E200000092
:10ED6400CF08080000000000E6000000A32A2A00E3
:10ED740000000000E70000006928280000000000EF
:10ED8400E8000000973F410000000000E900000097
:10ED940023B6B60000000000EA0000009628280010
:10EDA40000000000EB000000B32A2A00000000006D
:10EDB400F10000005A20200000000000F2000000D2
:10EDC40068343C0000000000F300000055353D01AC
:10EDD40034000000F40000005F060600000000009C
:10EDE400F50000008202020000000000F6000000AE
:10EDF400B826260000000000F7000000511313009D
:10EE040000000000F800000008FEFE0303040000F8
:10EE1400F9000000CC24240000000000FA000000E7
:10EE2400311E1E0000000000FB000000AA121200A8
:10EE340000000000FC0000002C1212000000000082
:10EE4400FD0000005333360000000000FE00000007
:10EE54002E0909000000000000010000472A2A03CF
:10EE640008090000010100008309090000000000F6
:10EE740002010000BB20E8030001000003010000C0
:10EE84005CEBED00000000000401000092050E00A0
:10EE94000000000005010000B31B3D00000000005D
:10EEA400060100000C12170000000000070100001A
:10EEB40085FFFF000000000008010000311C200055
:10EEC40000000000090100001A10140000000000F6
:10EED4000A010000C1FFFF03020300000B01000050
:10EEE40023FFFF03020300000C0100000E040403CF
:10EEF400020300000D0100006DD5D70000000000E2
:10EF04000E0100003B131400000000000F0100007C
:10EF14001634350000000000130100007E1F20009D
:10EF24000000000014010000123132000000000053
:10EF3400150100003E1E1E00000000001801000024
:10EF4400462121000000000019010000300D0D00D1
:10EF5400000000001A0100007B232303202100008D
:10EF64001B0100004A909500000000001C010000F5
:10EF7400632020031E1F00001D01000089283103A7
:10EF8400262700001E010000D23539033233000069
:10EF94001F010000011717031415000020010000D1
:10EFA400141717031415000022010000FB2E2E0075
:10EFB40000000000230100000A39390000000000AD
:10EFC40027010000EA0C0C000000000028010000EA
:10EFD4009E292903242500002B01000013606200F0
:10EFE400000000002C010000D916160000000000EB
:10EFF4002D010000F33A3A00000000003601000041
:10F004001C11110000000000370100005F7474003F
:10F014000000000040010000F31414030203000088
:10F0240041010000580202030001000042010000F7
:10F03400F395950000000000430100004E939303F4
:10F0440000010000440100008492920000000000CE
:10F054004A010000179EA700000000004B010000B9
:10F064005BE6E900000000004C010000ECEFEF005B
:10F07400000000004D010000E76D6D00000000007D
:10F084004E010000480A3500000000004F01000056
:10F09400E11818000000000050010000F55454006D
:10F0A4000000000053010000C70505000000000037
:10F0B40054010000634646000000000059010000AE
:10F0C400D1151503020300005E010000E814FC00E2
:10F0D40000000000680100000B1919000000000086
:10F0E400690100005D2121000000000072010000A0
:10F0F4004B576D0000000000730100000A1A1A004B
:10F1040000000000740100001A8C8C000000000054
:10F1140075010000752A2A00000000007701000034
:10F12400FB8C8C000000000078010000C708080078
:10F13400000000007C010000E8141400000000003E
:10F144008101000093858503020300008201000011
:10F1540084101003040500008301000004484803E0
:10F164000405000084010000082525032021000077
:10F17400860100009CEEF000000000008B010000FE
:10F1840000D4D400000000008C01000032A0A000D4
:10F19400000000008D010000B66C6C00000000004F
:10F1A400900100006EFEFE030405000091010000C2
:10F1B400B7060603040500009A010000A0353500D7
:10F1C400000000009B0100006A030300000000002F
:10F1D4009C01000021060603040500009D010000B7
:10F1E4004D07070304050000B3010000862E2E001E
:10F1F40000000000B4010000C10909000000000083
:10F20400B50100001E01010000000000B80100006B
:10F214004223230000000000282300007189890094
:10F22400000000002D2300007522220000000000D1
:10F2340011270000D1141400000000001227000060
:10F24400BA2929000000000013270000040101006E
:10F2540000000000142700008509090000000000D8
:10F2640015270000670909000000000016270000A8
:10F27400C10404000000000017270000471111001A
:10F284000000000018270000F00E0E00000000002F
:10F29400A7270000C355550000000000F82A00000D
:10F2A4008633340304050000F92A00000F87880020
:10F2B40000000000FA2A0000EAB3B40304050000C9
:10F2C400FB2A00004005050000000000FC2A0000A5
:10F2D4000BE8E80308090000FD2A00005DE6E600EB
:10F2E40000000000022B00002E313100000000005D
:10F2F400032B00006A2C2C00000000000C2B0000E3
:10F30400CD10100000000000162B0000902C2C00E3
:10F3140000000000172B0000852C2C0000000000CA
:10F32400182B0000552C2C0000000000192B0000A5
:10F33400C3252503101100001A2B00004F050500FA
:10F34400000000001B2B00008008080304050000D7
:10F354001C2B0000B1222200000000001D2B000025
:10F36400821C1C00000000001E2B00002F2626001B
:10F37400000000001F2B00008E090900000000009F
:10F38400202B0000842C2C0000000000212B000006
:10F39400D02C2C0000000000222B0000C92C2C00D3
:10F3A40000000000232B0000C12C2C0000000000F2
:10F3B400242B0000BD2C2C0000000000342B000086
:10F3C400A24E4E000000000064320000722C2C0398
:10F3D4000001000065320000FE3B3B031E1F0000DD
:10F3E400663200008C3535030405000067320000E6
:10F3F400F92E2E0300010000683200004D3636035A
:10F404001C1D000069320000312B2B030001000099
:10F41400733200005EF9F903000100007632000047
:10F424008B33330000000000773200000712120310
:10F4340010110000783200001405050000000000DF
:10F4440010A40000E30101000000000011A400006A
:10F45400EF2E2E000000000051C30000F620200013
:10F464000000000052C30000B5F6F60000000000E2
:10F4740053C300003E1313000000000054C30000F7
:10F48400F00A0A030809000055C3000098060603A1
:10F494000405000020CB00000D646400000000009F
:10F4A40021CB0000EF01010000000000982F8A42E8
:10F4B40091443771CFFBC0B5A5DBB5E95BC25639C2
:10F4C400F111F159A4823F92D55E1CAB98AA07D8DA
:10F4D400015B8312BE853124C37D0C55745DBE72FD
:10F4E400FEB1DE80A706DC9B74F19BC1C1699BE47D
:10F4F4008647BEEFC69DC10FCCA10C246F2CE92D0D
:10F50400AA84744ADCA9B05CDA88F97652513E9830
:10F514006DC631A8C82703B0C77F59BFF30BE0C637
:10F524004791A7D55163CA0667292914850AB727C5
:10F5340038211B2EFC6D2C4D130D385354730A6562
:10F54400BB0A6A762EC9C281852C7292A1E8BFA239
:10F554004B661AA8708B4BC2A3516CC719E892D1A1
:10F56400240699D685350EF470A06A1016C1A41924
:10F57400086C371E4C774827B5BCB034B30C1C3923
:10F584004AAAD84E4FCA9C5BF36F2E68EE828F74E2
:10F594006F63A5781478C8840802C78CFAFFBE90FC
:10F5A400EB6C50A4F7A3F9BEF27871C6000000001A
:10F5B4000000000000000000000000000000000047
:10F5C400FDBF0108B1C001080000000000000000F8
:10F5D40001C2010881C4010811C2010815C2010851
:10F5E40019C20108000000000000000061C5010804
:10F5F40095C5010811C2010815C2010819C2010804
:10F604001DC2010821C2010823C201080000000034
:10F614000000000081C201089DC4010811C2010854
:10F6240015C2010819C20108000000000000000012
:10F63400A9C50108C9C5010835C3010821C50108C8
:10F6440019C201081DC2010821C2010823C2010810
:10F6540000000000000000009DC20108C5C40108AC
:10F66400E1C20108F5C4010819C20108CDD001089E
:10F67400CFC20108D1C20108D3C201089BD001083E
:10F68400C1C20108C7C20108CDC2010800000000C0
:10F694003209090000000000010000007C1F2B005B
:10F6A4000000000002000000890C0C0000000000B3
:10F6B40004000000ED0E0E030C0D00000500000018
:10F6C400D91C1C01000000000600000068030300B0
:10F6D4000000000007000000772020000000000068
:10F6E4000800000075242400000000000B00000046
:10F6F400590606010400000014000000D614140387
:10F7040002030000150000009F0202030001000034
:10F7140016000000DC1919000000000017000000AA
:10F72400A81717030405000018000000181E340071
:10F7340000000000190000001765650000000000CB
:10F744001A000000AA161800000000001B000000A8
:10F75400901A1D00000000001C000000431010005F
:10F76400000000001D000000730E100000000000E7
:10F774001E000000271C1C00000000001F000000E9
:10F78400F62030000000000020000000B91C1C001E
:10F794000000000021000000681C1C0000000000A4
:10F7A40022000000ED1616000000000023000000F7
:10F7B400F41616000000000024000000DE152500E9
:10F7C4000000000025000000D40607030405000023
:10F7D40026000000090607030405000027000000B6
:10F7E400FE2526032021000028000000E60405036E
:10F7F40002030000290000001C04040302030000AB
:10F804002A0000001C021200000000002B0000006F
:10F8140084020303000100002C000000DD0409033E
:10F82400020300002D000000E802030300010000B1
:10F834002E0000000B020200000000002F00000058
:10F84400990308030001000030000000290D150190
:10F854000C00000031000000270C14000000000020
:10F86400320000004E25250312130000330000006F
:10F87400C404050302030000360000000F1B1B0331
:10F8840018190000370000000319190000000000D7
:10F894003D000000A7484800000000003E000000B2
:10F8A400B71A1A00000000003F00000077B5B50049
:10F8B4000000000040000000BFE1E1000000000083
:10F8C40041000000762A2A000000000042000000E7
:10F8D400940606030203000043000000150404001C
:10F8E4000000000045000000F30B1E010A000000A8
:10F8F400460000007C12260310110000490000009D
:10F9040026252603202100004A00000014141400B8
:10F91400000000004B0000009E2323031E1F000074
:10F924004C000000982121031E1F00004D00000020
:10F934008F030A0308090000500000000E040403AA
:10F9440002030000510000006A16160000000000C7
:10F954005200000031273303242500005300000027
:10F964001625250000000000540000008F353503E3
:10F9740032330000550000008C33330000000000D7
:10F9840056000000053535033233000057000000EF
:10F99400963333000000000059000000E71C1C00EF
:10F9A400000000005A000000B738380000000000D2
:10F9B4005B0000003F2A2A00000000005C000000F9
:10F9C40036212100000000005D0000002F5151008D
:10F9D4000000000064000000AF1A220000000000D4
:10F9E400650000006620750000000000660000004D
:10F9F4009E2075000000000067000000D01439004C
:10FA040000000000680000003820740000000000BE
:10FA1400690000005D3E3F00000000006A00000035
:10FA24008A2C2C00000000006B0000006C40410098
:10FA3400000000006C00000020545C000000000086
:10FA44006D000000B9090900000000006E0000000C
:10FA540054FEFE03010200006F0000002210120396
:10FA64001011000070000000AE0C0C00000000003B
:10FA7400710000007C2427000000000072000000D8
:10FA8400ED2C2C0000000000730000000440400036
:10FA940000000000740000004C1618000000000074
:10FAA40075000000800606030405000076000000CF
:10FAB400380E0E000000000077000000740C0C03E8
:10FAC4000A0B00007800000086616100000000005D
:10FAD40079000000ED020203000100007A0000003A
:10FAE400CB020203000100007B000000FA717103E5
:10FAF400000100007C0000005723390000000000D2
:10FB04007D000000CB060600000000007E0000001F
:10FB1400DC4F51034F5000007F00000019232300E5
:10FB24000000000080000000E22323000000000029
:10FB3400810000002E161800000000008200000062
:10FB44001D0D0D000000000083000000DFFFFF001A
:10FB54000000000084000000550E27000000000093
:10FB6400850000000612120000000000860000005C
:10FB7400E52B2B000000000087000000CB080800E4
:10FB840000000000880000000116160000000000BC
:10FB940089000000C30E1000000000008A0000006D
:10FBA4006D247800000000008B000000A82B2B03BC
:10FBB400292A00008C000000B5292900000000005B
:10FBC4008D0000002F202000000000008E000000A7
:10FBD40048F3F300000000008F000000830E1000C3
:10FBE40000000000900000007F5D5D000000000048
:10FBF40092000000676464000000000093000000AD
:10FC04009A2436000000000094000000B23C4E002C
:10FC14000000000095000000C81E3C000000000029
:10FC240096000000862A2A000000000097000000C9
:10FC3400DB0808030607000098000000D004080051
:10FC44000000000099000000BC0C0C000000000043
:10FC54009A000000540F0F03060700009B000000E9
:10FC6400160D0D03040500009C0000001306060396
:10FC7400000100009D000000150F0F030C0D000093
:10FC84009E000000860E0F030C0D0000A000000073
:10FC94004E0C0C0308090000A100000044030303F8
:10FCA40000010000A2000000BD08090000000000DF
:10FCB400A30000007F1C1C0000000000A400000042
:10FCC4009A2C2C0000000000A5000000150303007E
:10FCD40000000000A6000000150909000000000053
:10FCE400A70000009016160000000000A800000005
:10FCF400010C0C0000000000A9000000EA12120030
:10FD040000000000AA0000004922220000000000B8
:10FD1400AB000000B542420000000000AC0000004F
:10FD24001662620000000000AD00000053080800E5
:10FD340000000000AE000000A7303000000000000A
:10FD4400AF0000008A1313030E0F0000B000000080
:10FD5400EA03030300010000B1000000F0141400E2
:10FD640000000000B20000002F181800000000007E
:10FD7400B3000000BD1D1D011A000000B400000006
:10FD8400342D2F012A000000B5000000AE04040049
:10FD940000000000B6000000E52828000000000074
:10FDA400B70000005502020300010000B800000083
:10FDB4009FCECE0304050000B9000000BA07070374
:10FDC40004050000BA000000481D1D0300010000E6
:10FDD400BF0000005C1B1B0000000000C00000000E
:10FDE400242C360000000000C100000047161A0051
:10FDF40000000000C20000006219210000000000A1
:10FE0400C30000007825250000000000C8000000A1
:10FE1400862A2A0328290000C9000000CD0E0E03FB
:10FE24000C0D0000D600000045080803060700007A
:10FE3400D70000006503030000000000D8000000A4
:10FE44003203030300010000D9000000CA060600C3
:10FE540000000000DA0000001107070300010000A1
:10FE6400DB000000A202020000000000E10000002C
:10FE7400D041490000000000E2000000CF08080063
:10FE840000000000E6000000A32A2A000000000091
:10FE9400E70000006928280000000000E8000000D6
:10FEA400973F410000000000E900000023B6B600BF
:10FEB40000000000EA00000096282800000000006E
:10FEC400EB000000B32A2A0000000000F10000004B
:10FED4005A20200000000000F200000068343C00BA
:10FEE40000000000F300000055353D01340000001F
:10FEF400F40000005F06060000000000F5000000AA
:10FF04008202020000000000F6000000B82626006D
:10FF140000000000F700000051131300000000006F
:10FF2400F800000008FEFE0303040000F9000000CE
:10FF3400CC24240000000000FA000000311E1E0042
:10FF440000000000FB000000AA12120000000000E4
:10FF5400FC0000002C12120000000000FD00000054
:10FF64005333360000000000FE0000002E09090093
:10FF74000000000000010000472A2A0308090000CD
:10FF840001010000830909000000000002010000D3
:10FF9400BB20E80300010000030100005CEBED005E
:10FFA400000000000401000092050E0000000000A3
:10FFB40005010000B31B3D00000000000601000025
:10FFC4000C121700000000000701000085FFFF006D
:10FFD4000000000008010000311C200000000000A7
:10FFE400090100001A101400000000000A010000BA
:0CFFF400C1FFFF03020300000B0100002E
:020000040803EF
:1000000023FFFF03020300000C0100000E040403A1
:10001000020300000D0100006DD5D70000000000B4
:100020000E0100003B131400000000000F0100004F
:100030001634350000000000130100007E1F200070
:100040000000000014010000123132000000000026
:10005000150100003E1E1E000000000018010000F7
:10006000462121000000000019010000300D0D00A4
:10007000000000001A0100007B2323032021000060
:100080001B0100004A909500000000001C010000C8
:10009000632020031E1F00001D010000892831037A
:1000A000262700001E010000D2353903323300003C
:1000B0001F010000011717031415000020010000A4
:1000C000141717031415000022010000FB2E2E0048
:1000D00000000000230100000A3939000000000080
:1000E00027010000EA0C0C000000000028010000BD
:1000F0009E292903242500002B01000013606200C3
:10010000000000002C010000D916160000000000BD
:100110002D010000F33A3A00000000003601000013
:100120001C11110000000000370100005F74740012
:100130000000000040010000F3141403020300005B
:1001400041010000580202030001000042010000CA
:10015000F395950000000000430100004E939303C7
:1001600000010000440100008492920000000000A1
:100170004A010000179EA700000000004B0100008C
:100180005BE6E900000000004C010000ECEFEF002E
:10019000000000004D010000E76D6D000000000050
:1001A0004E010000480A3500000000004F01000029
:1001B000E11818000000000050010000F554540040
:1001C0000000000053010000C7050500000000000A
:1001D0005401000063464600000000005901000081
:1001E000D1151503020300005E010000E814FC00B5
:1001F00000000000680100000B1919000000000059
:10020000690100005D212100000000007201000072
:100210004B576D0000000000730100000A1A1A001D
:1002200000000000740100001A8C8C000000000027
:1002300075010000752A2A00000000007701000007
:10024000FB8C8C000000000078010000C70808004B
:10025000000000007C010000E81414000000000011
:1002600081010000938585030203000082010000E4
:1002700084101003040500008301000004484803B3
:10028000040500008401000008252503202100004A
:10029000860100009CEEF000000000008B010000D1
:1002A00000D4D400000000008C01000032A0A000A7
:1002B000000000008D010000B66C6C000000000022
:1002C000900100006EFEFE03040500009101000095
:1002D000B7060603040500009A010000A0353500AA
:1002E000000000009B0100006A0303000000000002
:1002F0009C01000021060603040500009D0100008A
:100300004D07070304050000B3010000862E2E00F0
:1003100000000000B4010000C10909000000000055
:10032000B50100001E01010000000000B80100003E
:100330004223230000000000282300007189890067
:10034000000000002D2300007522220000000000A4
:1003500011270000D1141400000000001227000033
:10036000BA29290000000000132700000401010041
:1003700000000000142700008509090000000000AB
:10038000152700006709090000000000162700007B
:10039000C1040400000000001727000047111100ED
:1003A0000000000018270000F00E0E000000000002
:1003B000A7270000C355550000000000F82A0000E0
:1003C0008633340304050000F92A00000F878800F3
:1003D00000000000FA2A0000EAB3B403040500009C
:1003E000FB2A00004005050000000000FC2A000078
:1003F0000BE8E80308090000FD2A00005DE6E600BE
:1004000000000000022B00002E313100000000002F
:10041000032B00006A2C2C00000000000C2B0000B5
:10042000CD10100000000000162B0000902C2C00B6
:1004300000000000172B0000852C2C00000000009D
:10044000182B0000552C2C0000000000192B000078
:10045000C3252503101100001A2B00004F050500CD
:10046000000000001B2B00008008080304050000AA
:100470001C2B0000B1222200000000001D2B0000F8
:10048000821C1C00000000001E2B00002F262600EE
:10049000000000001F2B00008E0909000000000072
:1004A000202B0000842C2C0000000000212B0000D9
:1004B000D02C2C0000000000222B0000C92C2C00A6
:1004C00000000000232B0000C12C2C0000000000C5
:1004D000242B0000BD2C2C0000000000342B000059
:1004E000A24E4E000000000064320000722C2C036B
:1004F0000001000065320000FE3B3B031E1F0000B0
:10050000663200008C3535030405000067320000B8
:10051000F92E2E0300010000683200004D3636032C
:100520001C1D000069320000312B2B03000100006C
:10053000733200005EF9F90300010000763200001A
:100540008B333300000000007732000007121203E3
:1005500010110000783200001405050000000000B2
:1005600010A40000E30101000000000011A400003D
:10057000EF2E2E000000000051C30000F6202000E6
:100580000000000052C30000B5F6F60000000000B5
:1005900053C300003E1313000000000054C30000CA
:1005A000F00A0A030809000055C300009806060374
:1005B0000405000020CB00000D6464000000000072
:1005C00021CB0000EF01010000000000000000004E
:1005D000000000000000000000000000000000001B
:1005E00059D201085DD2010861D201080000000063
:1005F0000000000081D4010855D40108A3D40108EB
:10060000A9D20108C9D3010899BF01088DD20108F8
:1006100099D201089FD20108A5D20108000000006C
:1006200000000000000000000000000000000000CA
:10063000000000000000000035D70108A1D7010824
:10064000EDD70108E5D40108A5D6010899BF010836
:10065000B9D40108BCFEFFFF00000000E5D7010887
:1006600003D80108DBD401080000000000000000EE
:1006700015DB010831DD010825DB010829DB010854
:100680002DDB0108000000000000000039DB01083C
:100690000DDD010825DB010829DB01082DDB010840
:1006A00031DB010833DB010835DB010851DB0108D0
:1006B00055DB010859DB01080000000000000000C4
:1006C000C1DB0108E1DC010825DB010829DB0108A9
:1006D0002DDB01085BDB0108B5DC010861DC0108EA
:1006E000E1DB010831DC010869DB010800000000E2
:1006F0000000000061DE0108DDDF010825DB0108E4
:1007000029DB01082DDB010839DE010800000000AB
:100710000000000079DE0108B1DF0108E5DE010814
:100720003DDE01082DDB010899DE0108E0D1020859
:1007300000000000000000000000000000000000B9
:100740004CD102080000000000000008002000005A
:100750000000000054D10208010000000020000841
:1007600000200000010000005CD10208020000002F
:1007700000400008002000000200000064D10208D0
:1007800003000000006000080020000003000000DB
:100790006CD1020804000000008000080020000066
:1007A0000400000074D102080500000000A0000849
:1007B00000200000050000007CD1020806000000B7
:1007C00000C00008002000000600000084D10208DC
:1007D0000700000000E00008002000000700000003
:1007E0008CD1020808000000000001080020000071
:1007F0000800000094D10208090000000020010850
:1008000000200000090000009CD102080A0000003E
:1008100000400108002000000A000000A4D10208E6
:100820000B00000000600108002000000B00000029
:100830000000000000000000000000100000002088
:100840000000003000000040000000500000006088
:100850000000007000000000000000000000000127
:100860000000000000000000000000020000000086
:10087000070000000F000000E0D1020800000000A7
:100880000000000000000000000000000000000068
:100890000000000000000000ACD10208B4B000204D
:1008A0000000000000000000000000000000000048
:1008B0000000000000000000B4D1020800000000A9
:1008C0000000000000000000C0D102088000001CF1
:1008D0000000024204000000C8D10208000000002D
:1008E000D4D10208B4AE0020DCD102080000000020
:1008F00000000000000000000000000000000000F8
:10090000E8D1020840AF0020000000000000000015
:1009100000000000000000000000000000000000D7
:100920000010000000000000002000000000000097
:100930000004000000060000E0D1020800000000F2
:1009400000000000000000000000000000000000A7
:10095000F0D1020888B6002000000000000000006E
:100960000000000000000000F8D10208C0B500201F
:100970000000000000000000000000000000000077
:1009800000D2020850B70020000000000000000064
:100990000000000000000000010002000400080048
:1009A0001000200040008000000100020004000848
:1009B0000010002000400080000000000000000047
:1009C00075E20108CDE3010825DB010829DB0108F8
:1009D0002DDB010821E1010825E1010829E10108D9
:1009E0002DE1010831E1010835E1010839E1010893
:1009F0003DE1010841E1010845E1010849E1010843
:100A00004DE1010851E10108000000000000000074
:100A10008DE20108A1E3010825E2010855E2010881
:100A20002DDB0108ADE2010817E20108EDE2010843
:100A300083E3010855E101086DE1010885E1010842
:100A40009BE10108B1E10108E7E10108F3E10108D8
:100A5000FFE101080BE201080000000000000000B7
:100A600089E5010819E8010825DB010829DB0108EF
:100A70002DDB01084DE5010851E5010855E50108A8
:100A800059E501085DE501080000000000000000D4
:100A9000A1E50108EDE701081DE601087DE7010871
:100AA0002DDB010859EA01080FEB0108B3EA010840
:100AB0006BEB0108C1E50108000000000000000028
:100AC00059F0010829F1010811C2010815C20108F5
:100AD00019C2010851F0010855F00108000000009A
:100AE00000000000D9F701082DF8010825DB0108F6
:100AF00029DB01082DDB010801F1010839FA0108A1
:100B000075F0010879F001087DF001088BF001080B
:100B10008FF0010893F0010897F001089BF001089D
:100B20009FF00108A1F00108A3F00108A5F0010859
:100B3000A7F00108000000000000000041F80108D3
:100B4000B5F80108E9F301081DF301082DDB0108E0
:100B500001F1010839FA0108C3F5010819F6010885
:100B600063F60108DFF6010829F70108C3F201085E
:100B700097F0010851F1010865F50108B9F5010880
:100B80005BF2010867F2010871F10108FDF9010843
:100B9000FBF00108FDF00108FFF00108E803000088
:100BA0000100000040420F000100000000000000B2
:100BB000000000005DFB01082100020825DB0108A0
:100BC00029DB01082DDB010861FC010843FC010859
:100BD000F509020825FC0108B5FB0108B9FB01086D
:100BE000BDFB0108C3FB010800000000000000007D
:100BF000B5000208C90002087FFC01087F3802081E
:100C000019C20108000000000000000029010208CC
:100C100061010208C5FC010861FF01082DDB010824
:100C200061FC010843FC0108F509020825FC0108E4
:100C3000F108020815090208C9FB0108CFFB0108E9
:100C40000000000000000000F1110208C9120208B3
:100C5000511202081112020819C201081DC201082E
:100C600021C2010823C20108C5180208D7110208D1
:100C7000DD110208E311020800000000000000007E
:100C8000E53102080D320208811F0208851F0208A3
:100C9000891F020800000000000000002132020845
:100CA00099320208811F0208851F0208891F020865
:100CB0003B2C0208232C0208052C0208E72B020813
:100CC000C92B0208AB2B02088D2B02088D1F0208CE
:100CD000911F02084B310208BF310208FF300208A1
:100CE0009B310208971F0208C5300208D11F020875
:100CF0000520020839200208632002088D2002081E
:100D00000000000000000000B1320208C5320208F5
:100D1000592C0208E12E0208891F02083B2C020808
:100D2000232C0208052C0208E72B0208C92B020815
:100D3000AB2B02088D2B020859380208911F0208BC
:100D40004B310208BF310208FF3002089B31020814
:100D5000971F0208C5300208D11F020805200208AB
:100D600039200208632002088D20020800000000DC
:100D70003209090000000000010000007C1F2B0068
:100D80000000000002000000890C0C0000000000C0
:100D900004000000ED0E0E030C0D00000500000025
:100DA000D91C1C01000000000600000068030300BD
:100DB0000000000007000000772020000000000075
:100DC0000800000075242400000000000B00000053
:100DD000590606010400000014000000D614140394
:100DE00002030000150000009F0202030001000042
:100DF00016000000DC1919000000000017000000B8
:100E0000A81717030405000018000000181E34007E
:100E100000000000190000001765650000000000D8
:100E20001A000000AA161800000000001B000000B5
:100E3000901A1D00000000001C000000431010006C
:100E4000000000001D000000730E100000000000F4
:100E50001E000000271C1C00000000001F000000F6
:100E6000F62030000000000020000000B91C1C002B
:100E70000000000021000000681C1C0000000000B1
:100E800022000000ED161600000000002300000004
:100E9000F41616000000000024000000DE152500F6
:100EA0000000000025000000D40607030405000030
:100EB00026000000090607030405000027000000C3
:100EC000FE2526032021000028000000E60405037B
:100ED00002030000290000001C04040302030000B8
:100EE0002A0000001C021200000000002B0000007D
:100EF00084020303000100002C000000DD0409034C
:100F0000020300002D000000E802030300010000BE
:100F10002E0000000B020200000000002F00000065
:100F2000990308030001000030000000290D15019D
:100F30000C00000031000000270C1400000000002D
:100F4000320000004E25250312130000330000007C
:100F5000C404050302030000360000000F1B1B033E
:100F600018190000370000000319190000000000E4
:100F70003D000000A7484800000000003E000000BF
:100F8000B71A1A00000000003F00000077B5B50056
:100F90000000000040000000BFE1E1000000000090
:100FA00041000000762A2A000000000042000000F4
:100FB0009406060302030000430000001504040029
:100FC0000000000045000000F30B1E010A000000B5
:100FD000460000007C1226031011000049000000AA
:100FE00026252603202100004A00000014141400C6
:100FF000000000004B0000009E2323031E1F000082
:101000004C000000982121031E1F00004D0000002D
:101010008F030A0308090000500000000E040403B7
:1010200002030000510000006A16160000000000D4
:101030005200000031273303242500005300000034
:101040001625250000000000540000008F353503F0
:1010500032330000550000008C33330000000000E4
:1010600056000000053535033233000057000000FC
:10107000963333000000000059000000E71C1C00FC
:10108000000000005A000000B738380000000000DF
:101090005B0000003F2A2A00000000005C00000006
:1010A00036212100000000005D0000002F5151009A
:1010B0000000000064000000AF1A220000000000E1
:1010C000650000006620750000000000660000005A
:1010D0009E2075000000000067000000D014390059
:1010E00000000000680000003820740000000000CC
:1010F000690000005D3E3F00000000006A00000043
:101100008A2C2C00000000006B0000006C404100A5
:10111000000000006C00000020545C000000000093
:101120006D000000B9090900000000006E00000019
:1011300054FEFE03010200006F00000022101203A3
:101140001011000070000000AE0C0C000000000048
:10115000710000007C2427000000000072000000E5
:10116000ED2C2C0000000000730000000440400043
:1011700000000000740000004C1618000000000081
:1011800075000000800606030405000076000000DC
:10119000380E0E000000000077000000740C0C03F5
:1011A0000A0B00007800000086616100000000006A
:1011B00079000000ED020203000100007A00000047
:1011C000CB020203000100007B000000FA717103F2
:1011D000000100007C0000005723390000000000DF
:1011E0007D000000CB060600000000007E0000002D
:1011F000DC4F51034F5000007F00000019232300F3
:101200000000000080000000E22323000000000036
:10121000810000002E16180000000000820000006F
:101220001D0D0D000000000083000000DFFFFF0027
:101230000000000084000000550E270000000000A0
:101240008500000006121200000000008600000069
:10125000E52B2B000000000087000000CB080800F1
:1012600000000000880000000116160000000000C9
:1012700089000000C30E1000000000008A0000007A
:101280006D247800000000008B000000A82B2B03C9
:10129000292A00008C000000B52929000000000068
:1012A0008D0000002F202000000000008E000000B4
:1012B00048F3F300000000008F000000830E1000D0
:1012C00000000000900000007F5D5D000000000055
:1012D00092000000676464000000000093000000BA
:1012E0009A2436000000000094000000B23C4E003A
:1012F0000000000095000000C81E3C000000000037
:1013000096000000862A2A000000000097000000D6
:10131000DB0808030607000098000000D00408005E
:101320000000000099000000BC0C0C000000000050
:101330009A000000540F0F03060700009B000000F6
:10134000160D0D03040500009C00000013060603A3
:10135000000100009D000000150F0F030C0D0000A0
:101360009E000000860E0F030C0D0000A000000080
:101370004E0C0C0308090000A10000004403030305
:1013800000010000A2000000BD08090000000000EC
:10139000A30000007F1C1C0000000000A40000004F
:1013A0009A2C2C0000000000A5000000150303008B
:1013B00000000000A6000000150909000000000060
:1013C000A70000009016160000000000A800000012
:1013D000010C0C0000000000A9000000EA1212003D
:1013E00000000000AA0000004922220000000000C6
:1013F000AB000000B542420000000000AC0000005D
:101400001662620000000000AD00000053080800F2
:1014100000000000AE000000A73030000000000017
:10142000AF0000008A1313030E0F0000B00000008D
:10143000EA03030300010000B1000000F0141400EF
:1014400000000000B20000002F181800000000008B
:10145000B3000000BD1D1D011A000000B400000013
:10146000342D2F012A000000B5000000AE04040056
:1014700000000000B6000000E52828000000000081
:10148000B70000005502020300010000B800000090
:101490009FCECE0304050000B9000000BA07070381
:1014A00004050000BA000000481D1D0300010000F3
:1014B000BF0000005C1B1B0000000000C00000001B
:1014C000242C360000000000C100000047161A005E
:1014D00000000000C20000006219210000000000AE
:1014E000C30000007825250000000000C8000000AF
:1014F000862A2A0328290000C9000000CD0E0E0309
:101500000C0D0000D6000000450808030607000087
:10151000D70000006503030000000000D8000000B1
:101520003203030300010000D9000000CA060600D0
:1015300000000000DA0000001107070300010000AE
:10154000DB000000A202020000000000E100000039
:10155000D041490000000000E2000000CF08080070
:1015600000000000E6000000A32A2A00000000009E
:10157000E70000006928280000000000E8000000E3
:10158000973F410000000000E900000023B6B600CC
:1015900000000000EA00000096282800000000007B
:1015A000EB000000B32A2A0000000000F100000058
:1015B0005A20200000000000F200000068343C00C7
:1015C00000000000F300000055353D01340000002C
:1015D000F40000005F06060000000000F5000000B7
:1015E0008202020000000000F6000000B82626007B
:1015F00000000000F700000051131300000000007D
:10160000F800000008FEFE0303040000F9000000DB
:10161000CC24240000000000FA000000311E1E004F
:1016200000000000FB000000AA12120000000000F1
:10163000FC0000002C12120000000000FD00000061
:101640005333360000000000FE0000002E090900A0
:101650000000000000010000472A2A0308090000DA
:1016600001010000830909000000000002010000E0
:10167000BB20E80300010000030100005CEBED006B
:10168000000000000401000092050E0000000000B0
:1016900005010000B31B3D00000000000601000032
:1016A0000C121700000000000701000085FFFF007A
:1016B0000000000008010000311C200000000000B4
:1016C000090100001A101400000000000A010000C7
:1016D000C1FFFF03020300000B01000023FFFF0313
:1016E000020300000C0100000E04040302030000CA
:1016F0000D0100006DD5D700000000000E010000B4
:101700003B131400000000000F01000016343500E8
:1017100000000000130100007E1F200000000000F8
:101720001401000012313200000000001501000019
:101730003E1E1E000000000018010000462121008E
:101740000000000019010000300D0D000000000035
:101750001A0100007B232303202100001B0100004D
:101760004A909500000000001C0100006320200347
:101770001E1F00001D0100008928310326270000DC
:101780001E010000D2353903323300001F01000072
:101790000117170314150000200100001417170388
:1017A0001415000022010000FB2E2E000000000096
:1017B000230100000A393900000000002701000061
:1017C000EA0C0C0000000000280100009E292903FB
:1017D000242500002B0100001360620000000000BF
:1017E0002C010000D9161600000000002D01000099
:1017F000F33A3A0000000000360100001C1111000D
:1018000000000000370100005F7474000000000059
:1018100040010000F3141403020300004101000022
:10182000580202030001000042010000F3959500F8
:1018300000000000430100004E93930300010000EC
:101840004401000084929200000000004A01000060
:10185000179EA700000000004B0100005BE6E900B6
:10186000000000004C010000ECEFEF000000000061
:101870004D010000E76D6D00000000004E0100000A
:10188000480A3500000000004F010000E118180070
:101890000000000050010000F5545400000000005A
:1018A00053010000C70505000000000054010000BE
:1018B000634646000000000059010000D1151503E1
:1018C000020300005E010000E814FC0000000000BC
:1018D000680100000B1919000000000069010000F8
:1018E0005D21210000000000720100004B576D00D7
:1018F00000000000730100000A1A1A000000000036
:10190000740100001A8C8C000000000075010000BA
:10191000752A2A000000000077010000FB8C8C0073
:101920000000000078010000C70808000000000067
:101930007C010000E8141400000000008101000098
:1019400093858503020300008201000084101003C8
:10195000040500008301000004484803040500005A
:1019600084010000082525032021000086010000D5
:101970009CEEF000000000008B01000000D4D400B9
:10198000000000008C01000032A0A0000000000058
:101990008D010000B66C6C0000000000900100009A
:1019A0006EFEFE030405000091010000B706060369
:1019B000040500009A010000A03535000000000079
:1019C0009B0100006A030300000000009C0100006E
:1019D00021060603040500009D0100004D070703D2
:1019E00004050000B3010000862E2E000000000058
:1019F000B4010000C109090000000000B5010000A9
:101A00001E01010000000000B80100004223230075
:101A100000000000282300007189890000000000F8
:101A20002D23000075222200000000001127000075
:101A3000D11414000000000012270000BA29290068
:101A40000000000013270000040101000000000056
:101A50001427000085090900000000001527000078
:101A6000670909000000000016270000C1040400F7
:101A700000000000172700004711110000000000BF
:101A800018270000F00E0E0000000000A72700003D
:101A9000C355550000000000F82A000086333403C7
:101AA00004050000F92A00000F87880000000000EC
:101AB000FA2A0000EAB3B40304050000FB2A000080
:101AC0004005050000000000FC2A00000BE8E803C8
:101AD00008090000FD2A00005DE6E60000000000A5
:101AE000022B00002E31310000000000032B00000B
:101AF0006A2C2C00000000000C2B0000CD10100000
:101B000000000000162B0000902C2C0000000000AC
:101B1000172B0000852C2C0000000000182B000063
:101B2000552C2C0000000000192B0000C3252503B4
:101B3000101100001A2B00004F05050000000000E6
:101B40001B2B000080080803040500001C2B00006C
:101B5000B1222200000000001D2B0000821C1C008E
:101B6000000000001E2B00002F26260000000000B1
:101B70001F2B00008E09090000000000202B000030
:101B8000842C2C0000000000212B0000D02C2C0005
:101B900000000000222B0000C92C2C0000000000D7
:101BA000232B0000C12C2C0000000000242B00007F
:101BB000BD2C2C0000000000342B0000A24E4E0073
:101BC0000000000064320000722C2C0300010000B1
:101BD00065320000FE3B3B031E1F00006632000022
:101BE0008C3535030405000067320000F92E2E0302
:101BF00000010000683200004D3636031C1D000055
:101C000069320000312B2B03000100007332000009
:101C10005EF9F90300010000763200008B333300D7
:101C200000000000773200000712120310110000BC
:101C300078320000140505000000000010A4000028
:101C4000E30101000000000011A40000EF2E2E00AF
:101C50000000000051C30000F6202000000000003A
:101C600052C30000B5F6F6000000000053C30000A8
:101C70003E1313000000000054C30000F00A0A03E2
:101C80000809000055C3000098060603040500007B
:101C900020CB00000D6464000000000021CB000098
:101CA000EF01010000000000982F8A429144377133
:101CB000CFFBC0B5A5DBB5E95BC25639F111F159CF
:101CC000A4823F92D55E1CAB98AA07D8015B831211
:101CD000BE853124C37D0C55745DBE72FEB1DE80BD
:101CE000A706DC9B74F19BC1C1699BE48647BEEFEC
:101CF000C69DC10FCCA10C246F2CE92DAA84744A77
:101D0000DCA9B05CDA88F97652513E986DC631A8EC
:101D1000C82703B0C77F59BFF30BE0C64791A7D5CB
:101D20005163CA0667292914850AB72738211B2E53
:101D3000FC6D2C4D130D385354730A65BB0A6A763B
:101D40002EC9C281852C7292A1E8BFA24B661AA847
:101D5000708B4BC2A3516CC719E892D1240699D657
:101D600085350EF470A06A1016C1A419086C371ED0
:101D70004C774827B5BCB034B30C1C394AAAD84EAE
:101D80004FCA9C5BF36F2E68EE828F746F63A578E9
:101D90001478C8840802C78CFAFFBE90EB6C50A47C
:101DA000F7A3F9BEF27871C6000000000000000041
:101DB0008D000208E900020811C201087F380208FC
:101DC00019C201080000000000000000153A0208D6
:101DD000C93A0208693A02089D3A020819C2010884
:101DE000413A0208533A02080000000000000000D7
:101DF000FD00020877010208153B0208ED3B0208CE
:101E000019C201081DC20108013B02080B3B020870
:101E1000000000000000000069D7010809D801088F
:101E2000393C0208C73C020819C201081DC201085A
:101E3000253C02082F3C0208382E302E302E32303E
:101E40003236303931303135323030380000000030
:101E50000000000000000000000000000000000082
:101E60000000000000000000000000006D4E0208AD
:101E70008D4E0208E94402086545020819C20108AE
:101E80001DC2010821C2010823C201080000000090
:101E9000000000006D44020881650208BD6502086B
:101EA0005D700208A545020869690208E34402085A
:101EB000E5440208E74402087F7F7F7F7F7F7F7FC2
:101EC0007F7F7F7F7F7F7F7F7F7F7F7F7F7F7F7F22
:101ED0007F7F7F7F7F7F7F7F7F7F7F7F7F7F7F7F12
:101EE0007F7F7F7F7F7F7F7F0001020304050607DE
:101EF00008097F7F7F7F7F7F7F0A0B0C0D0E0F10FD
:101F00001112131415161718191A1B1C1D1E1F2049
:101F10002122237F7F7F7F7F7F0A0B0C0D0E0F1006
:101F20001112131415161718191A1B1C1D1E1F2029
:101F30002122237F7F7F7F7F7F7F7F7F7F7F7F7FC8
:101F40007F7F7F7F7F7F7F7F7F7F7F7F7F7F7F7FA1
:101F50007F7F7F7F7F7F7F7F7F7F7F7F7F7F7F7F91
:101F60007F7F7F7F7F7F7F7F7F7F7F7F7F7F7F7F81
:101F70007F7F7F7F7F7F7F7F7F7F7F7F7F7F7F7F71
:101F80007F7F7F7F7F7F7F7F7F7F7F7F7F7F7F7F61
:101F90007F7F7F7F7F7F7F7F7F7F7F7F7F7F7F7F51
:101FA0007F7F7F7F7F7F7F7F7F7F7F7F7F7F7F7F41
:101FB0007F7F7F7F7F7F7F7FE15D0208D1440208C2
:101FC000D3440208D5440208915A0208C3440208C7
:101FD000C9440208CF440208215A0208B544020845
:101FE000BB440208C14402080D650208A744020868
:101FF000AD440208B3440208055902089944020896
:102000009F440208A54402085D5B02088B44020855
:102010009144020897440208AD5302087D44020827
:102020008344020889440208A34E02086F44020850
:10203000754402087B44020864E1020870E102086A
:102040007CE1020884E1020890E102089CE10208B8
:10205000A8E10208D4DA020824DB0208982F8A4299
:1020600091443771CFFBC0B5A5DBB5E95BC25639EA
:10207000F111F159A4823F92D55E1CAB98AA07D802
:10208000015B8312BE853124C37D0C55745DBE7225
:10209000FEB1DE80A706DC9B74F19BC1C1699BE4A5
:1020A0008647BEEFC69DC10FCCA10C246F2CE92D35
:1020B000AA84744ADCA9B05CDA88F97652513E9859
:1020C0006DC631A8C82703B0C77F59BFF30BE0C660
:1020D0004791A7D55163CA0667292914850AB727EE
:1020E00038211B2EFC6D2C4D130D385354730A658B
:1020F000BB0A6A762EC9C281852C7292A1E8BFA262
:102100004B661AA8708B4BC2A3516CC719E892D1C9
:10211000240699D685350EF470A06A1016C1A4194C
:10212000086C371E4C774827B5BCB034B30C1C394B
:102130004AAAD84E4FCA9C5BF36F2E68EE828F740A
:102140006F63A5781478C8840802C78CFAFFBE9024
:10215000EB6C50A4F7A3F9BEF27871C6B4E10208A3
:10216000000000000000024200100000BCE1020874
:10217000000000000004024208000000C4E1020860
:10218000010000000000000000000100CCE1020896
:10219000000000000008024200400000D4E10208F4
:1021A000010000000000000000000200DCE1020865
:1021B000010000000000000000000300E4E102084C
:1021C000010000000000000000000000000000000E
:1021D00000000000594402080D52020885810208DF
:1021E00000000000000000000000000000000000EF
:1021F00000000000000000000000000071810208E3
:1022000019820208F7810208C58602089F86020823
:10221000A5860208AB860208BB86020891860208E2
:10222000978602089D8602084E31305F5F6378789A
:10223000616269763131375F5F636C6173735F74BC
:102240007970655F696E666F450000006824030859
:10225000282203089C240308000000004C220308E5
:10226000458D0208598D0208D1980208D1980208BC
:10227000C38D0208078D0208AB8D02086D8D020820
:10228000398D020862617369635F737472696E6786
:102290005F766965773A3A73756273747200257375
:1022A0003A205F5F706F73202877686963682069E0
:1022B0007320257A7529203E205F5F73697A652037
:1022C00028776869636820697320257A7529004733
:1022D0004C49424358585F54554E41424C45530077
:1022E0006F626A5F73697A65006F626A5F636F75B8
:1022F0006E7400676C69626378782E65685F706FD2
:102300006F6C007374643A3A657863657074696FD2
:102310006E006261645F66756E6374696F6E5F63A1
:10232000616C6C002C2066756E6374696F6E3A2068
:1023300000617373657274696F6E202225732220A9
:102340006661696C65643A2066696C652022257354
:10235000222C206C696E65202564257325730A0084
:10236000232D302B2000686C4C006566674546477E
:102370000030313233343536373839414243444501
:102380004600303132333435363738396162636470
:10239000656600412D46612D66383930313233345F
:1023A0003536375D002B2D003030007858005374DF
:1023B00039657863657074696F6E00006022030888
:1023C000AE2303084E31305F5F63787861626976CF
:1023D0003131355F5F666F726365645F756E776913
:1023E0006E64450060220308C42303084E31305F49
:1023F0005F637878616269763131395F5F666F72E9
:102400006569676E5F657863657074696F6E4500B6
:1024100060220308EC23030800000000BC2303082B
:10242000A1910208AD910208A59102084E31305FDA
:102430005F637878616269763132305F5F73695FBC
:10244000636C6173735F747970655F696E666F4505
:1024500000000000682403082C2403084C22030811
:102460000000000054240308CD970208E1970208F9
:10247000D1980208D1980208C38D0208078D02087E
:10248000A598020831980208F59702085374397428
:102490007970655F696E666F000000006022030856
:1024A0008C240308537431376261645F66756E6310
:1024B00074696F6E5F63616C6C00000068240308D0
:1024C000A4240308BC23030800000000BC24030864
:1024D0001199020825990208099902080020202074
:1024E00020202020202028282828282020202020C4
:1024F0002020202020202020202020202088101094
:1025000010101010101010101010101010040404EF
:1025100004040404040404101010101010104141AD
:10252000414141410101010101010101010101019B
:1025300001010101010101011010101010104242AF
:10254000424242420202020202020202020202026B
:10255000020202020202020210101010200000000B
:10256000000000000000000000000000000000006B
:10257000000000000000000000000000000000005B
:10258000000000000000000000000000000000004B
:10259000000000000000000000000000000000003B
:1025A000000000000000000000000000000000002B
:1025B000000000000000000000000000000000001B
:1025C000000000000000000000000000000000000B
:0D25D00000000000000000000000000000FE
:1025E00008B10181B0B000840000000008B1018191
:1025F000B0B000840000000008B10181B0B00084D8
:102600000000000008B10181B0B0008400000000AB
:10261000656DFF7FB0B0A800FFFF0100596DFF7F1F
:10262000B0B0A800FFFF01004D6DFF7FB0B0A80063
:10263000FFFF01081A0420002C040000396DFF7F01
:10264000B0B0A800FFFF01082A04300040040000D9
:1026500008B10181B0B000840000000008B1018120
:10266000B0B000840000000008B10181B0B0008467
:102670000000000008B10181B0B00084000000003B
:1026800008B10181B0B0008400000000E96CFF7F58
:10269000B0B0AA00FFFF0100DD6CFF7FB0AD1200FB
:1026A000FFFF010E0E0400007A0480010090010477
:1026B00000000000C16CFF7FB0A91200FFFF010CF9
:1026C00026043E0038044A00460E000008B101818D
:1026D000B0B00084000000009D6CFF7FB0A90A002C
:1026E000FFFF0115209E010000D20102F20100E46B
:1026F00001020000FA01040000000000796CFF7F75
:10270000B0B0A800FFFF01006D6CFF7FB0B0A80063
:10271000FFFF010008B10181B0B00084000000009B
:1027200008B10181B0B000840000000008B101814F
:10273000B0B000840000000008B10181B0B0008496
:102740000000000008B10181B0B00084000000006A
:1027500008B10181B0B000840000000008B101811F
:10276000B0B000840000000008B10181B0B0008466
:102770000000000008B10181B0B00084000000003A
:1027800008B10181B0B000840000000008B10181EF
:10279000B0B0008400000000DD6BFF7FA908B1002D
:1027A000FFFF010008B10181B0B00084000000000B
:1027B00008B10181B0B000840000000008B10181BF
:1027C000B0B000840000000008B10181B0B0008406
:1027D0000000000008B10181B0B0008400000000DA
:1027E00008B10181B0B0008400000000896BFF7F58
:1027F000B0AC0300FFFF010C260400003E044C00B7
:1028000052040000716BFF7FB0AB0200FFFF010CB0
:102810001E0400003204400046040000596BFF7F94
:10282000B0AA0300FFFF010C24040000362672004A
:1028300078040000416BFF7FB0AB0200FFFF010C8A
:10284000120400002A04400046040000296BFF7FA8
:10285000B0AC0100FFFF011026040000341E6C0024
:1028600064046C00720400000D6BFF7FA908B100C6
:10287000FFFF0100016BFF7FB0B0A800FFFF010068
:10288000F56AFF7FB0B0A800FFFF010814041A002A
:102890002404000008B10181B0B0008400000000F1
:1028A00008B10181B0B000840000000008B10181CE
:1028B000B0B000840000000008B10181B0B0008415
:1028C00000000000B16AFF7FB0B0AA00FFFF010066
:1028D000A56AFF7FB0A80900FFFF0100996AFF7F8A
:1028E000A908B100FFFF01008D6AFF7FB0B0A8000A
:1028F000FFFF010008B10181B0B0008400000000BA
:1029000008B10181B0B000840000000008B101816D
:10291000B0B00084000000005D6AFF7FB0A809002D
:10292000FFFF010008B10181B0B000840000000089
:1029300008B10181B0B000840000000008B101813D
:10294000B0B00084000000002D6AFF7FB0AA010033
:10295000FFFF010E0C04000016688801008E0104C0
:102960000000000008B10181B0B000840000000048
:10297000056AFF7FB0AB0200FFFF010F0E040000ED
:10298000169801CA0100D00104000000E969FF7F28
:10299000B0AD0200FFFF010F160400001AB401E4FD
:1029A0000100EA010400000008B10181B0B0008418
:1029B00000000000C169FF7FB0B0A800FFFF010068
:1029C000B569FF7FB0AB0200FFFF010C14040000EB
:1029D0003A0448004E04000008B10181B0B0008400
:1029E0000000000008B10181B0B0008400000000C8
:1029F0008569FF7FB0AF0400FFFF010F20040000D6
:102A0000EC0104D20200D802040000006969FF7FD3
:102A1000B0AD1200FFFF010E0E0400007A04800129
:102A200000900104000000004D69FF7FB0A9120072
:102A3000FFFF01141404360026045A00300442003B
:102A40003E040000560400002D69FF7FB0AA050077
:102A5000FFFF012D3C84010000CE0102CA0400DC0E
:102A600001AC01000096030CB60400B6032A000076
:102A7000EE030CC004008C0422CA0400BC0418003D
:102A800000000000F168FF7FB0AA0500FFFF012AE7
:102A9000224200007202AE030080016C0000FA01C5
:102AA0000C9A03009A022A0000D2020CA40300F040
:102AB0000222AE0300A0031800000000B968FF7FE7
:102AC000A908B100FFFF0100AD68FF7FB0AA0300B5
:102AD000FFFF011B1A9E020000C6020CB40400E4B2
:102AE000027E0000F0030CBE0400920436000000D9
:102AF00008B10181B0B000840000000008B101817C
:102B0000B0B000840000000008B10181B0B00084C2
:102B10000000000008B10181B0B000840000000096
:102B20005568FF7FB0AC0100FFFF011012140000D8
:102B30002E046C004E0400007204000008B10181F4
:102B4000B0B000840000000008B10181B0B0008482
:102B50000000000008B10181B0B000840000000056
:102B600008B10181B0B000840000000008B101810B
:102B7000B0B000840000000008B10181B0B0008452
:102B80000000000008B10181B0B000840000000026
:102B900008B10181B0B000840000000008B10181DB
:102BA000B0B000840000000008B10181B0B0008422
:102BB0000000000008B10181B0B0008400000000F6
:102BC00008B10181B0B000840000000008B10181AB
:102BD000B0B000840000000008B10181B0B00084F2
:102BE0000000000008B10181B0B0008400000000C6
:102BF00008B10181B0B000840000000008B101817B
:102C0000B0B000840000000008B10181B0B00084C1
:102C1000000000006167FF7FB0B0A800FFFF010067
:102C200008B10181B0B00084000000004967FF7F57
:102C3000B0B0A800FFFF010814041A00200400002F
:102C40003567FF7FB0B0A800FFFF010C040400004F
:102C5000100416001C04000008B10181B0B000840B
:102C6000000000001167FF7FB0B0A800FFFF01085F
:102C70003C04420056040000FD66FF7FB0B0A8008F
:102C8000FFFF010008B10181B0B000840000000026
:102C900008B10181B0B000840000000008B10181DA
:102CA000B0B000840000000008B10181B0B0008421
:102CB0000000000008B10181B0B0008400000000F5
:102CC000B566FF7FB0A80B00FFFF010418020000EB
:102CD00008B10181B0B000840000000008B101819A
:102CE000B0B00084000000008D66FF7FB0A9120024
:102CF000FFFF01104404AE01008401048A0100AA10
:102D0000010400007166FF7FB0B0AC00FFFF01233B
:102D10000C0400001E04C401002C04C201003A048B
:102D2000C001007E04BE01008C0104920100BA01C2
:102D30000400000008B10181B0B000840000000070
:102D400008B10181B0B00084000000002966FF7F57
:102D5000B0AD0200FFFF010008B10181B0B00084F6
:102D6000000000001166FF7FA908B100FFFF01000D
:102D70000566FF7FA908B100FFFF0100F965FF7F2D
:102D8000B0AF1600FFFF010E64140000A2016A003C
:102D900000B6020400000000DD65FF7FB0AB260036
:102DA000FFFF0119520200005804F4020068D40128
:102DB0000000C60204E00200F0020400000000006F
:102DC00008B10181B0B000840000000008B10181A9
:102DD000B0B00084000000009D65FF7FB0B0AA0085
:102DE000FFFF01009165FF7FB0AA0900FFFF01000E
:102DF0008565FF7FB0A91200FFFF01007965FF7FA5
:102E0000B0A91200FFFF01006D65FF7FB0AD160095
:102E1000FFFF01006165FF7FB0AB2600FFFF0100EF
:102E20005565FF7FB0AB2600FFFF01004965FF7FBE
:102E3000B0AA1100FFFF01003D65FF7FB0AE110099
:102E4000FFFF011F1C5CF402009A01040000AE01A8
:102E500002F40200D2010400008A02660000FC02B3
:102E6000040000001165FF7FB0AB0A00FFFF014FB7
:102E70000E0C00003A04EA03004A4A0000AC0104C8
:102E8000F60300C40104820400DC01048E0400F493
:102E900001049A04008C0204A604009A02CC0100EA
:102EA00000F203040000FE030400008A0404000092
:102EB0009604040000A204040000AE040400000014
:102EC00008B10181B0B000840000000008B10181A8
:102ED000B0B00084000000009D64FF7FB0AD120020
:102EE000FFFF010E0E0400007C0482010092010429
:102EF000000000008164FF7FB0A81100FFFF0108FF
:102F000034043A00420400006D64FF7FB0AC13004B
:102F1000FFFF010966046C0092010400000000003C
:102F200008B10181B0B000840000000008B1018147
:082F3000B0B0008400000000B5
:102F3800E0D4FC7F010000006888FE7F9CF6FF7FDC
:102F48007488FE7FA0F6FF7F7C88FE7F010000006A
:102F5800988BFE7FB0AD0280B48FFE7FB0A902804F
:102F68003090FE7FB0AB02806C90FE7F01000000C5
:102F78008490FE7FB0AB02803091FE7F74F6FF7FB5
:102F88004091FE7FB0AD0280B491FE7F0100000049
:102F98001092FE7FB0AA09805892FE7F01000000BF
:102FA8002C93FE7F58F6FF7F3093FE7FB0B0A88049
:102FB800F493FE7F010000003495FE7FB0B0A88036
:102FC8009895FE7F44F6FF7FC495FE7F01000000C0
:102FD800D095FE7F40F6FF7FE895FE7F0100000058
:102FE8005496FE7F3CF6FF7F9C96FE7FB0A9048036
:102FF8005C97FE7FB0B0AA80F898FE7FA908B180E0
:10300800DC99FE7FAB08B180BC9BFE7F010000000D
:10301800AA9CFE7FA908B180CC9CFE7F18F6FF7F92
:10302800189DFE7FA83F0980469DFE7F0084028090
:10303800689DFE7FAB08B180869DFE7FB0AF06809D
:103048007C9FFE7FB0AB0280CA9FFE7FFCF5FF7FAE
:10305800DA9FFE7FAA3F0B8032A0FE7FF8F5FF7F44
:1030680032A0FE7FFCF5FF7F30A0FE7F00F6FF7FD9
:1030780054A0FE7F04F6FF7F58A0FE7F08F6FF7F6E
:103088007CA0FE7F0CF6FF7F18A1FE7F20F6FF7F55
:1030980078A1FE7F01000000CCA1FE7FB0A80180CE
:1030A800E4A1FE7F20F6FF7FE8A1FE7F010000007B
:1030B800F0A1FE7F1CF6FF7F08A3FE7FA908B18060
:1030C8008CA3FE7F30F6FF7FB0A3FE7F00840280D2
:1030D800CAA3FE7F01000000D8A3FE7F00840280FF
:1030E800F2A3FE7FB0B0B080F4A3FE7FAB08B1803E
:1030F800ACA5FE7FA908B18034A6FE7F00840480B9
:1031080060A6FE7F0100000090A6FE7FF4F5FF7F19
:10311800CCA6FE7F0100000014A7FE7FF0F5FF7F1C
:1031280054A7FE7FF4F5FF7F8CA7FE7F0100000007
:10313800BCA7FE7FAF08B18040A9FE7FB0B0A880D1
:10314800CCA9FE7F010000000AAAFE7FB0B0A880CB
:1031580010AAFE7FA908B18060AAFE7F01000000C6
:1031680078AAFE7FB0B0A880C0AAFE7FA908B18067
:10317800D4AAFE7FB0F5FF7FE0AAFE7FA908B18040
:1031880058ABFE7F01000000C4ABFE7FB0B0A88042
:10319800A0ACFE7F01000000F8ACFE7FA908B1805A
:1031A8003CADFE7FB0B0AA8000AEFE7F01000000FB
:1031B8009CAFFE7FB0A80180F0AFFE7F0100000049
:1031C8001EB0FE7FB0B0A88046B0FE7F01000000B0
:1031D800D4B0FE7FB0A805800CB1FE7FB0AD0480EE
:1031E8009AB1FE7FAB08B180B0B1FE7F010000004C
:1031F800F8B1FE7FB0A803808CB2FE7FAB08B18027
:1032080044B3FE7F01000000B0B3FE7FB0B0A880D9
:1032180004B4FE7FA908B180F8B4FE7FB0B0A880DE
:1032280012B5FE7F0CF5FF7F1AB5FE7F10F5FF7F04
:1032380022B5FE7F14F5FF7F2AB5FE7F18F5FF7FC4
:1032480034B5FE7FB0B0AA809CB5FE7F01000000B7
:10325800E4B5FE7FB0B0A8803CB6FE7F008406804F
:103268005CB6FE7FB0A8038078B6FE7F008402803B
:10327800C8B6FE7FB0A801802EB7FE7FA908B1802E
:1032880098B7FE7FB0A80180C8B7FE7FD4F4FF7F4F
:10329800E4B7FE7FB0A8018012B8FE7FD0F4FF7FAC
:1032A8002EB8FE7FA908B1805EB8FE7FCCF4FF7F00
:1032B8007AB8FE7FA908B180AAB8FE7FC8F4FF7F5C
:1032C800C8B8FE7F01000000DCB8FE7FA908B18005
:1032D8004CB9FE7F0100000074B9FE7FB4F4FF7F93
:1032E80088B9FE7F01000000E0BDFE7FB0F4FF7FDB
:1032F800E8BDFE7FB4F4FF7FF0BDFE7FB8F4FF7F2A
:10330800F2BDFE7F01000000F0BDFE7FB0B0A880D6
:1033180010BEFE7F0100000030BEFE7FB0B0A88066
:1033280032BFFE7F9CF4FF7F36BFFE7FB0B0AA801D
:103338008ABFFE7FB0B0AC80A8C0FE7FAB08B1806A
:10334800D4C1FE7FB0A8018014C2FE7F80F4FF7F45
:1033580016C2FE7FB0A8018058C2FE7F7CF4FF7FB2
:103368005AC2FE7F80F4FF7FA8C2FE7F90F4FF7FE1
:10337800EAC2FE7FA0F4FF7F5EC3FE7FB0F4FF7F4A
:10338800A0C3FE7FC0F4FF7F10C4FE7FB0B0A8804A
:1033980040C4FE7FCCF4FF7F8CC4FE7F0100000098
:1033A80098C4FE7FC8F4FF7F04C5FE7F01000000BB
:1033B80014C5FE7FC4F4FF7F70C5FE7FB0B0AA803D
:1033C800ECC5FE7FC8F4FF7FF0C5FE7FCCF4FF7F1D
:1033D800F8C5FE7FD0F4FF7F1CC6FE7FD4F4FF7FC4
:1033E80024C6FE7FD8F4FF7F48C6FE7FDCF4FF7F4B
:1033F80074C6FE7F0100000040C7FE7FB0B0A88001
:1034080054C7FE7FD0F4FF7FA4C7FE7F01000000F1
:103418000CC8FE7FB0B0A8805EC8FE7FB0A904804B
:103428009CC8FE7FAB08B18030CBFE7FB0B0AA80CD
:10343800E8CBFE7F010000004CCCFE7FA4F4FF7FA8
:103448006CCCFE7F010000003CCDFE7FA908B18056
:1034580060CDFE7F01000000CCCDFE7FB0AE3F8086
:1034680040D3FE7F88F4FF7F3ED3FE7F8CF4FF7F3E
:1034780060D3FE7F90F4FF7F68D3FE7FB0B0AA8050
:1034880030D4FE7FB0A8018060D4FE7F0084028023
:103498009CD4FE7FB0B0AA8054D5FE7F74F4FF7F21
:1034A80080D5FE7F78F4FF7F8AD5FE7F0084028076
:1034B800B8D5FE7F74F4FF7FBED5FE7F0100000003
:1034C80018D6FE7FA908B18040D6FE7F008402800E
:1034D80074D6FE7F008404809CD6FE7F0100000025
:1034E800A4D6FE7F50F4FF7FB4D6FE7FB0B0AA808A
:1034F80028D7FE7FAB08B1801ED8FE7FB0B0AA8067
:1035080034D8FE7F3CF4FF7FC4D8FE7FB0B0AA80D9
:10351800E8D8FE7FB0B0AC80BCD9FE7FB0B0A88040
:10352800E4D9FE7F38F4FF7FE8D9FE7FA908B1808F
:10353800D8DAFE7F34F4FF7FA8DBFE7F48F4FF7FF4
:103548008EDCFE7F0100000094DCFE7F54F4FF7FD8
:1035580098DCFE7F58F4FF7FB0DCFE7FB0B0A88017
:1035680060DDFE7F0100000070DDFE7FB0B0A88046
:1035780094DDFE7F0100000004DEFE7FAB08B18011
:1035880044E0FE7F34F4FF7F94E0FE7F01000000FA
:1035980050E1FE7FAB08B1806CE2FE7FA908B180E4
:1035A800D0E2FE7FB0B0A8800CE3FE7F24F4FF7F5A
:1035B8000CE3FE7F28F4FF7F0CE3FE7F2CF4FF7FF3
:1035C8006CE4FE7FB0B0AC80BCE5FE7F010000007B
:1035D80030E6FE7F30F4FF7FCCE6FE7F44F4FF7FC9
:1035E80070E7FE7F01000000F4F0FE7FB0AD0280BE
:1035F80010F5FE7FB0A902808CF5FE7FB0B0A880E0
:1036080050F6FE7F3CF4FF7FD0F8FE7F70F4FF7F1A
:10361800ACFAFE7FAB08B180DEFAFE7FB0B0AC80BA
:1036280072FBFE7FB0A80180B4FBFE7F88F4FF7FA9
:10363800D4FBFE7F01000000A4FCFE7FB0B0AA808E
:10364800E6FCFE7FB0B0A88000FDFE7FB0B0AA8087
:10365800A2FDFE7FB0B0AC8018FEFE7FB0AD068044
:10366800C4FEFE7F5CF4FF7F2401FF7F7CF4FF7FB4
:103678002201FF7FB0A904808601FF7FB0B0AA8035
:10368800D001FF7F70F4FF7FD001FF7F74F4FF7FCC
:10369800D601FF7F78F4FF7FDE01FF7FB0B0A880FE
:1036A8000402FF7F74F4FF7F7202FF7FB0AB0280D9
:1036B800BC02FF7F80F4FF7FBC02FF7F84F4FF7FA2
:1036C800BC02FF7F88F4FF7FBC02FF7F8CF4FF7F82
:1036D800BC02FF7FB0B0A880CC02FF7F88F4FF7FD8
:1036E800CC02FF7FA908B180F002FF7F0100000033
:1036F8000C03FF7F7CF4FF7F0C03FF7F80F4FF7FC8
:103708000C03FF7F010000003003FF7F7CF4FF7F84
:103718003A03FF7F80F4FF7F4803FF7FB0B0A880A3
:10372800A003FF7F01000000D003FF7F74F4FF7F38
:10373800D203FF7F78F4FF7FD403FF7FA908B1800D
:10374800A404FF7FB0B0A880D404FF7F6CF4FF7F8F
:10375800D604FF7F70F4FF7FD804FF7FA908B180EB
:103768005E05FF7FB0B0A880A605FF7F64F4FF7FE9
:10377800A805FF7F68F4FF7FB005FF7FB0B0A88081
:10378800E605FF7F010000001606FF7FB0AC018050
:103798005006FF7FB0AA01806E06FF7FB0B0A880F8
:1037A8008406FF7FA908B180B806FF7FB0B0AA8061
:1037B800D806FF7FAD08B1802407FF7F2CF4FF7F78
:1037C8002407FF7F30F4FF7F2407FF7F01000000FC
:1037D8004007FF7FB0B0AA802409FF7F01000000E6
:1037E8004009FF7FB0B0AA809A09FF7FB0A8018086
:1037F800C209FF7FB0AA01808C0AFF7F0100000088
:10380800CE0CFF7FFCF3FF7FD20CFF7F010000008E
:10381800D00CFF7FB0B0A880840DFF7FA908B180CD
:103828006C0EFF7F010000003C16FF7FE0F3FF7F76
:103838005416FF7F010000006216FF7FDCF3FF7F54
:103848006416FF7F010000001817FF7FD8F3FF7F81
:103858004417FF7FE4F3FF7FC017FF7F01000000DC
:103868000018FF7FB0B0A8805818FF7FE4F3FF7FEF
:103878007818FF7FA908B180D418FF7FE0F3FF7F95
:103888005019FF7FA908B1807C19FF7F0100000053
:10389800FC19FF7FDCF3FF7F281AFF7F010000007F
:1038A800741AFF7FB0B0AA80B01AFF7FA93F0E80BC
:1038B800F41AFF7FC8F3FF7FF81AFF7FAF3F0E802F
:1038C800301CFF7F008402804E1CFF7FBCF3FF7F0B
:1038D8006C1CFF7FAC3F2F80C41CFF7FAA11B280F5
:1038E800541DFF7FAA3F3380B41DFF7FB0AA098013
:1038F8000C20FF7FA0F3FF7F1020FF7FB0AA098074
:103908001821FF7F9CF3FF7F1C21FF7FB0AA018055
:103918007821FF7F98F3FF7F7C21FF7FB0B0A880DC
:103928009821FF7F94F3FF7FD821FF7F9CF3FF7FCF
:10393800E221FF7FB0B0A880F621FF7FB0A9048004
:103948001422FF7F90F3FF7F1822FF7F94F3FF7FFD
:103958001023FF7FA8F3FF7F1824FF7FB0B0A88053
:103968004C24FF7FC8F3FF7F7024FF7FCCF3FF7FD9
:103978007624FF7F010000009024FF7FC8F3FF7FBB
:103988001425FF7F01000000B828FF7FB0AA21801E
:103998002829FF7FB0AC29806C2BFF7FB4F3FF7F11
:1039A800702BFF7FB8F3FF7FAC2BFF7F0100000077
:1039B800AC2BFF7FB4F3FF7FC02BFF7F010000001B
:1039C800142CFF7FB0B0AA80482CFF7FA8F3FF7F9C
:1039D800C02DFF7FBCF3FF7F5C2FFF7FDCF3FF7FF1
:1039E800802FFF7FE0F3FF7F842FFF7FE4F3FF7FCB
:1039F800A82FFF7FE8F3FF7FF82FFF7FECF3FF7F0F
:103A08002C30FF7FF0F3FF7F5030FF7F0100000074
:103A18006831FF7FECF3FF7F1432FF7FF0F3FF7F05
:103A28007C32FF7FF4F3FF7FCC32FF7F0100000080
:103A3800AC33FF7FF0F3FF7FFA33FF7F0100000014
:103A48006834FF7FECF3FF7F0C36FF7F10F4FF7FB5
:103A58008038FF7F010000008038FF7FB0B0A88069
:103A6800B438FF7FAB08B180E838FF7F0100000061
:103A78000839FF7FA908B180B03AFF7FB0B0AA80AB
:103A8800843BFF7F010000009C3BFF7FB0A90680BC
:103A9800F83BFF7FA908B180A83CFF7F0100000028
:103AA800783DFF7FB0B0A880983DFF7FAF08B18018
:103AB800CC44FF7FB0A803800445FF7FAB08B180EA
:103AC800A046FF7F01000000CC47FF7FB0AC01801B
:103AD800A049FF7F01000000D84AFF7FB0AA2180DB
:103AE8004C4BFF7FA908B180A04BFF7F010000006D
:103AF800C24BFF7FC4F3FF7FC44BFF7FC8F3FF7F38
:103B0800C64BFF7FB0B0A8803C4CFF7F010000008F
:103B1800884CFF7FBCF3FF7F284DFF7FD0F3FF7FEA
:103B28007C4DFF7FB0A90680C84DFF7FB0A90880F3
:103B38001C4EFF7FB0B0A880304EFF7FA908B1802F
:103B48004850FF7F010000005C50FF7FB4F3FF7F07
:103B58000C51FF7F010000008C62FF7FB0A902803A
:103B68001C63FF7FB0B0A8806C63FF7F010000007A
:103B78007463FF7FB0B0AA80AC63FF7FAE77B2807A
:103B88008864FF7FAB3F3A80E864FF7F0100000054
:103B9800F464FF7FB0B0AA803065FF7F01000000A9
:103BA800DC65FF7FAB10B2805066FF7FB0AF088046
:103BB800F868FF7F010000000869FF7FAC3F0380C1
:103BC800D06BFF7F01000000046CFF7FB0A803806A
:103BD800146CFF7F01000000106CFF7FB0AD048003
:103BE800086FFF7FB0A803802C6FFF7F2CF3FF7F47
:103BF800306FFF7F30F3FF7F3C6FFF7F01000000D5
:103C0800A9040008F9C1010851D2010887EC01088C
:103C18007F0A0208C10A020805410208D97202088F
:0C3C280069810208F58C0208318F020847
:043C340081040008FF
:103C38000000000000093D00100000000100000025
:103C4800000000000000000000000000000000006C
:103C5800010000000000000000000000AAAAAAAAB3
:103C680004B9002000000242000402420008024297
:103C7800000C02420010024200000000001802423C
:103C8800001C0242000000000000000000000000CC
:103C9800000000000000000000000000000000001C
:103CA800000000000001020304050700C0A810E39B
:103CB800001722EDA50100000000000040000000F0
:103CC800B596020869B002089C00002000000000B8
:103CD8000CD0012074D00120DCD0012000000000AD
:103CE80000000000000000000000000000000000CC
:103CF80000000000000000000000000000000000BC
:103D080000000000000000000000000000000000AB
:103D18000000000000000000000000000300000098
:043D28000CD001209A
:040000050801B579C0
:00000001FF
