:020000040800F2
:100000000000042091AB01085DA801085FA8010869
:1000100073A8010875A8010877A80108E1AB0108D9
:10002000000000000000000000000000D989010865
:1000300079A80108000000008D890108F1890108F4
:100040007DA80108E1AB0108E1AB0108E1AB0108C3
:10005000E1AB0108E1AB0108E1AB0108E1AB01084C
:10006000E1AB0108E1AB0108E1AB0108A9E201083D
:10007000E5E2010821E301085DE3010899E30108D5
:10008000D5E3010811E401084DE4010889E4010801
:10009000C5E4010801E501083DE5010879E501082D
:1000A000B5E50108F1E501082DE60108E1AB01081D
:1000B000000000008DA801089DA80108ADA8010856
:1000C000BDA80108CDA80108DDA80108EDA8010818
:1000D000FDA801080DA90108E1AB0108E1AB010889
:1000E000E1AB0108E1AB0108E1AB0108E1AB0108BC
:1000F000E1AB0108E1AB0108E1AB0108E1AB0108AC
:100100001DA901082DA90108E1AB0108E1AB010817
:10011000E1AB0108E1AB0108E1AB01083DA9010831
:100120004DA90108E1AB0108E1AB0108E1AB010811
:100130005DA901086DA90108000000007DA9010862
:100140008DA90108E1AB0108E1AB0108E1AB0108B1
:10015000E1AB0108E1AB0108E1AB0108E1AB01084B
:10016000E1AB0108E1AB0108E1AB010800000000D0
:10017000E1AB0108E1AB0108E1AB010800000000C0
:10018000E1AB0108E1AB0108E1AB0108E1AB01081B
:10019000E1AB0108E1AB0108E1AB0108E1AB01080B
:1001A000E1AB0108E1AB0108E1AB01080000000090
:1001B000E1AB010800000000E1AB0108E1AB010880
:1001C000E1AB010800000000E1AB0108E1AB010870
:1001D000E1AB0108E1AB0108E1AB0108E1AB0108CB
:1001E000000000000000000000000000E1AB01087A
:1001F0000000000000000000E1AB0108E1AB0108D5
:10020000E1AB0108E1AB0108E1AB0108E1AB01089A
:10021000E1AB0108E1AB010800000000E1AB01081F
:10022000000000000000000000000000E1AB010839
:08023000E1AB0108E1AB01089C
:1002380053B94AB9002908BF00281CBF4FF0FF3145
:100248004FF0FF3000F0E2B8ADF1080C6DE904CED4
:100258002BF010F8DDF804E0DDE9022304B0704764
:1002680000F1340191E838009C46A6464CF8045D3C
:1002780090E8FF0FE54600BD90EC210B704700BFEA
:1002880080EC210B704700BF90EC200B704700BF3B
:1002980080EC200B704700BFD0EC200B704700BFEC
:1002A800C0EC200B704700BFF0EC0201F0EC02112B
:1002B800F0EC0221F0EC0231F0EC0241F0EC0251DA
:1002C800F0EC0261F0EC0271F0EC0281F0EC0291CA
:1002D800F0EC02A1F0EC02B1F0EC02C1F0EC02D1BA
:1002E800F0EC02E1F0EC02F1704700BFE0EC020133
:1002F800E0EC0211E0EC0221E0EC0231E0EC02411A
:10030800E0EC0251E0EC0261E0EC0271E0EC028109
:10031800E0EC0291E0EC02A1E0EC02B1E0EC02C1F9
:10032800E0EC02D1E0EC02E1E0EC02F1704700BF42
:10033800B0FC0181B0FC0191B0FC01A1B0FC01B19D
:10034800704700BFA0FC0181A0FC0191A0FC01A1A5
:10035800A0FC01B1704700BFEC4600B52DE9005084
:100368002DE9FF1F4FF000032DE90C0001A92BF028
:100378005FFADDF840E012B0704700BFEC4600B508
:100388002DE900502DE9FF1F4FF000032DE90C0067
:1003980001A92BF08BFADDF840E012B0704700BFDE
:1003A800EC4600B52DE900502DE9FF1F4FF0000382
:1003B8002DE90C0001A92BF09BFADDF840E012B002
:1003C800704700BFEC4600B52DE900502DE9FF1F2E
:1003D8004FF000032DE90C0001AB2BF05DFADDF8BE
:1003E80040E012B0704700BFEC4600B52DE9005060
:1003F8002DE9FF1F4FF000032DE90C0001AA2BF097
:10040800D1FADDF840E012B0704700BF704700BF76
:1004180010F8012B11F8013B012A28BF9A42F7D0A6
:10042800D01A7047034613F8012B002AFBD1181A7B
:10043800013870470348044B834202D0034B03B191
:1004480018477047B4010020B401002000000000E4
:10045800064B0749C91A891048BF0131491003D012
:10046800044B0BB101481847704700BFB401002086
:10047800B40100200000000010B5064C237843B9F1
:10048800FFF7D8FF044B13B10448AFF300800123F2
:10049800237010BDB80100200000000064E20208CB
:1004A80008B5054B1BB105490548AFF30080BDE809
:1004B8000840FFF7CDBF00BF00000000BC010020CE
:1004C80064E2020880B400AF184BD3F88830174AAA
:1004D80043F47003C2F88830154B01221A60144B9C
:1004E8000022DA61124B00221A62114B00225A6272
:1004F8000F4B1B680E4A23F0A85323F410231360F4
:100508000B4B00229A620A4B1B68094A23F480238A
:100518001360074B00221A65044B4FF000629A6083
:1005280000BFBD465DF8047B704700BF00ED00E0EA
:10053800000C024680B582B000AF78607B68002B63
:1005480001D1012354E07B6893F83D30DBB2002BE6
:1005580011D17B68002283F83C20786800F022FFE4
:100568007B68DB6C002B02D17B68234ADA647B68EA
:10057800DB6C786898477B68022283F83D207B68AB
:100588001A687B6804331946104600F00DFD7B6835
:10059800012283F848207B68012283F83E207B688B
:1005A800012283F83F207B68012283F840207B6882
:1005B800012283F841207B68012283F842207B686E
:1005C800012283F843207B68012283F844207B685A
:1005D800012283F845207B68012283F846207B6846
:1005E800012283F847207B68012283F83D200023FD
:1005F80018460837BD4680BD65A0010880B485B09F
:1006080000AF78607B6893F83D30DBB2012B01D0F6
:10061800012372E07B68022283F83D207B681B6817
:10062800DA687B681B6842F00102DA607B681B6845
:10063800354A934240D07B681B68344A93423BD08A
:100648007B681B68B3F1804F36D07B681B68B3F1B9
:10065800A04F31D07B681B682D4A93422CD07B6811
:100668001B682C4A934227D07B681B682A4A93420E
:1006780022D07B681B68294A93421DD07B681B687F
:10068800274A934218D07B681B68264A934213D0A6
:100698007B681B68244A93420ED07B681B68234AF8
:1006A800934209D07B681B68214A934204D07B6837
:1006B8001B68204A934215D17B681B689A681E4BB9
:1006C8001340FB60FB68062B15D0FB68B3F5803F31
:1006D80011D07B681B681A687B681B6842F00102AE
:1006E8001A6008E07B681B681A687B681B6842F020
:1006F80001021A6000E000BF002318461437BD4607
:100708005DF8047B704700BF002C0140002C0150AD
:100718000004004000040050000800400008005099
:10072800000C0040000C005000340140003401501F
:1007380000400140004001500700010080B584B02E
:1007480000AF78607B681B68DB68FB607B681B68B0
:100758001B69BB60BB6803F00203002B26D0FB6853
:1007680003F00203002B21D07B681B686FF00202A4
:100778001A617B6801221A777B681B689B6903F002
:100788000303002B05D07B68D3F89430786898472A
:1007980009E07B68D3F89C30786898477B68D3F881
:1007A800A030786898477B6800221A77BB6803F006
:1007B8000403002B26D0FB6803F00403002B21D090
:1007C8007B681B686FF004021A617B6802221A7743
:1007D8007B681B689B6903F44073002B05D07B681A
:1007E800D3F894307868984709E07B68D3F89C3050
:1007F800786898477B68D3F8A030786898477B6812
:1008080000221A77BB6803F00803002B26D0FB6888
:1008180003F00803002B21D07B681B686FF00802E7
:100828001A617B6804221A777B681B68DB6903F00E
:100838000303002B05D07B68D3F894307868984779
:1008480009E07B68D3F89C30786898477B68D3F8D0
:10085800A030786898477B6800221A77BB6803F055
:100868001003002B26D0FB6803F01003002B21D0C7
:100878007B681B686FF010021A617B6808221A7780
:100888007B681B68DB6903F44073002B05D07B6829
:10089800D3F894307868984709E07B68D3F89C309F
:1008A800786898477B68D3F8A030786898477B6861
:1008B80000221A77BB6803F00103002B0ED0FB68F7
:1008C80003F00103002B09D07B681B686FF001025D
:1008D8001A617B68D3F8843078689847BB6803F05E
:1008E8008003002B04D1BB6803F40053002B0ED007
:1008F800FB6803F08003002B09D07B681B686FF44A
:1009080002521A617B68D3F8B43078689847BB689C
:1009180003F48073002B0ED0FB6803F08003002BD8
:1009280009D07B681B686FF480721A617B68D3F802
:10093800B83078689847BB6803F04003002B0ED0A6
:10094800FB6803F04003002B09D07B681B686FF03D
:1009580040021A617B68D3F88C3078689847BB6886
:1009680003F02003002B0ED0FB6803F02003002BBC
:1009780009D07B681B686FF020021A617B68D3F886
:10098800AC3078689847BB6803F48013002B0ED00E
:10099800FB6803F48013002B09D07B681B686FF495
:1009A80080121A617B68D3F8BC3078689847BB68B6
:1009B80003F40013002B0ED0FB6803F40013002B84
:1009C80009D07B681B686FF400121A617B68D3F842
:1009D800C03078689847BB6803F48003002B0ED0BA
:1009E800FB6803F48003002B09D07B681B686FF455
:1009F80080021A617B68D3F8C43078689847BB686E
:100A080003F40003002B0ED0FB6803F40003002B53
:100A180009D07B681B686FF400021A617B68D3F801
:100A2800C8307868984700BF1037BD4680BD0000C1
:100A380080B584B000AF786039600023FB737B68B1
:100A480093F83C30012B01D10223E6E07B680122B8
:100A580083F83C207B68022283F83D207B681B6872
:100A68009B68BB60BB6823F4441323F07703BB6027
:100A7800BB6823F47F43BB607B681B68BA689A60D5
:100A88003B681B68674A934200F0B180654A93420D
:100A980000F2B680644A934200F0A980624A934209
:100AA80000F2AE80614A934200F0A1805F4A93420F
:100AB80000F2A6805E4A934200F099805C4A934215
:100AC80000F29E80B3F1101F00F09180B3F1101F67
:100AD80000F29680B3F5801F00F08980B3F5801F7F
:100AE80000F28E80B3F5005F3ED0B3F5005F00F2F0
:100AF8008780B3F5805F00F08680B3F5805F7FD88C
:100B0800702B1AD0702B7BD8602B50D0602B77D8E5
:100B1800502B3CD0502B73D8402B58D0402B6FD83B
:100B2800302B64D0302B6BD8202B60D0202B67D88B
:100B3800002B5CD0102B5AD062E07B6818683B68A9
:100B480099683B685A683B68DB6800F00AFC7B6878
:100B58001B689B68BB60BB6843F07703BB607B681E
:100B68001B68BA689A604FE07B6818683B689968A8
:100B78003B685A683B68DB6800F0F3FB7B681B68DE
:100B88009A687B681B6842F480429A603CE07B6804
:100B980018683B6859683B68DB681A4600F004FB34
:100BA8007B681B685021184600F0BEFB2CE07B6870
:100BB80018683B6859683B68DB681A4600F066FBB2
:100BC8007B681B686021184600F0AEFB1CE07B6860
:100BD80018683B6859683B68DB681A4600F0E4FA15
:100BE8007B681B684021184600F09EFB0CE07B6880
:100BF8001A683B681B681946104600F095FB03E02D
:100C08000123FB7300E000BF7B68012283F83D20CD
:100C18007B68002283F83C20FB7B18461037BD46D2
:100C280080BD00BF700010004000100030001000B0
:100C38002000100080B483B000AF786000BF0C378C
:100C4800BD465DF8047B704780B483B000AF786020
:100C580000BF0C37BD465DF8047B704780B483B095
:100C680000AF786000BF0C37BD465DF8047B704765
:100C780080B483B000AF786000BF0C37BD465DF824
:100C8800047B704780B483B000AF786000BF0C3736
:100C9800BD465DF8047B704780B483B000AF7860D0
:100CA80000BF0C37BD465DF8047B704780B483B045
:100CB80000AF786000BF0C37BD465DF8047B704715
:100CC80080B483B000AF786000BF0C37BD465DF8D4
:100CD800047B704780B483B000AF786000BF0C37E6
:100CE800BD465DF8047B704780B487B000AFF860FC
:100CF8000B467A60FB720023FB757B68002B01D1E1
:100D080001234AE1FB6893F83D30DBB2012B40F048
:100D1800DD80FB7A1F2B00F2D68001A252F823F067
:100D2800A90D0008B10D0008B90D0008C10D000893
:100D3800C90D0008D10D0008D90D0008E10D000803
:100D4800E90D0008F10D0008F90D0008010E000872
:100D5800090E0008110E00081B0E0008250E0008D9
:100D68002F0E0008390E0008430E00084D0E00082B
:100D7800570E0008610E00086B0E0008750E00087B
:100D88007F0E0008890E0008930E00089D0E0008CB
:100D9800A70E0008B10E0008BB0E0008C50E00081B
:100DA800FB687A68DA64F7E0FB687A681A65F3E04A
:100DB800FB687A685A65EFE0FB687A689A65EBE049
:100DC800FB687A68DA65E7E0FB687A681A66E3E048
:100DD800FB687A685A66DFE0FB687A689A66DBE047
:100DE800FB687A68DA66D7E0FB687A681A67D3E046
:100DF800FB687A685A67CFE0FB687A689A67CBE045
:100E0800FB687A68DA67C7E0FB687A68C3F880200D
:100E1800C2E0FB687A68C3F88420BDE0FB687A68A2
:100E2800C3F88820B8E0FB687A68C3F88C20B3E080
:100E3800FB687A68C3F89020AEE0FB687A68C3F86C
:100E48009420A9E0FB687A68C3F89820A4E0FB68BE
:100E58007A68C3F89C209FE0FB687A68C3F8A020F2
:100E68009AE0FB687A68C3F8A42095E0FB687A6882
:100E7800C3F8A82090E0FB687A68C3F8AC208BE040
:100E8800FB687A68C3F8B02086E0FB687A68C3F824
:100E9800B42081E0FB687A68C3F8B8207CE0FB687E
:100EA8007A68C3F8BC2077E0FB687A68C3F8C0208A
:100EB80072E0FB687A68C3F8C4206DE0FB687A6862
:100EC800C3F8C82068E00123FB7565E0FB6893F868
:100ED8003D30DBB2002B5DD1FB7A0D2B57D801A238
:100EE80052F823F0250F00082D0F0008350F0008D1
:100EF8003D0F0008450F00084D0F0008550F00086A
:100F08005D0F0008650F00086D0F0008750F0008D9
:100F18007D0F0008850F00088D0F0008FB687A68B0
:100F2800DA6439E0FB687A681A6535E0FB687A6844
:100F38005A6531E0FB687A689A652DE0FB687A6843
:100F4800DA6529E0FB687A681A6625E0FB687A6842
:100F58005A6621E0FB687A689A661DE0FB687A6841
:100F6800DA6619E0FB687A681A6715E0FB687A6840
:100F78005A6711E0FB687A689A670DE0FB687A683F
:100F8800DA6709E0FB687A68C3F8802004E0012387
:100F9800FB7501E00123FB75FB7D18461C37BD4638
:100FA8005DF8047B704700BF80B485B000AF7860FF
:100FB80039607B681B68FB607B686B4A93422BD067
:100FC8007B686A4A934227D07B68B3F1804F23D06D
:100FD8007B68B3F1A04F1FD07B68654A93421BD052
:100FE8007B68644A934217D07B68634A934213D064
:100FF8007B68624A93420FD07B68614A93420BD068
:101008007B68604A934207D07B685F4A934203D06B
:101018007B685E4A934208D1FB6823F07003FB604B
:101028003B685B68FA681343FB607B684E4A9342EF
:1010380043D07B684D4A93423FD07B68B3F1804FE1
:101048003BD07B68B3F1A04F37D07B68484A9342C6
:1010580033D07B68474A93422FD07B68464A9342F5
:101068002BD07B68454A934227D07B68444A9342F9
:1010780023D07B68434A93421FD07B68424A9342FD
:101088001BD07B68414A934217D07B68404A934201
:1010980013D07B683F4A93420FD07B683E4A934205
:1010A8000BD07B683D4A934207D07B683C4A934209
:1010B80003D07B683B4A934208D1FB6823F4407312
:1010C800FB603B68DB68FA681343FB60FB6823F04E
:1010D80080023B685B691343FB603B689A687B68E6
:1010E800DA623B681A687B689A627B681E4A934298
:1010F80023D07B681D4A93421FD07B68224A9342C3
:101108001BD07B68214A934217D07B68204A9342C0
:1011180013D07B681F4A93420FD07B681E4A9342C4
:101128000BD07B681D4A934207D07B681C4A9342C8
:1011380003D07B681B4A934203D13B681A697B68DA
:101148001A637B681B6843F004027B681A607B683B
:1011580001225A617B68FA681A6000BF1437BD46DD
:101168005DF8047B704700BF002C0140002C015043
:10117800000400400004005000080040000800502F
:10118800000C0040000C00500034014000340150B5
:10119800004001400040015000440140004401501B
:1011A800004801400048015080B487B000AFF860A3
:1011B800B9607A60FB681B6A7B61FB681B6A23F075
:1011C8000102FB681A62FB68264A934223D0FB6837
:1011D800254A93421FD0FB68244A93421BD0FB68E0
:1011E800234A934217D0FB68224A934213D0FB68E4
:1011F800214A93420FD0FB68204A93420BD0FB68E8
:101208001F4A934207D0FB681E4A934203D0FB68EB
:101218001D4A934205D1FB681B6A23F00402FB6850
:101228001A62FB689B693B613B6923F0F0033B61F1
:101238007B681B013A6913433B617B6923F00A030E
:101248007B617A69BB6813437B61FB683A699A6181
:10125800FB687A691A6200BF1C37BD465DF8047BDB
:10126800704700BF002C0140002C015000340140A1
:10127800003401500040014000400150004401404A
:1012880000440150004801400048015080B487B034
:1012980000AFF860B9607A60FB681B6A7B61FB6825
:1012A8001B6A23F01002FB681A62FB681A4A934211
:1012B8000BD0FB68194A934207D0FB68184A93423F
:1012C80003D0FB68174A934205D1FB681B6A23F0D9
:1012D8004002FB681A62FB689B693B613B6923F427
:1012E80070433B617B681B033A6913433B617B692D
:1012F80023F0A0037B61BB681B017A6913437B6100
:10130800FB683A699A61FB687A691A6200BF1C3700
:10131800BD465DF8047B7047002C0140002C01504D
:10132800003401400034015080B485B000AF7860CB
:1013380039607B689B68FB60FB6823F4401323F0EB
:101348007003FB603A68FB68134343F00703FB60D4
:101358007B68FA689A6000BF1437BD465DF8047B65
:10136800704780B487B000AFF860B9607A603B60BE
:10137800FB689B687B617B6923F47F437B613B68E7
:101388001A027B681A43BB6813437A6913437B616B
:10139800FB687A699A6000BF1C37BD465DF8047B1C
:1013A8007047000080B483B000AF78607B68264A3D
:1013B800C3F884207B68254AC3F888207B68244AC0
:1013C800C3F88C207B68234AC3F890207B68224AA4
:1013D800C3F894207B68214AC3F898207B68204A88
:1013E800C3F89C207B681F4AC3F8A0207B681E4A6C
:1013F800C3F8A4207B681D4AC3F8A8207B681C4A50
:10140800C3F8AC207B681B4AC3F8B0207B681A4A33
:10141800C3F8B4207B68194AC3F8B8207B68184A17
:10142800C3F8BC207B68174AC3F8C0207B68164AFB
:10143800C3F8C4207B68154AC3F8C82000BF0C371E
:10144800BD465DF8047B7047AD9701083D0C000868
:10145800B50C0008C90C0008650C0008790C0008D8
:10146800510C00088D0C0008A10C0008DD0C0008C8
:101478001D16000831160008451600085916000800
:101488006D1600088116000895160008A9160008B0
:1014980080B485B000AF786039607B6893F83C30E1
:1014A800012B01D1022397E07B68012283F83C20BD
:1014B8007B68022283F83D207B681B685B68FB60C1
:1014C8007B681B689B68BB607B681B68454A9342C6
:1014D8000ED07B681B68444A934209D07B681B681E
:1014E800424A934204D07B681B68414A934208D120
:1014F800FB6823F47003FB603B685B68FA6813437E
:10150800FB60FB6823F0007323F07003FB603B680B
:101518001B68FA681343FB607B681B68FA685A60AB
:101528007B681B682F4A934240D07B681B682E4A11
:1015380093423BD07B681B68B3F1804F36D07B6801
:101548001B68B3F1A04F31D07B681B68294A9342CE
:101558002CD07B681B68284A934227D07B681B687D
:10156800264A934222D07B681B68254A93421DD0A5
:101578007B681B68234A934218D07B681B68224A01
:10158800934213D07B681B68184A93420ED07B683D
:101598001B68174A934209D07B681B681B4A934211
:1015A80004D07B681B681A4A93420CD1BB6823F0AD
:1015B8008003BB603B689B68BA681343BB607B6869
:1015C8001B68BA689A607B68012283F83D207B68B3
:1015D800002283F83C20002318461437BD465DF8E6
:1015E800047B7047002C0140002C0150003401405E
:1015F800003401500004004000040050000800407E
:1016080000080050000C0040000C00500040014051
:101618000040015080B483B000AF786000BF0C3741
:10162800BD465DF8047B704780B483B000AF786036
:1016380000BF0C37BD465DF8047B704780B483B0AB
:1016480000AF786000BF0C37BD465DF8047B70477B
:1016580080B483B000AF786000BF0C37BD465DF83A
:10166800047B704780B483B000AF786000BF0C374C
:10167800BD465DF8047B704780B483B000AF7860E6
:1016880000BF0C37BD465DF8047B704780B483B05B
:1016980000AF786000BF0C37BD465DF8047B70472B
:1016A80080B483B000AF786000BF0C37BD465DF8EA
:1016B800047B704780B483B000AF786039607B6882
:1016C8001B6823F470123B681A437B681A6000BFDA
:1016D8000C37BD465DF8047B704780B483B000AF1B
:1016E800786039607B681B6823F0E0723B681A43B6
:1016F8007B681A6000BF0C37BD465DF8047B7047F5
:1017080080B483B000AF78607B681B6803F0E07337
:1017180018460C37BD465DF8047B704780B485B029
:1017280000AF786039603B68FB607B680A4A934287
:1017380004D1FB68013B03F00C03FB607B68DB68AA
:1017480023F00C02FB681A437B68DA6000BF143789
:10175800BD465DF8047B70470010024680B487B030
:1017680000AFF860B9607A603B60FB6860331A4686
:10177800BB689B0013447B617B691B6803F0E062D4
:101788007B685B0003F078413B680B431A437B6935
:101798001A6000BF1C37BD465DF8047B704780B4F3
:1017A80085B000AF786039607B6860331A463B6863
:1017B8009B001344FB60FB681B68DB0E03F01F03F0
:1017C800BB60BB68092B07D8BB689A060121BB68B8
:1017D80001FA03F3134308E0BB689A060121BB68CA
:1017E80001FA03F3134343F0007318461437BD4658
:1017F8005DF8047B704780B487B000AFF860B960CB
:101808007A60FB6860331A46BB689B0013447B61AF
:101818007B691B6823F080727B681A437B691A60B6
:1018280000BF1C37BD465DF8047B704780B487B0A5
:1018380000AFF860B9607A60FB6860331A46BB682D
:101848009B0013447B617B691B6823F080627B6883
:101858001A437B691A6000BF1C37BD465DF8047BDC
:10186800704780B487B000AFF860B9607A60FB68F1
:1018780060331A46BB689B0013447B617B691B6815
:1018880023F000727B681A437B691A6000BF1C371B
:10189800BD465DF8047B704780B483B000AF7860C4
:1018A80039607B681B6F23F47F5323F03F033A684A
:1018B8001A437B681A677B681B6F23F000433A68FA
:1018C800002A02D04FF0004200E000221A437B6851
:1018D8001A6700BF0C37BD465DF8047B704780B4BB
:1018E80085B000AFF860B9607A60FB685A69BB6878
:1018F80003F00403072101FA03F3DB431A40BB6832
:1019080003F00403796801FA03F31A43FB685A6188
:1019180000BF1437BD465DF8047B704780B483B0C0
:1019280000AF78607B68DB6803F44063002B01D16B
:10193800012300E0002318460C37BD465DF8047B00
:101948007047000080B489B000AFF860B9607A6071
:10195800FB682B4A934220D0FB6830331A46BB6899
:101968001B0A9B0003F00C031344FB61FB691A6814
:10197800BB6803F01F031F2101FA03F3DB431A407E
:101988007B689B0E03F01F01BB6803F01F0301FA7D
:1019980003F31A43FB691A602BE0FB689A6ABB6879
:1019A80003F01F030F2101FA03F3DB431A407B689E
:1019B80023F07F43002B04D17B689B0E03F01F03A9
:1019C80010E07B687B617B6993FAA3F33B613B6919
:1019D800BB61BB69002B01D1202303E0BB69B3FACB
:1019E80083F3DBB2B96801F01F018B401A43FB682F
:1019F8009A6200BF2437BD465DF8047B704700BF7C
:101A08000010024680B487B000AF786039603B6848
:101A180023F07F43002B07D13B689B0E03F01F0385
:101A2800012202FA03F315E03B683B613B6993FA34
:101A3800A3F3FB60FB687B617B69002B01D120234A
:101A480003E07B69B3FA83F3DBB203F01F030122DF
:101A580002FA03F37A68926A1A437B689A6200BFB3
:101A68001C37BD465DF8047B704780B483B000AF77
:101A7800786039607B689A6A3B689B0E03F01F03A5
:101A8800012101FA03F3DB431A407B689A6200BF25
:101A98000C37BD465DF8047B704780B483B000AF57
:101AA80078607B68DB6803F0030318460C37BD4693
:101AB8005DF8047B704780B483B000AF78607B68C2
:101AC800DB6C03F4C073002B01D1012300E0002379
:101AD80018460C37BD465DF8047B704780B48BB060
:101AE80000AFF860B9607A60FB682D4A934242D033
:101AF800BB6823F07F43002B04D1BB689B0E03F027
:101B08001F0211E0BB68BB61BB6993FAA3F37B6159
:101B18007B69FB61FB69002B01D1202303E0FB6992
:101B2800B3FA83F3DBB21A46BB685B0E03F001011C
:101B38000B469B000B445B00D21A13465B00134410
:101B48007B62FB6814331A46BB685B0E9B0003F08C
:101B5800040313443B623B6A1A6807217B6A01FA53
:101B680003F3DB431A4079687B6A01FA03F31A43EB
:101B78003B6A1A600EE0FB685A69BB681B02DB43CC
:101B88001A40BB6819027B680B4023F0FF031A4315
:101B9800FB685A6100BF2C37BD465DF8047B70476F
:101BA8000010024680B485B000AFF860B9607A6072
:101BB800FB68D3F8C020BB6823F07F43DB431A409F
:101BC8007B6803F018030849D940BB680B4023F031
:101BD8007F431A43FB68C3F8C02000BF1437BD46D3
:101BE8005DF8047B704700BFFFFF0F0080B483B02F
:101BF80000AF78607B689B6823F0204323F03F03A5
:101C08007A68936000BF0C37BD465DF8047B704767
:101C180080B483B000AF78607B689B6803F00053A2
:101C2800B3F1005F01D1012300E0002318460C370F
:101C3800BD465DF8047B704780B483B000AF786020
:101C48007B689B6823F0104323F03F0343F08052E6
:101C58007B689A6000BF0C37BD465DF8047B70470F
:101C680080B483B000AF78607B689B6803F08053D2
:101C7800B3F1805F01D1012300E0002318460C373F
:101C8800BD465DF8047B704780B483B000AF7860D0
:101C98007B689B6803F00103012B01D1012300E05D
:101CA800002318460C37BD465DF8047B704780B4A6
:101CB80083B000AF78607B689B6803F00403042B53
:101CC80001D1012300E0002318460C37BD465DF81A
:101CD800047B704780B483B000AF78607B689B68F2
:101CE80003F00803082B01D1012300E00023184664
:101CF8000C37BD465DF8047B7047000080B58AB09C
:101D080000AF7860002387F8273000233B62002368
:101D1800FB617B68002B01D10123B3E27B681B695F
:101D2800002B03D07B681B688B4A93427B689B6FB0
:101D3800002B09D1786817F0E7FE7B680022DA6784
:101D48007B68002283F874207B681B681846FFF7BD
:101D58005FFF0346002B04D07B681B681846FFF71B
:101D680045FF7B681B681846FFF77AFF0346002B80
:101D780015D17B681B681846FFF75EFF774B1B6819
:101D88009B09774AA2FB03239B0901335B00FB6095
:101D980002E0FB68013BFB60FB68002BF9D17B6824
:101DA8001B681846FFF75CFF0346002B0ED17B68C3
:101DB8009B6F43F010027B689A677B68DB6F43F088
:101DC80001027B68DA67012387F827307B681B6884
:101DD8001846FFF76CFFB8617B689B6F03F0100330
:101DE800002B40F04482BB69002B40F040827B68A6
:101DF8009B6F23F4817343F002027B689A677B68C8
:101E08001B681846FFF740FF0346002B40D17B684C
:101E18001B68514A934228D07B681B68514A9342F9
:101E280009D15048FFF730FF0346002B0CBF0123B0
:101E38000023DBB208E04848FFF726FF0346002BE3
:101E48000CBF01230023DBB2002B21D07B681B6869
:101E5800444A934201D1444A00E0444A7B685B68A3
:101E680019461046FFF726FC12E07B681A687B6863
:101E78009B6819461046FFF751FC3C4B1B6823F43E
:101E880070127B685B6803F47013384913430B6066
:101E98007B681B68304A934210D07B6893F82430E3
:101EA8005A037B685B6C1A437B689B681A437B68A0
:101EB80093F82C301B0413433B6230E07B681B7F94
:101EC8009A037B6893F824305B0313437A68526C57
:101ED800002A02D04FF4805200E000221A437B68A7
:101EE8005B691A437B681B69002B04DA7B681B69F2
:101EF80023F0004301E04FF400131A437B681B688A
:101F080018498B4203D17B6893F8403003E07B6823
:101F180093F840305B0013433A6A13433B627B6893
:101F280093F82C30012B2FD17B681B680A4A934207
:101F380007D07B681B6B013B5B043A6A13433B6227
:101F480022E07B6893F82430002B11D13B6A43F4DC
:101F580080333B6218E000BF0010024604000020F6
:101F6800632D3E05008002420883024208130246A0
:101F78007B689B6F43F020027B689A677B68DB6F06
:101F880043F001027B68DA677B681B68924A9342D8
:101F980018D07B685B6B002B09D07B685B6B03F404
:101FA80078727B689B6B13433A6A13433B627B6886
:101FB8001B68DA68894B13407A681268396A0B43E0
:101FC800D36031E07B685B6B002B09D07B685B6B6F
:101FD80003F4E0727B689B6B13433A6A13433B62DA
:101FE8007B681B68DA687E4B13407A681268396A26
:101FF8000B43D3607B681B6A002B08D07B681B6887
:10200800596C7B681A6A7B681B680A435A647B6848
:10201800DB6E002B08D07B681B68596C7B68DA6E16
:102028007B681B680A435A647B681B686A4A934248
:1020380000F093807B681B681846FFF738FE7861CC
:102048007B681B681846FFF745FE38617B69002BE3
:1020580061D13B69002B5ED17B681B7F9A037B684B
:102068001B6860498B4202D17B68DB6B02E07B68AE
:10207800DB6B5B0013433B627B681B68DB6823F404
:10208800804323F003037A681268396A0B43D360EC
:102098007B68DB68002B07D07B681A687B68DB6885
:1020A80019461046FFF7F8FB7B6893F85430012B6C
:1020B8001ED17B685B6B002B7B681B681A694A4BD7
:1020C80013407A68926D11047A68D26D11437A6868
:1020D800126E11437A68526E11437A68926E9208B2
:1020E8000A431A437B681B6842F001021A6107E041
:1020F8007B681B681A697B681B6822F001021A61F9
:102108007B681B681B6923F070417B681A6D7B68CC
:102118001B680A431A617B681B69012B0CD17B6819
:102128001B681B6B23F00F017B689B6A5A1E7B6838
:102138001B680A431A6307E07B681B681A6B7B6895
:102148001B6822F00F021A637B689B6F23F003035E
:1021580043F001027B689A6792E07B6893F85430F9
:10216800012B11D17B689A6D7B68DB6D1A437B6804
:102178001B6E1A437B689B6E1343FA691343FB611A
:10218800FB6943F00103FB617B681B681A69174B05
:1021980013407A681268F9690B4313617B68186801
:1021A8007B689B6C1A460021FFF799FB7B681868CF
:1021B8007B68DB6C1A466FF0FB01FFF790FB7B68CE
:1021C8001B69002B14D17B681B689A6A7B681B68A3
:1021D80062F00F029A6224E00010024613C0F0FF7A
:1021E8000D80DEFF008002421EF800FC02FCFFF7B3
:1021F8007B681B69B3F5001F13D17B681B689B6A5A
:102208007B689B6A013B9B0003F01C036FF00F0285
:1022180002FA03F17B68D3F888207B681B680A43BD
:102228009A627B681B68DA68184B13403A6A9A42CC
:102238000BD17B680022DA677B689B6F23F003036E
:1022480043F001027B689A671AE07B689B6F23F072
:10225800120343F010027B689A677B68DB6F43F0D8
:1022680001027B68DA67012387F8273008E07B687A
:102278009B6F43F010027B689A67012387F8273029
:1022880097F8273018462837BD4680BDF3FF3F83AF
:1022980080B588B000AF78600023FB617B681B685D
:1022A8001B68BB617B681B685B687B61BB6903F06B
:1022B8000203002B17D07B6903F00203002B12D016
:1022C8007B689B6F03F01003002B05D17B689B6F25
:1022D80043F400627B689A67786801F0F5F87B68D8
:1022E8001B6802221A60BB6903F00403002B04D0A8
:1022F8007B6903F00403002B0BD1BB6903F00803CF
:10230800002B00F0A4807B6903F00803002B00F089
:102318009E807B689B6F03F01003002B05D17B68C0
:102328009B6F43F400727B689A677B681B683D4A21
:10233800934247D07B681B681846FFF7EFFA0346BD
:10234800002B7DD07B681B68DB683B613B6903F42D
:102358000053002B74D17B681B681B6803F00803CB
:10236800082B6DD17B681B681846FFF7A0FC034655
:10237800002B1AD17B681B685A687B681B6822F09F
:102388000C025A607B689B6F23F480727B689A67A3
:102398007B689B6F03F48053002B51D17B689B6F44
:1023A80043F001027B689A674AE07B689B6F43F0C1
:1023B80010027B689A677B68DB6F43F001027B68D9
:1023C800DA673DE07B681B681846FFF7A7FA034603
:1023D800002B35D07B6893F82430002B30D17B68F4
:1023E8001B681B6803F00803082B29D17B681B684E
:1023F8001846FFF75CFC0346002B15D17B681B6869
:102408005A687B681B6822F00C025A607B689B6FD5
:1024180023F4807323F0010343F001027B689A6779
:102428000EE000BF001002467B689B6F43F020025D
:102438007B689A677B68DB6F43F001027B68DA6729
:10244800786800F057F97B681B680C221A607B6873
:102458001B686D4A93426FD0BB6903F02003002BC1
:1024680004D07B6903F02003002B09D1BB6903F07A
:102478004003002B60D07B6903F04003002B5BD046
:102488007B689B6F03F01003002B05D17B689B6F63
:1024980043F400527B689A677B681B681846FFF70D
:1024A8000AFBF8607B681B681846FFF737FAB860C4
:1024B8007B681B68DB683B61FB68002B35D03B6998
:1024C80003F00073002B07D0BB68002B2DD03B69AD
:1024D80003F40053002B28D17B681B681B6803F0AA
:1024E8004003402B21D17B681B681846FFF7F2FB9D
:1024F8000346002B19D17B681B685A687B681B68E8
:1025080022F060025A607B689B6F23F480527B68DC
:102518009A677B689B6F03F48073002B05D17B68F7
:102528009B6F43F001027B689A67786800F0AEFF02
:102538007B681B6860221A60BB6903F08003002B6C
:1025480011D07B6903F08003002B0CD07B689B6F54
:1025580043F480327B689A67786800F0D5F87B6826
:102568001B6880221A60BB6903F48073002B12D0A9
:102578007B6903F48073002B0DD07B689B6F43F459
:1025880000327B689A67786800F08AFF7B681B686E
:102598004FF480721A60BB6903F40073002B12D0E9
:1025A8007B6903F40073002B0DD07B689B6F43F4A9
:1025B80080227B689A67786800F07CFF7B681B68DC
:1025C8004FF400721A60BB6903F01003002B3DD072
:1025D8007B6903F01003002B38D07B685B6C002B01
:1025E80002D10123FB611BE07B681B68064A93420A
:1025F8000CD07B681B68DB6803F00303002B0FD04B
:102608000123FB610CE000BF001002467B681B68D9
:102618001846FFF742FA0346002B01D00123FB615D
:10262800FB69012B0ED17B689B6F43F480627B684A
:102638009A677B68DB6F43F002027B68DA67786829
:1026480000F06CF87B681B6810221A60BB6903F005
:102658000103002B1BD07B6903F00103002B16D06C
:102668007B689B6F03F01003002B05D17B689B6F81
:1026780043F001027B689A67786800F06DF87B6820
:102688001B685A687B681B6822F001025A607B68E5
:102698001B68174A934226D1BB6903F40063002BD9
:1026A8000CD07B6903F40063002B07D0786800F036
:1026B8003FF87B681B684FF400621A60BB6903F43B
:1026C8008053002B0FD07B6903F48053002B0AD072
:1026D800786800F037F87B681B685A687B681B6865
:1026E80022F480525A6000BF2037BD4680BD00BF2B
:1026F8000010024680B483B000AF786000BF0C378A
:10270800BD465DF8047B704780B483B000AF786045
:1027180000BF0C37BD465DF8047B704780B483B0BA
:1027280000AF786000BF0C37BD465DF8047B70478A
:1027380080B483B000AF786000BF0C37BD465DF849
:10274800047B704780B483B000AF786000BF0C375B
:10275800BD465DF8047B704780B483B000AF7860F5
:1027680000BF0C37BD465DF8047B704780B5BCB030
:1027780000AF78603960002387F8EF300023BB6032
:102788007B681B68A84A934203D17B681B69B3F135
:10279800004F7B6893F87430012B02D1022300F0BC
:1027A8006DBE7B68012283F874207B681B6818461D
:1027B800FFF77DFA0346002B40F04D867B681B68C7
:1027C800994A934200F0EA833B681B6823F07F43F1
:1027D800002B08D13B681B689B0E03F01F030122E6
:1027E80002FA03F31DE03B681B68C7F8D030D7F83E
:1027F800D03093FAA3F3C7F8CC30D7F8CC30C7F869
:10280800D430D7F8D430002B01D1202304E0D7F8F6
:10281800D430B3FA83F3DBB203F01F03012202FAC8
:1028280003F37A681268D1697A6812680B43D36136
:102838007B6818683B6859683B681B681A46FFF74D
:1028480081F87B681B681846FFF731FAC7F8E00083
:102858007B681B681846FFF73DFAC7F8DC00D7F815
:10286800E030002B40F0ED81D7F8DC30002B40F051
:10287800E8817B6818683B6819683B689B681A465A
:10288800FFF72CF93B685A697B681B68DB689B0873
:1028980003F003035B0002FA03F3C7F8D8303B6880
:1028A8001B69042B46D07B6818683B6819693B682C
:1028B8001A68D7F8D830FEF751FF7B6818683B686C
:1028C80019693B68DB691A46FEF795FF3B689B7EF2
:1028D800012B1ED17B6818683B6819693B685B7ED1
:1028E800002B02D14FF0007300E000231A46FEF7D8
:1028F800B8FF7B6818683B6819693B685B7E012BE9
:1029080002D14FF0806300E000231A46FEF78EFFE5
:1029180097E17B6818683B681B6900221946FEF737
:10292800A0FF7B6818683B681B6900221946FEF700
:102938007DFF86E17B681B6800211846FEF72FFFA4
:10294800034623F07F43002B0AD17B681B680021D4
:102958001846FEF724FF03469B0E03F01F021EE0F5
:102968007B681B6800211846FEF719FF0346C7F865
:10297800C430D7F8C43093FAA3F3C7F8C030D7F8F7
:10298800C030C7F8C830D7F8C830002B01D1202391
:1029980004E0D7F8C830B3FA83F3DBB21A463B68D1
:1029A8001B6823F07F43002B05D13B681B689B0EF7
:1029B80003F01F0318E03B681B68C7F8B830D7F866
:1029C800B83093FAA3F3C7F8B430D7F8B430C7F8DF
:1029D800BC30D7F8BC30002B01D1202304E0D7F855
:1029E800BC30B3FA83F3DBB29A4207D17B6818682C
:1029F8003B681A6800230021FEF7B0FE7B681B685D
:102A080001211846FEF7CBFE034623F07F43002B37
:102A18000CD17B681B6801211846FEF7C0FE0346EF
:102A28009B0E03F01F0220E0001002467B681B6823
:102A380001211846FEF7B3FE0346C7F8AC30D7F8B5
:102A4800AC3093FAA3F3C7F8A830D7F8A830C7F882
:102A5800B030D7F8B030002B01D1202304E0D7F8EC
:102A6800B030B3FA83F3DBB21A463B681B6823F035
:102A78007F43002B05D13B681B689B0E03F01F03A7
:102A880018E03B681B68C7F8A030D7F8A03093FA65
:102A9800A3F3C7F89C30D7F89C30C7F8A430D7F810
:102AA800A430002B01D1202304E0D7F8A430B3FAD6
:102AB80083F3DBB29A4207D17B6818683B681A68CF
:102AC80000230121FEF74AFE7B681B680221184695
:102AD800FEF765FE034623F07F43002B0AD17B688F
:102AE8001B6802211846FEF75AFE03469B0E03F0A8
:102AF8001F021EE07B681B6802211846FEF74FFE86
:102B08000346C7F89430D7F8943093FAA3F3C7F87C
:102B18009030D7F89030C7F89830D7F89830002B15
:102B280001D1202304E0D7F89830B3FA83F3DBB25D
:102B38001A463B681B6823F07F43002B05D13B688E
:102B48001B689B0E03F01F0318E03B681B68C7F85F
:102B58008830D7F8883093FAA3F3C7F88430D7F8C9
:102B68008430C7F88C30D7F88C30002B01D1202363
:102B780004E0D7F88C30B3FA83F3DBB29A4207D17A
:102B88007B6818683B681A6800230221FEF7E6FD97
:102B98007B681B6803211846FEF701FE034623F0F5
:102BA8007F43002B0AD17B681B6803211846FEF778
:102BB800F6FD03469B0E03F01F021AE07B681B68B4
:102BC80003211846FEF7EBFD0346FB67FB6F93FAFC
:102BD800A3F3BB67BB6FC7F88030D7F88030002BF2
:102BE80001D1202304E0D7F88030B3FA83F3DBB2B5
:102BF8001A463B681B6823F07F43002B05D13B68CE
:102C08001B689B0E03F01F0311E03B681B683B67C2
:102C18003B6F93FAA3F3FB66FB6E7B677B6F002B1E
:102C280001D1202303E07B6FB3FA83F3DBB29A422E
:102C380007D17B6818683B681A6800230321FEF7F0
:102C48008DFD7B681B681846FFF71EF80346002BAE
:102C580040F00E847B6818683B6819683B68DB683D
:102C68001A46FEF79FFF3B68DB6813F5803F40F08C
:102C7800D6803B681B6823F07F43002B0BD13B6851
:102C88001B689B0E013303F01F03092B94BF01231C
:102C98000023DBB219E03B681B687B667B6E93FA06
:102CA800A3F33B663B6EBB66BB6E002B01D12023B2
:102CB80003E0BB6EB3FA83F3DBB2013303F01F0307
:102CC800092B94BF01230023DBB2002B4DD03B68B6
:102CD8001B6823F07F43002B07D13B681B689B0EC2
:102CE80001339B0603F0F84215E03B681B68BB659F
:102CF800BB6D93FAA3F37B657B6DFB65FB6D002BC6
:102D080001D1202303E0FB6DB3FA83F3DBB2013377
:102D18009B0603F0F8423B681B6823F07F43002BB7
:102D280009D13B681B689B0E013303F01F03012187
:102D380001FA03F317E03B681B68FB64FB6C93FA2A
:102D4800A3F3BB64BB6C3B653B6D002B01D1202317
:102D580003E03B6DB3FA83F3DBB2013303F01F03E7
:102D6800012101FA03F313434EE03B681B6823F08B
:102D78007F43002B07D13B681B689B0E01339B06E2
:102D880003F0F84215E03B681B683B643B6C93FA20
:102D9800A3F3FB63FB6B7B647B6C002B01D12023CB
:102DA80003E07B6CB3FA83F3DBB201339B0603F0D9
:102DB800F8423B681B6823F07F43002B09D13B682E
:102DC8001B689B0E013303F01F03012101FA03F373
:102DD80017E03B681B687B637B6B93FAA3F33B6349
:102DE8003B6BBB63BB6B002B01D1202303E0BB6BA8
:102DF800B3FA83F3DBB2013303F01F03012101FAB5
:102E080003F3134343F00073C7F8E8307B6818688E
:102E18003B689B681A46D7F8E810FEF75FFE3B68E8
:102E28001B68002B80F224837B681B68994A9342B5
:102E380001D1994B00E0994B1846FEF761FCC7F8A1
:102E4800E4007B681B68934A934209D19148FEF7D6
:102E58001BFF0346002B0CBF01230023DBB208E055
:102E68008F48FEF711FF0346002B0CBF01230023F8
:102E7800DBB2002B00F088803B681B68894A9342CC
:102E880032D1D7F8E43003F40003002B2CD17B684F
:102E98001B68804A934205D07B681B68804A93422E
:102EA80040F0E3827B681B687A4A934201D17A4AF0
:102EB80000E07A4AD7F8E43043F400031946104694
:102EC800FEF70BFC784B1B689B09784AA2FB03238F
:102ED8009B0901335B00BB6002E0BB68013BBB6040
:102EE800BB68002BF9D1C0E23B681B68704A93426B
:102EF80021D1D7F8E43003F08073002B1BD17B6815
:102F08001B68644A934205D07B681B68644A9342F5
:102F180040F0AD827B681B685E4A934201D15E4AED
:102F280000E05E4AD7F8E43043F080731946104653
:102F3800FEF7D3FB9BE23B681B685E4A934240F076
:102F48009782D7F8E43003F48003002B40F0908296
:102F58007B681B684F4A934205D07B681B68504AC0
:102F6800934240F085827B681B684A4A934201D1AC
:102F7800494A00E0494AD7F8E43043F48003194647
:102F88001046FEF7AAFB73E27B689B6F43F02002B2
:102F98007B689A67012387F8EF3069E23B681B6812
:102FA800C7F8E8303B685B68022B00F091817B68CA
:102FB8001B69B3F1004F04D07B681B693E4A9342FA
:102FC80007D17B681B68D7F8E8101846FEF71AFD8A
:102FD800B0E07B68D3F888203B685B6803F01F0388
:102FE8000F2101FA03F3DB431A40D7F8E83023F046
:102FF8007F43002B05D1D7F8E8309B0E03F01F0361
:1030080011E0D7F8E830BB62BB6A93FAA3F37B629E
:103018007B6AFB62FB6A002B01D1202303E0FB6A79
:10302800B3FA83F3DBB23968496801F01F018B40BA
:103038001A437B68C3F888203B685B689B085A1C66
:103048007B689B6A9A4275D802F0C6F90346B3F5C5
:10305800805F66D8D7F8E83023F07F43002B0AD189
:10306800D7F8E8309B0E03F01F03132B8CBF012306
:103078000023DBB22BE0D7F8E830FB61FB6993FA59
:10308800A3F3BB61BB693B623B6A002B16D12023CB
:1030980018E000BF0080024208830242081302467B
:1030A80000100246000008CE04000020632D3E05F3
:1030B800000004CA01000080100000803B6AB3FAD7
:1030C80083F3DBB2132B8CBF01230023DBB2002B6D
:1030D80027D0D7F8E83023F07F43002B09D1D7F861
:1030E800E8309B0E03F01F03093B012202FA03F3A9
:1030F80015E0D7F8E8303B613B6993FAA3F3FB602E
:10310800FB687B617B69002B01D1202303E07B698D
:10311800B3FA83F3DBB2093B012202FA03F3C7F8DF
:10312800E8307B6818683B685B68D7F8E820194680
:10313800FEF708FC7B6818683B689B681A46D7F856
:10314800E810FEF7CBFC3B681B68002B80F29081EF
:103158007B681B68974A934201D1974B00E0974BD5
:103168001846FEF7CDFAC7F8E4003B681B68944A96
:10317800934226D1D7F8E43003F40003002B20D182
:103188007B681B688B4A934201D18B4A00E08B4ACB
:10319800D7F8E43043F4000319461046FEF79DFAC9
:1031A800884B1B689B09884AA2FB03239B095B0089
:1031B800BB6002E0BB68013BBB60BB68002BF9D178
:1031C80067E03B681B68814A934216D1D7F8E43020
:1031D80003F08073002B10D17B681B68754A9342FB
:1031E80001D1754A00E0754AD7F8E43043F080739E
:1031F80019461046FEF771FA4BE03B681B68744AA3
:10320800934216D1D7F8E43003F48003002B10D191
:103218007B681B68674A934201D1674A00E0674AA6
:10322800D7F8E43043F4800319461046FEF755FA00
:103238002FE03B681B68674A93422AD1D7F8E430ED
:1032480003F48003002B24D17B681B68624A9342F5
:103258001FD17B681B68574A934201D1564A00E048
:10326800564AD7F8E43043F4800319461046FEF76F
:1032780034FA02F0B1F80346B3F5805F09D87B68E9
:103288001B68D3F8D0207B681B6842F00102C3F8A2
:10329800D02002F0A1F80346B3F5005F40F0E880C3
:1032A8003B681B684D4A934240F0E280D7F8E4300F
:1032B80003F48003002B40F0DB807B681B68D3F8A5
:1032C800D0207B681B6842F00102C3F8D020CFE011
:1032D8007B681B69B3F1004F04D07B681B69404AC7
:1032E800934206D17B681B68D7F8E8101846FEF7AA
:1032F800BCFB3B681B68002B80F2BA807B681B68AC
:103308002C4A934201D12C4B00E02C4B1846FEF777
:10331800F7F9C7F8E4003B681B68324A934210D1BA
:103328007B681B68234A934201D1234A00E0234A61
:10333800D7F8E43023F4000319461046FEF7CDF918
:103348006DE03B681B68284A934210D17B681B6874
:10335800184A934201D1184A00E0184AD7F8E430D5
:1033680023F0807319461046FEF7B7F957E03B681B
:103378001B68174A934210D17B681B680D4A934219
:1033880001D10D4A00E00D4AD7F8E43023F4800358
:1033980019461046FEF7A1F941E03B681B680D4A43
:1033A80093423CD17B681B68024A93421ED1024A71
:1033B8001DE000BF00800242088302420813024653
:1033C800002000B604000020632D3E05004000BA2E
:1033D80001000080001000B200100246000020D753
:1033E80010000080000008CE000004CA254AD7F863
:1033F800E43023F4800319461046FEF76EF901F015
:10340800EBFF0346B3F5805F09D87B681B68D3F8E8
:10341800D0207B681B6842F00102C3F8D02001F07D
:10342800DBFF0346B3F5005F22D13B681B68164AF1
:1034380093421DD1D7F8E43003F48003002B17D151
:103448007B681B68D3F8D0207B681B6842F00102B8
:10345800C3F8D0200CE07B689B6F43F020027B68A8
:103468009A67012387F8EF3002E000BF00E000BF51
:103478007B68002283F8742097F8EF301846F037FD
:10348800BD4680BD08130246000020D780B483B033
:1034980000AF786000BF0C37BD465DF8047B70470D
:1034A80080B483B000AF786000BF0C37BD465DF8CC
:1034B800047B704780B483B000AF786000BF0C37DE
:1034C800BD465DF8047B704780B483B000AF786078
:1034D80000BF0C37BD465DF8047B704780B584B0EB
:1034E80000AF786001F048FFF8607B68002B01D1DD
:1034F8000123F0E07B681B68794A934200F09F80C3
:103508007B681B68774A934200F099807B681B6848
:10351800754A934200F093807B681B68734A934214
:1035280000F08D807B681B68714A934200F08780A9
:103538007B681B686F4A934200F081807B681B6838
:103548006D4A93427BD07B681B686C4A934276D065
:103558007B681B686A4A934271D07B681B68694A1A
:1035680093426CD07B681B68674A934267D07B683C
:103578001B68664A934262D07B681B68644A934220
:103588005DD07B681B68634A934258D07B681B6890
:10359800614A934253D07B681B68604A93424ED07D
:1035A8007B681B685E4A934249D07B681B685D4A0A
:1035B800934244D07B681B685B4A93423FD07B6848
:1035C8001B685A4A93423AD07B681B68584A934210
:1035D80035D07B681B68574A934230D07B681B689C
:1035E800554A93422BD07B681B68544A934226D095
:1035F8007B681B68524A934221D07B681B68514AFA
:1036080093421CD07B681B684F4A934217D07B6853
:103618001B684E4A934212D07B681B684C4A9342FF
:103628000DD07B681B684B4A934208D07B681B68A7
:10363800494A934203D07B681B68484A93427B6897
:10364800002283F84C207B6893F85430DBB2002BBF
:103658000ED17B6800221A667B6800225A667B6856
:1036680000229A667B680022DA667B6800221A6765
:103678007B68022283F854207B681B685A697B6840
:103688001B6842F006025A610FE001F075FE02461F
:10369800FB68D31A052B08D97B6810229A657B68CA
:1036A800032283F85420012315E07B681B685B69BB
:1036B80003F00103002BE8D1786800F00DFC7B686B
:1036C8005A6B7B681A657B6800229A657B680122C1
:1036D80083F85420002318461037BD4680BD00BF2C
:1036E8005000024050000250D0000240D00002506A
:1036F8005001024050010250D0010240D001025056
:103708005002024050020250D0020240D002025041
:103718005003024050030250D0030240D00302502D
:103728005004024050040250D0040240D004025019
:103738005005024050050250D0050240D005025005
:103748005006024050060250D0060240D0060250F1
:103758005007024050070250D0070240D0070250DD
:1037680080B584B000AF786001F006FEF8607B6831
:10377800002B01D10123B9E07B681B6823F47F6328
:1037880023F00F03BB607B681B685A697B681B6862
:1037980042F006025A610FE001F0EEFD0246FB68B6
:1037A800D31A052B08D97B6810229A657B680322F7
:1037B80083F85420012399E07B681B685B6903F058
:1037C8000103002BE8D17B681B6800221A607B6824
:1037D8001B6800225A617B681B6800221A647B6898
:1037E8001B6800225A647B681B6800229A647B6805
:1037F8001B680022DA647B681B6800221A657B68F4
:103808001B680022DA677B681B683A4A934222D019
:103818007B681B68384A93421DD07B681B68374A0F
:10382800934218D07B681B68354A934213D07B6853
:103838001B68344A93420ED07B681B68324A934215
:1038480009D07B681B68314A934204D07B681B68A7
:103858002F4A934201D1012300E00023002B07D017
:103868007B681B6800225A657B681B6800229A6582
:10387800BB685A687B681B68C3F30B03503BDB09C2
:1038880003F01F03012101FA03F3DB431A40BB686D
:103898005A607B681B684FF4FE42DA607B6800223E
:1038A8001A667B6800225A667B6800229A667B68E3
:1038B8000022DA667B6800221A677B6800225A6752
:1038C8007B68DB6D002B02D07B680022DA657B68A1
:1038D80000221A657B6800229A657B68002283F8BB
:1038E80054207B68002283F84C20002318461037A8
:1038F800BD4680BD5006024050060250D006024028
:10390800D00602505007024050070250D00702402C
:10391800D007025080B584B000AFF860B9607A6013
:103928003B60FB68002B01D101234FE0FB6893F853
:103938004C30012B01D1022348E0FB68012283F8B7
:103948004C20FB6893F85430DBB2012B36D1FB686E
:10395800022283F85420FB6800229A653B687A6843
:10396800B968F86800F092FAFB681B685A69FB6846
:103978001B6842F4BA425A61FB685B6E002B07D0A1
:10398800FB681B685A69FB681B6842F400725A613D
:10399800FB681B6F002B07D0FB681B685A69FB6824
:1039A8001B6842F400525A61FB681B685A69FB683D
:1039B8001B6842F001025A61002307E0FB684022BD
:1039C8009A65FB68002283F84C20012318461037BB
:1039D800BD4680BD80B584B000AF786001F0CCFCF6
:1039E800F8607B68002B01D101236BE07B6893F8BA
:1039F8005430DBB2022B08D07B6820229A657B68A2
:103A0800002283F84C2001235CE07B681B685A691C
:103A18007B681B6842F004025A617B68052283F8C0
:103A2800542020E001F0A8FC0246FB68D31A052BBD
:103A380019D97B689B6D43F010027B689A657B6897
:103A4800032283F854207B681B6D03F08003002B4E
:103A580003D07B685B6F01221A737B68002283F8AE
:103A68004C2001232EE07B681B681B6903F400537C
:103A7800002BD7D07B681B685A697B681B6842F0AB
:103A880002025A617B68042283F854207B681B6811
:103A98004FF4FE42DA607B68012283F854207B6889
:103AA8001B6D03F08003002B07D07B685B6F01223E
:103AB8001A737B681B6800229A647B68002283F86B
:103AC8004C20002318461037BD4680BD80B483B013
:103AD80000AF78607B68002B01D1012319E07B6877
:103AE80093F85430DBB2022B04D07B6820229A650D
:103AF80001230EE07B68042283F854207B681B684E
:103B08005B697A68126843F4005343F00403536115
:103B1800002318460C37BD465DF8047B704780B516
:103B280086B000AF78607B681B6823F47F6323F05E
:103B38000F037B617B681B68C3F30B03503BDB09F6
:103B480003F01F03012202FA03F33B617B69DB6880
:103B58003A691340FB60FB68002B00F03B817B68EF
:103B68001B681B6903F48063002B11D07B681B68FA
:103B78005B6903F48063002B0AD07B681B684FF4F1
:103B88008062DA607B689B6D43F001027B689A650E
:103B98007B681B681B6903F40063002B11D07B68EA
:103BA8001B685B6903F40063002B0AD07B681B6801
:103BB8004FF40062DA607B689B6D43F002027B6819
:103BC8009A657B681B681B6903F48053002B11D02E
:103BD8007B681B685B6903F48053002B0AD07B6801
:103BE8001B684FF48052DA607B689B6D43F00402D7
:103BF8007B689A657B681B681B6903F48043002B0C
:103C080011D07B681B685B6903F48043002B0AD0E2
:103C18007B681B684FF48042DA607B689B6D43F0D9
:103C280008027B689A657B681B681B6903F400734C
:103C3800002B13D07B681B685B6903F40073002BAF
:103C48000CD07B681B684FF40072DA607B685B6E8F
:103C5800002B03D07B685B6E786898477B681B688D
:103C68001B6903F40053002B4CD07B681B685B690D
:103C780003F40053002B45D07B681B684FF40052B7
:103C8800DA607B6893F85430DBB2042B2ED17B6862
:103C98001B685A697B681B6822F400525A617B686A
:103CA8001B685A697B681B6842F002025A617B688C
:103CB800012283F854207B681B6D03F08003002BDE
:103CC80007D07B685B6F01221A737B681B68002230
:103CD8009A647B68002283F84C207B68DB6E002B9B
:103CE8007AD07B68DB6E7868984775E07B68052238
:103CF80083F854207B681B6F002B03D07B681B6FF5
:103D0800786898477B681B681B6903F48073002BED
:103D180039D07B681B685B6903F48073002B32D051
:103D28007B681B6D03F08003002B12D07B681B6837
:103D3800DB6F002B16D17B681B689B6C002B11D1A5
:103D48007B68012283F854207B685B6F01221A7319
:103D580008E07B681B689B6C002B03D17B68012201
:103D680083F854207B681B684FF44072DA607B68E4
:103D7800002283F84C207B681B6E002B03D07B68E5
:103D88001B6E786898477B689B6D002B25D07B68F5
:103D98001B685A697B681B6842F002025A617B689B
:103DA800012283F854207B681B6D03F08003002BED
:103DB80003D07B685B6F01221A737B68002283F84B
:103DC8004C207B689B6E002B07D07B689B6E7868C5
:103DD800984702E000BF00E000BF1837BD4680BD2D
:103DE80080B483B000AF78607B6893F85430DBB25E
:103DF80018460C37BD465DF8047B704780B483B025
:103E080000AF78607B689B6D18460C37BD465DF83F
:103E1800047B704780B485B000AF786039607B68F8
:103E2800002B01D101232BE07B681B6823F47F63FF
:103E380023F00F03FB607B681B68C3F30B03503B45
:103E4800DB0903F01F03012202FA03F3BB603B689E
:103E580003F01003002B12D03B6803F01103112B61
:103E680006D1FB685A68BB681A43FB685A6006E0CB
:103E7800FB685A68BB68DB431A40FB685A6000233A
:103E880018461437BD465DF8047B704780B485B08A
:103E980000AFF860B9607A603B60FB681B689B6C98
:103EA8001B0C1B043A6891B2FA6812680B439364BE
:103EB800FB681B684FF4FE42DA60FB681B68BA684F
:103EC800DA64FB681B687A681A6500BF1437BD4658
:103ED8005DF8047B7047000080B485B000AF78605F
:103EE8007B681B6AFB607B681B685B6923F4430182
:103EF8007B681B68FA680A435A617B685A697B6861
:103F0800DB691A437B681B691A437B689B69134307
:103F1800FB607B681B68534A934200F0A0807B6873
:103F28001B68514A934200F09A807B681B684F4A8D
:103F3800934200F094807B681B684D4A934200F0DE
:103F48008E807B681B684B4A934200F088807B68B0
:103F58001B68494A934200F082807B681B68474A85
:103F680093427CD07B681B68454A934277D07B6834
:103F78001B68444A934272D07B681B68424A93424A
:103F88006DD07B681B68414A934268D07B681B6888
:103F98003F4A934263D07B681B683E4A93425ED097
:103FA8007B681B683C4A934259D07B681B683B4A34
:103FB800934254D07B681B68394A93424FD07B6840
:103FC8001B68384A93424AD07B681B68364A93423A
:103FD80045D07B681B68354A934240D07B681B6894
:103FE800334A93423BD07B681B68324A934236D0AF
:103FF8007B681B68304A934231D07B681B682F4A24
:1040080093422CD07B681B682D4A934227D07B684B
:104018001B682C4A934222D07B681B682A4A934229
:104028001DD07B681B68294A934218D07B681B689F
:10403800274A934213D07B681B68264A93420ED0C6
:104048007B681B68244A934209D07B681B68234A13
:10405800934204D07B681B68214A934242D10123D2
:1040680041E000BF5000024050000250D000024022
:10407800D00002505001024050010250D0010240CD
:10408800D00102505002024050020250D0020240B9
:10409800D00202505003024050030250D0030240A5
:1040A800D00302505004024050040250D004024091
:1040B800D00402505005024050050250D00502407D
:1040C800D00502505006024050060250D006024069
:1040D800D00602505007024050070250D007024055
:1040E800D00702500023002B12D07B68DA6A7B6865
:1040F8009B6A013B1B0503F07C731A437B685B6A70
:10410800013B1B0103F47C731343FA681343FB6000
:104118007B681B681B6C03F080217B681B68FA684E
:104128000A431A647B689A687B685B6803F07F03BC
:104138001A437B681B6B1343FB607B68DB68B3F532
:10414800806F40F0B0807B681B68824A934200F021
:10415800A0807B681B68804A934200F09A807B6845
:104168001B687E4A934200F094807B681B687C4AF7
:10417800934200F08E807B681B687A4A934200F075
:1041880088807B681B68784A934200F082807B684D
:104198001B68764A93427CD07B681B68744A9342BA
:1041A80077D07B681B68734A934272D07B681B6820
:1041B800714A93426DD07B681B68704A934268D0FD
:1041C8007B681B686E4A934263D07B681B686D4AA4
:1041D80093425ED07B681B686B4A934259D07B68D8
:1041E8001B686A4A934254D07B681B68684A9342AA
:1041F8004FD07B681B68674A93424AD07B681B682C
:10420800654A934245D07B681B68644A934240D014
:104218007B681B68624A93423BD07B681B68614A93
:10422800934236D07B681B685F4A934231D07B68E3
:104238001B685E4A93422CD07B681B685C4A934299
:1042480027D07B681B685B4A934222D07B681B6837
:10425800594A93421DD07B681B68584A934218D02C
:104268007B681B68564A934213D07B681B68554A83
:1042780093420ED07B681B68534A934209D07B68EF
:104288001B68524A934204D07B681B68504A934289
:1042980001D1012300E00023002B0DD0FB6843F47B
:1042A8008063FB6008E07B68DB68B3F5007F03D1BF
:1042B800FB6843F40073FB607B681B685A6C454BD2
:1042C80013407A681268F9680B4353647B681B686B
:1042D80000229A647B681B68364A934222D07B6826
:1042E8001B68354A93421DD07B681B68334A93424A
:1042F80018D07B681B68324A934213D07B681B68CE
:10430800304A93420ED07B681B682F4A934209D0EB
:104318007B681B682D4A934204D07B681B682C4A33
:10432800934201D1012300E00023002B07D07B68D2
:104338001B6800225A657B681B6800229A657B68A7
:104348001B680022DA6700BF1437BD465DF8047B9E
:10435800704700BF5000024050000250D000024099
:10436800D00002505001024050010250D0010240DA
:10437800D00102505002024050020250D0020240C6
:10438800D00202505003024050030250D0030240B2
:10439800D00302505004024050040250D00402409E
:1043A800D00402505005024050050250D00502408A
:1043B800D00502505006024050060250D006024076
:1043C800D00602505007024050070250D007024062
:1043D800D00702508031C03C80B584B000AF78600F
:1043E80000F0CAFFF8607B68002B01D10123DBE0F5
:1043F8007B681B686E4A934200F09F807B681B684D
:104408006C4A934200F099807B681B686A4A934221
:1044180000F093807B681B68684A934200F08D80A7
:104428007B681B68664A934200F087807B681B683C
:10443800644A934200F081807B681B68624A934219
:104448007BD07B681B68614A934276D07B681B6887
:104458005F4A934271D07B681B685E4A93426CD076
:104468007B681B685C4A934267D07B681B685B4A21
:10447800934262D07B681B68594A93425DD07B683F
:104488001B68584A934258D07B681B68564A934227
:1044980053D07B681B68554A93424ED07B681B6893
:1044A800534A934249D07B681B68524A934244D08E
:1044B8007B681B68504A93423FD07B681B684F4A11
:1044C80093423AD07B681B684D4A934235D07B684B
:1044D8001B684C4A934230D07B681B684A4A934217
:1044E8002BD07B681B68494A934226D07B681B689F
:1044F800474A934221D07B681B68464A93421CD0A6
:104508007B681B68444A934217D07B681B68434A00
:10451800934212D07B681B68414A93420DD07B6856
:104528001B68404A934208D07B681B683E4A934206
:1045380003D07B681B683D4A93427B68002283F85E
:104548004C207B68022283F854207B681B685A69D8
:104558007B681B6842F006025A610FE000F00CFF0E
:104568000246FB68D31A052B08D97B6810229A6586
:104578007B68032283F85420012315E07B681B68BD
:104588005B6903F00103002BE8D1786800F0CAFAF0
:104598007B689A6C7B681A657B6800229A657B68E1
:1045A800012283F85420002318461037BD4680BDE9
:1045B8005000024050000250D0000240D00002508B
:1045C8005001024050010250D0010240D001025077
:1045D8005002024050020250D0020240D002025063
:1045E8005003024050030250D0030240D00302504F
:1045F8005004024050040250D0040240D00402503B
:104608005005024050050250D0050240D005025026
:104618005006024050060250D0060240D006025012
:104628005007024050070250D0070240D0070250FE
:1046380080B586B000AF78607B68002B03D07B68BC
:104648005B6F002B01D1012382E07B6893F8543023
:10465800FB757B681B685B6903F480333B61FB7DFA
:10466800012B05D0FB7D022B6AD13B69002B67D05B
:104678007B6893F85430DBB2012B57D17B6893F8F1
:104688004C30012B01D1022362E07B68012283F8C0
:104698004C207B68022283F854207B685B6F0222DF
:1046A8001A737B6800229A657B685B6F00221A6127
:1046B8007B681B685A697B681B6842F4BA425A6176
:1046C8007B685B6E002B07D07B681B685A697B6828
:1046D8001B6842F400725A617B681B6F002B07D07D
:1046E8007B681B685A697B681B6842F400525A61F0
:1046F8007B685B6F1B6807F10C010022184600F00D
:1047080027FD7B685B6F1B6819467B681A680B0C72
:104718001B0413607B685B6F1B681A464FF6FC73BB
:104728001340F9687A6812680B43D3677B681B6883
:104738005A697B681B6842F001025A61002307E04E
:104748007B6840229A657B68002283F84C2001230D
:1047580018461837BD4680BD80B582B000AF786076
:1047680039607B68002B02D03B68002B01D1012304
:1047780004E03968786800F02DFB002318460837F4
:10478800BD4680BD80B58CB000AFF860B9607A6076
:10479800FB68002B02D07B68002B01D10123B6E017
:1047A800FB685B69012B04D1FB6804221A610123B1
:1047B800ADE0FB681B687A68B968184600F05CFCD5
:1047C8000346002B04D0FB6805221A6101239EE0F2
:1047D800FB681B687A68B968184600F07DFC0346D8
:1047E800002B04D0FB6804221A6101238FE0FB68C8
:1047F80002221A73FB6800221A6107F1280207F1E6
:104808002C031946786800F0A3FCFB681B68002B92
:104818001AD1BB68002B06D1FB687A681A60FB685E
:1048280001229A606CE0FB68BA681A607A684FF6F1
:10483800FC731340F96ABA6A1943BB6843F822103B
:10484800FB6802229A605BE0BB68002B0FD1FB6813
:104858001B681A464FF6FC731340F96ABA6A194383
:104868007B6843F82210FB687A681A6043E0BB6AE9
:104878007B6107F114031A46B968F86800F098FCE0
:104888000346002B32D1FA69FB689B689A421AD119
:10489800FB685B68002B0BD0FB685B681A464FF619
:1048A800FC731340F96ABA6A19437B6843F822100B
:1048B8007A684FF6FC731340F96ABA6A1943BB6801
:1048C80043F8221017E0B96ABA6ABB6853F8211096
:1048D8007B6843F822107A684FF6FC731340F96A34
:1048E800BA6A1943BB6843F8221004E0FB68062241
:1048F8001A6101230BE0FB689B685A1CFB689A60ED
:10490800FB6800221A61FB6801221A73002318460B
:104918003037BD4680BD80B58AB000AF78607B680F
:10492800002B01D1012352E07B681B68002B04D1C6
:104938007B6802221A61012349E07B685B68002BCF
:104948000CD07B685A687B681B689A4201D10023A7
:104958003DE07B6804221A61012338E07B685B69CB
:10496800012B04D17B6804221A6101232FE07B68A4
:1049780002221A737B6800221A617B681B6807F1A0
:10498800200207F12401184600F0E2FB3B6AFB60B5
:1049980007F10C031A460021786800F009FC7B68CF
:1049A8001B681A464FF6FC731340796ABA691046B9
:1049B8003A6A0B4340F822307B681A687B685A6071
:1049C8007B6800221A617B6801221A73002318464B
:1049D8002837BD4680BD000080B485B000AF786040
:1049E80039607B68002B02D03B68002B01D1012382
:1049F80072E07B6893F85430FB737B6893F854300B
:104A0800DBB2022B02D0FB7B052B08D17B6840224E
:104A18009A657B68002283F84C2001235CE03B68A0
:104A28001B7BDBB2022B04D13B6801221A610123F4
:104A380052E07B681B682B4A934222D07B681B6834
:104A4800294A93421DD07B681B68284A934218D094
:104A58007B681B68264A934213D07B681B68254AEB
:104A680093420ED07B681B68234A934209D07B6827
:104A78001B68224A934204D07B681B68204A9342F1
:104A880001D1012300E00023002B0BD13B681B68F8
:104A98001B6A03F00203002B04D03B6803221A614F
:104AA800012319E07B681B6D812B08D13B685B688B
:104AB800002B0DD13B6804221A6101230CE03B68EE
:104AC8005B68002B04D03B6804221A61012303E0D1
:104AD8007B683A685A67002318461437BD465DF864
:104AE800047B70475006024050060250D006024030
:104AF800D00602505007024050070250D00702402B
:104B0800D007025080B483B000AF78607B681B6820
:104B18001B691B0CDBB218460C37BD465DF8047BDD
:104B28007047000080B485B000AF78607B689A6BEE
:104B38007B68DB6B1343FB607B681B68854A934289
:104B480000F0A0807B681B68834A934200F09A803B
:104B58007B681B68814A934200F094807B681B68DD
:104B68007F4A934200F08E807B681B687D4A93429F
:104B780000F088807B681B687B4A934200F0828043
:104B88007B681B68794A93427CD07B681B68784AAB
:104B9800934277D07B681B68764A934272D07B68D1
:104BA8001B68754A93426DD07B681B68734A9342B1
:104BB80068D07B681B68724A934263D07B681B6825
:104BC800704A93425ED07B681B686F4A934259D003
:104BD8007B681B686D4A934254D07B681B686C4A9B
:104BE80093424FD07B681B686A4A93424AD07B68DD
:104BF8001B68694A934245D07B681B68674A9342A1
:104C080040D07B681B68664A93423BD07B681B6830
:104C1800644A934236D07B681B68634A934231D01A
:104C28007B681B68614A93422CD07B681B68604A8A
:104C3800934227D07B681B685E4A934222D07B68E8
:104C48001B685D4A93421DD07B681B685B4A934290
:104C580018D07B681B685A4A934213D07B681B683C
:104C6800584A93420ED07B681B68574A934209D032
:104C78007B681B68554A934204D07B681B68544A7A
:104C8800934201D1012300E00023002B04D07B686C
:104C98001B6CFA681343FB607B681B685B6923F431
:104CA80043017B681B68FA680A435A617B681B6882
:104CB80000221A647B681B687A68526C5A647B68A5
:104CC8001B6800229A647B681B680022DA647B6890
:104CD8001B6800221A657B681B68364A934222D0FB
:104CE8007B681B68344A93421DD07B681B68334A33
:104CF800934218D07B681B68314A934213D07B6873
:104D08001B68304A93420ED07B681B682E4A934238
:104D180009D07B681B682D4A934204D07B681B68C6
:104D28002B4A934201D1012300E00023002B07D036
:104D38007B681B6800225A657B681B6800229A659D
:104D48007B681B680022DA6700BF1437BD465DF830
:104D5800047B70475000024050000250D0000240CF
:104D6800D00002505001024050010250D0010240D0
:104D7800D00102505002024050020250D0020240BC
:104D8800D00202505003024050030250D0030240A8
:104D9800D00302505004024050040250D004024094
:104DA800D00402505005024050050250D005024080
:104DB800D00502505006024050060250D00602406C
:104DC800D00602505007024050070250D007024058
:104DD800D007025080B485B000AF786039607B6836
:104DE8005A697B68DB691A437B68DB6B1A437B680B
:104DF8001B691A437B689B691A433B681A607B6886
:104E08001B6803F02003002B17D03B681A687B68E7
:104E1800D96A7B689B6B19437B689B6A013B1B05BE
:104E280003F07C7319437B685B6A013B1B0103F445
:104E38007C730B431A433B681A607B681A6B7B6868
:104E4800596840F27F230B401A433B685A607B68DD
:104E5800DB68B3F5806F0CD17B681B6803F0200317
:104E6800002B11D03B685B6843F480623B685A6052
:104E78000AE07B68DB68B3F5007F05D13B685B68B7
:104E880043F400723B685A607B685B6C002B0FD060
:104E98003B685A687B68196C7B685B6C19437B6854
:104EA8009B6C1B0403F47C130B431A433B685A6046
:104EB8007B689B6E9AB23B689A607B681B6803F0BC
:104EC8000203002B4ED03B689A687B68DB6C013B81
:104ED8001904674B0B401A433B689A607B681B6D4B
:104EE800002B06DA3B689B6843F080523B689A6067
:104EF80005E03B689B6823F080523B689A607B68BA
:104F08005B6D002B06DA3B689B6843F000523B68F8
:104F18009A6005E03B689B6823F000523B689A6002
:104F28007B689B6D002B06DA3B689B6843F08042E8
:104F38003B689A6005E03B689B6823F080423B68C9
:104F48009A607B68DB6D002B06DA3B689B6843F050
:104F580000423B689A6005E03B689B6823F000428A
:104F68003B689A607B681A6E3B68DA607B685A6EA9
:104F78003B681A617B681B6803F00203002B59D059
:104F88007B681B6D002B09DA7B681B6D5B42FB603D
:104F9800FB68C3F30C023B685A6105E07B681B6D34
:104FA800C3F30C023B685A617B685B6D002B0DDA1A
:104FB8007B685B6D5B42FB603B685A69FB68190460
:104FC8002C4B0B401A433B685A6109E03B685A690D
:104FD8007B685B6D1904274B0B401A433B685A6189
:104FE8007B689B6D002B08DA7B689B6D5B42FB60DE
:104FF800FB689AB23B689A6104E07B689B6D9AB241
:105008003B689A617B68DB6D002B0BDA7B68DB6D94
:105018005B42FB603B689A69FB681B041A433B6868
:105028009A6107E03B689A697B68DB6D1B041A4349
:105038003B689A617B681A683B681A627B681B68E0
:1050480003F00203002B06D03B681B6A43F4E062BE
:105058003B681A6205E03B681B6A43F4A0623B6840
:105068001A6200BF1437BD465DF8047B704700BF65
:105078000000FF070000FF1F80B487B000AFF86092
:10508800B9607A60FA68BB681A437B6813431B0CE3
:105098001B043B6100237B61FB68002B02D0FB688B
:1050A8007B610AE0BB68002B02D0BB687B6104E02F
:1050B8007B68002B01D07B687B617B691B0C1B0420
:1050C8003A699A4201D0012300E0002318461C37B0
:1050D800BD465DF8047B704780B487B000AFF860C8
:1050E800B9607A6000237B61FB68002B04D0FB6801
:1050F8001B6ADBB27B610EE0BB68002B04D0BB6887
:105108001B6ADBB27B6106E07B68002B03D07B68FF
:105118001B6ADBB27B61BB68002B07D0BB681B6ACC
:10512800DBB27A699A4201D002230BE07B68002B3C
:1051380007D07B681B6ADBB27A699A4201D00323E5
:1051480000E0002318461C37BD465DF8047B704715
:1051580080B485B000AFF860B9607A60FB681B6AFC
:1051680003F00203002B0CD0BB68002B02D0BB68F5
:105178000D4A1A607B68002B0FD07B6807221A60E3
:105188000BE0BB68002B02D0BB68084A1A607B683A
:10519800002B02D07B6805221A6000BF1437BD4679
:1051A8005DF8047B704700BF000001FE000001F8B5
:1051B80080B489B000AFF860B9607A600023FB6101
:1051C8000023BB6100237B617B681B683B61BB6874
:1051D800002B42D11DE0FB69002B07D1FB681B683F
:1051E8001A464FF6FC731340BB610FE0BB697B6145
:1051F800FB681B681B0C1B04BA6913441A463B69FD
:1052080052F823204FF6FC731340BB61FB6901334E
:10521800FB61FB689B68FA699A42DCD329E0FB6969
:10522800002B07D1FB681B681A464FF6FC73134026
:10523800BB610FE0BB697B61FB681B681B0C1B042F
:10524800BA6913441A463B6952F823204FF6FC7397
:105258001340BB61FB690133FB61FB689B68FA691A
:105268009A4206D2BA684FF6FC731340BA699A425A
:10527800D5D1BB68002B08D0BA684FF6FC73134031
:10528800BA699A4201D001232BE07B68FA699A60D7
:10529800FB681B681B0C1B047A691A437B685A60FD
:1052A800FB681B681B0C1B04BA691A437B68DA602D
:1052B8007B68DB681A463B6952F82330002B0FD015
:1052C8007B68DB681A463B6952F823304FF6FC725C
:1052D8001A40FB681B681B0C1B041A437B681A6185
:1052E800002318462437BD465DF8047B704700004C
:1052F80080B500AF124B1B68114A43F480731360EA
:10530800032007F084FF05F019F902460D4B1B6ACC
:1053180003F00F030C49CB5C22FA03F30B4A13602A
:10532800042007F0B5FF0F2015F07EFB0346002B85
:1053380001D0012302E015F057FB0023184680BD79
:1053480000200240000C0246B0E2020804000020DF
:1053580080B400AF064B1B781A46064B1B681344F3
:10536800044A136000BFBD465DF8047B704700BF68
:105378000C000020D401002080B400AF034B1B6850
:105388001846BD465DF8047B704700BFD401002075
:1053980080B584B000AF7860FFF7EEFFB8607B6837
:1053A800FB60FB68B3F1FF3F05D00A4B1B781A4638
:1053B800FB681344FB6000BFFFF7DEFF0246BB68D3
:1053C800D31AFA689A42F7D800BF00BF1037BD4613
:1053D80080BD00BF0C00002080B400AF044B1B68E8
:1053E8001B0C9BB21846BD465DF8047B704700BF96
:1053F800004004E080B582B000AF78607B68002B85
:1054080001D10123B3E07B6893F84130DBB2002B74
:105418002CD17B68002283F840207B68564A5A6565
:105428007B68564A9A657B68554ADA657B68554AAF
:105438001A667B68544A5A667B68544A9A667B683F
:10544800534ADA667B68534A1A677B68524A5A6736
:105458007B68524A9A677B68DB6F002B02D17B68B6
:105468004F4ADA677B68DB6F786898477B68242245
:1054780083F841207B681B681A687B681B6822F0E8
:1054880001021A607B685A687B681B6822F07062A8
:105498001A617B681B689A687B681B6822F4004263
:1054A8009A607B68DB68012B07D17B689A687B6808
:1054B8001B6842F400429A6006E07B689A687B6841
:1054C8001B6842F404429A607B68DB68022B08D1AF
:1054D8007B681B685A687B681B6842F400625A60E4
:1054E80007E07B681B685A687B681B6822F40062C7
:1054F8005A607B681B685B687A68126843F00073BF
:1055080043F4004353607B681B68DA687B681B6858
:1055180022F40042DA607B681A697B685B6942EAB8
:1055280003017B689B691A027B681B680A43DA607F
:105538007B68D9697B681A6A7B681B680A431A60AA
:105548007B681B681A687B681B6842F001021A6056
:105558007B6800225A647B68202283F841207B689C
:1055680000221A637B68002283F842200023184631
:105578000837BD4680BD00BF3B7000084F7000086B
:105588006370000877700008A7700008BB700008F7
:10559800CF700008E3700008F77000088B700008EF
:1055A800C19C010880B582B000AF78607B68002B91
:1055B80001D101232CE07B68242283F841207B68F9
:1055C8001B681A687B681B6822F001021A607B68F6
:1055D800D3F88030002B03D17B680F4AC3F88020B2
:1055E8007B68D3F88030786898477B6800225A64D3
:1055F8007B68002283F841207B6800221A637B685D
:10560800002283F842207B68002283F84020002390
:1056180018460837BD4680BD799D010880B487B01B
:1056280000AFF8600B467A60FB720023FB757B685D
:10563800002B07D1FB685B6C43F48072FB685A64EB
:1056480001237EE0FB6893F84130DBB2202B51D177
:10565800FB7A0A2B45D801A252F823F0915600088C
:1056680099560008A1560008A9560008B156000826
:10567800B9560008C1560008C9560008D156000896
:10568800D9560008E1560008FB687A685A6557E061
:10569800FB687A689A6553E0FB687A68DA654FE0D8
:1056A800FB687A681A664BE0FB687A685A6647E0D6
:1056B800FB687A689A6643E0FB687A68DA663FE0D6
:1056C800FB687A681A673BE0FB687A685A6737E0D4
:1056D800FB687A68DA6733E0FB687A68C3F8802089
:1056E8002EE0FB685B6C43F48072FB685A6401230C
:1056F800FB7525E0FB6893F84130DBB2002B17D12E
:10570800FB7A092B02D00A2B04D008E0FB687A68E0
:10571800DA6715E0FB687A68C3F8802010E0FB6858
:105728005B6C43F48072FB685A640123FB7507E0E5
:10573800FB685B6C43F48072FB685A640123FB7559
:10574800FB7D18461C37BD465DF8047B704700BFDB
:1057580080B485B000AF78600B46FB700023FB7304
:105768007B6893F84130DBB2202B51D1FB780A2BB0
:1057780045D801A252F823F0AD570008B5570008E4
:10578800BD570008C5570008CD570008D557000871
:10579800DD570008E5570008ED570008F5570008E1
:1057A800FD5700087B68314A5A6557E07B68304AE4
:1057B8009A6553E07B682F4ADA654FE07B682E4A8A
:1057C8001A664BE07B682D4A5A6647E07B682C4A8C
:1057D8009A6643E07B682B4ADA663FE07B682A4A90
:1057E8001A673BE07B68294A5A6737E07B68284A92
:1057F800DA6733E07B68274AC3F880202EE07B68AD
:105808005B6C43F480727B685A640123FB7325E068
:105818007B6893F84130DBB2002B17D1FB78092B5A
:1058280002D00A2B04D008E07B68194ADA6715E031
:105838007B68184AC3F8802010E07B685B6C43F4EF
:1058480080727B685A640123FB7307E07B685B6C9A
:1058580043F480727B685A640123FB73FB7B184610
:105868001437BD465DF8047B704700BF3B700008E5
:105878004F7000086370000877700008A770000870
:10588800BB700008CF700008E3700008F7700008CC
:10589800C19C0108799D010880B588B002AFF86005
:1058A8007A601A460B467B8113463B81FB6893F866
:1058B8004130DBB2202B40F0DA80FB6893F84030AF
:1058C800012B01D10223D3E0FB68012283F8402099
:1058D800FFF752FD78617B690093192301224FF489
:1058E8000041F86803F060F90346002B01D001235A
:1058F800BEE0FB68212283F84120FB68102283F870
:105908004220FB6800225A64FB687A685A62FB6886
:105918003A895A85FB6800225A63FB685B8D9BB203
:10592800FF2B0ED9FB68FF221A85FB681B8DDAB2A4
:105938007989514B00934FF08073F86803F084FB2A
:105948006CE0FB685B8D9AB2FB681A85FB681B8D5F
:10595800DAB27989484B00934FF00073F86803F086
:1059680073FB5BE07A69396AF86803F076F90346F5
:10597800002B01D001237BE0FB685B6A1A78FB6887
:105988001B689A62FB685B6A5A1CFB685A62FB6870
:105998005B8D9BB2013B9AB2FB685A85FB681B8DF5
:1059A800013B9AB2FB681A85FB685B8D9BB2002BA2
:1059B80034D0FB681B8D002B30D17B6900933B6A88
:1059C80000228021F86803F0EFF80346002B01D08D
:1059D80001234DE0FB685B8D9BB2FF2B0ED9FB6862
:1059E800FF221A85FB681B8DDAB2798900230093A0
:1059F8004FF08073F86803F027FB0FE0FB685B8DBE
:105A08009AB2FB681A85FB681B8DDAB27989002384
:105A180000934FF00073F86803F016FBFB685B8D8A
:105A28009BB2002B9ED17A69396AF86803F05CF959
:105A38000346002B01D001231AE0FB681B682022D3
:105A4800DA61FB681B685968FB681A680B4B0B40E6
:105A58005360FB68202283F84120FB68002283F80A
:105A68004220FB68002283F84020002300E0022344
:105A780018461837BD4680BD0020008000E800FEAB
:105A880080B588B002AFF8607A601A460B467B8111
:105A980013463B81FB6893F84130DBB2202B40F082
:105AA800DB80FB6893F84030012B01D10223D4E05E
:105AB800FB68012283F84020FFF75EFC78617B6970
:105AC8000093192301224FF40041F86803F06CF8A1
:105AD8000346002B01D00123BFE0FB68222283F894
:105AE8004120FB68102283F84220FB6800225A6498
:105AF800FB687A685A62FB683A895A85FB68002213
:105B08005A63FB685B8D9BB2FF2B0ED9FB68FF22A3
:105B18001A85FB681B8DDAB27989524B00934FF0D6
:105B28008073F86803F090FA6DE0FB685B8D9AB2B9
:105B3800FB681A85FB681B8DDAB27989494B00939B
:105B48004FF00073F86803F07FFA5CE07A69396A0D
:105B5800F86803F00DF90346002B01D001237CE01F
:105B6800FB681B685A6AFB685B6AD2B21A70FB68EA
:105B78005B6A5A1CFB685A62FB681B8D013B9AB230
:105B8800FB681A85FB685B8D9BB2013B9AB2FB6888
:105B98005A85FB685B8D9BB2002B34D0FB681B8D4C
:105BA800002B30D17B6900933B6A00228021F86882
:105BB80002F0FAFF0346002B01D001234DE0FB68F9
:105BC8005B8D9BB2FF2B0ED9FB68FF221A85FB6801
:105BD8001B8DDAB27989002300934FF08073F8683F
:105BE80003F032FA0FE0FB685B8D9AB2FB681A8506
:105BF800FB681B8DDAB27989002300934FF000739C
:105C0800F86803F021FAFB685B8D9BB2002B9DD1ED
:105C18007A69396AF86803F067F80346002B01D0FF
:105C280001231AE0FB681B682022DA61FB681B6805
:105C38005968FB681A680C4B0B405360FB682022BC
:105C480083F84120FB68002283F84220FB68002289
:105C580083F84020002300E0022318461837BD4689
:105C680080BD00BF0024008000E800FE80B588B039
:105C780002AFF8607A601A460B467B8113463B8177
:105C8800FB6893F84130DBB2202B67D1FB681B68B7
:105C98009B6903F40043B3F5004F01D102235EE092
:105CA800FB6893F84030012B01D1022357E0FB68D1
:105CB800012283F84020FB68212283F84120FB68F9
:105CC800102283F84220FB6800225A64FB687A6835
:105CD8005A62FB683A895A85FB68234ADA62FB688C
:105CE800224A5A63FB685B8D9BB2FF2B06D9FB687F
:105CF800FF221A854FF080737B6107E0FB685B8D9C
:105D08009AB2FB681A854FF000737B61FB681B68C9
:105D1800DB6A03F40013B3F5001F0BD1FB681B8D7E
:105D2800DAB279894FF0004300937B69F86803F091
:105D38008BF909E0FB681B8DDAB279890C4B00936B
:105D48007B69F86803F080F9FB68002283F840203B
:105D58000121F86803F0AAF9002300E0022318469D
:105D68001837BD4680BD00BF0000FFFF0B7100085B
:105D78000020008080B588B002AFF8607A601A46CB
:105D88000B467B8113463B81FB6893F84130DBB2BD
:105D9800202B66D1FB681B689B6903F40043B3F5AD
:105DA800004F01D102235DE0FB6893F84030012BDE
:105DB80001D1022356E0FB68012283F84020FB68EA
:105DC800222283F84120FB68102283F84220FB68D6
:105DD80000225A64FB687A685A62FB683A895A85D5
:105DE800FB68224ADA62FB68214A5A63FB685B8DCA
:105DF8009BB2FF2B06D9FB68FF221A854FF08073F0
:105E08007B6107E0FB685B8D9AB2FB681A854FF0EF
:105E180000737B61FB681B68DB6A03F40013B3F54E
:105E2800001F0AD1FB681B8DDAB27989114B0093E8
:105E38007B69F86803F008F909E0FB681B8DDAB2A2
:105E480079890D4B00937B69F86803F0FDF8FB68CE
:105E5800002283F840200221F86803F027F9002384
:105E680000E0022318461837BD4680BD0000FFFF3A
:105E78000B710008000400800024008080B588B001
:105E880002AFF8607A601A460B467B8113463B8165
:105E9800FB6893F84130DBB2202B40F02081FB688F
:105EA8001B689B6903F40043B3F5004F01D102233B
:105EB80016E1FB6893F84030012B01D102230FE172
:105EC800FB68012283F84020FB68212283F84120E7
:105ED800FB68102283F84220FB6800225A64FB68A2
:105EE8007A685A62FB683A895A85FB687E4ADA62A0
:105EF800FB687E4A5A63FB685B8D9BB2FF2B06D911
:105F0800FB68FF221A854FF080737B6107E0FB680E
:105F18005B8D9AB2FB681A854FF000737B61FB6852
:105F28001B8D002B00F0C380FB689B6B002B5BD0A4
:105F3800FB689B6B6E4A1A66FB689B6B6D4A9A6698
:105F4800FB689B6B00225A66FB689B6B0022DA6633
:105F5800FB689B6B1B6D03F08003002B36D0FB683E
:105F68009B6B5B6F002B1DD0FB681A8DFB689B6BCE
:105F78005B6F1B689A60FB689B6B5B6F1B687A683A
:105F8800DA60FB681B6803F12802FB689B6B5B6F98
:105F98001B681A61FB689B6B1846FEF749FB0346B2
:105FA800FB7435E0FB68202283F84120FB6800225F
:105FB80083F84220FB685B6C43F08002FB685A64FC
:105FC800FB68002283F84020012389E0FB68986B76
:105FD8007968FB681B6828331A46FB681B8DFDF738
:105FE80099FC0346FB7413E0FB68202283F84120E8
:105FF800FB68002283F84220FB685B6C43F0800258
:10600800FB685A64FB68002283F84020012367E09C
:10601800FB7C002B37D1FB681B68DB6A03F4001399
:10602800B3F5001F0BD1FB681B8DDAB279894FF0ED
:10603800004300937B69F86803F006F809E0FB6801
:106048001B8DDAB279892C4B00937B69F86802F0D2
:10605800FBFFFB685B8D9AB2FB681B8DD31A9AB263
:10606800FB685A85FB68002283F840201021F868F5
:1060780003F01CF8FB681B681A68FB681B6842F48D
:1060880080421A6029E0FB68202283F84120FB68DF
:10609800002283F84220FB685B6C43F01002FB6827
:1060A8005A64FB68002283F84020012318E0FB684B
:1060B800124A5A63FB681B8DDAB279890E4B00933A
:1060C8004FF00073F86802F0BFFFFB68002283F806
:1060D80040200121F86802F0E9FF002300E00223D4
:1060E80018461837BD4680BD0000FFFFC977000875
:1060F8004B890008478B0008002000800B710008BE
:1061080080B588B002AFF8607A601A460B467B818A
:1061180013463B81FB6893F84130DBB2202B40F0FB
:106128001F81FB681B689B6903F40043B3F5004FAC
:1061380001D1022315E1FB6893F84030012B01D10E
:1061480002230EE1FB68012283F84020FB6822222B
:1061580083F84120FB68102283F84220FB68002264
:106168005A64FB687A685A62FB683A895A85FB6800
:106178007E4ADA62FB687E4A5A63FB685B8D9BB293
:10618800FF2B06D9FB68FF221A854FF080737B61CD
:1061980007E0FB685B8D9AB2FB681A854FF00073C5
:1061A8007B61FB681B8D002B00F0C280FB68DB6BFA
:1061B800002B5BD0FB68DB6B6E4A1A66FB68DB6BF7
:1061C8006D4A9A66FB68DB6B00225A66FB68DB6BDC
:1061D8000022DA66FB68DB6B1B6D03F08003002B83
:1061E80036D0FB68DB6B5B6F002B1DD0FB681A8D0C
:1061F800FB68DB6B5B6F1B689A60FB681B6803F1CD
:106208002402FB68DB6B5B6F1B68DA60FB68DB6B87
:106218005B6F1B687A681A61FB68DB6B1846FEF7D0
:1062280007FA0346FB7435E0FB68202283F8412017
:10623800FB68002283F84220FB685B6C43F0800215
:10624800FB685A64FB68002283F84020012388E039
:10625800FB68D86BFB681B68243319467A68FB68AF
:106268001B8DFDF757FB0346FB7413E0FB682022E8
:1062780083F84120FB68002283F84220FB685B6CAE
:1062880043F08002FB685A64FB68002283F84020D0
:10629800012366E0FB7C002B36D1FB681B68DB6AB8
:1062A80003F40013B3F5001F0AD1FB681B8DDAB2A3
:1062B8007989324B00937B69F86802F0C5FE09E0E2
:1062C800FB681B8DDAB279892D4B00937B69F868DE
:1062D80002F0BAFEFB685B8D9AB2FB681B8DD31A7D
:1062E8009AB2FB685A85FB68002283F84020102187
:1062F800F86802F0DBFEFB681B681A68FB681B681D
:1063080042F400421A6029E0FB68202283F8412009
:10631800FB68002283F84220FB685B6C43F01002A4
:10632800FB685A64FB68002283F84020012318E0C8
:10633800FB68144A5A63FB681B8DDAB27989104BE3
:1063480000934FF00073F86802F07EFEFB680022AD
:1063580083F840200221F86802F0A8FE002300E03C
:10636800022318461837BD4680BD00BF0000FFFF56
:10637800C9770008498A0008478B00080004008094
:10638800002400800B71000880B588B002AFF86067
:10639800084611461A4603467B810B463B81134645
:1063A800FB80FB6893F84130DBB2202B40F0F9808A
:1063B8003B6A002B02D0BB8C002B05D1FB684FF445
:1063C80000725A640123EDE0FB6893F84030012B1A
:1063D80001D10223E6E0FB68012283F84020FEF7A2
:1063E800CBFF78617B690093192301224FF40041A8
:1063F800F86802F0D9FB0346002B01D00123D1E055
:10640800FB68212283F84120FB68402283F8422060
:10641800FB6800225A64FB683A6A5A62FB68BA8CC5
:106428005A85FB6800225A63F8883A8979897B691A
:106438000193BB6A00930346F86801F0D7FC034652
:10644800002B05D0FB68002283F840200123A9E037
:10645800FB685B8D9BB2FF2B0ED9FB68FF221A8568
:10646800FB681B8DDAB27989002300934FF08073A3
:10647800F86802F0E9FD0FE0FB685B8D9AB2FB68F3
:106488001A85FB681B8DDAB27989002300934FF0D7
:106498000073F86802F0D8FD7A69B96AF86802F002
:1064A800DCFB0346002B01D001237BE0FB685B6A21
:1064B8001A78FB681B689A62FB685B6A5A1CFB685F
:1064C8005A62FB685B8D9BB2013B9AB2FB685A85A6
:1064D800FB681B8D013B9AB2FB681A85FB685B8DD4
:1064E8009BB2002B34D0FB681B8D002B30D17B690D
:1064F8000093BB6A00228021F86802F055FB03462E
:10650800002B01D001234DE0FB685B8D9BB2FF2B74
:106518000ED9FB68FF221A85FB681B8DDAB27989D0
:10652800002300934FF08073F86802F08DFD0FE0B0
:10653800FB685B8D9AB2FB681A85FB681B8DDAB223
:106548007989002300934FF00073F86802F07CFD0E
:10655800FB685B8D9BB2002B9ED17A69B96AF8689B
:1065680002F0C2FB0346002B01D001231AE0FB68AE
:106578001B682022DA61FB681B685968FB681A6887
:106588000A4B0B405360FB68202283F84120FB68CC
:10659800002283F84220FB68002283F84020002371
:1065A80000E0022318461837BD4680BD00E800FE0B
:1065B80080B588B002AFF860084611461A4603460F
:1065C8007B810B463B811346FB80FB6893F8413087
:1065D800DBB2202B40F0FD803B6A002B02D0BB8C45
:1065E800002B05D1FB684FF400725A640123F1E0D7
:1065F800FB6893F84030012B01D10223EAE0FB68E5
:10660800012283F84020FEF7B7FE78617B6900938A
:10661800192301224FF40041F86802F0C5FA034635
:10662800002B01D00123D5E0FB68222283F841200A
:10663800FB68402283F84220FB6800225A64FB680A
:106648003A6A5A62FB68BA8C5A85FB6800225A6318
:10665800F8883A8979897B690193BB6A0093034674
:10666800F86801F017FC0346002B05D0FB680022F0
:1066780083F840200123ADE0FB685B8D9BB2FF2BC4
:106688000ED9FB68FF221A85FB681B8DDAB279895F
:10669800524B00934FF08073F86802F0D5FC0FE07E
:1066A800FB685B8D9AB2FB681A85FB681B8DDAB2B2
:1066B80079894A4B00934FF00073F86802F0C4FCE4
:1066C8007B690093BB6A00220421F86802F06CFA27
:1066D8000346002B01D001237CE0FB681B685A6A43
:1066E800FB685B6AD2B21A70FB685B6A5A1CFB686B
:1066F8005A62FB681B8D013B9AB2FB681A85FB68DE
:106708005B8D9BB2013B9AB2FB685A85FB685B8D37
:106718009BB2002B34D0FB681B8D002B30D17B69DA
:106728000093BB6A00228021F86802F03DFA034614
:10673800002B01D001234DE0FB685B8D9BB2FF2B42
:106748000ED9FB68FF221A85FB681B8DDAB279899E
:10675800002300934FF08073F86802F075FC0FE097
:10676800FB685B8D9AB2FB681A85FB681B8DDAB2F1
:106778007989002300934FF00073F86802F064FCF5
:10678800FB685B8D9BB2002B9AD17A69B96AF8686D
:1067980002F0AAFA0346002B01D001231AE0FB6895
:1067A8001B682022DA61FB681B685968FB681A6855
:1067B8000B4B0B405360FB68202283F84120FB6899
:1067C800002283F84220FB68002283F8402000233F
:1067D80000E0022318461837BD4680BD002400801B
:1067E80000E800FE80B586B002AFF86008461146A2
:1067F8001A4603467B810B463B811346FB80FB68A8
:1068080093F84130DBB2202B6AD1BB69002B02D050
:10681800BB8B002B05D1FB684FF400725A6401232F
:106828005FE0FB681B689B6903F40043B3F5004F06
:1068380001D1022355E0FB6893F84030012B01D1C8
:1068480002234EE0FB68012283F84020FB682122E6
:1068580083F84120FB68402283F84220FB6800222D
:106868005A64FB6800221A85FB68BA695A62FB6899
:10687800BA8B5A85FB681D4ADA62FB681C4A5A6360
:106888007A89FB68DA64FB88012B09D13B89DAB283
:10689800FB681B689A62FB684FF0FF321A650BE0D1
:1068A8003B891B0A9BB2DAB2FB681B689A623B8978
:1068B800DBB21A46FB681A65FB88DAB279890D4B98
:1068C80000934FF08073F86802F0BEFBFB6800226B
:1068D80083F840200121F86802F0E8FB002300E07B
:1068E800022318461037BD4680BD00BF0000FFFFD9
:1068F8005D7300080020008080B586B002AFF860A4
:10690800084611461A4603467B810B463B811346CF
:10691800FB80FB6893F84130DBB2202B66D1BB6962
:10692800002B02D0BB8B002B05D1FB684FF4007203
:106938005A6401235BE0FB681B689B6903F400430E
:10694800B3F5004F01D1022351E0FB6893F84030C2
:10695800012B01D102234AE0FB68012283F8402081
:10696800FB68222283F84120FB68402283F84220FA
:10697800FB6800225A64FB68BA695A62FB68BA8BE2
:106988005A85FB681C4ADA62FB681C4A5A637A8992
:10699800FB68DA64FB88012B09D13B89DAB2FB6812
:1069A8001B689A62FB684FF0FF321A650BE03B895F
:1069B8001B0A9BB2DAB2FB681B689A623B89DBB29E
:1069C8001A46FB681A65FB88DAB279890C4B009382
:1069D8000023F86802F038FBFB68002283F84020A7
:1069E8000121F86802F062FB002300E00223184648
:1069F8001037BD4680BD00BF0000FFFF5D73000873
:106A08000020008080B588B002AFF86008461146C3
:106A18001A4603467B810B463B811346FB80FB6885
:106A280093F84130DBB2202B40F001813B6A002B08
:106A380002D0BB8C002B05D1FB684FF400725A645E
:106A48000123F5E0FB681B689B6903F40043B3F579
:106A5800004F01D10223EBE0FB6893F84030012B93
:106A680001D10223E4E0FB68012283F84020FB689F
:106A7800212283F84120FB68402283F84220FB68EA
:106A880000225A64FB683A6A5A62FB68BA8C5A85D3
:106A9800FB68694ADA62FB68684A5A637A89FB6864
:106AA800DA64FB685B8D9BB2FF2B03D9FB68FF227E
:106AB8001A8504E0FB685B8D9AB2FB681A85FB882F
:106AC800012B09D13B89DAB2FB681B689A62FB6823
:106AD8004FF0FF321A650BE03B891B0A9BB2DAB212
:106AE800FB681B689A623B89DBB21A46FB681A6529
:106AF800FB689B6B002B5BD0FB689B6B504A1A664C
:106B0800FB689B6B4F4A9A66FB689B6B00225A6630
:106B1800FB689B6B0022DA66FB689B6B1B6D03F0BE
:106B28008003002B36D0FB689B6B5B6F002B1DD05E
:106B3800FB681A8DFB689B6B5B6F1B689A60FB6830
:106B48009B6B5B6F1B683A6ADA60FB681B6803F132
:106B58002802FB689B6B5B6F1B681A61FB689B6B69
:106B68001846FDF765FD0346FB7535E0FB682022F6
:106B780083F84120FB68002283F84220FB685B6CA5
:106B880043F08002FB685A64FB68002283F84020C7
:106B980001234DE0FB68986B396AFB681B68283352
:106BA8001A46FB681B8DFCF7B5FE0346FB7513E020
:106BB800FB68202283F84120FB68002283F84220EA
:106BC800FB685B6C43F08002FB685A64FB68002238
:106BD80083F8402001232BE0FB7D002B13D1FB8899
:106BE800DAB27989184B00934FF08073F86802F095
:106BF8002BFAFB68002283F840200121F86802F094
:106C080055FA002314E0FB68202283F84120FB6832
:106C1800002283F84220FB685B6C43F01002FB689B
:106C28005A64FB68002283F84020012300E0022315
:106C380018461837BD4680BD0000FFFFB17900082F
:106C48004B890008478B00080020008080B588B079
:106C580002AFF860084611461A4603467B810B4688
:106C68003B811346FB80FB6893F84130DBB2202B55
:106C780040F000813B6A002B02D0BB8C002B05D171
:106C8800FB684FF400725A640123F4E0FB681B6848
:106C98009B6903F40043B3F5004F01D10223EAE0F6
:106CA800FB6893F84030012B01D10223E3E0FB6835
:106CB800012283F84020FB68222283F84120FB68E8
:106CC800402283F84220FB6800225A64FB683A6A33
:106CD8005A62FB68BA8C5A85FB68694ADA62FB68B3
:106CE800684A5A637A89FB68DA64FB685B8D9BB2F1
:106CF800FF2B03D9FB68FF221A8504E0FB685B8D34
:106D08009AB2FB681A85FB88012B09D13B89DAB254
:106D1800FB681B689A62FB684FF0FF321A650BE04C
:106D28003B891B0A9BB2DAB2FB681B689A623B89F3
:106D3800DBB21A46FB681A65FB68DB6B002B5BD07D
:106D4800FB68DB6B504A1A66FB68DB6B4F4A9A6636
:106D5800FB68DB6B00225A66FB68DB6B0022DA6695
:106D6800FB68DB6B1B6D03F08003002B36D0FB68E0
:106D7800DB6B5B6F002B1DD0FB681A8DFB68DB6B30
:106D88005B6F1B689A60FB681B6803F12402FB6851
:106D9800DB6B5B6F1B68DA60FB68DB6B5B6F1B6828
:106DA8003A6A1A61FB68DB6B1846FDF741FC03463B
:106DB800FB7535E0FB68202283F84120FB68002240
:106DC80083F84220FB685B6C43F08002FB685A64DE
:106DD800FB68002283F8402001234CE0FB68D86B55
:106DE800FB681B68243319463A6AFB681B8DFCF75D
:106DF80091FD0346FB7513E0FB68202283F84120D0
:106E0800FB68002283F84220FB685B6C43F0800239
:106E1800FB685A64FB68002283F8402001232AE0BB
:106E2800FB7D002B12D1FB88DAB27989184B0093CD
:106E38000023F86802F008F9FB68002283F8402074
:106E48000121F86802F032F9002314E0FB682022DF
:106E580083F84120FB68002283F84220FB685B6CC2
:106E680043F01002FB685A64FB68002283F8402054
:106E7800012300E0022318461837BD4680BD00BF35
:106E88000000FFFFB1790008498A0008478B000815
:106E98000020008080B586B002AF78600B467B800A
:106EA8007B6893F84230FB73FB7B102B02D0FB7B93
:106EB800402B3CD17B6893F84030012B01D1022351
:106EC80036E07B68012283F840207B6893F84130E4
:106ED800DBB2212B07D10121786802F06BF97B68BE
:106EE80011221A630CE07B6893F84130DBB2222B45
:106EF80006D10221786802F05DF97B6812221A63D4
:106F08007B68602283F8412079880B4B00934FF00F
:106F180000730122786802F097F87B68002283F8F2
:106F280040202021786802F0C1F8002300E0012306
:106F380018461037BD4680BD0040008080B584B03B
:106F480000AF78607B681B689B69FB607B681B6887
:106F58001B68BB607B685B6B002B05D07B685B6B39
:106F6800BA68F9687868984700BF1037BD4680BD91
:106F780080B586B000AF78607B681B689B697B61D1
:106F88007B681B681B683B617B691B0A03F0010374
:106F9800002B10D03B69DB0903F00103002B0AD05A
:106FA8007B685B6C43F001027B685A647B681B68F2
:106FB8004FF48072DA617B699B0A03F00103002BAE
:106FC80010D03B69DB0903F00103002B0AD07B6872
:106FD8005B6C43F008027B685A647B681B684FF45B
:106FE8008062DA617B695B0A03F00103002B10D031
:106FF8003B69DB0903F00103002B0AD07B685B6C5B
:1070080043F002027B685A647B681B684FF4007285
:10701800DA617B685B6CFB60FB6803F00B03002B99
:1070280003D0F968786801F04FFB00BF1837BD46F8
:1070380080BD80B483B000AF786000BF0C37BD4618
:107048005DF8047B704780B483B000AF786000BF00
:107058000C37BD465DF8047B704780B483B000AF41
:10706800786000BF0C37BD465DF8047B704780B47C
:1070780083B000AF786000BF0C37BD465DF8047B75
:10708800704780B483B000AF78600B46FB7013463E
:107098003B8000BF0C37BD465DF8047B704780B469
:1070A80083B000AF786000BF0C37BD465DF8047B45
:1070B800704780B483B000AF786000BF0C37BD461E
:1070C8005DF8047B704780B483B000AF786000BF80
:1070D8000C37BD465DF8047B704780B483B000AFC1
:1070E800786000BF0C37BD465DF8047B704780B4FC
:1070F80083B000AF786000BF0C37BD465DF8047BF5
:10710800704780B588B002AFF860B9607A60BB6834
:107118007B61FB6893F84030012B01D1022314E115
:10712800FB68012283F840207B691B0903F00103F7
:10713800002B13D07B681B0903F00103002B0DD033
:10714800FB681B681022DA61FB685B6C43F0040281
:10715800FB685A64F86801F0D0FBE1E07B699B08A2
:1071680003F00103002B23D07B689B0803F0010385
:10717800002B1DD07B6923F004037B61FB681B682F
:107188005A6AFB685B6AD2B21A70FB685B6A5A1C5F
:10719800FB685A62FB681B8D013B9AB2FB681A8533
:1071A800FB685B8D9BB2013B9AB2FB685A85B7E0DE
:1071B8007B695B0803F00103002B1ED07B685B082A
:1071C80003F00103002B18D0FB685B6A1A78FB6890
:1071D8001B689A62FB685B6A5A1CFB685A62FB6808
:1071E8001B8D013B9AB2FB681A85FB685B8D9BB2CD
:1071F800013B9AB2FB685A8592E07B69DB0903F090
:107208000103002B5DD07B689B0903F00103002B71
:1072180057D0FB685B8D9BB2002B40D0FB681B8D61
:10722800002B3CD1FB681B685B689BB2C3F3090366
:107238007B82FB685B8D9BB2FF2B0ED9FB68FF221C
:107248001A85FB681B8DDAB2798A002300934FF008
:107258008073F86801F0F8FE32E0FB685B8D9AB243
:10726800FB681A85FB68DB6A13F5803F0BD0FB6867
:107278001B8DDAB2FB68DB6A798A00200090F86817
:1072880001F0E2FE1CE0FB681B8DDAB2798A00236C
:1072980000934FF00073F86801F0D6FE10E0FB6829
:1072A8001B685B6803F00073B3F1007F03D0F868D4
:1072B80000F0C8FE34E04021F86801F005FA2FE03C
:1072C8002EE07B699B0903F00103002B28D07B6823
:1072D8009B0903F00103002B22D0FB685B8D9BB256
:1072E800002B19D1FB681B685B6803F00073B3F1CE
:1072F800007F15D0FB68DB6A13F5803F08D1FB6877
:107308001B685A68FB681B6842F480425A6007E0B1
:10731800F86800F097FE03E04021F86801F0D4F91E
:107328007B695B0903F00103002B09D07B685B09CB
:1073380003F00103002B03D07969F86800F022FFFD
:10734800FB68002283F84020002318461837BD4602
:1073580080BD000080B588B002AFF860B9607A607F
:10736800934B7B61BB683B61FB6893F84030012B12
:1073780001D1022318E1FB68012283F840203B6910
:107388001B0903F00103002B13D07B681B0903F0D2
:107398000103002B0DD0FB681B681022DA61FB6823
:1073A8005B6C43F00402FB685A64F86801F0A5FAC4
:1073B800E5E03B699B0803F00103002B23D07B68C1
:1073C8009B0803F00103002B1DD03B6923F0040345
:1073D8003B61FB681B685A6AFB685B6AD2B21A7029
:1073E800FB685B6A5A1CFB685A62FB681B8D013B91
:1073F8009AB2FB681A85FB685B8D9BB2013B9AB217
:10740800FB685A85BBE03B695B0803F00103002B6E
:107418002DD07B685B0803F00103002B27D0FB68A5
:107428001B6DB3F1FF3F18D1FB685B6A1A78FB68E4
:107438001B689A62FB685B6A5A1CFB685A62FB68A5
:107448001B8D013B9AB2FB681A85FB685B8D9BB26A
:10745800013B9AB2FB685A8591E0FB681B68FA68A1
:10746800126D9A62FB684FF0FF321A6587E03B693C
:10747800DB0903F00103002B3DD07B689B0903F077
:107488000103002B37D0FB685B8D9BB2002B2CD0FF
:10749800FB681B8D002B28D1FB685B8D9BB2FF2BF3
:1074A80010D9FB68FF221A85FB68DB6C99B2FB6870
:1074B8001B8DDAB2002300934FF08073F86801F057
:1074C800C3FD17E0FB685B8D9AB2FB681A85FB6801
:1074D800DB6C99B2FB681B8DDAB2002300934FF086
:1074E8000073F86801F0B0FD04E04021F86801F08D
:1074F800EBF844E043E03B699B0903F00103002BF0
:107508003DD07B689B0903F00103002B37D0012194
:10751800F86801F04FFE0221F86801F0C7FDFB682A
:1075280093F84130DBB2222B01D1224B7B61FB68FF
:107538005B8D9BB2FF2B10D9FB68FF221A85FB6875
:10754800DB6C99B2FB681B8DDAB27B6900934FF054
:107558008073F86801F078FD11E0FB685B8D9AB2E2
:10756800FB681A85FB68DB6C99B2FB681B8DDAB285
:107578007B6900934FF00073F86801F065FD3B6983
:107588005B0903F00103002B09D07B685B0903F05A
:107598000103002B03D03969F86800F0F3FDFB689C
:1075A800002283F84020002318461837BD4680BDC6
:1075B800002000800024008080B586B000AFF8600D
:1075C800B9607A60FB68DB6A7B61BB683B61FB681A
:1075D80093F84030012B01D10223EDE0FB68012232
:1075E80083F840203B695B0903F00103002B0AD0B4
:1075F8007B685B0903F00103002B04D03969F86844
:1076080000F08EFED3E03B691B0903F00103002B59
:107618004DD07B681B0903F00103002B47D0FB68A2
:107628005B8D9BB2002B28D1FB6893F84130DBB20D
:10763800282B08D17B69B3F1007F04D13969F86838
:1076480000F0ECFF32E0FB6893F84130DBB2292B05
:107658000ED17B6913F5803F0AD0FB681B681022A6
:10766800DA61F86801F049F9F86800F02AFD1DE0D0
:10767800FB681B681022DA6196E0FB681B68102221
:10768800DA61FB685B6C43F00402FB685A647B694F
:10769800002B04D07B69B3F1807F40F08580FB68C4
:1076A8005B6C1946F86801F00FF87DE07CE03B69F7
:1076B8009B0803F00103002B30D07B689B0803F084
:1076C8000103002B2AD0FB685B8D9BB2002B18D0DE
:1076D800FB681B685A6AFB685B6AD2B21A70FB685F
:1076E8005B6A5A1CFB685A62FB681B8D013B9AB2A5
:1076F800FB681A85FB685B8D9BB2013B9AB2FB68FD
:107708005A85FB685B8D9BB2002B4FD17B6913F5C3
:10771800803F4BD0F86800F0D4FC47E03B69DB08B9
:1077280003F00103002B0AD07B68DB0803F0010398
:10773800002B04D03969F86800F000FC37E03B6999
:107748005B0803F00103002B31D07B685B0803F072
:107758000103002B2BD0FB685B8D9BB2002B18D04C
:10776800FB685B6A1A78FB681B689A62FB685B6A4D
:107778005A1CFB685A62FB685B8D9BB2013B9AB24C
:10778800FB685A85FB681B8D013B9AB2FB681A851A
:107798000DE07B69B3F1807F02D07B69002B06D1B5
:1077A800F86800F08EFC02E000BF00E000BFFB6854
:1077B800002283F84020002318461837BD4680BDB4
:1077C80080B588B002AFF860B9607A60FB6893F85A
:1077D8004030012B01D10223E1E0FB68012283F84C
:1077E8004020BB681B0903F00103002B17D07B68FE
:1077F8001B0903F00103002B11D0FB681B68102242
:10780800DA61FB685B6C43F00402FB685A64202170
:10781800F86801F04BFCF86801F06FF8BAE0BB6853
:10782800DB0903F00103002B72D07B689B0903F08E
:107838000103002B6CD0FB681B681A68FB681B6887
:1078480022F040021A60FB685B8D9BB2002B4ED081
:10785800FB681B685B689BB2C3F309037B82FB6808
:107868005B8D9BB2FF2B06D9FB68FF221A854FF070
:1078780080737B6110E0FB685B8D9AB2FB681A85A8
:10788800FB68DB6A13F5803F03D0FB68DB6A7B612A
:1078980002E04FF000737B61FB681B8DDAB2798AD6
:1078A800002300937B69F86801F0CEFBFB685B8DD1
:1078B8009AB2FB681B8DD31A9AB2FB685A85FB688B
:1078C80093F84130DBB2222B08D1FB681B681A6899
:1078D800FB681B6842F400421A605BE0FB681B68A7
:1078E8001A68FB681B6842F480421A6052E0FB6821
:1078F8001B685B6803F00073B3F1007F03D0F8687E
:1079080000F0A0FB46E04021F86800F0DDFE41E011
:10791800BB689B0903F00103002B29D07B689B09F6
:1079280003F00103002B23D0FB685B8D9BB2002B77
:1079380019D1FB681B685B6803F00073B3F1007F23
:1079480027D0FB68DB6A13F5803F08D1FB681B680A
:107958005A68FB681B6842F480425A6019E0F8686C
:1079680000F070FB15E04021F86800F0ADFE10E073
:10797800BB685B0903F00103002B0BD07B685B0934
:1079880003F00103002B05D0B968F86800F0FAFB92
:1079980000E000BFFB68002283F84020002318465F
:1079A8001837BD4680BD000080B588B002AFF860CA
:1079B800B9607A60924B7B61FB6893F84030012B89
:1079C80001D1022318E1FB68012283F84020BB683B
:1079D8001B0903F00103002B17D07B681B0903F078
:1079E8000103002B11D0FB681B681022DA61FB68C9
:1079F8005B6C43F00402FB685A642021F86801F0CC
:107A080055FBF86800F079FFF1E0BB685B0803F00C
:107A18000103002B0FD07B685B0803F00103002BE8
:107A280009D0FB681B68FA68126D9A62FB684FF010
:107A3800FF321A65DBE0BB68DB0903F00103002BAA
:107A480060D07B689B0903F00103002B5AD0012109
:107A5800F86801F0AFFB1021F86801F027FBFB681C
:107A68005B8D9BB2002B48D0FB685B8D9BB2FF2BD4
:107A780010D9FB68FF221A85FB68DB6C99B2FB689A
:107A88001B8DDAB2002300934FF08073F86801F081
:107A9800DBFA11E0FB685B8D9AB2FB681A85FB681C
:107AA800DB6C99B2FB681B8DDAB2002300934FF0B0
:107AB8000073F86801F0C8FAFB685B8D9AB2FB683E
:107AC8001B8DD31A9AB2FB685A85FB6893F841302C
:107AD800DBB2222B08D1FB681B681A68FB681B689D
:107AE80042F400421A6082E0FB681B681A68FB686F
:107AF8001B6842F480421A6079E04021F86800F07F
:107B0800E3FD74E0BB689B0903F00103002B5ED022
:107B18007B689B0903F00103002B58D00121F8680A
:107B280001F048FB1021F86801F0C0FAFB6893F8EF
:107B38004130DBB2222B01D1324B7B61FB685B8D7C
:107B48009BB2FF2B10D9FB68FF221A85FB68DB6C00
:107B580099B2FB681B8DDAB27B6900934FF0807392
:107B6800F86801F071FA11E0FB685B8D9AB2FB6866
:107B78001A85FB68DB6C99B2FB681B8DDAB27B69EE
:107B880000934FF00073F86801F05EFAFB685B8DB4
:107B98009AB2FB681B8DD31A9AB2FB685A85FB68A8
:107BA80093F84130DBB2222B08D1FB681B681A68B6
:107BB800FB681B6842F400421A6018E0FB681B6807
:107BC8001A68FB681B6842F480421A600FE0BB68C1
:107BD8005B0903F00103002B09D07B685B0903F004
:107BE8000103002B03D0B968F86800F0CBFAFB68F2
:107BF800002283F84020002318461837BD4680BD70
:107C0800002000800024008090B589B000AFF860A3
:107C1800B9607A60FB68DB6ABB610023FB61FB68C3
:107C280093F84030012B01D10223DBE0FB680122ED
:107C380083F84020BB685B0903F00103002B0AD0DE
:107C48007B685B0903F00103002B04D0B968F8686E
:107C580000F066FBC1E0BB681B0903F00103002BC1
:107C680000F0AB807B681B0903F00103002B00F0D8
:107C7800A4807B689B0B03F00103002B06D17B6873
:107C8800DB0B03F00103002B00F09080FB68DB6B3B
:107C9800002B15D07B68DB0B03F00103002B0FD002
:107CA800FB68DB6B1B689B6C9CB2FB68DB6B184644
:107CB800FCF728FF03462344002B01D10123FB6175
:107CC800FB689B6B002B15D07B689B0B03F00103B3
:107CD800002B0FD0FB689B6B1B689B6C9CB2FB68EE
:107CE8009B6B1846FCF70EFF03462344002B01D17B
:107CF8000123FB61FB69012B28D1FB6893F8413014
:107D0800DBB2282B08D1BB69B3F1007F04D1B96875
:107D1800F86800F083FC48E0FB6893F84130DBB278
:107D2800292B0ED1BB6913F5803F0AD0FB681B686D
:107D38001022DA61F86800F0E0FDF86800F0C1F997
:107D480033E0FB681B681022DA6134E0FB681B68CB
:107D58001022DA61FB685B6C43F00402FB685A642A
:107D6800FB6893F84130FB75BB69002B03D0BB69F6
:107D7800B3F1807F1FD1FB7D212B02D0FB7D292B06
:107D880003D1FB6821221A6308E0FB7D222B02D075
:107D9800FB7D2A2B02D1FB6822221A63FB685B6CED
:107DA8001946F86800F090FC05E004E0FB681B68E1
:107DB8001022DA6111E000BF0FE0BB68DB0803F0B6
:107DC8000103002B09D07B68DB0803F00103002BBB
:107DD80003D0B968F86800F0B1F8FB68002283F8AE
:107DE8004020002318462437BD4690BD80B586B094
:107DF80002AFF860084611461A4603467B810B46D7
:107E08003B811346FB80FB88DAB27989204B0093CB
:107E18004FF08073F86801F017F9FA69B969F868E2
:107E280000F01BFF0346002B01D001232CE0FB8848
:107E3800012B05D13B89DAB2FB681B689A6215E011
:107E48003B891B0A9BB2DAB2FB681B689A62FA6923
:107E5800B969F86800F001FF0346002B01D001233F
:107E680012E03B89DAB2FB681B689A62FB690093EF
:107E7800BB6900228021F86800F096FE0346002BBB
:107E880001D0012300E0002318461037BD4680BD0D
:107E98000020008080B586B002AFF8600846114621
:107EA8001A4603467B810B463B811346FB80FB88C1
:107EB800DAB27989204B00930023F86801F0C4F8FE
:107EC800FA69B969F86800F0C8FE0346002B01D0CA
:107ED80001232CE0FB88012B05D13B89DAB2FB6832
:107EE8001B689A6215E03B891B0A9BB2DAB2FB68F1
:107EF8001B689A62FA69B969F86800F0AEFE034631
:107F0800002B01D0012312E03B89DAB2FB681B6821
:107F18009A62FB690093BB6900224021F86800F06F
:107F280043FE0346002B01D0012300E0002318463E
:107F38001037BD4680BD00BF0020008080B584B0EA
:107F480000AF786039607B6893F84130DBB203F0AA
:107F58002803282B6AD17B681B689B691B0CDBB242
:107F680003F00103FB737B681B689B691B0C9BB2C6
:107F780003F0FE03BB817B681B689B689BB2C3F35D
:107F880009037B817B681B68DB689BB203F0FE03F7
:107F98003B817B68DB68022B38D17B89DB099AB28D
:107FA800BB8953409BB203F00603002B1CD17B898D
:107FB800BB817B689B6C5A1C7B689A647B689B6C52
:107FC800022B3BD17B6800229A647B681B680822DD
:107FD800DA617B68002283F840207B689B6FBA894E
:107FE800F97B7868984729E03B89BB814FF40041C9
:107FF800786801F0DFF87B68002283F840207B680E
:108008009B6FBA89F97B7868984717E04FF400416D
:10801800786801F0CFF87B68002283F840207B68FD
:108028009B6FBA89F97B7868984707E07B681B687B
:108038000822DA617B68002283F8402000BF1037ED
:10804800BD4680BD80B582B000AF78607B680022F5
:1080580083F842207B6893F84130DBB2212B16D19C
:108068007B68202283F841207B6811221A637B6891
:1080780000225A630121786801F09CF87B6800228D
:1080880083F840207B685B6D7868984715E07B68CB
:10809800202283F841207B6812221A637B68002221
:1080A8005A630221786801F085F87B68002283F81A
:1080B80040207B689B6D7868984700BF0837BD46AD
:1080C80080BD80B584B000AF78607B681B681B6892
:1080D800FB607B68002283F84220FB689B0B03F05F
:1080E8000103002B08D07B681B681A687B681B6833
:1080F80022F480421A600DE0FB68DB0B03F00103F9
:10810800002B07D07B681B681A687B681B6822F401
:1081180000421A607B6893F84130DBB2292B13D1F7
:108128007B68282283F841207B6821221A63012179
:10813800786801F03FF87B68002283F840207B686C
:10814800DB6D7868984718E07B6893F84130DBB2BC
:108158002A2B12D17B68282283F841207B682222AF
:108168001A630221786801F025F87B68002283F8F9
:1081780040207B681B6E7868984700BF1037BD4663
:1081880080BD000080B586B000AF786039603B687C
:108198007B617B681B682022DA617B6893F8413039
:1081A800DBB2212B07D10121786801F003F87B6845
:1081B80011221A630CE07B6893F84130DBB2222B62
:1081C80006D10221786800F0F5FF7B6812221A6355
:1081D8007B681B6859687B681A684F4B0B40536073
:1081E8007B6800225A637B684C4ADA627B691B0908
:1081F80003F00103002B09D07B681B681022DA61A9
:108208007B685B6C43F004027B685A647B6893F874
:108218004130DBB2602B0BD17B699B0803F0010373
:10822800002B05D07B681B685B6ADBB2FB60FB68D0
:10823800786800F062FB7B685B6C3B617B6893F855
:108248004130DBB2602B02D03B69002B06D07B6843
:108258005B6C1946786800F037FA58E07B6893F849
:108268004130DBB2212B26D17B68202283F84120C4
:108278007B6800221A637B6893F84230DBB2402B9C
:108288000CD17B68002283F842207B68002283F8A7
:1082980040207B689B6E7868984738E07B680022AE
:1082A80083F842207B68002283F840207B685B6D5E
:1082B800786898472BE07B6893F84130DBB2222B33
:1082C80025D17B68202283F841207B6800221A632D
:1082D8007B6893F84230DBB2402B0CD17B680022DC
:1082E80083F842207B68002283F840207B68DB6E9D
:1082F800786898470BE07B68002283F842207B6807
:10830800002283F840207B689B6D7868984700BFFF
:108318001837BD4680BD00BF00E800FE0000FFFF23
:1083280090B587B000AF786039607B681B681B68C0
:108338003B613B687B617B68DB6AFB607B6893F829
:108348004130FB727B681B682022DA61FB7A212BA3
:1083580002D0FB7A292B08D148F20101786800F095
:1083680029FF7B6821221A6319E0FB7A222B02D0AD
:10837800FB7A2A2B08D148F20201786800F01AFF2C
:108388007B6822221A630AE0FB7A282B07D148F27D
:108398000301786800F00EFF7B6800221A637B688F
:1083A8001B685A687B681B6842F400425A607B6805
:1083B8001B6859687B681A68964B0B40536078684D
:1083C80000F09BFA3B699B0B03F00103002B1CD0C8
:1083D8007B681B681A687B681B6822F480421A60F5
:1083E8007B689B6B002B32D07B689B6B1B689B6CFC
:1083F8009CB27B689B6B1846FCF784FB03469BB2D8
:1084080023449AB27B685A8521E03B69DB0B03F071
:108418000103002B1BD07B681B681A687B681B68EC
:1084280022F400421A607B68DB6B002B0FD07B685C
:10843800DB6B1B689B6C9CB27B68DB6B1846FCF79C
:1084480061FB03469BB223449AB27B685A857B69D9
:108458009B0803F00103002B20D07B6923F0040361
:108468007B617B681B685A6A7B685B6AD2B21A7048
:108478007B685B6A5A1C7B685A627B681B8D002B81
:108488000CD07B681B8D013B9AB27B681A857B6890
:108498005B8D9BB2013B9AB27B685A857B685B8D8A
:1084A8009BB2002B05D07B685B6C43F004027B68B1
:1084B8005A647B691B0903F00103002B4AD03B690E
:1084C8001B0903F00103002B44D07B685B8D9BB232
:1084D800002B28D17B6893F84130DBB2282B08D1D8
:1084E800FB68B3F1007F04D17969786800F096F8E9
:1084F80030E07B6893F84130DBB2292B0ED1FB6862
:1085080013F5803F0AD07B681B681022DA6178680F
:1085180000F0F3F97868FFF7D4FD1BE07B681B686F
:108528001022DA6116E07B681B681022DA617B682A
:108538005B6C43F004027B685A64FB68002B03D031
:10854800FB68B3F1807F05D17B685B6C194678685E
:1085580000F0BAF87B68002283F842207B6800228A
:108568005A637B685B6C002B10D07B685B6C194688
:10857800786800F0A9F87B6893F84130DBB2282BC3
:1085880044D17969786800F049F83FE07B68DB6A94
:1085980013F5803F15D07868FFF793FD7B681E4A76
:1085A800DA627B68202283F841207B6800221A6304
:1085B8007B68002283F840207B685B6E7868984768
:1085C80024E07B6893F84130DBB2222B0FD17B6823
:1085D800202283F841207B6800221A637B680022EE
:1085E80083F840207B681B6E786898470EE07B68AC
:1085F800202283F841207B6800221A637B680022CE
:1086080083F840207B68DB6D7868984700BF1C378B
:10861800BD4690BD00E800FE0000FFFF80B582B0B7
:1086280000AF786039607B68264ADA627B6800228E
:108638001A637B68202283F841207B68002283F834
:1086480042207B6800225A633B689B0803F00103C1
:10865800002B22D07B681B685A6A7B685B6AD2B29F
:108668001A707B685B6A5A1C7B685A627B681B8D30
:10867800002B12D07B681B8D013B9AB27B681A8550
:108688007B685B8D9BB2013B9AB27B685A857B689D
:108698005B6C43F004027B685A6448F20301786813
:1086A80000F088FD7B681B681022DA617B68002275
:1086B80083F840207B685B6E7868984700BF08376E
:1086C800BD4680BD0000FFFF80B584B000AF786074
:1086D80039607B6893F84130FB737B68002283F82C
:1086E80042207B686D4ADA627B6800225A857B6883
:1086F8005A6C3B681A437B685A64FB7B282B05D06D
:10870800FB7B292B02D0FB7B2A2B0BD1032178681A
:1087180000F050FD7B68282283F841207B68604A7E
:108728005A6330E048F20301786800F043FD786846
:1087380000F0E3F87B6893F84130DBB2602B1FD080
:108748007B68202283F841207B681B689B6903F0C3
:108758002003202B14D17B681B689B6903F010034E
:10876800102B09D17B681B681022DA617B685B6C6F
:1087780043F004027B685A647B681B682022DA6134
:108788007B6800225A637B681B6BBB607B689B6BB2
:10879800002B39D0BB68112B02D0BB68212B33D1F9
:1087A8007B681B681B6803F48043B3F5804F07D1CF
:1087B8007B681B681A687B681B6822F480421A6011
:1087C8007B689B6B1846FBF70BFB0346012B17D006
:1087D8007B689B6B334ADA667B68002283F840200B
:1087E8007B689B6B1846FBF771F90346002B4DD04D
:1087F8007B689B6BDB6E7A68926B1046984745E006
:10880800786800F051F841E07B68DB6B002B39D0C9
:10881800BB68122B02D0BB68222B33D17B681B6844
:108828001B6803F40043B3F5004F07D17B681B684E
:108838001A687B681B6822F400421A607B68DB6B4D
:108848001846FBF7CDFA0346012B17D07B68DB6B84
:10885800144ADA667B68002283F840207B68DB6B69
:108868001846FBF733F90346002B11D07B68DB6B06
:10887800DB6E7A68D26B1046984709E0786800F09A
:1088880013F805E0786800F00FF802E000BF00E098
:1088980000BF00BF1037BD4680BD00BF0000FFFF0E
:1088A800C1750008758B000880B582B000AF78608C
:1088B8007B6893F84130DBB2602B0FD17B682022B4
:1088C80083F841207B6800221A637B68002283F8C2
:1088D80040207B685B6F786898470AE07B680022D5
:1088E8001A637B68002283F840207B681B6F7868D6
:1088F800984700BF0837BD4680BD80B483B000AF3D
:1089080078607B681B689B6903F00203022B03D124
:108918007B681B6800229A627B681B689B6903F06E
:108928000103012B07D07B681B689A697B681B6869
:1089380042F001029A6100BF0C37BD465DF8047B26
:10894800704780B584B000AF78600023FB737B6804
:10895800DB6DBB60BB681B681A68BB681B6822F4C8
:1089680080421A60BB685B8D9BB2002B04D120212A
:10897800B86800F09BFB5FE0BB685B6ABA68128D61
:108988001A44BB685A62BB685B8D9BB2FF2B03D944
:10899800BB68FF221A8504E0BB685B8D9AB2BB688E
:1089A8001A85BB689B6B1B6D03F08003002B28D0D6
:1089B800BB689B6B5B6F002B1ED0BB681A8DBB68B6
:1089C8009B6B5B6F1B689A60BB685A6ABB689B6B42
:1089D8005B6F1B68DA60BB681B6803F12802BB6821
:1089E8009B6B5B6F1B681A61BB689B6B1846FBF738
:1089F8001FFE0346FB7313E01021B868FFF764FEFF
:108A08000EE0BB68986BBB685B6A1946BB681B685D
:108A180028331A46BB681B8DFAF77CFF0346FB73A5
:108A2800FB7B002B04D01021B868FFF74DFE03E054
:108A38004021B86800F03AFB00BF1037BD4680BD42
:108A480080B584B000AF78600023FB737B68DB6D72
:108A5800BB60BB681B681A68BB681B6822F40042CD
:108A68001A60BB685B8D9BB2002B04D12021B868CB
:108A780000F01CFB5FE0BB685B6ABA68128D1A44A1
:108A8800BB685A62BB685B8D9BB2FF2B03D9BB687E
:108A9800FF221A8504E0BB685B8D9AB2BB681A8511
:108AA800BB68DB6B1B6D03F08003002B28D0BB6811
:108AB800DB6B5B6F002B1ED0BB681A8DBB68DB6B52
:108AC8005B6F1B689A60BB681B6803F12402BB6874
:108AD800DB6B5B6F1B68DA60BB685A6ABB68DB6B71
:108AE8005B6F1B681A61BB68DB6B1846FBF7A0FD60
:108AF8000346FB7313E01021B868FFF7E5FD0EE0AD
:108B0800BB68D86BBB681B6824331946BB685B6AB3
:108B18001A46BB681B8DFAF7FDFE0346FB73FB7B09
:108B2800002B04D01021B868FFF7CEFD03E04021E8
:108B3800B86800F0BBFA00BF1037BD4680BD80B5ED
:108B480084B000AF78607B68DB6DFB60FB681B68F6
:108B58005A68FB681B6842F400425A601021F868A2
:108B6800FFF7B2FD00BF1037BD4680BD80B584B0A9
:108B780000AF78607B68DB6DFB60FB689B6B002B4C
:108B880003D0FB689B6B0022DA66FB68DB6B002B6B
:108B980003D0FB68DB6B0022DA66F868FFF784FE17
:108BA80000BF1037BD4680BD80B584B000AFF86007
:108BB800B9603B601346FB713BE0BA693968F868F5
:108BC80000F062F90346002B01D0012341E03B6825
:108BD800B3F1FF3F2DD0FCF7CFFB0246BB69D31A98
:108BE8003A689A4202D33B68002B22D1FB681B6883
:108BF8009A69BB681340BA689A420CBF01230023E4
:108C0800DBB21A46FB799A4213D1FB685B6C43F0DE
:108C18002002FB685A64FB68202283F84120FB6825
:108C2800002283F84220FB68002283F840200123B9
:108C38000FE0FB681B689A69BB681340BA689A42E0
:108C48000CBF01230023DBB21A46FB799A42B4D049
:108C5800002318461037BD4680BD80B584B000AFEC
:108C6800F860B9607A6033E07A68B968F86800F04B
:108C78000BF90346002B01D0012331E0BB68B3F1A7
:108C8800FF3F25D0FCF778FB02467B68D31ABA6809
:108C98009A4202D3BB68002B1AD1FB681B689B69F8
:108CA80003F00203022B13D0FB685B6C43F0200235
:108CB800FB685A64FB68202283F84120FB68002285
:108CC80083F84220FB68002283F84020012307E054
:108CD800FB681B689B6903F00203022BC4D10023C5
:108CE80018461037BD4680BD80B584B000AFF86027
:108CF800B9607A602FE07A68B968F86800F0C4F85B
:108D08000346002B01D001232DE0FCF735FB02467A
:108D18007B68D31ABA689A4202D3BB68002B1AD16F
:108D2800FB681B689B6903F02003202B13D0FB68AA
:108D38005B6C43F02002FB685A64FB68202283F8CE
:108D48004120FB68002283F84220FB68002283F858
:108D58004020012307E0FB681B689B6903F02003A0
:108D6800202BC8D1002318461037BD4680BD00000F
:108D780080B586B000AFF860B9607A600023FB75F3
:108D880071E07A68B968F86800F07EF80346002B4D
:108D980001D00123FB75FB681B689B6903F0200366
:108DA800202B3BD1FB7D002B38D1FB681B689B69CE
:108DB80003F00403042B05D1FB681B8D002B01D0A5
:108DC8000023FB75FB681B689B6903F01003102BDD
:108DD80021D1FB681B681022DA61FB6804225A64FF
:108DE800FB681B682022DA61FB681B685968FB680E
:108DF8001A68244B0B405360FB68202283F84120FB
:108E0800FB68002283F84220FB68002283F8402098
:108E18000123FB7502E0FB6800225A64FCF7ACFAF8
:108E280002467B68D31ABA689A4202D3BB68002B01
:108E380019D1FB7D002B16D1FB681B689B6903F0D9
:108E48000403042B0FD0FB685B6C43F02002FB6823
:108E58005A64FB68202283F84120FB68002283F8CB
:108E680040200123FB75FB681B689B6903F0040322
:108E7800042B02D0FB7D002B83D0FB7D18461837CE
:108E8800BD4680BD00E800FE80B58AB000AFF8603E
:108E9800B9607A60002387F82730FB681B689B69F4
:108EA800BB6100233B627B68FB61BB6903F0100375
:108EB800002B68D0FB681B681022DA6149E0BB68A8
:108EC800B3F1FF3F45D0FCF757FA0246FB69D31AC6
:108ED800BA689A4202D3BB68002B3AD1FB681B6878
:108EE8005B6803F480437B61FB6893F84230FB7452
:108EF800FB681B689B6903F40043B3F5004F21D15D
:108F08007B69B3F5804F1DD0FB7C202B1AD0FB6802
:108F18001B685A68FB681B6842F480425A60FCF779
:108F28002BFAF8610EE0FCF727FA0246FB69D31A20
:108F3800192B07D93B6A43F020033B62012387F8CA
:108F4800273006E0FB681B689B6903F02003202B91
:108F5800E9D1FB681B689B6903F02003202B03D031
:108F680097F82730002BAAD097F82730002B03D189
:108F7800FB681B682022DA613B6A43F004033B620A
:108F8800012387F82730FB681B689B69BB61BB69B5
:108F980003F48073002B0BD03B6A43F001033B6260
:108FA800FB681B684FF48072DA61012387F8273069
:108FB800BB6903F48063002B0BD03B6A43F00803C2
:108FC8003B62FB681B684FF48062DA61012387F813
:108FD8002730BB6903F40073002B0BD03B6A43F0C6
:108FE80002033B62FB681B684FF40072DA610123DD
:108FF80087F8273097F82730002B1CD0F868FFF740
:109008007CFCFB681B685968FB681A680D4B0B40B1
:109018005360FB685A6C3B6A1A43FB685A64FB68E6
:10902800202283F84120FB68002283F84220FB6855
:10903800002283F8402097F8273018462837BD4685
:1090480080BD00BF00E800FE80B487B000AFF860C4
:109058007B600B467B8113467B727B89C3F30902D5
:109068007B7A1B0403F47F031A437B681A433B6A29
:10907800134323F000437B61FB681B685A683B6A13
:109088005B0D03F48061084B0B43DB4302EA0301E9
:10909800FB681B687A690A435A6000BF1C37BD46E3
:1090A8005DF8047B704700BFFF63FF0380B485B0A1
:1090B80000AF78600B467B800023FB607B685B6BAE
:1090C800394A934232D07B685B6B384A93422DD041
:1090D8007B685B6B364A934228D0B7F90230002B85
:1090E80003DAFB6843F0B803FB607B8803F00103F5
:1090F800002B03D0FB6843F0F203FB607B8803F08E
:109108000203002B03D0FB6843F0F403FB607B8869
:10911800102B03D1FB6843F09003FB607B88202B66
:1091280033D1FB6843F02003FB602EE0B7F902302F
:10913800002B03DAFB6843F0B803FB607B8803F07D
:109148000103002B03D0FB6843F0F203FB607B882C
:1091580003F00203002B03D0FB6843F0F403FB6029
:109168007B88102B03D1FB6843F09003FB607B885E
:10917800202B03D1FB6843F06003FB607B88402B06
:1091880003D1FB6843F04003FB607B681B681968E8
:109198007B681B68FA680A431A6000BF1437BD462B
:1091A8005DF8047B704700BFC9770008117C000890
:1091B800B179000880B485B000AF78600B467B8039
:1091C8000023FB607B8803F00103002B0FD0FB68B2
:1091D80043F04203FB607B6893F84130DBB203F055
:1091E8002803282B03D0FB6843F0B003FB607B887F
:1091F80003F00203002B0FD0FB6843F04403FB602D
:109208007B6893F84130DBB203F02803282B03D0A6
:10921800FB6843F0B003FB60B7F90230002B03DAB8
:10922800FB6843F0B803FB607B88102B03D1FB6815
:1092380043F09003FB607B88202B03D1FB6843F04D
:109248002003FB607B88402B03D1FB6843F040037D
:10925800FB607B681B681968FB68DA437B681B68DE
:109268000A401A6000BF1437BD465DF8047B70479A
:1092780080B483B000AF786039607B6893F8413080
:10928800DBB2202B38D17B6893F84030012B01D119
:10929800022332E07B68012283F840207B68242285
:1092A80083F841207B681B681A687B681B6822F07A
:1092B80001021A607B681B681A687B681B6822F4C5
:1092C80080521A607B681B6819687B681B683A685B
:1092D8000A431A607B681B681A687B681B6842F03F
:1092E80001021A607B68202283F841207B680022F3
:1092F80083F84020002300E0022318460C37BD46BF
:109308005DF8047B704780B485B000AF7860396041
:109318007B6893F84130DBB2202B39D17B6893F816
:109328004030012B01D1022333E07B68012283F80E
:1093380040207B68242283F841207B681B681A68D8
:109348007B681B6822F001021A607B681B681B6837
:10935800FB60FB6823F47063FB603B681B02FA68E0
:109368001343FB607B681B68FA681A607B681B689C
:109378001A687B681B6842F001021A607B68202229
:1093880083F841207B68002283F84020002300E016
:10939800022318461437BD465DF8047B7047000069
:1093A80080B58EB000AF7860002387F837307B68CF
:1093B800002B02D1012300F0C8BE994BDB6903F0F2
:1093C8000C033B63964B9B6A03F00303FB627B68C9
:1093D8001B6803F01003002B00F06C813B6B002B23
:1093E80007D03B6B0C2B40F0DE80FB6A012B40F072
:1093F800DA807B68DB69002B02D1012300F0A5BE6F
:109408007B685A6A864B9B6803F40003002B04D0E0
:10941800834B9B6803F0704305E0814BD3F8F4302D
:109428001B0403F07043934255D23B6B002B0AD1C7
:109438007B685B6A184601F015FA0346002B02D0D8
:10944800012300F082BE764B9B68754A43F4000303
:109458009360734B9B6823F070427B685B6A70492A
:1094680013438B607B685B6AB3F1404F09D36C4B45
:10947800DB6823F01F027B681B6A69491343CB60D2
:109488007EE07B685B6A002B0ADA654BDB6823F4B5
:1094980078727B681B6A5B0161491343CB606FE09C
:1094A8007B685B6AB3F1804F0AD35D4BDB6823F4BA
:1094B800F8427B681B6A9B0259491343CB605FE003
:1094C800574BDB6823F478227B681B6ADB0354491B
:1094D8001343CB6054E0524B9B68514A43F400035A
:1094E80093604F4B9B6823F070427B685B6A4C49E2
:1094F80013438B607B685B6AB3F1404F09D3484BD9
:10950800DB6823F01F027B681B6A45491343CB6065
:1095180028E07B685B6A002B0ADA414BDB6823F49E
:1095280078727B681B6A5B013D491343CB6019E085
:109538007B685B6AB3F1804F0AD3394BDB6823F44D
:10954800F8427B681B6A9B0235491343CB6009E0EC
:10955800334BDB6823F478227B681B6ADB033049D2
:109568001343CB603B6B002B0AD17B685B6A1846C0
:1095780001F078F90346002B02D0012300F0E5BD85
:1095880001F0E2F8274B1B68184611F04DFA034624
:1095980087F8273097F82730002B00F08A8097F853
:1095A800273000F0D2BD7B68DB69002B66D01C4BEE
:1095B8001B681B4A43F001031360FBF7DDFEB8622A
:1095C80009E0FBF7D9FE0246BB6AD31A022B02D97F
:1095D800032300F0BABD124B1B6803F00403002BF1
:1095E800EFD00F4B9B680E4A43F4000393600C4B7B
:1095F8009B6823F070427B685B6A094913438B6060
:109608007B685B6AB3F1404F0ED3054BDB6823F0F0
:109618001F027B681B6A02491343CB604AE000BF04
:10962800000C0246080000207B685B6A002B0ADAFF
:10963800984BDB6823F478727B681B6A5B01954959
:109648001343CB6036E07B685B6AB3F1804F0AD383
:10965800904BDB6823F4F8427B681B6A9B028D49B8
:109668001343CB6026E08B4BDB6823F478227B68BE
:109678001B6ADB0387491343CB601BE0854B1B68E0
:10968800844A23F001031360FBF776FEB86209E011
:10969800FBF772FE0246BB6AD31A022B02D90323D8
:1096A80000F053BD7B4B1B6803F00403002BEFD184
:1096B80000E000BF7B681B6803F00103002B00F08B
:1096C8008B803B6B082B05D03B6B0C2B09D1FB6ABD
:1096D800032B06D17B685B68002B7DD1012300F04A
:1096E80034BD7B685B68B3F5803F06D1694B1B6866
:1096F800684A43F48033136041E07B685B68B3F5E4
:10970800A02F12D1634B1B68624A43F48023136075
:10971800604B1B685F4A23F4801313605D4B1B6822
:109728005C4A43F48033136029E07B685B68B3F5D7
:10973800A81F12D1574B1B68564A43F48023136065
:10974800544B1B68534A43F480131360514B1B68F6
:10975800504A43F48033136011E04E4B1B684D4A66
:1097680023F4803313604B4B1B684A4A23F480234D
:109778001360484B1B68474A23F4801313607B68C7
:109788005B68002B14D0FBF7F7FDB86209E0FBF724
:10979800F3FD0246BB6AD31A642B02D9032300F0F7
:1097A800D4BC3C4B1B6803F40033002BEFD013E010
:1097B800FBF7E2FDB86209E0FBF7DEFD0246BB6A93
:1097C800D31A642B02D9032300F0BFBC314B1B68AA
:1097D80003F40033002BEFD17B681B6803F002030E
:1097E800002B5FD03B6B042B05D03B6B0C2B14D1AB
:1097F800FB6A022B11D17B68DB68002B02D10123A5
:1098080000F0A3BC234B1B6923F4F8127B681B6987
:109818001B04204913430B6144E07B68DB68002B81
:1098280024D01C4B1B681B4A43F480731360FBF75E
:10983800A3FDB86209E0FBF79FFD0246BB6AD31A95
:10984800022B02D9032300F080BC124B1B6803F4DF
:109858008063002BEFD00F4B1B6923F4F8127B6851
:109868001B691B040B4913430B611BE0094B1B6865
:10987800084A23F480731360FBF77EFDB8620BE09F
:10988800FBF77AFD0246BB6AD31A022B04D90323DD
:1098980000F05BBC000C0246AF4B1B6803F480630E
:1098A800002BEDD17B681B6803F00803002B00F048
:1098B800C880002387F83630A74BD3F8943003F0DC
:1098C8000403002B11D1A44BD3F89430A24A43F0DF
:1098D8000403C2F89430A04BD3F8943003F0040387
:1098E8007B617B69012387F836309C4B9B6A03F0C8
:1098F8000103002B19D1994B9B6A984A43F0010345
:109908009362FBF739FDB86209E0FBF735FD0246C3
:10991800BB6AD31A022B02D9032300F016BC8F4B63
:109928009B6A03F00103002BEFD07B685B69002B77
:109938005FD0894BD3F8F0303B627B689A693B6A09
:1099480003F080539A4237D03B6A03F00063002B40
:1099580006D03B6A03F08063002B01D10123F4E3B6
:109968003B6A03F08063002B1BD07B4BD3F8F030AD
:10997800794A23F0A053C2F8F030FBF7FDFCB86237
:1099880008E0FBF7F9FC0246BB6AD31A052B01D99C
:109998000323DAE3704BD3F8F03003F00063002BB5
:1099A800EFD16D4BD3F8F03023F080527B689B6980
:1099B80069491343C1F8F030674BD3F8F030664A71
:1099C80043F08063C2F8F030FBF7D6FCB86208E0D9
:1099D800FBF7D2FC0246BB6AD31A052B01D9032335
:1099E800B3E35D4BD3F8F03003F00063002BEFD006
:1099F8001BE0594BD3F8F030574A23F0A053C2F874
:109A0800F030FBF7B9FCB86208E0FBF7B5FC02469A
:109A1800BB6AD31A052B01D9032396E34E4BD3F81F
:109A2800F03003F00063002BEFD197F83630012BAC
:109A380007D1494BD3F89430474A23F00403C2F8BE
:109A480094307B681B6803F00403002B00F011813D
:109A5800002387F83530404BD3F8943003F00403E3
:109A6800002B11D13C4BD3F894303B4A43F004030C
:109A7800C2F89430384BD3F8943003F004033B61B8
:109A88003B69012387F83530344B9B6A03F00103A7
:109A9800002B18D1314B9B6A304A43F00103936283
:109AA800FBF76AFCB86208E0FBF766FC0246BB6A93
:109AB800D31A022B01D9032347E3284B9B6A03F0EF
:109AC8000103002BF0D07B689B6803F00103002B97
:109AD8001FD07B689B6803F00403002B10D01E4B3B
:109AE800D3F8F0301C4A43F00403C2F8F0301A4BA4
:109AF800D3F8F030184A43F00103C2F8F03018E008
:109B0800154BD3F8F030144A43F00103C2F8F03093
:109B18000FE0114BD3F8F0300F4A23F00103C2F8DD
:109B2800F0300D4BD3F8F0300B4A23F00403C2F8A1
:109B3800F0307B689B68002B57D0FBF71DFCB862A0
:109B48000EE0FBF719FC0246BB6AD31A41F28832D1
:109B5800934205D90323F8E2000C024600080246A6
:109B68009C4BD3F8F03003F00203002BE9D07B685C
:109B78009B6803F08003002B1BD0964BD3F8F03082
:109B8800944A43F08003C2F8F0300AE0FBF7F4FB94
:109B98000246BB6AD31A41F28832934201D90323A1
:109BA800D3E28C4BD3F8F03003F40063002BEDD0F4
:109BB80053E0884BD3F8F030864A23F08003C2F88C
:109BC800F0300AE0FBF7D8FB0246BB6AD31A41F231
:109BD8008832934201D90323B7E27E4BD3F8F030A1
:109BE80003F40063002BEDD137E0FBF7C5FBB86247
:109BF8000AE0FBF7C1FB0246BB6AD31A41F288327E
:109C0800934201D90323A0E2724BD3F8F03003F05A
:109C18000203002BEDD16F4BD3F8F03003F0800333
:109C2800002B1AD06B4BD3F8F0306A4A23F080032C
:109C3800C2F8F0300AE0FBF79FFB0246BB6AD31A72
:109C480041F28832934201D903237EE2614BD3F873
:109C5800F03003F40063002BEDD197F83530012B79
:109C680007D15C4BD3F894305A4A23F00403C2F866
:109C780094307B681B6803F02003002B36D07B6888
:109C8800DB6A002B19D0534B1B68524A43F48053AC
:109C98001360FBF771FBB86208E0FBF76DFB024647
:109CA800BB6AD31A022B01D903234EE2494B1B6826
:109CB80003F40053002BF0D018E0464B1B68454ACC
:109CC80023F480531360FBF757FBB86208E0FBF7F7
:109CD80053FB0246BB6AD31A022B01D9032334E291
:109CE8003C4B1B6803F40053002BF0D17B681B68C6
:109CF80003F08003002B36D07B681B6B002B19D038
:109D0800344B1B68334A43F480431360FBF734FB3E
:109D1800B86208E0FBF730FB0246BB6AD31A022B95
:109D280001D9032311E22B4B1B6803F40043002BDA
:109D3800F0D018E0274B1B68264A23F480431360B1
:109D4800FBF71AFBB86208E0FBF716FB0246BB6A92
:109D5800D31A022B01D90323F7E11E4B1B6803F426
:109D68000043002BF0D17B681B6803F04003002BF5
:109D78007FD07B685B6B002B62D0164B9B68154AC3
:109D880043F400039360134B9B6823F070627B6875
:109D98009B6A104913438B607B685B6AB3F1404F41
:109DA80009D30C4BDB6823F01F027B681B6A094947
:109DB8001343CB602AE07B685B6A002B0CDA054B07
:109DC800DB6823F478727B681B6A5B0101491343E3
:109DD800CB601BE0000C02467B685B6AB3F1804FE6
:109DE8000AD3A14BDB6823F4F8427B681B6A9B0209
:109DF8009D491343CB6009E09B4BDB6823F4782231
:109E08007B681B6ADB0398491343CB60964B1B683E
:109E1800954A43F010031360FBF7AEFAB86208E006
:109E2800FBF7AAFA0246BB6AD31A022B01D903230D
:109E38008BE18D4B1B6803F02003002BF0D018E05A
:109E4800894B1B68884A23F010031360FBF794FAC8
:109E5800B86208E0FBF790FA0246BB6AD31A022BF5
:109E680001D9032371E1804B1B6803F02003002B09
:109E7800F0D17B689B6B002B00F06681002387F88C
:109E88003430794BDB6903F00C030C2B00F0F280C3
:109E98007B689B6B022B40F0C580734B1B68724A32
:109EA80023F080731360FBF767FAB86208E0FBF7EA
:109EB80063FA0246BB6AD31A022B01D9032344E191
:109EC800694B1B6803F00073002BF0D1664BD3F885
:109ED800943003F00403002B11D1634BD3F8943072
:109EE800614A43F00403C2F894305F4BD3F89430CE
:109EF80003F00403FB60FB68012387F834305B4BF5
:109F0800DB6803F48023B3F5802F02D1012387F89F
:109F18003730564BDB68554A23F48023D360524BC5
:109F28009B6A23F47F4323F003037A68D16B7A6832
:109F3800126C013A120211437A68526C0A434A4978
:109F480013438B62484B5A6B494B13407A68926CA7
:109F5800013AC2F308017A68D26C013A520292B20D
:109F680011437A68126D013A120402F4FE02114399
:109F78007A68526D013A120602F0FE420A433A49E3
:109F880013434B63384B9B6A374A23F010039362A1
:109F98007B68DB6D344ADB009363334B9B6A324A40
:109FA80043F010039362304B9B6A23F00C027B68EA
:109FB8009B6D2D4913438B6297F83730012B05D1E0
:109FC8002A4BDB68294A43F48023D36097F834305E
:109FD800012B07D1244BD3F89430234A23F00403F0
:109FE800C2F89430204B1B681F4A43F080731360FB
:109FF800FBF7C2F9B86208E0FBF7BEF90246BB6A94
:10A00800D31A022B01D903239FE0174B1B6803F0D7
:10A018000073002BF0D0144B9B6A134A43F480233F
:10A02800936291E0104B1B680F4A23F08073136012
:10A03800FBF7A2F9B86208E0FBF79EF90246BB6A93
:10A04800D31A022B01D903237FE0074B1B6803F0C7
:10A058000073002BF0D1044B9B6A034A23F4E023DE
:10A0680023F0030393626FE0000C024600080246E7
:10A0780000008080374B9B6AFB61364B5B6BBB6192
:10A088007B689B6B012B39D0FB6903F003027B686B
:10A09800DB6B9A4232D1FB691B0A03F00F027B6823
:10A0A8001B6C013B9A4229D1FB6903F470427B681F
:10A0B8005B6C9A4222D1BB69C3F308027B689B6C34
:10A0C800013B9A421AD1BB695B0A03F07F027B68A5
:10A0D800DB6C013B9A4211D1BB691B0C03F07F0278
:10A0E8007B681B6D013B9A4208D1BB691B0E03F0CC
:10A0F8007F027B685B6D013B9A4201D0012324E01B
:10A10800144B9B6BDB08C3F30C027B68DB6D9A4234
:10A118001AD0104B9B6A0F4A23F010039362FBF787
:10A128002BF9B86200BFFBF727F90246BB6A9342D6
:10A13800F9D07B68DB6D074ADB009363054B9B6AAC
:10A14800044A43F010039362002318463837BD468B
:10A1580080BD00BF000C024680B586B000AF7860B5
:10A1680039607B68002B01D10123D9E19B4B1B6827
:10A1780003F00F033A689A4210D9984B1B6823F0F2
:10A188000F0296493B6813430B60944B1B6803F01E
:10A198000F033A689A4201D00123C1E17B681B682A
:10A1A80003F01003002B10D07B685A698C4B5B6A54
:10A1B80003F070039A4208D9894B5B6A23F0700256
:10A1C8007B685B69864913434B627B681B6803F0B5
:10A1D8000803002B12D07B681A69814B1B6A1B0984
:10A1E80003F070039A4209D97D4B1B6A23F4E0629D
:10A1F8007B681B691B017A4913430B627B681B68E8
:10A2080003F00403002B10D07B68DA68744B1B6AD8
:10A2180003F070039A4208D9714B1B6A23F070024D
:10A228007B68DB686E4913430B627B681B6803F02D
:10A238000203002B10D07B689A68694B1B6A03F0F5
:10A248000F039A4208D9664B1B6A23F00F027B68FA
:10A258009B68634913430B627B681B6803F0010327
:10A26800002B00F0D2800023FB757B685B68032B12
:10A2780043D15B4BD3F8943003F00403002B10D187
:10A28800574BD3F89430564A43F00403C2F894303D
:10A29800534BD3F8943003F00403BB60BB6801232D
:10A2A800FB75FBF769F838614E4BDB6803F48023D4
:10A2B800002B0FD008E0FBF75FF802463B69D31A82
:10A2C800022B01D903232BE1464BDB6803F48043BF
:10A2D800002BF0D0FB7D012B07D1414BD3F89430F4
:10A2E8003F4A23F00403C2F894303D4B1B6803F047
:10A2F8000073002B21D1012312E17B685B68022BDC
:10A3080007D1374B1B6803F40033002B15D1012309
:10A3180006E17B685B68002B07D1314B1B6803F0B3
:10A328000403002B09D10123FAE02D4B1B6803F429
:10A338008063002B01D10123F2E0294BDB6923F074
:10A3480003027B685B6826491343CB61FBF714F86B
:10A3580038617B685B68032B12D10AE0FBF70CF8C5
:10A3680002463B69D31A41F28832934201D903234A
:10A37800D6E01B4BDB6903F00C030C2BEED144E059
:10A388007B685B68022B12D10AE0FAF7F5FF0246F8
:10A398003B69D31A41F28832934201D90323BFE0C3
:10A3A8000F4BDB6903F00C03082BEED12DE07B6823
:10A3B8005B68002B23D10AE0FAF7DEFF02463B690F
:10A3C800D31A41F28832934201D90323A8E0044BFF
:10A3D800DB6903F00C03002BEED116E000200240ED
:10A3E800000C024600080246FAF7C6FF02463B691F
:10A3F800D31A41F28832934201D9032390E04A4BA1
:10A40800DB6903F00C03042BEED17B681B6803F0B7
:10A418000203002B10D07B689A68434B1B6A03F039
:10A428000F039A4208D2404B1B6A23F00F027B6845
:10A438009B683D4913430B623C4B1B6803F00F03B9
:10A448003A689A4210D2394B1B6823F00F023749F9
:10A458003B6813430B60354B1B6803F00F033A68E6
:10A468009A4201D001235BE07B681B6803F0040378
:10A47800002B10D07B68DA682B4B1B6A03F0700343
:10A488009A4208D2284B1B6A23F070027B68DB686B
:10A49800254913430B627B681B6803F00803002BF4
:10A4A80012D07B681A69204B1B6A1B0903F07003E2
:10A4B8009A4209D21C4B1B6A23F4E0627B681B6931
:10A4C8001B01194913430B627B681B6803F01003D7
:10A4D800002B10D07B685A69134B5B6A03F070033A
:10A4E8009A4208D2104B5B6A23F070027B685B6962
:10A4F8000D4913434B6200F021F802460A4B1B6AD0
:10A5080003F00F030A49CB5C22FA03F3094A1360EC
:10A51800094B1B68184610F087FA0346FB73FB7B50
:10A5280018461837BD4680BD000C02460020024080
:10A53800B0E20208040000200800002080B48BB0BC
:10A5480000AF00237B6200233B62784BDB6903F09A
:10A558000C03BB61754B9B6A03F003037B61BB690A
:10A56800002B05D0BB690C2B21D17B69012B1ED197
:10A578006E4B9B6803F40003002B07D16B4BD3F899
:10A58800F4301B0B03F00F037B6205E0674B9B68FD
:10A598001B0F03F00F037B62654A7B6A52F8233076
:10A5A8007B62BB69002B10D17B6A3B620DE05F4B7D
:10A5B800DB6903F00C03042B02D15E4B3B6204E021
:10A5C800BB69082B01D15C4B3B62BB690C2B40F08B
:10A5D800A580564B9B6A03F003033B61534B9B6A70
:10A5E8001B0A03F00F030133FB60504B9B6A1B09E6
:10A5F80003F00103BB604D4B9B6BDB08C3F30C03FB
:10A60800BA6802FB03F307EE903AF8EE677AC7EDF3
:10A61800017A3B69022B03D03B69032B22D043E02C
:10A62800FB6807EE903AF8EE677ADFED446A86EE4B
:10A63800A77A3E4B5B6BC3F3080307EE903AF8EE3C
:10A64800676A97ED016ADFED3E5AC6EE257A76EE27
:10A65800A77AF7EE006A77EEA67A67EE277AC7ED53
:10A66800077A46E0FB6807EE903AF8EE677ADFED86
:10A67800356A86EEA77A2D4B5B6BC3F3080307EEAA
:10A68800903AF8EE676A97ED016ADFED2D5AC6EE4B
:10A69800257A76EEA77AF7EE006A77EEA67A67EE65
:10A6A800277AC7ED077A24E07B6A07EE903AF8EE3E
:10A6B800676AFB6807EE903AF8EE677A86EEA77A43
:10A6C8001A4B5B6BC3F3080307EE903AF8EE676A20
:10A6D80097ED016ADFED1A5AC6EE257A76EEA77A6B
:10A6E800F7EE006A77EEA67A67EE277AC7ED077A63
:10A6F80000BF0E4B5B6B1B0E03F07F0301333B6007
:10A708003B6807EE903AB8EE677AD7ED076AC6EE6F
:10A71800877AFCEEE77A17EE903A3B623B6A184676
:10A728002C37BD465DF8047B704700BF000C02461D
:10A73800C8E202080024F40000366E010024744BBD
:10A7480000000046001BB74B80B500AFFFF7F6FED0
:10A758000246074B1B6A03F00F030649CB5C22FA3B
:10A7680003F3054A1360044B1B68184680BD00BFFD
:10A77800000C0246B0E202080400002080B500AFD9
:10A78800FFF7E2FF0246054B1B6A1B0903F00703AC
:10A798000349CB5C22FA03F3184680BD000C02463D
:10A7A800C0E2020880B500AFFFF7CEFF0246054BB6
:10A7B8001B6A1B0A03F007030349CB5C22FA03F365
:10A7C800184680BD000C0246C0E2020880B500AF02
:10A7D800FFF7BAFF0246054B5B6A1B0903F0070344
:10A7E8000349CB5C22FA03F3184680BD000C0246ED
:10A7F800C0E2020880B483B000AF786039607B683B
:10A808001F221A60154BDB6903F003027B685A604C
:10A81800124B1B6A03F00F027B689A600F4B1B6A8E
:10A8280003F070027B68DA600C4B1B6A1B0903F0AB
:10A8380070027B681A61094B5B6A03F070027B68DF
:10A848005A61074B1B6803F00F023B681A6000BF90
:10A858000C37BD465DF8047B704700BF000C02460C
:10A868000020024080B586B000AF78603E4BD3F838
:10A87800943003F00403002B03D003F003FB78614A
:10A8880019E0394BD3F89430374A43F00403C2F83F
:10A898009430354BD3F8943003F00403FB60FB6825
:10A8A80003F0F0FA7861304BD3F894302E4A23F055
:10A8B8000403C2F894307B69B3F5403F03D07B6949
:10A8C800B3F5003F09D17B68B3F1805F02D2012361
:10A8D8003B6133E000233B6130E07B68B3F1805F8C
:10A8E80008D27B69B3F5803F02D103233B6125E0A1
:10A8F800012335E07B68B3F1005F0FD97B69002B3A
:10A9080009D17B68B3F1405F02D900233B6115E0B0
:10A9180001233B6112E000233B610FE07B68B3F148
:10A92800805F09D17B69B3F5803F02D101233B6188
:10A9380004E002233B6101E001233B610B4B1B68F0
:10A9480023F00F0209493B6913430B60074B1B684F
:10A9580003F00F033A699A4201D0012300E0002373
:10A9680018461837BD4680BD000C0246002002403C
:10A978002DE9B04FB4B000AFC7F8BC00002387F88A
:10A98800CB30002387F8CA30D7F8BC30D3E900238E
:10A9980002F00104002554EA05030BD0C44BD3F898
:10A9A800E03023F00301D7F8BC301B6DC04A0B43DD
:10A9B800C2F8E030D7F8BC30D3E9002302F004082D
:10A9C8004FF0000958EA09030BD0B94BD3F8E0302F
:10A9D80023F03001D7F8BC305B6DB54A0B43C2F8A1
:10A9E800E030D7F8BC30D3E9002302F0080A4FF072
:10A9F800000B5AEA0B030BD0AD4BD3F8E03023F031
:10AA0800C001D7F8BC309B6DA94A0B43C2F8E030AF
:10AA1800D7F8BC30D3E9002302F01003C7F8B030F0
:10AA28000023C7F8B430D7E92C120B4613430BD0D8
:10AA38009F4BD3F8E03023F44071D7F8BC30DB6D7E
:10AA48009B4A0B43C2F8E030D7F8BC30D3E9002367
:10AA580002F02003C7F8A8300023C7F8AC30D7E9C4
:10AA68002A120B4613430BD0914BD3F8E83023F04E
:10AA78000701D7F8BC301B6E8D4A0B43C2F8E8308B
:10AA8800D7F8BC30D3E9002302F04003C7F8A03060
:10AA98000023C7F8A430D7E928120B4613430BD07C
:10AAA800834BD3F8E03023F44061D7F8BC305B6EB9
:10AAB8007F4A0B43C2F8E030D7F8BC30D3E9002313
:10AAC80002F08003C7F898300023C7F89C30D7E914
:10AAD80026120B4613430BD0754BD3F8E03023F402
:10AAE8004051D7F8BC309B6E714A0B43C2F8E03036
:10AAF800D7F8BC30D3E9002302F48073C7F890304C
:10AB08000023C7F89430D7E924120B4613430BD01F
:10AB1800674BD3F8E83023F0C001D7F8BC30DB6EC0
:10AB2800634A0B43C2F8E830D7F8BC30D3E90023B6
:10AB380002F48003C7F888300023C7F88C30D7E9BF
:10AB480022120B4613430BD0594BD3F8E03023F4B1
:10AB58004041D7F8BC301B6F554A0B43C2F8E03070
:10AB6800D7F8BC30D3E9002302F40073C7F880306B
:10AB78000023C7F88430D7E920120B4613430BD0C3
:10AB88004B4BD3F8E83023F44061D7F8BC305B6F07
:10AB9800474A0B43C2F8E830D7F8BC30D3E9002362
:10ABA80002F48063BB670023FB67D7E91E120B46DC
:10ABB80013430BD03E4BD3F8E03023F44021D7F8B1
:10ABC800BC309B6F3A4A0B43C2F8E030D7F8BC3030
:10ABD800D3E9002302F400633B6700237B67D7E9CE
:10ABE8001C120B4613430BD0314BD3F8E83023F437
:10ABF8004071D7F8BC30DB6F2D4A0B43C2F8E83000
:10AC0800D7F8BC30D3E9002302F40053BB66002315
:10AC1800FB66D7E91A120B4613434FD0D7F8BC305E
:10AC2800D3F88C30802B2DD0802B27D8602B2BD0BD
:10AC3800602B23D8402B06D0402B1FD8002B09D0DF
:10AC4800202B11D01AE01A4B9B6A194A43F480331F
:10AC580093621AE0D7F8BC300833184602F0D6F8E9
:10AC6800034687F8CB3010E0D7F8BC302C331846B1
:10AC780002F064F9034687F8CB3006E0012387F831
:10AC8800CB3002E000BF00E000BF97F8CB30002BCC
:10AC980010D1074BD3F8E43023F0E001D7F8BC30EB
:10ACA800D3F88C30024A0B43C2F8E43006E000BF08
:10ACB800000C024697F8CB3087F8CA30D7F8BC307A
:10ACC800D3E9002302F400433B6600237B66D7E9FF
:10ACD80018120B46134346D0D7F8BC30D3F89C3033
:10ACE800B3F5A04F28D0B3F5A04F21D8B3F5804FC6
:10ACF80022D0B3F5804F1BD8B3F5405F1CD0B3F515
:10AD0800405F15D8B3F5005F08D0B3F5005F0FD8E2
:10AD1800002B11D0B3F5805F0ED009E0D7F8BC3016
:10AD28000833184602F072F8034687F8CB3004E07F
:10AD3800012387F8CB3000E000BF97F8CB30002B19
:10AD48000DD1B64BD3F8E83023F4E041D7F8BC3046
:10AD5800D3F89C30B14A0B43C2F8E83003E097F8C7
:10AD6800CB3087F8CA30D7F8BC30D3E9002302F4D7
:10AD78008033BB650023FB65D7E916120B461343E6
:10AD88003ED0D7F8BC30D3F88430042B1DD801A2AC
:10AD980052F823F0DBAD0008B1AD0008BFAD0008E4
:10ADA800DBAD0008DBAD00089C4B9B6A9B4A43F473
:10ADB800803393620EE0D7F8BC302C33184602F08B
:10ADC800BDF8034687F8CB3004E0012387F8CB3081
:10ADD80000E000BF97F8CB30002B0DD18F4BD3F894
:10ADE800E43023F00701D7F8BC30D3F884308B4A1D
:10ADF8000B43C2F8E43003E097F8CB3087F8CA3049
:10AE0800D7F8BC30D3E9002302F400333B650023B4
:10AE18007B65D7E914120B4613434AD0D7F8BC30E8
:10AE2800D3F88830B3F5802F28D0B3F5802F21D8F8
:10AE3800B3F5403F24D0B3F5403F1BD8B3F5003FEE
:10AE48000ED0B3F5003F15D8002B1BD0B3F5803FCB
:10AE580010D1724B9B6A714A43F48033936212E0BB
:10AE6800D7F8BC302C33184602F068F8034687F848
:10AE7800CB3008E0012387F8CB3004E000BF02E0C4
:10AE880000BF00E000BF97F8CB30002B0DD1634B1B
:10AE9800D3F8E83023F4E021D7F8BC30D3F8883071
:10AEA8005E4A0B43C2F8E83003E097F8CB3087F8E6
:10AEB800CA30D7F8BC30D3E9002302F48023BB643E
:10AEC8000023FB64D7E912120B46134300F0BA8043
:10AED800002387F8C930514BD3F8943003F00403AA
:10AEE800002B13D14D4BD3F894304C4A43F0040354
:10AEF800C2F89430494BD3F8943003F00403C7F8F0
:10AF0800C030D7F8C030012387F8C930444B9B6A5A
:10AF1800434A43F001039362FAF72EFAC7F8C400D4
:10AF28000BE0FAF729FA0246D7F8C430D31A022BF5
:10AF380003D9032387F8CB3005E0394B9B6A03F02C
:10AF48000103002BEDD097F8CB30002B6AD1334B9F
:10AF5800D3F8F03003F44073C7F8CC30D7F8CC30CE
:10AF6800002B23D0D7F8BC30D3F8B420D7F8CC3096
:10AF780093421BD0294BD3F8F03023F44073C7F821
:10AF8800CC30264BD3F8F030244A43F48033C2F84F
:10AF9800F030224BD3F8F030204A23F48033C2F843
:10AFA800F0301E4AD7F8CC30C2F8F030D7F8CC30A1
:10AFB80003F00103002B19D0FAF7DEF9C7F8C40033
:10AFC8000DE0FAF7D9F90246D7F8C430D21A41F29F
:10AFD80088339A4203D9032387F8CB3006E00F4B16
:10AFE800D3F8F03003F00203002BEAD097F8CB3007
:10AFF800002B0DD1094BD3F8F03023F44071D7F86A
:10B00800BC30D3F8B430054A0B43C2F8F0300DE039
:10B0180097F8CB3087F8CA3008E000BF000C02462A
:10B028000008024697F8CB3087F8CA3097F8C9303D
:10B03800012B07D1C04BD3F89430BF4A23F0040347
:10B04800C2F89430D7F8BC30D3E9002302F4801357
:10B058003B6400237B64D7E910120B46134342D0AC
:10B06800D7F8BC30D3F89430B3F1406F22D0B3F1A5
:10B07800406F1BD8B3F1006F11D0B3F1006F15D832
:10B08800002B19D0B3F1806F10D1D7F8BC3008333A
:10B09800184601F0BBFE034687F8CB300DE0A64BFF
:10B0A8009B6AA54A43F40033936206E0012387F8BC
:10B0B800CB3002E000BF00E000BF97F8CB30002B98
:10B0C8000DD19D4BD3F8E03023F04061D7F8BC3068
:10B0D800D3F89430984A0B43C2F8E03003E097F86D
:10B0E800CB3087F8CA30D7F8BC30D3E9002302F454
:10B0F8000023BB630023FB63D7E90E120B461343FF
:10B108002DD0D7F8BC30D3F89030B3F5005F0BD012
:10B11800B3F5005F04D8002B08D0B3F5805F07D0E3
:10B12800012387F8CB3004E000BF02E000BF00E055
:10B1380000BF97F8CB30002B0DD17F4BD3F8E4300C
:10B1480023F44051D7F8BC30D3F890307A4A0B43F7
:10B15800C2F8E43003E097F8CB3087F8CA30D7F864
:10B16800BC30D3E9002302F400133B6300237B6364
:10B17800D7E90C120B46134319D0D7F8BC30D3F8D3
:10B188009830B3F5804F05D16B4B9B6A6A4A43F4FC
:10B1980080339362684BD3F8E43023F48041D7F8C6
:10B1A800BC30D3F89830644A0B43C2F8E430D7F87F
:10B1B800BC30D3E9002302F40003BB620023FB6226
:10B1C800D7E90A120B4613430CD05B4BD3F8E03097
:10B1D80023F44012D7F8BC30D3F8A83056491343AB
:10B1E800C1F8E030D7F8BC30D3E9002302F080730F
:10B1F8003B6200237B62D7E908120B4613430CD04D
:10B208004D4BD3F8E03023F44032D7F8BC30D3F8B4
:10B21800AC3049491343C1F8E030D7F8BC30D3E922
:10B22800002302F00073BB610023FB61D7E906121B
:10B238000B4613430CD0404BD3F8E83023F01802E8
:10B24800D7F8BC30D3F8B0303B491343C1F8E830E5
:10B25800D7F8BC30D3E9002302F080633B610023B8
:10B268007B61D7E904120B46134332D0D7F8BC30C0
:10B27800D3F8A430B3F5001F05D12F4B9B6A2E4A93
:10B2880043F400339362D7F8BC30D3F8A430B3F555
:10B29800401F08D1D7F8BC300833184601F0B6FD76
:10B2A800034687F8CB3097F8CB30002B0DD1224BD3
:10B2B800D3F8E43023F44012D7F8BC30D3F8A430E4
:10B2C8001D491343C1F8E43003E097F8CB3087F801
:10B2D800CA30D7F8BC30D3E9002302F00063BB6062
:10B2E8000023FB60D7E902120B4613433DD0D7F881
:10B2F800BC30D3F88030B3F1007F0ED0B3F1007FBB
:10B3080015D8002B1AD0B3F1807F10D10A4B9B6A55
:10B31800094A43F40033936211E0D7F8BC3008338C
:10B32800184601F073FD034687F8CB3007E0012388
:10B3380087F8CB3003E000BF000C024600BF97F847
:10B34800CB30002B0DD11A4BD3F8E03023F04072EC
:10B35800D7F8BC30D3F8803015491343C1F8E03032
:10B3680003E097F8CB3087F8CA30D7F8BC30D3E978
:10B37800002302F080533B6000237B60D7E9001272
:10B388000B4613430CD00A4BD3F8E83023F40042A1
:10B39800D7F8BC30D3F8A03005491343C1F8E830DA
:10B3A80097F8CA301846D037BD46BDE8B08F00BF01
:10B3B800000C024680B489B000AF7860A64B5B6B86
:10B3C800C3F30803BB61A44B9B6A03F003037B61CF
:10B3D800A14B9B6A1B0A03F00F0301333B619E4B91
:10B3E8009B6A1B0903F00103FB609B4B9B6BDB080B
:10B3F800C3F30C03FA6802FB03F307EE903AF8EE86
:10B40800677AC7ED027A7B69032B62D07B69032BCD
:10B4180000F281807B69012B24D07B69022B7AD1D1
:10B428003B6907EE903AF8EE677ADFED8C6A86EEB4
:10B43800A77A894B5B6BC3F3080307EE903AF8EEE3
:10B44800676A97ED026ADFED865AC6EE257A76EED0
:10B45800A77AF7EE006A77EEA67A67EE277AC7ED45
:10B46800077A8FE07C4B9B6803F40003002B05D020
:10B47800794B9B681B0F03F00F0306E0764BD3F85C
:10B48800F4301B041B0F03F00F03764A52F82330E5
:10B4980007EE903AF8EE676A3B6907EE903AF8EEE5
:10B4A800677A86EEA77ABB6907EE903AF8EE676A84
:10B4B80097ED026ADFED6A5AC6EE257A76EEA77A2C
:10B4C800F7EE006A77EEA67A67EE277AC7ED077A75
:10B4D80058E03B6907EE903AF8EE677ADFED626A6A
:10B4E80086EEA77A5C4B5B6BC3F3080307EE903AD2
:10B4F800F8EE676A97ED026ADFED595AC6EE257ACB
:10B5080076EEA77AF7EE006A77EEA67A67EE277AE4
:10B51800C7ED077A36E0504B9B6803F40003002B15
:10B5280005D04D4B9B681B0F03F00F0306E04A4BF9
:10B53800D3F8F4301B041B0F03F00F03494A52F8E9
:10B54800233007EE903AF8EE676A3B6907EE903AC7
:10B55800F8EE677A86EEA77ABB6907EE903AF8EEBE
:10B56800676A97ED026ADFED3E5AC6EE257A76EEF7
:10B57800A77AF7EE006A77EEA67A67EE277AC7ED24
:10B58800077A00BF344B9B6A03F48033002B17D033
:10B59800314B5B6B5B0A03F07F0307EE903AF8EEE2
:10B5A800677AB7EE007A37EE877AD7ED076AC6EE84
:10B5B800877AFCEEE77A17EE902A7B681A6002E039
:10B5C8007B6800221A60244B9B6A03F40033002B2B
:10B5D80017D0214B5B6B1B0C03F07F0307EE903AEF
:10B5E800F8EE677AB7EE007A37EE877AD7ED076A12
:10B5F800C6EE877AFCEEE77A17EE902A7B685A60E7
:10B6080002E07B6800225A60134B9B6A03F4802394
:10B61800002B17D0104B5B6B1B0E03F07F0307EE5C
:10B62800903AF8EE677AB7EE007A37EE877AD7ED78
:10B63800076AC6EE877AFCEEE77A17EE902A7B68EF
:10B648009A6002E07B6800229A6000BF2437BD46FA
:10B658005DF8047B704700BF000C02460024744B61
:10B6680000000046C8E20208001BB74B80B489B04E
:10B6780000AF7860A64BDB6BC3F30803BB61A44B38
:10B68800DB6A03F003037B61A14BDB6A1B0A03F04F
:10B698000F0301333B619E4BDB6A1B0903F0010377
:10B6A800FB609B4B1B6CDB08C3F30C03FA6802FBC3
:10B6B80003F307EE903AF8EE677AC7ED027A7B69F2
:10B6C800032B62D07B69032B00F281807B69012BFD
:10B6D80024D07B69022B7AD13B6907EE903AF8EEC9
:10B6E800677ADFED8C6A86EEA77A894BDB6BC3F34A
:10B6F800080307EE903AF8EE676A97ED026ADFED05
:10B70800865AC6EE257A76EEA77AF7EE006A77EEC5
:10B71800A67A67EE277AC7ED077A8FE07C4B9B689D
:10B7280003F40003002B05D0794B9B681B0F03F033
:10B738000F0306E0764BD3F8F4301B041B0F03F01D
:10B748000F03764A52F8233007EE903AF8EE676A0C
:10B758003B6907EE903AF8EE677A86EEA77ABB69FE
:10B7680007EE903AF8EE676A97ED026ADFED6A5ADB
:10B77800C6EE257A76EEA77AF7EE006A77EEA67A15
:10B7880067EE277AC7ED077A58E03B6907EE903AEB
:10B79800F8EE677ADFED626A86EEA77A5C4BDB6BC0
:10B7A800C3F3080307EE903AF8EE676A97ED026A6A
:10B7B800DFED595AC6EE257A76EEA77AF7EE006ADB
:10B7C80077EEA67A67EE277AC7ED077A36E0504B10
:10B7D8009B6803F40003002B05D04D4B9B681B0F9F
:10B7E80003F00F0306E04A4BD3F8F4301B041B0F99
:10B7F80003F00F03494A52F8233007EE903AF8EE67
:10B80800676A3B6907EE903AF8EE677A86EEA77AA0
:10B81800BB6907EE903AF8EE676A97ED026ADFEDCA
:10B828003E5AC6EE257A76EEA77AF7EE006A77EEEC
:10B83800A67A67EE277AC7ED077A00BF344BDB6A32
:10B8480003F48033002B17D0314BDB6B5B0A03F01A
:10B858007F0307EE903AF8EE677AB7EE007A37EE94
:10B86800877AD7ED076AC6EE877AFCEEE77A17EE95
:10B87800902A7B681A6002E07B6800221A60244BD9
:10B88800DB6A03F40033002B17D0214BDB6B1B0C56
:10B8980003F07F0307EE903AF8EE677AB7EE007A86
:10B8A80037EE877AD7ED076AC6EE877AFCEEE77A35
:10B8B80017EE902A7B685A6002E07B6800225A6083
:10B8C800134BDB6A03F48023002B17D0104BDB6B80
:10B8D8001B0E03F07F0307EE903AF8EE677AB7EE97
:10B8E800007A37EE877AD7ED076AC6EE877AFCEEDC
:10B8F800E77A17EE902A7B689A6002E07B6800225C
:10B908009A6000BF2437BD465DF8047B704700BFCE
:10B91800000C02460024744B00000046C8E20208EE
:10B92800001BB74B80B489B000AF7860A64B5B6C46
:10B93800C3F30803BB61A44B1B6B03F003037B61D8
:10B94800A14B1B6B1B0A03F00F0301333B619E4B9A
:10B958001B6B1B0903F00103FB609B4B9B6CDB0813
:10B96800C3F30C03FA6802FB03F307EE903AF8EE10
:10B97800677AC7ED027A7B69032B62D07B69032B58
:10B9880000F281807B69012B24D07B69022B7AD15C
:10B998003B6907EE903AF8EE677ADFED8C6A86EE3F
:10B9A800A77A894B5B6CC3F3080307EE903AF8EE6D
:10B9B800676A97ED026ADFED865AC6EE257A76EE5B
:10B9C800A77AF7EE006A77EEA67A67EE277AC7EDD0
:10B9D800077A8FE07C4B9B6803F40003002B05D0AB
:10B9E800794B9B681B0F03F00F0306E0764BD3F8E7
:10B9F800F4301B041B0F03F00F03764A52F8233070
:10BA080007EE903AF8EE676A3B6907EE903AF8EE6F
:10BA1800677A86EEA77ABB6907EE903AF8EE676A0E
:10BA280097ED026ADFED6A5AC6EE257A76EEA77AB6
:10BA3800F7EE006A77EEA67A67EE277AC7ED077AFF
:10BA480058E03B6907EE903AF8EE677ADFED626AF4
:10BA580086EEA77A5C4B5B6CC3F3080307EE903A5B
:10BA6800F8EE676A97ED026ADFED595AC6EE257A55
:10BA780076EEA77AF7EE006A77EEA67A67EE277A6F
:10BA8800C7ED077A36E0504B9B6803F40003002BA0
:10BA980005D04D4B9B681B0F03F00F0306E04A4B84
:10BAA800D3F8F4301B041B0F03F00F03494A52F874
:10BAB800233007EE903AF8EE676A3B6907EE903A52
:10BAC800F8EE677A86EEA77ABB6907EE903AF8EE49
:10BAD800676A97ED026ADFED3E5AC6EE257A76EE82
:10BAE800A77AF7EE006A77EEA67A67EE277AC7EDAF
:10BAF800077A00BF344B1B6B03F48033002B17D03D
:10BB0800314B5B6C5B0A03F07F0307EE903AF8EE6B
:10BB1800677AB7EE007A37EE877AD7ED076AC6EE0E
:10BB2800877AFCEEE77A17EE902A7B681A6002E0C3
:10BB38007B6800221A60244B1B6B03F40033002B34
:10BB480017D0214B5B6C1B0C03F07F0307EE903A78
:10BB5800F8EE677AB7EE007A37EE877AD7ED076A9C
:10BB6800C6EE877AFCEEE77A17EE902A7B685A6071
:10BB780002E07B6800225A60134B1B6B03F480239E
:10BB8800002B17D0104B5B6C1B0E03F07F0307EEE6
:10BB9800903AF8EE677AB7EE007A37EE877AD7ED03
:10BBA800076AC6EE877AFCEEE77A17EE902A7B687A
:10BBB8009A6002E07B6800229A6000BF2437BD4685
:10BBC8005DF8047B704700BF000C02460024744BEC
:10BBD80000000046C8E20208001BB74B80B58EB0D3
:10BBE80000AFC7E90001D7E90023A2F580210B4384
:10BBF80045D1AC4BD3F8F03003F440733B63A94B09
:10BC0800D3F8F03003F00203022B08D13B6BB3F5F5
:10BC1800807F04D14FF400437B6301F0E7B8A14B68
:10BC2800D3F8F03003F00063B3F1006F14D13B6B2D
:10BC3800B3F5007F10D19B4BD3F8F03003F080535D
:10BC4800B3F1805F03D1FA237B6301F0CFB84FF4DF
:10BC5800FA437B6301F0CAB8924B1B6803F40033C4
:10BC6800B3F5003F07D13B6BB3F5407F03D18E4B53
:10BC78007B6301F0BBB800237B6301F0B7B8D7E959
:10BC88000023A2F500510B4351D1864BD3F8E43081
:10BC980003F0E0033B633B6B802B35D03B6B802B81
:10BCA80041D83B6B602B2AD03B6B602B3BD83B6B5E
:10BCB800402B09D03B6B402B35D83B6B002B0CD06D
:10BCC8003B6B202B12D02EE007F124031846FFF718
:10BCD80071FB7B6A7B6301F089B807F1180318468A
:10BCE800FFF7C4FCBB697B6301F080B807F10C0364
:10BCF8001846FFF717FEFB687B6301F077B84BF631
:10BD080080337B6301F072B8664B1B6803F4806371
:10BD1800B3F5806F03D1654B7B6301F067B80023EF
:10BD28007B6301F063B800237B6301F05FB8D7E958
:10BD38000023A2F580110B4365D15A4BD3F8E030AC
:10BD480003F040633B633B6BB3F1406F34D03B6B14
:10BD5800B3F1406F53D83B6BB3F1006F0BD03B6B23
:10BD6800B3F1006F4BD83B6B002B16D03B6BB3F194
:10BD7800806F09D043E007F124031846FFF71AFB48
:10BD8800BB6A7B6301F032B807F118031846FFF766
:10BD98006DFCFB697B6301F029B8424B1B6803F417
:10BDA8000053B3F5005F03D1414B7B6301F01EB82C
:10BDB80000237B6301F01AB83A4B1B6803F0200399
:10BDC800202B18D1374B9B6803F40003002B05D0B8
:10BDD800344B9B681B0E03F00F0306E0314BD3F87E
:10BDE800F4301B041B0E03F00F03324A52F82330C1
:10BDF8007B6300F0FBBF00237B6300F0F7BF0023E9
:10BE08007B6300F0F3BFD7E90023A2F500110B43D1
:10BE180040F08A80234BD3F8E43003F480433B633B
:10BE28003B6B002B6FD11F4BD3F8E03003F040631E
:10BE38003B633B6BB3F1406F3ED03B6BB3F1406F5C
:10BE48005DD83B6BB3F1006F0BD03B6BB3F1006F68
:10BE580055D83B6B002B16D03B6BB3F1806F09D0E4
:10BE68004DE007F124031846FFF7A4FABB6A7B6389
:10BE780000F0BCBF07F118031846FFF7F7FBFB6992
:10BE88007B6300F0B3BF074B1B6803F40053B3F5A3
:10BE9800005F03D1064B7B6300F0A8BF00237B63E0
:10BEA80000F0A4BF000C0246B0710B000024F4009F
:10BEB800006CDC02C8E20208AB4B1B6803F02003ED
:10BEC800202B18D1A84B9B6803F40003002B05D046
:10BED800A54B9B681B0E03F00F0306E0A24BD3F89B
:10BEE800F4301B041B0E03F00F03A04A52F8233052
:10BEF8007B6300F07BBF00237B6300F077BF0023E8
:10BF08007B6300F073BF3B6BB3F5804F08D107F13B
:10BF180024031846FFF74EFA7B6A7B6300F066BF7E
:10BF280000237B6300F062BFD7E90023511E0B4357
:10BF380036D18D4BD3F8E03003F003033B633B6B02
:10BF4800002B04D1FEF72EFC786300F04FBF3B6B4B
:10BF5800012B04D1FEF7F2FA786300F047BF824B59
:10BF68001B6803F48063B3F5806F06D13B6B022B2B
:10BF780003D17F4B7B6300F039BF7B4BD3F8F030A4
:10BF880003F00203022B07D13B6B032B04D14FF4C0
:10BF980000437B6300F02ABF00237B6300F026BFC9
:10BFA800D7E90023111F0B4336D16F4BD3F8E0308C
:10BFB80003F030033B633B6B002B04D1FEF7DEFB41
:10BFC800786300F013BF3B6B102B04D1FEF7B6FA71
:10BFD800786300F00BBF644B1B6803F48063B3F510
:10BFE800806F06D13B6B202B03D1614B7B6300F044
:10BFF800FDBE5D4BD3F8F03003F00203022B07D1EE
:10C008003B6B302B04D14FF400437B6300F0EEBE52
:10C0180000237B6300F0EABED7E90023A2F1080100
:10C028000B4336D1504BD3F8E03003F0C0033B63E9
:10C038003B6B002B04D1FEF7A1FB786300F0D6BE62
:10C048003B6B402B04D1FEF779FA786300F0CEBE43
:10C05800454B1B6803F48063B3F5806F06D13B6BD7
:10C06800802B03D1424B7B6300F0C0BE3E4BD3F81C
:10C07800F03003F00203022B07D13B6BC02B04D135
:10C088004FF400437B6300F0B1BE00237B6300F0F4
:10C09800ADBED7E90023A2F110010B4339D1324BD1
:10C0A800D3F8E03003F440733B633B6B002B04D1BF
:10C0B800FEF764FB786300F099BE3B6BB3F5807FB5
:10C0C80004D1FEF73BFA786300F090BE264B1B685C
:10C0D80003F48063B3F5806F07D13B6BB3F5007F42
:10C0E80003D1234B7B6300F081BE1F4BD3F8F030A4
:10C0F80003F00203022B08D13B6BB3F5407F04D158
:10C108004FF400437B6300F071BE00237B6300F0B3
:10C118006DBED7E90023A2F120010B435FD1124B7A
:10C12800D3F8E83003F007033B633B6B002B04D1E3
:10C13800FEF74CFB786300F059BE3B6B012B04D132
:10C14800FEF7FCF9786300F051BE074B1B6803F457
:10C158008063B3F5806F0DD13B6B022B0AD1044B82
:10C168007B6300F043BE00BF000C0246C8E2020831
:10C178000024F400AF4BD3F8F03003F00203022B95
:10C1880007D13B6B032B04D14FF400437B6300F0D2
:10C198002DBEA84B1B6803F02003202B1BD13B6B43
:10C1A800042B18D1A34B9B6803F40003002B05D084
:10C1B800A04B9B681B0E03F00F0306E09D4BD3F8C2
:10C1C800F4301B041B0E03F00F039B4A52F8233074
:10C1D8007B6300F00BBE00237B6300F007BED7E94A
:10C1E8000023A2F500410B436CD1924BD3F8E83001
:10C1F80003F4E0433B633B6BB3F5805F04D1FEF788
:10C208009DF9786300F0F2BD3B6BB3F5005F08D190
:10C2180007F118031846FFF729FA3B6A7B6300F019
:10C22800E5BD3B6B002B04D1FEF78EFA786300F076
:10C23800DDBD3B6BB3F5A04F22D17E4B1B6803F0ED
:10C248002003202B18D17B4B9B6803F40003002BA1
:10C2580005D0784B9B681B0E03F00F0306E0754B67
:10C26800D3F8F4301B041B0E03F00F03724A52F884
:10C2780023307B6300F0BABD00237B6300F0B6BDBA
:10C288006C4B1B6803F40033B3F5003F07D13B6BDD
:10C29800B3F5405F03D1694B7B6300F0A7BD654BE5
:10C2A8001B6803F48063B3F5806F07D13B6BB3F56C
:10C2B800804F03D1624B7B6300F098BD00237B6302
:10C2C80000F094BDD7E90023A2F580310B4358D183
:10C2D800584BD3F8E43003F007033B633B6B042B64
:10C2E8004BD801A252F823F029C3000805C300085F
:10C2F80017C3000833C300083DC3000807F124032F
:10C308001846FFF757F87B6A7B6300F06FBD07F1AB
:10C318000C031846FFF706FB3B697B6300F066BD1C
:10C32800FEF712FA786300F061BD4BF680337B6349
:10C3380000F05CBD3F4B1B6803F02003202B18D195
:10C348003C4B9B6803F40003002B05D0394B9B68DA
:10C358001B0E03F00F0306E0364BD3F8F4301B0432
:10C368001B0E03F00F03344A52F823307B6300F0AE
:10C378003DBD00237B6300F039BD00237B6300F0E3
:10C3880035BDD7E90023A2F500310B436FD1294B06
:10C39800D3F8E83003F4E0233B633B6BB3F5802F1D
:10C3A80036D03B6BB3F5802F5DD83B6BB3F5403F80
:10C3B80029D03B6BB3F5403F55D83B6BB3F5003FF5
:10C3C80013D03B6BB3F5003F4DD83B6B002B15D01A
:10C3D8003B6BB3F5803F46D107F124031846FEF7BF
:10C3E800E9FF7B6A7B6300F001BD07F10C03184687
:10C3F800FFF798FA3B697B6300F0F8BCFEF7A4F9F5
:10C40800786300F0F3BC4BF680337B6300F0EEBC3E
:10C41800084B1B6803F02003202B20D1054B9B6899
:10C4280003F40003002B0DD0024B9B681B0E03F096
:10C438000F030EE0000C0246C8E2020800366E0147
:10C448000024F4009D4BD3F8F4301B041B0E03F0BA
:10C458000F039B4A52F823307B6300F0C7BC0023CC
:10C468007B6300F0C3BC00237B6300F0BFBCD7E94B
:10C478000023A2F140010B434CD1904BD3F8E0309C
:10C4880003F440633B633B6B002B04D1FEF776F962
:10C49800786300F0ABBC3B6BB3F5806F04D1FEF75B
:10C4A8004DF8786300F0A2BC844B1B6803F48063EA
:10C4B800B3F5806F07D13B6BB3F5006F03D1814BA8
:10C4C8007B6300F093BC7D4B1B6803F02003202B9B
:10C4D8001CD13B6BB3F5406F18D1784B9B6803F4C4
:10C4E8000003002B05D0754B9B681B0E03F00F0350
:10C4F80006E0724BD3F8F4301B041B0E03F00F0355
:10C508006F4A52F823307B6300F070BC00237B63D2
:10C5180000F06CBCD7E90023A2F180010B434CD199
:10C52800664BD3F8E03003F440533B633B6B002B7E
:10C5380004D1FEF723F9786300F058BC3B6BB3F5E0
:10C54800805F04D1FDF7FAFF786300F04FBC5B4BC6
:10C558001B6803F48063B3F5806F07D13B6BB3F5B9
:10C56800005F03D1574B7B6300F040BC534B1B6803
:10C5780003F02003202B1CD13B6BB3F5405F18D18F
:10C588004E4B9B6803F40003002B05D04B4B9B6874
:10C598001B0E03F00F0306E0484BD3F8F4301B04DE
:10C5A8001B0E03F00F03464A52F823307B6300F05A
:10C5B8001DBC00237B6300F019BCD7E90023A2F55A
:10C5C80080710B4351D13D4BD3F8E83003F0C003E1
:10C5D8003B633B6BC02B24D03B6BC02B42D83B6BDF
:10C5E800802B0DD03B6B802B3CD83B6B002B03D0B2
:10C5F8003B6B402B11D035E0FEF7E8F87863F5E3A4
:10C608002E4B1B6803F48063B3F5806F02D12D4B6A
:10C618007B63EBE300237B63E8E3FDF78FFF78633D
:10C62800E4E3264B1B6803F02003202B17D1234B90
:10C638009B6803F40003002B05D0204B9B681B0E5E
:10C6480003F00F0306E01D4BD3F8F4301B041B0E58
:10C6580003F00F031A4A52F823307B63C6E3002322
:10C668007B63C3E300237B63C0E3D7E90023A2F520
:10C6780080010B434DD1114BD3F8E03003F4404314
:10C688003B633B6B002B03D1FEF778F87863ADE38F
:10C698003B6BB3F5804F03D1FDF750FF7863A5E3FB
:10C6A800064B1B6803F48063B3F5806F0CD13B6BBA
:10C6B800B3F5004F08D1034B7B6397E3000C0246A8
:10C6C800C8E202080024F400A44B1B6803F020030E
:10C6D800202B1BD13B6BB3F5404F17D19F4B9B6869
:10C6E80003F40003002B05D09C4B9B681B0E03F042
:10C6F8000F0306E0994BD3F8F4301B041B0E03F02C
:10C708000F03974A52F823307B636FE300237B6360
:10C718006CE3D7E90023A2F500610B4364D18F4B8A
:10C72800D3F8E83003F440733B633B6B002B20D114
:10C738008A4B1B6803F02003202B17D1874B9B687B
:10C7480003F40003002B05D0844B9B681B0E03F0F9
:10C758000F0306E0814BD3F8F4301B041B0E03F0E3
:10C768000F037F4A52F823307B633FE300237B6348
:10C778003CE37A4BD3F8F03003F00063B3F1006F79
:10C7880012D13B6BB3F5807F0ED1744BD3F8F030E8
:10C7980003F08053B3F1805F02D1FA237B6325E372
:10C7A8004FF4FA437B6321E36C4B1B6803F480630B
:10C7B800B3F5806F06D13B6BB3F5007F02D1694BAF
:10C7C8007B6313E3654BD3F8F03003F00203022BCD
:10C7D80007D13B6BB3F5407F03D14FF400437B6334
:10C7E80004E300237B6301E3D7E90023A2F500718A
:10C7F8000B4364D1594BD3F8E83003F440633B63EF
:10C808003B6B002B20D1554B1B6803F02003202BDA
:10C8180017D1524B9B6803F40003002B05D04F4BF4
:10C828009B681B0E03F00F0306E04C4BD3F8F43063
:10C838001B041B0E03F00F03494A52F823307B6395
:10C84800D4E200237B63D1E2444BD3F8F03003F009
:10C858000063B3F1006F12D13B6BB3F5806F0ED15B
:10C868003E4BD3F8F03003F08053B3F1805F02D130
:10C87800FA237B63BAE24FF4FA437B63B6E2374BA1
:10C888001B6803F48063B3F5806F06D13B6BB3F587
:10C89800006F02D1334B7B63A8E2304BD3F8F03002
:10C8A80003F00203022B07D13B6BB3F5406F03D1B2
:10C8B8004FF400437B6399E200237B6396E2D7E958
:10C8C8000023A2F580610B434ED1244BD3F8E0300E
:10C8D80003F440233B633B6B002B03D1FDF74EFF72
:10C8E800786383E21D4BD3F8F03003F00063B3F1B3
:10C8F800006F12D13B6BB3F5802F0ED1174BD3F8D5
:10C90800F03003F08053B3F1805F02D1FA237B63E8
:10C918006CE24FF4FA437B6368E2104B1B6803F444
:10C928008063B3F5806F06D13B6BB3F5002F02D15E
:10C938000C4B7B635AE2094BD3F8F03003F0020347
:10C94800022B07D13B6BB3F5402F03D14FF40043C3
:10C958007B634BE200237B6348E200BF000C024686
:10C96800C8E202080024F400D7E9002302F1784164
:10C978000B432DD1A94BD3F8E03003F040733B6350
:10C98800A64B1B6803F40033B3F5003F05D13B6B9E
:10C99800002B02D1A24B7B6328E23B6BB3F1807F73
:10C9A80007D107F124031846FEF704FDBB6A7B6331
:10C9B8001CE23B6BB3F1007F07D107F1180318465F
:10C9C800FEF754FEBB697B6310E200237B630DE234
:10C9D800D7E90023A2F500010B4356D18F4BD3F8BA
:10C9E800E03003F440133B633B6BB3F5401F28D0A2
:10C9F8003B6BB3F5401F45D83B6BB3F5001F13D015
:10CA08003B6BB3F5001F3DD83B6B002B04D03B6B51
:10CA1800B3F5801F04D035E0FDF7C4FE7863E5E187
:10CA2800FDF78CFD7863E1E17C4B1B6803F48063C0
:10CA3800B3F5806F02D17B4B7B63D7E100237B6327
:10CA4800D4E1764B1B6803F02003202B17D1734BDE
:10CA58009B6803F40003002B05D0704B9B681B0EEA
:10CA680003F00F0306E06D4BD3F8F4301B041B0EE4
:10CA780003F00F036C4A52F823307B63B6E10023BE
:10CA88007B63B3E100237B63B0E1D7E9002302F1C4
:10CA98007F410B4356D1614BD3F8E03003F4403368
:10CAA8003B633B6BB3F5403F28D03B6BB3F5403F4E
:10CAB80045D83B6BB3F5003F13D03B6BB3F5003F54
:10CAC8003DD83B6B002B04D03B6BB3F5803F04D0C3
:10CAD80035E0FDF753FE786388E1FDF72FFD7863B5
:10CAE80084E14E4B1B6803F48063B3F5806F02D179
:10CAF8004C4B7B637AE100237B6377E1474B1B68F0
:10CB080003F02003202B17D1444B9B6803F4000348
:10CB1800002B05D0414B9B681B0E03F00F0306E06A
:10CB28003E4BD3F8F4301B041B0E03F00F033E4AB0
:10CB380052F823307B6359E100237B6356E10023DD
:10CB48007B6353E1D7E9002302F17E410B437FD198
:10CB5800324BD3F8E83003F018033B633B6B182BD8
:10CB680073D801A252F823F0D5CB000853CC0008A3
:10CB780053CC000853CC000853CC000853CC000811
:10CB880053CC000853CC0008DDCB000853CC000878
:10CB980053CC000853CC000853CC000853CC0008F1
:10CBA80053CC000853CC0008E5CB000853CC000850
:10CBB80053CC000853CC000853CC000853CC0008D1
:10CBC80053CC000853CC0008FFCB0008FDF7FEFD4E
:10CBD80078630BE1FDF7B2FC786307E10F4B1B6844
:10CBE80003F48063B3F5806F02D10E4B7B63FDE0E5
:10CBF80000237B63FAE0094B1B6803F02003202B1A
:10CC080020D1064B9B6803F40003002B0ED0034B86
:10CC18009B681B0E03F00F030FE000BF000C0246D9
:10CC280000366E010024F400C8E20208724BD3F803
:10CC3800F4301B041B0E03F00F03704A52F8233024
:10CC48007B63D3E000237B63D0E000237B63CDE0EC
:10CC5800D7E9002302F17C410B4355D1664BD3F849
:10CC6800E43003F440133B633B6BB3F5401F13D030
:10CC78003B6BB3F5401F44D83B6BB3F5001F13D093
:10CC88003B6BB3F5001F3CD83B6B002B14D03B6BC0
:10CC9800B3F5801F14D034E007F118031846FEF7E7
:10CCA800E5FCFB697B63A1E007F124031846FEF766
:10CCB80081FBBB6A7B6399E0FDF740FC786395E0F4
:10CCC8004D4B1B6803F02003202B17D14A4B9B6860
:10CCD80003F40003002B05D0474B9B681B0E03F0A1
:10CCE8000F0306E0444BD3F8F4301B041B0E03F08B
:10CCF8000F03424A52F823307B6377E000237B63BB
:10CD080074E000237B6371E0D7E9002302F17041EE
:10CD18000B4331D1384BD3F8E83003F400433B637D
:10CD2800354BD3F8F03003F00203022B06D13B6BEE
:10CD3800002B03D14FF400437B6357E02E4BD3F80D
:10CD4800F03003F00063B3F1006F12D13B6BB3F521
:10CD5800004F0ED1284BD3F8F03003F08053B3F1D5
:10CD6800805F02D1FA237B6340E04FF4FA437B6390
:10CD78003CE000237B6339E0D7E90023A2F50021DA
:10CD88000B4331D11C4BD3F8E43003F440533B63DD
:10CD9800194B1B6803F40053B3F5005F05D13B6BD7
:10CDA800002B02D1164B7B6320E0134B1B6803F466
:10CDB8000053B3F5005F06D13B6BB3F5805F02D13A
:10CDC800104B7B6312E00C4B1B6803F48063B3F5D4
:10CDD800806F06D13B6BB3F5005F02D10A4B7B63D2
:10CDE80004E000237B6301E000237B637B6B184630
:10CDF8003837BD4680BD00BF000C0246C8E20208B5
:10CE0800006CDC0200366E010024F40080B584B0AA
:10CE180000AF7860474B1B68464A23F08063136075
:10CE2800F8F7AAFAF86008E0F8F7A6FA0246FB68ED
:10CE3800D31A022B01D9032377E03E4B1B6803F07A
:10CE48000063002BF0D13B4BDB6A23F4706323F0C3
:10CE580003037A6811687A685268013A12020A4331
:10CE680034491343CB62334BDA6B334B13407A6844
:10CE78009268013AC2F308017A68D268013A52020C
:10CE880092B211437A681269013A120402F4FE025E
:10CE980011437A685269013A120602F0FE420A43C7
:10CEA80024491343CB63234BDB6A23F00C027B68D2
:10CEB8009B6920491343CB621E4BDA6A7B681B6A65
:10CEC8001C491343CB621B4BDB6A1A4A23F010033D
:10CED800D362184B1B6C23F47F4323F0F8037A6862
:10CEE800D269D200134913430B64124BDB6A114A0F
:10CEF80043F01003D3620F4B1B680E4A43F0806364
:10CF08001360F8F739FAF86008E0F8F735FA0246DE
:10CF1800FB68D31A022B01D9032306E0054B1B68D3
:10CF280003F00063002BF0D0002318461037BD46ED
:10CF380080BD00BF000C02460000808080B584B030
:10CF480000AF7860474B1B68464A23F08053136054
:10CF5800F8F712FAF86008E0F8F70EFA0246FB68EC
:10CF6800D31A022B01D9032377E03E4B1B6803F049
:10CF78000053002BF0D13B4B1B6B23F4706323F061
:10CF880003037A6811687A685268013A12020A4300
:10CF9800344913430B63334B5A6C334B13407A6851
:10CFA8009268013AC2F308017A68D268013A5202DB
:10CFB80092B211437A681269013A120402F4FE022D
:10CFC80011437A685269013A120602F0FE420A4396
:10CFD800244913434B64234B1B6B23F00C027B68DF
:10CFE8009B69204913430B631E4B1A6B7B681B6AB2
:10CFF8001C4913430B631B4B1B6B1A4A23F010038A
:10D008001363184B9B6C23F47F4323F0F8037A686F
:10D01800D269D200134913438B64124B1B6B114A1C
:10D0280043F0100313630F4B1B680E4A43F0805301
:10D038001360F8F7A1F9F86008E0F8F79DF90246DF
:10D04800FB68D31A022B01D9032306E0054B1B68A2
:10D0580003F00053002BF0D0002318461037BD46CC
:10D0680080BD00BF000C02460000808080B485B0FF
:10D0780000AF78607B6803F00703FB600C4BDB684C
:10D08800BB60BA684FF6FF031340BB60FB681A0227
:10D09800BB68134343F0BF6343F40033BB60044AE7
:10D0A800BB68D36000BF1437BD465DF8047B70478A
:10D0B80000ED00E080B400AF044BDB681B0A03F00E
:10D0C80007031846BD465DF8047B704700ED00E095
:10D0D80080B483B000AF0346FB7197F90730002B8B
:10D0E8000BDBFB7903F01F02074997F907305B094F
:10D0F800012000FA02F241F8232000BF0C37BD4698
:10D108005DF8047B704700BF00E100E080B483B0A5
:10D1180000AF0346FB7197F90730002B12DBFB7950
:10D1280003F01F020A4997F907305B09012000FA4A
:10D1380002F2203341F82320BFF34F8F00BFBFF323
:10D148006F8F00BF00BF0C37BD465DF8047B70478A
:10D1580000E100E080B483B000AF03463960FB71A2
:10D1680097F90730002B0ADB3B68DAB20C4997F9CC
:10D1780007301201D2B20B4483F800230AE03B685F
:10D18800DAB20849FB7903F00F03043B1201D2B26B
:10D198000B441A7600BF0C37BD465DF8047B704718
:10D1A80000E100E000ED00E080B489B000AFF86075
:10D1B800B9607A60FB6803F00703FB61FB69C3F1A0
:10D1C8000703042B28BF0423BB61FB690433062B28
:10D1D80002D9FB69033B00E000237B614FF0FF327B
:10D1E800BB6902FA03F3DA43BB681A407B699A40C9
:10D1F8004FF0FF317B6901FA03F3D9437B680B4099
:10D20800134318462437BD465DF8047B704780B544
:10D2180082B000AF78607868FFF728FF00BF083752
:10D22800BD4680BD80B586B000AF0346B9607A6060
:10D23800FB73FFF73FFF78617A68B9687869FFF791
:10D24800B3FF024697F90F3011461846FFF782FFE1
:10D2580000BF1837BD4680BD80B582B000AF034619
:10D26800FB7197F907301846FFF732FF00BF083700
:10D27800BD4680BD80B582B000AF0346FB7197F90B
:10D2880007301846FFF742FF00BF0837BD4680BD8C
:10D2980080B483B000AF78607B68042B44D801A2C7
:10D2A80052F823F0CFD20008EDD200080FD30008BF
:10D2B80031D30008C1D200081F4B1B681E4A43F037
:10D2C8000403136031E01C4B1B681B4A23F0040362
:10D2D80013601A4BD3F8E030184A23F44003C2F81D
:10D2E800E03022E0144B1B68134A23F00403136058
:10D2F800124BD3F8E03023F44003104A43F4800380
:10D30800C2F8E03011E00C4B1B680B4A23F0040311
:10D3180013600A4BD3F8E03023F44003074A43F480
:10D328000003C2F8E03000E000BF00BF0C37BD4684
:10D338005DF8047B704700BF10E000E0000C024677
:10D3480080B586B000AFF860B9607A601F4B1B7873
:10D35800012B01D1022334E01C4B01221A701B4B14
:10D3680000225A604FF47A7000F070F80346FB759B
:10D37800FB7D002B21D1154AFB689360144B3B6160
:10D38800FB6823F00043012B04D17968B86800F0EA
:10D39800A5F803E07968B86800F0DCF84FF47A7013
:10D3A80000F054F80346FB753B691A68FB6823F0E4
:10D3B8000043DB431A403B691A60044B00221A7091
:10D3C800FB7D18461837BD4680BD00BF1000002001
:10D3D8002820024080B483B000AF0023FB710B4BC0
:10D3E8009B6A002B0BDA094B094A9A60074B094ADA
:10D3F8009A60064B9B6A002B01DA0123FB71FB79CB
:10D4080018460C37BD465DF8047B70470020024083
:10D4180023016745AB89EFCD80B483B000AF01230A
:10D42800FB71094B9B6A084A43F000439362064B21
:10D438009B6A002B01DA0023FB71FB7918460C3735
:10D44800BD465DF8047B70470020024080B586B079
:10D4580000AF7860F7F790FF78611E4B3B6110E0F2
:10D468007B68B3F1FF3F0CD0F7F786FF02467B6974
:10D47800D31A7A689A4202D97B68002B01D1032318
:10D4880023E03B691B6803F44033002BE8D13B6978
:10D498001A6842F2FA031340FB60FB68002B0AD0BB
:10D4A8000D4B5A68FB6813430B4A53603B69FA6893
:10D4B8001A60012309E03B691B6803F00103002B94
:10D4C80002D03B6901221A60002318461837BD466E
:10D4D80080BD00BF202002401000002080B48BB027
:10D4E80000AF78603960042387F827307B683B6297
:10D4F8003B68FB61164BBB61BB691B6843F00102CB
:10D50800BB691A60EFF310833B613B697B6172B6BC
:10D5180000BFFB691A683B6A1A603B6A04333B62C6
:10D52800FB690433FB6197F82730013B87F8273004
:10D5380097F82730002BECD17B69FB60FB6883F3FD
:10D54800108800BF00BF2C37BD465DF8047B7047CC
:10D558002820024080B48BB000AF78603960202367
:10D5680087F827307B683B623B68FB61174BBB61E0
:10D57800BB691B6843F4804343F00103BA69136035
:10D58800EFF310833B613B697B6172B600BFFB69B7
:10D598001A683B6A1A603B6A04333B62FB690433CE
:10D5A800FB6197F82730013B87F8273097F8273039
:10D5B800002BECD17B69FB60FB6883F3108800BF0C
:10D5C80000BF2C37BD465DF8047B70472820024019
:10D5D80080B586B000AF78603960334B1B78012B7B
:10D5E80001D102235CE0304B01221A702E4B00223D
:10D5F8005A604FF47A70FFF729FF0346FB75FB7DED
:10D60800002B49D17B681B68274A9360274BFB6036
:10D618007B681B6823F0004348F2040293420BD155
:10D628007B685B68184600F043F84FF47A70FFF7A0
:10D638000DFF0346FB7525E03B684FF0FF321A608B
:10D648007B689B683B6115E07B685B6819463869B5
:10D6580000F054F84FF47A70FFF7F8FE0346FB75B4
:10D66800FB7D002B03D03B683A691A600AE03B69EE
:10D6780001333B617B689A687B68DB6813443A69CD
:10D688009A42E1D3FB681A687B681B6823F0004361
:10D69800DB431A40FB681A60034B00221A70FB7DBB
:10D6A80018461837BD4680BD1000002028200240CB
:10D6B80080B485B000AF78600F4BFB607B6803F0E7
:10D6C8000103002B07D0FB681B6843F4803343F049
:10D6D8000403FA6813607B6803F00203002B05D08B
:10D6E800FB681B6843F4C032FB681A6000BF14373C
:10D6F800BD465DF8047B70472820024080B485B0A1
:10D7080000AF78603960144BFB603B6803F001039D
:10D71800002B06D0FB681B6823F40062FB681A60C4
:10D7280005E0FB681B6843F40062FB681A60FB684D
:10D738001B6823F4803323F0FA037A68D20013437A
:10D7480043F4803343F00203FA68136000BF1437D0
:10D75800BD465DF8047B70472820024080B489B03C
:10D7680000AF7860396000237B617B683B61C2E170
:10D778003B681A6801217B6901FA03F31340FB60D7
:10D788007B69BB61FB68002B00F0B2817B68554A5E
:10D7980093425DD17B681B68FB6101227B6902FAB9
:10D7A80003F3DB43FA691340FB613B685B6803F0F2
:10D7B80001027B6902FA03F3FA691343FB617B6890
:10D7C800FA691A60484A7B6952F833303B61464A25
:10D7D8007B69DB0013445B68BB61BB69DA083B69A2
:10D7E800083253F82230FB61BB6903F007039B0042
:10D7F8000F2202FA03F3DB43FA691340FB61BB69AA
:10D8080003F007039B000B2202FA03F3FA691343A0
:10D81800FB61BB69DA083B690832F96943F82210F1
:10D828003B691B68FB61BB695B00032202FA03F3D7
:10D83800DB43FA691340FB61BB695B00022202FA11
:10D8480003F3FA691343FB613B69FA691A6067E0FD
:10D858003B685B68022B03D03B685B68122B45D1A1
:10D868007B69DA087B68083253F82230FB617B69F0
:10D8780003F007039B000F2202FA03F3DB43FA6964
:10D888001340FB613B681B6903F00F027B6903F0DF
:10D8980007039B0002FA03F3FA691343FB617B69F0
:10D8A800DA087B680832F96943F822103B691B687B
:10D8B800FB61BB695B00032202FA03F3DB43FA69ED
:10D8C8001340FB613B685B6803F00302BB695B00C4
:10D8D80002FA03F3FA691343FB613B69FA691A60B8
:10D8E8001EE000BF0000024608E302083B691B680F
:10D8F800FB61BB695B00032202FA03F3DB43FA69AD
:10D908001340FB613B685B6803F00302BB695B0083
:10D9180002FA03F3FA691343FB613B69FA691A6077
:10D928003B685B68012B0BD03B685B68022B07D018
:10D938003B685B68112B03D03B685B68122B30D1C6
:10D948003B699B68FB61BB695B00032202FA03F336
:10D95800DB43FA691340FB613B68DA68BB695B002B
:10D9680002FA03F3FA691343FB613B69FA699A60A7
:10D978003B695B68FB610122BB6902FA03F3DB4385
:10D98800FA691340FB613B685B681B0903F00102FD
:10D99800BB6902FA03F3FA691343FB613B69FA694D
:10D9A8005A603B685B68032B07D13B685B68032BB5
:10D9B8001BD13B689B68012B17D03B69DB68FB6177
:10D9C800BB695B00032202FA03F3DB43FA691340E5
:10D9D800FB613B689A68BB695B0002FA03F3FA696A
:10D9E8001343FB613B69FA69DA603B685B6803F0E3
:10D9F8008053002B7CD0474A7B699B08183352F828
:10DA08002330FB617B6903F00303DB000F2202FA7A
:10DA180003F3DB43FA691340FB617B689A0A3E4BC8
:10DA280013407A6902F00302D2009340FA69134363
:10DA3800FB6138497B699B081833FA6941F8232050
:10DA4800344B1B68FB61FB68DB43FA691340FB61DD
:10DA58003B685B6803F48013002B03D0FA69FB680A
:10DA68001343FB612B4AFB6913602A4B5B68FB611C
:10DA7800FB68DB43FA691340FB613B685B6803F4AE
:10DA88000013002B03D0FA69FB681343FB61214A9A
:10DA9800FB6953601F4BD3F88430FB61FB68DB43A1
:10DAA800FA691340FB613B685B6803F40033002BA1
:10DAB80003D0FA69FB681343FB61164AFB69C2F895
:10DAC8008430144BD3F88030FB61FB68DB43FA6980
:10DAD8001340FB613B685B6803F48033002B03D081
:10DAE800FA69FB681343FB610A4AFB69C2F8803094
:10DAF8007B6901337B613B681A687B6922FA03F30F
:10DB0800002B7FF435AE00BF00BF2437BD465DF85B
:10DB1800047B7047002002467F7F2F0080B489B0C5
:10DB280000AF786039600023BB617B687B61BCE033
:10DB38000122BB6902FA03F33A6813403B61BB69EF
:10DB4800FB613B69002B00F0AD807B685E4A934225
:10DB580015D15E4AFB6952F833307B615B4ABB6979
:10DB6800DB0013445B68FB61574B1A680121FB69B2
:10DB780001FA03F3DB43544913400B6053E0544A62
:10DB8800BB699B08183352F82330FB60BB6903F06C
:10DB98000303DB000F2202FA03F3FA681340FB6069
:10DBA8007B689A0A4B4B1340BA6902F00302D20011
:10DBB8009340FA689A4236D1454BD3F880203B69A6
:10DBC800DB4343491340C1F88030414BD3F88420EC
:10DBD8003B69DB433E491340C1F884303C4B1A682B
:10DBE8003B69DB433A4913400B60394B5A683B6940
:10DBF800DB43374913404B60BB6903F00303DB0089
:10DC08000F2202FA03F3FB60314ABB699B08183301
:10DC180052F82310FB68DA432D48BB699B080A4079
:10DC2800183340F823207B691A68FB695B000321DD
:10DC380001FA03F31A437B691A60FB69DA087B6906
:10DC4800083253F82210FB6903F007039B000F22E8
:10DC580002FA03F3DB43FA69D20819407B690832F8
:10DC680043F822107B699A68FB695B00032101FA7B
:10DC780003F3DB431A407B699A607B695A68012188
:10DC8800FB6901FA03F3DB431A407B695A607B693D
:10DC9800DA68FB695B00032101FA03F3DB431A40EE
:10DCA8007B69DA60BB690133BB613A68BB6922FAF8
:10DCB80003F3002B7FF43CAF00BF00BF2437BD4601
:10DCC8005DF8047B704700BF0000024608E30208C5
:10DCD800002002467F7F2F0080B483B000AF7860B9
:10DCE8000B467B8013467B707B78002B03D07A88A9
:10DCF8007B689A6102E07A887B689A6200BF0C3779
:10DD0800BD465DF8047B704780B485B000AF78608D
:10DD18000B467B807B685B69FB607A88FB681340F5
:10DD28001A04FB68D9437B880B401A437B689A61C5
:10DD380000BF1437BD465DF8047B704780B582B0DC
:10DD480000AF0346FB800F4BDA68FB881340002BBB
:10DD580006D00C4AFB88D360FB88184610F02EFAD0
:10DD6800084B1A69FB881340002B06D0054AFB882C
:10DD78001361FB88184610F03FFA00BF0837BD460C
:10DD880080BD00BF0020024680B485B000AF786037
:10DD9800394BDB6B03F44033BB60BA687B689A424B
:10DDA8000BD17B68B3F5803F05D9334BDB68324A2A
:10DDB80043F48023D360002357E07B68B3F5803FAA
:10DDC8000AD92D4BDB6823F4E0227B6813432A4AE7
:10DDD80043F48023D36007E0274BDB6823F4E02279
:10DDE80025497B681343CB60244B1B68244AA2FB5C
:10DDF80003239B09322202FB03F3214AA2FB0323DC
:10DE08009B090133FB6002E0FB68013BFB601A4B96
:10DE1800DB6803F40043002B02D1FB68002BF3D12D
:10DE2800FB68002B1BD0154B1B68154AA2FB03236C
:10DE38009B09322202FB03F3114AA2FB03239B092D
:10DE48000133FB6002E0FB68013BFB600A4BDB6BC4
:10DE580003F40043002B02D1FB68002BF3D1FB68CD
:10DE6800002B01D1032300E0002318461437BD46D8
:10DE78005DF8047B704700BF0008024604000020DC
:10DE8800D34D621080B400AF044BDB6B03F4403316
:10DE98001846BD465DF8047B704700BF000802467F
:10DEA80080B400AF054B1B69044A43F080431361FB
:10DEB80000BFBD465DF8047B704700BF00080246FE
:10DEC80080B584B000AF78607B68002B01D1012356
:10DED8004AE17B681B68644A934204D07B681B68EC
:10DEE800624A934200E000BF7B6800229A627B6826
:10DEF8001B685D4A934204D07B681B685B4A934267
:10DF080005D17B68DB680F2B01D901232CE17868E8
:10DF180002F089FCF8607B681B68534A934204D07E
:10DF28007B681B68514A934202D1FB68082B16D8BC
:10DF38007B681B684E4A93420ED07B681B684D4A2B
:10DF4800934209D07B681B684B4A934204D07B6894
:10DF58001B684A4A934204D1FB68102B01D901235C
:10DF680002E17B6893F88930DBB2002B35D17B68FE
:10DF7800002283F888207B68414AC3F890207B6898
:10DF8800404AC3F894207B683F4AC3F898207B68CE
:10DF98003E4AC3F89C207B683D4AC3F8A0207B68B2
:10DFA8003C4AC3F8A4207B683B4AC3F8A8207B6896
:10DFB8003A4AC3F8AC207B68394AC3F8B0207B687A
:10DFC800D3F8B430002B03D17B68364AC3F8B420A9
:10DFD8007B68D3F8B430786898477B68022283F866
:10DFE80089207B681B681A687B681B6822F001021D
:10DFF8001A607B681B689B6803F4F813BB607B6836
:10E008009B69B3F1806F19D17B685B68B3F5800FAA
:10E0180003D17B689B6B002B08D07B685B68002B67
:10E028000CD17B689B6BB3F1805F07D17B681B6861
:10E038001A687B681B6842F480521A607B685B68C8
:10E0480003F48003002B2FD07B68DB68062B2BD9C9
:10E058007B681B681B6823F480717B681A6D7B687A
:10E068001B680A431A6027E000200046002000567B
:10E0780000300140003001500038004000380050A6
:10E0880015030108290301083D030108510301088C
:10E0980065030108790301088D030108A10301083C
:10E0A800B5030108459E01087B681B681A687B68F0
:10E0B8001B6822F480721A607B68DA697B689B6A45
:10E0C8001A43BB681A437B68DB6B42EA03017B682F
:10E0D800DA687B681B680A439A607B685A6B7B68BE
:10E0E8005B6A1A437B689B6B1A437B689B691A437C
:10E0F8007B681B691A437B685B691A437B681B6AE8
:10E108001A437B685B681A437B68DB6C1A437B683D
:10E118009B681A437B689B6C1A437B689B6D1A4308
:10E128007B68DB6D42EA03017B681A6E7B681B68BB
:10E138000A43DA607B685B6803F48003002B0AD02B
:10E148007B681B68DB6823F000417B685A6D7B683D
:10E158001B680A43DA607B680022C3F88C207B685E
:10E16800012283F88920002318461037BD4680BD58
:10E1780080B582B000AF78607B68002B01D10123A5
:10E1880026E07B68022283F889207B681B681A686E
:10E198007B681B6822F001021A607B68D3F8B830EC
:10E1A800002B03D17B680C4AC3F8B8207B68D3F8EE
:10E1B800B830786898477B680022C3F88C207B6861
:10E1C800002283F889207B68002283F888200023B6
:10E1D80018460837BD4680BDA59F010880B588B0A0
:10E1E80002AFF860B9603B601346FB80FB681B68B0
:10E1F80020337B61FB681B68904A9342F7F7BCF8B1
:10E208003861FB6893F88930DBB2012B01D0022317
:10E21800F4E1BB68002B02D0FB88002B01D101235D
:10E22800ECE1FB6893F88830012B01D10223E5E18A
:10E23800FB68012283F88820FB68032283F8892081
:10E24800FB680022C3F88C20FB68BA685A66FB6832
:10E25800FA88A3F86820FB68FA88A3F86A20FB68A4
:10E268000022DA66FB680022A3F87020FB6800220F
:10E27800A3F87220FB680022DA67FB6800229A671D
:10E28800FB689B68B3F5C02F08D1FB681B681A6848
:10E29800FB681B6842F400621A6009E0FB681B68AF
:10E2A800DB6823F4C022FB681B6842F40032DA60A2
:10E2B800FB681B685B681B0C1B04F988FA6812680A
:10E2C8000B435360FB681B681A68FB681B6842F0C5
:10E2D80001021A60FB681B68DB6903F40013002B5A
:10E2E8000CD1FB685B68B3F5800F07D1FB681B682E
:10E2F8001A68FB681B6842F400721A60FB68DB68E6
:10E308000F2B5BD9FB681B684D4A93424FD0FB68C3
:10E318001B684C4A93424AD0FB681B684A4A93429E
:10E3280045D0FB681B68494A934247D13FE0FB68E8
:10E338001B685B6903F00203022B14D1FB685A6E59
:10E34800FB681B6812681A62FB685B6E1A1DFB6823
:10E358005A66FB68B3F86A309BB2013B9AB2FB6815
:10E36800A3F86A2023E0F7F707F802463B69D31AB7
:10E378003A689A4203D83B68B3F1FF3F02D13B6841
:10E38800002B14D1F86802F080F9FB68D3F88C30C0
:10E3980043F48072FB68C3F88C20FB68012283F881
:10E3A8008920FB68002283F88820032326E1FB6884
:10E3B800B3F86A309BB2002BB9D1F9E0FB68DB688F
:10E3C800072B40F2EE8067E0FB681B685B6903F08F
:10E3D8000203022B3CD1FB68B3F86A309BB2012BD5
:10E3E80018D9FB68DB6B002B14D0FB685A6EFB68EE
:10E3F8001B6812681A62FB685B6E1A1DFB685A6616
:10E40800FB68B3F86A309BB2023B9AB2FB68A3F888
:10E418006A2041E0FB685B6E1A887B691A80FB689A
:10E428005B6E9A1CFB685A66FB68B3F86A309BB24D
:10E43800013B9AB2FB68A3F86A202DE00020004651
:10E4480000300140003001500038004000380050D2
:10E45800F6F792FF02463B69D31A3A689A4203D804
:10E468003B68B3F1FF3F02D13B68002B14D1F86839
:10E4780002F00BF9FB68D3F88C3043F48072FB6828
:10E48800C3F88C20FB68012283F88920FB680022EE
:10E4980083F888200323B1E0FB68B3F86A309BB2A5
:10E4A800002B91D184E0FB681B685B6903F00203D1
:10E4B800022B52D1FB68B3F86A309BB2032B18D9F0
:10E4C800FB68DB6B402B14D9FB685A6EFB681B6832
:10E4D80012681A62FB685B6E1A1DFB685A66FB6855
:10E4E800B3F86A309BB2043B9AB2FB68A3F86A207F
:10E4F80057E0FB68B3F86A309BB2012B17D9FB6869
:10E50800DB6B002B13D0FB685B6E1A887B691A8063
:10E51800FB685B6E9A1CFB685A66FB68B3F86A3046
:10E528009BB2023B9AB2FB68A3F86A2039E0FB6809
:10E538005A6EFB681B68203312781A70FB685B6E92
:10E548005A1CFB685A66FB68B3F86A309BB2013BF9
:10E558009AB2FB68A3F86A2023E0F6F70DFF02469B
:10E568003B69D31A3A689A4203D83B68B3F1FF3F34
:10E5780002D13B68002B14D1F86802F086F8FB68DA
:10E58800D3F88C3043F48072FB68C3F88C20FB68A6
:10E59800012283F88920FB68002283F8882003235E
:10E5A8002CE0FB68B3F86A309BB2002B7FF47BAF9A
:10E5B8003B6900933B6800220821F86802F005F9DE
:10E5C8000346002B07D0FB68D3F88C3043F02002B9
:10E5D800FB68C3F88C20F86802F057F8FB68012242
:10E5E80083F88920FB68002283F88820FB68D3F829
:10E5F8008C30002B01D0012300E000231846183787
:10E60800BD4680BD80B588B000AFF860B9603B609A
:10E618001346FB80FB68DB6B5B099BB20133FB8312
:10E62800FB681B683033BB61FB681B68944A9342E4
:10E63800F6F7A2FE7861FB6893F88930DBB2012B0C
:10E6480001D00223BCE2BB68002B02D0FB88002B60
:10E6580001D10123B4E2FB6893F88830012B01D182
:10E668000223ADE2FB68012283F88820FB680422BC
:10E6780083F88920FB680022C3F88C20FB68BA68FD
:10E68800DA66FB68FA88A3F87020FB68FA88A3F8B2
:10E698007220FB6800225A66FB680022A3F86820F3
:10E6A800FB680022A3F86A20FB6800229A67FB68CF
:10E6B8000022DA67FB689B68B3F5C02F08D1FB68B6
:10E6C8001B681A68FB681B6822F400621A6009E07C
:10E6D800FB681B68DB6823F4C022FB681B6842F4F4
:10E6E8008022DA60FB681B685B681B0C1B04F988D6
:10E6F800FA6812680B435360FB681B681A68FB686A
:10E708001B6842F001021A60FB681B68DB6903F4AE
:10E718000013002B0CD1FB685B68B3F5800F07D1A1
:10E72800FB681B681A68FB681B6842F400721A6071
:10E73800FB68DB680F2B40F29C80FB681B68514A22
:10E74800934200F08E80FB681B684F4A934200F0AA
:10E758008880FB681B684D4A934200F08280FB6802
:10E768001B684B4A934240F084807AE0FB681B6840
:10E778005B693B61FB681B685B6903F00103012B64
:10E7880014D1FB681A68FB68DB6E126B1A60FB68B1
:10E79800DB6E1A1DFB68DA66FB68B3F872309BB251
:10E7A800013B9AB2FB68A3F872205AE0FB68B3F801
:10E7B80072309BB2FA8B9A4219D93B6903F4004331
:10E7C800002B14D0FB681A68FB68DB6E126B1A60AA
:10E7D800FB68DB6E1A1DFB68DA66FB68B3F87230FB
:10E7E8009BB2013B9AB2FB68A3F8722039E03B69FF
:10E7F80003F40063002B10D0FB681B681B6803F44C
:10E808000073B3F5007F2CD1FB681B689A69FB681D
:10E818001B6842F400629A6123E0F6F7ADFD0246F8
:10E828007B69D31A3A689A4203D83B68B3F1FF3F31
:10E8380002D13B68002B14D1F86801F026FFFB6871
:10E84800D3F88C3043F48072FB68C3F88C20FB68E3
:10E85800012283F88920FB68002283F8882003239B
:10E86800AEE1FB68B3F872309BB2002B7FF47EAF49
:10E8780093E1FB68DB68072B40F28881B0E000BFBA
:10E8880000200046003001400030015000380040B0
:10E8980000380050FB681B685B693B61FB681B68BC
:10E8A8005B6903F00103012B14D1FB68DB6EBA69C5
:10E8B800128892B21A80FB68DB6E9A1CFB68DA66D3
:10E8C800FB68B3F872309BB2013B9AB2FB68A3F8BD
:10E8D800722085E0FB68B3F872309BB2FA8B9A42DB
:10E8E80024D93B6903F40043002B1FD0FB68DB6E7F
:10E8F800BA69128892B21A80FB68DB6E9A1CFB68B0
:10E90800DA66FB68DB6EBA69128892B21A80FB6815
:10E91800DB6E9A1CFB68DA66FB68B3F872309BB250
:10E92800023B9AB2FB68A3F8722059E0FB68B3F87F
:10E9380072309BB2012B19D13B6903F40053002BB1
:10E9480014D0FB68DB6EBA69128892B21A80FB6831
:10E95800DB6E9A1CFB68DA66FB68B3F872309BB210
:10E96800013B9AB2FB68A3F8722039E03B6903F4D3
:10E978000063002B10D0FB681B681B6803F400734E
:10E98800B3F5007F2CD1FB681B689A69FB681B688C
:10E9980042F400629A6123E0F6F7EEFC02467B69D6
:10E9A800D31A3A689A4203D83B68B3F1FF3F02D1C1
:10E9B8003B68002B14D1F86801F067FEFB68D3F8B8
:10E9C8008C3043F48072FB68C3F88C20FB6801220A
:10E9D80083F88920FB68002283F888200323EFE06E
:10E9E800FB68B3F872309BB2002B7FF453AFD4E0CE
:10E9F800FB681B685B693B61FB681B685B6903F02C
:10EA08000103012B17D1FB681B6803F13002FB6877
:10EA1800DB6E1278D2B21A70FB68DB6E5A1CFB6888
:10EA2800DA66FB68B3F872309BB2013B9AB2FB68B6
:10EA3800A3F87220AAE0FB68B3F872309BB2FA8B95
:10EA48009A4246D93B6903F40043002B41D0FB6846
:10EA58001B6803F13002FB68DB6E1278D2B21A70C1
:10EA6800FB68DB6E5A1CFB68DA66FB681B6803F1FF
:10EA78003002FB68DB6E1278D2B21A70FB68DB6E6C
:10EA88005A1CFB68DA66FB681B6803F13002FB68F6
:10EA9800DB6E1278D2B21A70FB68DB6E5A1CFB6808
:10EAA800DA66FB681B6803F13002FB68DB6E1278DC
:10EAB800D2B21A70FB68DB6E5A1CFB68DA66FB6818
:10EAC800B3F872309BB2043B9AB2FB68A3F8722089
:10EAD8005CE0FB68B3F872309BB2032B1CD83B692F
:10EAE80003F4C043002B17D0FB681B6803F1300206
:10EAF800FB68DB6E1278D2B21A70FB68DB6E5A1CA8
:10EB0800FB68DA66FB68B3F872309BB2013B9AB2D5
:10EB1800FB68A3F8722039E03B6903F40063002B1B
:10EB280010D0FB681B681B6803F40073B3F5007F03
:10EB38002CD1FB681B689A69FB681B6842F4006269
:10EB48009A6123E0F6F718FC02467B69D31A3A6803
:10EB58009A4203D83B68B3F1FF3F02D13B68002BD0
:10EB680014D1F86801F091FDFB68D3F88C3043F4B8
:10EB78008072FB68C3F88C20FB68012283F8892027
:10EB8800FB68002283F88820032319E0FB68B3F8A8
:10EB980072309BB2002B7FF42BAFF86801F075FD43
:10EBA800FB68012283F88920FB68002283F888200B
:10EBB800FB68D3F88C30002B01D0012300E0002340
:10EBC80018462037BD4680BD80B58EB002AFF860CC
:10EBD800B9607A607B80FB681B6820337B62FB68C6
:10EBE8001B6830333B62FB68DB6B5B099BB201330C
:10EBF800FB83FB681B68904A9342F6F7BDFBB8613C
:10EC08007B887B857B883B85FB6893F88930DBB202
:10EC1800012B01D0022332E3BB68002B05D07B68AF
:10EC2800002B02D07B88002B01D1012327E3FB684E
:10EC380093F88830012B01D1022320E3FB680122DD
:10EC480083F88820FB68052283F88920FB68002266
:10EC5800C3F88C20FB687A68DA66FB687A88A3F8C0
:10EC68007220FB687A88A3F87020FB68BA685A6635
:10EC7800FB687A88A3F86A20FB687A88A3F868207A
:10EC8800FB6800229A67FB680022DA67FB681B684A
:10EC9800DA68FB681B6822F4C022DA60FB681B682C
:10ECA800664A93420ED0FB681B68654A934209D0B6
:10ECB800FB681B68634A934204D0FB681B68624A7E
:10ECC800934202D11023FB6201E00823FB62FB6838
:10ECD8001B685B681B0C1B047988FA6812680B4375
:10ECE8005360FB681B681A68FB681B6842F00102E6
:10ECF8001A60FB681B68DB6903F40013002B0CD156
:10ED0800FB685B68B3F5800F07D1FB681B681A685E
:10ED1800FB681B6842F400721A60FB68DB680F2B03
:10ED280040F2C180FB681B68444A93420FD0FB68DD
:10ED38001B68434A93420AD0FB681B68414A9342C6
:10ED480005D0FB681B68404A934240F0AC80FB6AE0
:10ED58009B08FB629EE0FB681B685B6903F002038B
:10ED6800022B20D17B8D002B1DD03A8D798DFB6A2B
:10ED78000B449A4217D2FB685A6EFB681B681268EC
:10ED88001A62FB685B6E1A1DFB685A66FB68B3F86B
:10ED98006A309BB2013B9AB2FB68A3F86A20FB6811
:10EDA800B3F86A307B85FB681B685B697B613B8DC8
:10EDB800002B6FD0FB681B685B6903F00103012B14
:10EDC80018D1FB681A68FB68DB6E126B1A60FB6867
:10EDD800DB6E1A1DFB68DA66FB68B3F872309BB20B
:10EDE800013B9AB2FB68A3F87220FB68B3F8723053
:10EDF8003B854FE03A8DFB8B9A4227D27B6903F41F
:10EE08000043002B22D0FB681A68FB68DB6E126B8C
:10EE18001A60FB68DB6E1A1DFB68DA66FB68B3F8DC
:10EE280072309BB2013B9AB2FB68A3F87220FB6870
:10EE3800B3F872303B852DE00020004600300140D9
:10EE4800003001500038004000380050F6F794FABE
:10EE58000246BB69D31ABA6B9A4203D8BB6BB3F1AB
:10EE6800FF3F02D1BB6B002B14D1F86801F00DFCF9
:10EE7800FB68D3F88C3043F48072FB68C3F88C20AD
:10EE8800FB68012283F88920FB68002283F8882028
:10EE98000323F4E17B8D002B7FF45DAF3B8D002BCA
:10EEA8007FF459AFC5E1FB68DB68072B40F2B981F5
:10EEB800FB6A5B08FB62C0E0FB681B685B6903F0E8
:10EEC8000203022B1FD17B8D002B1CD03A8D798D2C
:10EED800FB6A0B449A4216D2FB685B6E1A887B6AFF
:10EEE8001A80FB685B6E9A1CFB685A66FB68B3F86D
:10EEF8006A309BB2013B9AB2FB68A3F86A20FB68B0
:10EF0800B3F86A307B85FB681B685B697B613B8D66
:10EF1800002B00F09280FB681B685B6903F001031B
:10EF2800012B18D1FB68DB6E3A6A128892B21A80FC
:10EF3800FB68DB6E9A1CFB68DA66FB68B3F8723014
:10EF48009BB2013B9AB2FB68A3F87220FB68B3F846
:10EF580072303B8571E03A8DFB8B9A4228D27B69EF
:10EF680003F40043002B23D0FB68DB6E3A6A128857
:10EF780092B21A80FB68DB6E9A1CFB68DA66FB6843
:10EF8800DB6E3A6A128892B21A80FB68DB6E9A1CB2
:10EF9800FB68DA66FB68B3F872309BB2023B9AB240
:10EFA800FB68A3F87220FB68B3F872303B8544E035
:10EFB8003B8D012B1DD17B6903F40053002B18D026
:10EFC800FB68DB6E3A6A128892B21A80FB68DB6EC5
:10EFD8009A1CFB68DA66FB68B3F872309BB2013B97
:10EFE8009AB2FB68A3F87220FB68B3F872303B85CD
:10EFF80023E0F6F7C1F90246BB69D31ABA6B9A4205
:10F0080003D8BB6BB3F1FF3F02D1BB6B002B14D10C
:10F01800F86801F03AFBFB68D3F88C3043F480724F
:10F02800FB68C3F88C20FB68012283F88920FB6801
:10F03800002283F88820032321E17B8D002B7FF4B5
:10F048003BAF3B8D002B7FF437AFF2E0FB681B68CA
:10F058005B6903F00203022B21D17B8D002B1ED0AC
:10F068003A8D798DFB6A0B449A4218D2FB685A6E26
:10F07800FB681B68203312781A70FB685B6E5A1C99
:10F08800FB685A66FB68B3F86A309BB2013B9AB2D8
:10F09800FB68A3F86A20FB68B3F86A307B85FB68D5
:10F0A8001B685B697B613B8D002B00F0BA80FB68B5
:10F0B8001B685B6903F00103012B1BD1FB681B680C
:10F0C80003F13002FB68DB6E1278D2B21A70FB686B
:10F0D800DB6E5A1CFB68DA66FB68B3F872309BB2C9
:10F0E800013B9AB2FB68A3F87220FB68B3F8723050
:10F0F8003B8596E03A8DFB8B9A424AD27B6903F4B2
:10F108000043002B45D0FB681B6803F13002FB6805
:10F11800DB6E1278D2B21A70FB68DB6E5A1CFB6881
:10F12800DA66FB681B6803F13002FB68DB6E127855
:10F13800D2B21A70FB68DB6E5A1CFB68DA66FB6891
:10F148001B6803F13002FB68DB6E1278D2B21A70CA
:10F15800FB68DB6E5A1CFB68DA66FB681B6803F108
:10F168003002FB68DB6E1278D2B21A70FB68DB6E75
:10F178005A1CFB68DA66FB68B3F872309BB2043B32
:10F188009AB2FB68A3F87220FB68B3F872303B852B
:10F1980047E03B8D032B20D87B6903F4C043002B49
:10F1A8001BD0FB681B6803F13002FB68DB6E12782A
:10F1B800D2B21A70FB68DB6E5A1CFB68DA66FB6811
:10F1C800B3F872309BB2013B9AB2FB68A3F8722085
:10F1D800FB68B3F872303B8523E0F6F7CDF80246BA
:10F1E800BB69D31ABA6B9A4203D8BB6BB3F1FF3F22
:10F1F80002D1BB6B002B14D1F86801F046FAFB680A
:10F20800D3F88C3043F48072FB68C3F88C20FB6819
:10F21800012283F88920FB68002283F888200323D1
:10F228002DE07B8D002B7FF411AF3B8D002B7FF4FD
:10F238000DAFBB690093BB6B00220821F86801F091
:10F24800C4FA0346002B07D0FB68D3F88C3043F090
:10F258002002FB68C3F88C20F86801F016FAFB68F6
:10F26800012283F88920FB68002283F88820FB6844
:10F27800D3F88C30002B01D0012300E0002318467E
:10F288003037BD4680BD00BF80B586B000AFF8609E
:10F29800B9601346FB80FB681B68964A9342FB687B
:10F2A80093F88930DBB2012B01D00223A3E1BB68BC
:10F2B800002B02D0FB88002B01D101239BE1FB68C6
:10F2C80093F88830012B01D1022394E1FB680122D5
:10F2D80083F88820FB68032283F88920FB680022D2
:10F2E800C3F88C20FB68BA685A66FB68FA88A3F8EA
:10F2F8006820FB68FA88A3F86A20FB680022DA66AF
:10F30800FB680022DA67FB6800229A67FB68002224
:10F31800A3F87020FB680022A3F87220FB689B68A2
:10F32800B3F5C02F08D1FB681B681A68FB681B6817
:10F3380042F400621A6009E0FB681B68DB6823F48A
:10F34800C022FB681B6842F40032DA60FB68DB68A5
:10F358000F2B19D9FB68D3F880309B69022B13D087
:10F36800FB681B68644A934218D0FB681B68634AB1
:10F37800934213D0FB681B68614A93420ED0FB6826
:10F388001B68604A934209D0FB68DB68072B0BD9DE
:10F39800FB68D3F880309B69002B05D1FB680022FD
:10F3A80083F88820012326E1FB68DB68072B20D837
:10F3B800FB68D3F880309B69012B09D1FB68B3F84F
:10F3C8006A309BB201335B109AB2FB68A3F86A20DB
:10F3D800FB68D3F880309B69022B1ED1FB68B3F819
:10F3E8006A309BB203339B109AB2FB68A3F86A2079
:10F3F80013E0FB68DB680F2B0FD8FB68D3F880306D
:10F408009B69022B09D1FB68B3F86A309BB20133C0
:10F418005B109AB2FB68A3F86A20FB68D3F88030C7
:10F42800394A5A66FB68D3F88030384A1A66FB684E
:10F43800D3F88030364A9A66FB68D3F880300022C9
:10F44800DA66FB681B689A68FB681B6822F400424E
:10F458009A60FB68DB68072B04D8FB68FA88A3F876
:10F468006A2010E0FB68DB680F2B06D8FB885B007E
:10F478009AB2FB68A3F86A2005E0FB889B009AB261
:10F48800FB68A3F86A20FB68D3F880301B6D03F093
:10F498008003002B3ED0FB68D3F880305B6F002BD5
:10F4A80024D0FB68B3F86A309AB2FB68D3F880308E
:10F4B8005B6F1B689A60FB685A6EFB68D3F88030F4
:10F4C8005B6F1B68DA60FB681B6803F12002FB684E
:10F4D800D3F880305B6F1B681A61FB68D3F8803003
:10F4E8001846F5F7A5F80346FB7525E00123FB75DB
:10F4F80022E000BF002000460030014000300150EB
:10F50800003800400038005069040108C9030108A8
:10F51800A9040108FB68D3F88000FB685B6E1946F4
:10F52800FB681B6820331A46FB68B3F86A309BB245
:10F53800F4F7F0F90346FB75FB7D002B11D0FB684F
:10F54800D3F88C3043F01002FB68C3F88C20FB68BA
:10F55800012283F88920FB68002283F88820012390
:10F5680049E0FB68D3F880301B6D812B08D1FB681C
:10F578001B685B68FA6812681B0C1B04536009E07F
:10F58800FB681B685B681B0C1B04F988FA68126827
:10F598000B435360FB681B689A68FB681B6842F45E
:10F5A80000429A60FB681B681A69FB681B6842F492
:10F5B80048721A61FB681B681A68FB681B6842F08E
:10F5C80001021A60FB681B68DB6903F40013002B57
:10F5D8000CD1FB685B68B3F5800F07D1FB681B682B
:10F5E8001A68FB681B6842F400721A60FB68002204
:10F5F80083F88820002318461837BD4680BD00BF11
:10F6080080B586B000AFF860B9607A607B80FB682F
:10F618001B68914A9342FB6893F88930DBB2012B4F
:10F6280001D0022374E2BB68002B05D07B68002B55
:10F6380002D07B88002B01D1012369E2FB6893F893
:10F648008830012B01D1022362E2FB68012283F892
:10F658008820FB68052283F88920FB680022C3F80C
:10F668008C20FB68BA685A66FB687A88A3F8682019
:10F67800FB687A88A3F86A20FB687A68DA66FB6810
:10F688007A88A3F87020FB687A88A3F87220FB6850
:10F6980000229A67FB680022DA67FB681B68DA6851
:10F6A800FB681B6822F4C022DA60FB681B689A6852
:10F6B800FB681B6822F440429A60FB68DB680F2BEA
:10F6C80020D9FB68D3F88430DB69B3F5003F05D156
:10F6D800FB68D3F880309B69022B13D0FB681B684A
:10F6E8005E4A93421ED0FB681B685D4A934219D05C
:10F6F800FB681B685B4A934214D0FB681B685A4A34
:10F7080093420FD0FB68DB68072B11D9FB68D3F84D
:10F718008430DB69002B05D0FB68D3F880309B6907
:10F72800002B05D1FB68002283F888200123EFE134
:10F73800FB68DB68072B42D8FB68D3F880309B69ED
:10F74800012B09D1FB68B3F86A309BB201335B1017
:10F758009AB2FB68A3F86A20FB68D3F880309B69EB
:10F76800022B09D1FB68B3F86A309BB203339B10B4
:10F778009AB2FB68A3F86A20FB68D3F88430DB6987
:10F78800B3F5803F09D1FB68B3F872309BB20133FF
:10F798005B109AB2FB68A3F87220FB68D3F8843038
:10F7A800DB69B3F5003F2FD1FB68B3F872309BB229
:10F7B80003339B109AB2FB68A3F8722024E0FB681D
:10F7C800DB680F2B20D8FB68D3F880309B69022BAD
:10F7D80009D1FB68B3F86A309BB201335B109AB267
:10F7E800FB68A3F86A20FB68D3F88430DB69B3F5BB
:10F7F800003F09D1FB68B3F872309BB201335B104C
:10F808009AB2FB68A3F87220FB68D3F88430174AD1
:10F818005A66FB68D3F88430154A1A66FB68D3F831
:10F828008430144A9A66FB68D3F884300022DA667A
:10F83800FB68DB68072B04D8FB687A88A3F872207A
:10F8480020E0FB68DB680F2B16D87B885B009AB238
:10F85800FB68A3F8722015E0002000460030014044
:10F868000030015000380040003800508904010879
:10F8780013040108A90401087B889B009AB2FB685D
:10F88800A3F87220FB68D3F884301B6D03F0800363
:10F89800002B2DD0FB68D3F884305B6F002B24D06D
:10F8A800FB68B3F872309AB2FB68D3F884305B6FA8
:10F8B8001B689A60FB681B6803F13002FB68D3F889
:10F8C80084305B6F1B68DA60FB68DA6EFB68D3F81C
:10F8D80084305B6F1B681A61FB68D3F88430184664
:10F8E800F4F7A6FE0346FB7514E00123FB7511E04F
:10F8F800FB68D3F88400FB681B6830331946FB6843
:10F90800DB6E1A46FB68B3F872309BB2F4F702F864
:10F918000346FB75FB7D002B11D0FB68D3F88C30B8
:10F9280043F01002FB68C3F88C20FB68012283F8BF
:10F938008920FB68002283F888200123E8E0FB681F
:10F948001B689A68FB681B6842F480429A60FB68EF
:10F95800D3F8803000225A66FB68D3F88030002242
:10F968001A66FB68D3F880300022DA66FB68D3F8A1
:10F978008030694A9A66FB68DB68072B04D8FB6805
:10F988007A88A3F86A2010E0FB68DB680F2B06D89A
:10F998007B885B009AB2FB68A3F86A2005E07B8845
:10F9A8009B009AB2FB68A3F86A20FB68D3F8803002
:10F9B8001B6D03F08003002B2DD0FB68D3F880303B
:10F9C8005B6F002B24D0FB68B3F86A309AB2FB68EF
:10F9D800D3F880305B6F1B689A60FB685A6EFB68CF
:10F9E800D3F880305B6F1B68DA60FB681B6803F133
:10F9F8002002FB68D3F880305B6F1B681A61FB68D4
:10FA0800D3F880301846F4F713FE0346FB7514E06C
:10FA18000123FB7511E0FB68D3F88000FB685B6E7F
:10FA28001946FB681B6820331A46FB68B3F86A302E
:10FA38009BB2F3F76FFF0346FB75FB7D002B17D0D6
:10FA4800FB68D3F884301846F3F7C4FFFB68D3F893
:10FA58008C3043F01002FB68C3F88C20FB6801224D
:10FA680083F88920FB68002283F8882001234FE06F
:10FA7800FB68D3F884301B6D812B0ED1FB68D3F85B
:10FA880080301B6D812B08D1FB681B685B68FA68A6
:10FA980012681B0C1B04536009E0FB681B685B6859
:10FAA8001B0C1B047988FA6812680B435360FB68C7
:10FAB8001B689A68FB681B6842F400429A60FB68FE
:10FAC8001B681A69FB681B6842F458721A61FB6864
:10FAD8001B681A68FB681B6842F001021A60FB6821
:10FAE8001B68DB6903F40013002B0CD1FB685B680F
:10FAF800B3F5800F07D1FB681B681A68FB681B68A1
:10FB080042F400721A60FB68002283F88820002300
:10FB180018461837BD4680BDA904010880B584B0D1
:10FB280000AF78607B6893F88830012B01D10223FD
:10FB3800E1E07B68012283F888207B68072283F84C
:10FB480089200023FB736E4B1B686E4AA2FB0323BC
:10FB58005B0A642202FB03F3BB607B681B681B68BB
:10FB680003F40073B3F5007F5BD17B681B681A69E7
:10FB78007B681B6822F008021A61BB68013BBB6006
:10FB8800BB68002B08D17B68D3F88C3043F0400267
:10FB98007B68C3F88C2006E07B681B681B6903F050
:10FBA8000803082BE9D07B681B681A687B681B6808
:10FBB80042F480621A60BB68013BBB60BB68002BE3
:10FBC80008D17B68D3F88C3043F040027B68C3F8D7
:10FBD8008C2007E07B681B681B6803F40073B3F58F
:10FBE800007FE8D07B681B689A697B681B6842F4D1
:10FBF80000629A61BB68013BBB60BB68002B08D1FF
:10FC08007B68D3F88C3043F040027B68C3F88C20C3
:10FC180007E07B681B685B6903F40063B3F5006F5A
:10FC2800E8D07B681B689B6803F40043B3F5004F7A
:10FC38001FD17B68D3F88030002B1AD07B68D3F8AB
:10FC480080300022DA667B68D3F880301846F3F7F4
:10FC5800C1FE0346002B0CD07B68D3F880301846D1
:10FC6800F4F7CCF80346102B03D17B684022C3F885
:10FC78008C207B681B689B6803F48043B3F5804F36
:10FC88001FD17B68D3F88430002B1AD07B68D3F857
:10FC980084300022DA667B68D3F884301846F3F79C
:10FCA80099FE0346002B0CD07B68D3F884301846A5
:10FCB800F4F7A4F80346102B03D17B684022C3F85D
:10FCC8008C20786800F07DFC7B68D3F88C3003F0DA
:10FCD8004003402B02D10123FB7303E07B68002221
:10FCE800C3F88C207B68012283F889207B68002276
:10FCF80083F88820FB7B18461037BD4680BD00BFBF
:10FD080004000020F119760580B586B000AF786050
:10FD180001233B610123FB607B68072283F889206C
:10FD28000023FB75854B1B68854AA2FB03235B0AEE
:10FD3800642202FB03F3BB607B681B681B6803F447
:10FD48000073B3F5007F5BD17B681B681A697B6819
:10FD58001B6822F008021A61BB68013BBB60BB68E4
:10FD6800002B08D17B68D3F88C3043F040027B68C5
:10FD7800C3F88C2006E07B681B681B6903F0080346
:10FD8800082BE9D07B681B681A687B681B6842F4FB
:10FD980080621A60BB68013BBB60BB68002B08D15E
:10FDA8007B68D3F88C3043F040027B68C3F88C2022
:10FDB80007E07B681B681B6803F40073B3F5007FDA
:10FDC800E8D07B681B689A697B681B6842F400620C
:10FDD8009A61BB68013BBB60BB68002B08D17B689C
:10FDE800D3F88C3043F040027B68C3F88C2007E0DE
:10FDF8007B681B685B6903F40063B3F5006FE8D0A8
:10FE08007B68D3F88430002B0CD07B681B689B6818
:10FE180003F48043B3F5804F04D17B68D3F8843072
:10FE2800484ADA667B68D3F88030002B2DD07B688F
:10FE38001B689B6803F40043B3F5004F20D17B682F
:10FE4800D3F88030404ADA6600233B617B68D3F8F8
:10FE580080301846F3F73AFE0346002B15D07B682E
:10FE6800D3F880301846F3F7C9FF0346202B0CD18E
:10FE780001233B617B68D3F880300022DA6604E016
:10FE88007B68D3F880300022DA667B68D3F8843048
:10FE9800002B2DD07B681B689B6803F48043B3F567
:10FEA800804F20D17B68D3F88430264ADA66002355
:10FEB800FB607B68D3F884301846F3F707FE0346E7
:10FEC800002B15D07B68D3F884301846F3F796FFDB
:10FED8000346202B0CD10123FB607B68D3F88430C8
:10FEE8000022DA6604E07B68D3F884300022DA6600
:10FEF8003B69012B1CD1FB68012B19D1786800F0F4
:10FF080060FB7B68D3F88C3003F04003402B02D1B0
:10FF18000123FB7503E07B680022C3F88C207B6813
:10FF2800012283F889207B68D3F8AC307868984739
:10FF3800FB7D18461837BD4680BD00BF0400002071
:10FF4800F11976057B0501082B05010880B58AB0F3
:10FF580000AF78607B681B681B693B627B681B6825
:10FF68005B69FB613A6AFB691340BB617B681B688C
:10FF78009B687B6100237B627B6893F88930FB7404
:10FF88007B681B683033FB60FB6903F40063002B5C
:10FF980012D03B6A03F00803002B0DD07B681B6866
:10FFA8009A697B681B6842F400629A617B68D3F89F
:10FFB800B03078689847A4E1BB6903F04003002B90
:10FFC80013D1BB6903F02003002B0ED1BB6903F0EA
:10FFD8000403002B09D07B68DB6F786898477B683F
:10FFE8009B6F7868984701237B62BB6903F04003E5
:08FFF800002B0FD1BB6903F0DF
:020000040801F1
:100000000103002B0AD0BB6903F00403002B05D1C8
:100010007B689B6F7868984701237B62BB6903F01C
:100020002003002B0FD1BB6903F00203002B0AD081
:10003000BB6903F00403002B05D17B68DB6F786894
:10004000984701237B627B6A002B40F05981BB6992
:1000500003F00803002B00F093807B681B689A690B
:100060007B681B6842F008029A617B681B689A698A
:100070007B681B6842F010029A617B681B689A6972
:100080007B681B6842F400629A617B681B681A698E
:100090007B681B6822F008021A617B681B689B68FA
:1000A00003F44043002B3DD136E07B68DB680F2B27
:1000B0000BD97B681A687B68DB6E126B1A607B68F1
:1000C000DB6E1A1D7B68DA661DE07B68DB68072B38
:1000D0000BD97B68DB6EFA68128892B21A807B6853
:1000E000DB6E9A1C7B68DA660DE07B681B6803F1A7
:1000F00030027B68DB6E1278D2B21A707B68DB6EDE
:100100005A1C7B68DA667B68B3F872309BB2013B9D
:100110009AB27B68A3F872207B68B3F872309BB206
:10012000002BC2D1786800F0B4FA7B68012283F812
:1001300089207B68D3F88C30002B05D07B68D3F8FE
:10014000A83078689847E0E0FB7C052B05D17B68F8
:10015000D3F8983078689847D4E0FB7C042B05D11D
:100160007B68D3F8943078689847CBE0FB7C032B0E
:1001700040F0C8807B68D3F8903078689847C1E039
:10018000BB6903F45873002B00F0BF80BB6903F018
:100190004003002B0FD07B68D3F88C3043F004026F
:1001A0007B68C3F88C207B681B689A697B681B6836
:1001B00042F040029A61BB6903F40073002B0FD038
:1001C0007B68D3F88C3043F001027B68C3F88C2045
:1001D0007B681B689A697B681B6842F400729A61AD
:1001E000BB6903F48073002B0FD07B68D3F88C308D
:1001F00043F008027B68C3F88C207B681B689A690F
:100200007B681B6842F480729A61BB6903F020032B
:10021000002B0FD07B68D3F88C3043F080027B68D2
:10022000C3F88C207B681B689A697B681B6842F066
:1002300020029A617B68D3F88C30002B64D07B68F5
:100240001B681A687B681B6822F001021A607B68D1
:100250001B681B697A68126823F45A7323F003033E
:1002600013617B6903F44043B3F5404F3ED17B6893
:100270001B689A687B681B6822F440429A607B681E
:10028000D3F88430002B15D07B68D3F88430204A13
:10029000DA667B68D3F884301846F3F71BFC034614
:1002A000002B07D07B68D3F88C3043F040027B688A
:1002B000C3F88C207B68D3F88030002B24D07B6877
:1002C000D3F88030124ADA667B68D3F8803018465B
:1002D000F3F700FC0346002B16D07B68D3F88C3074
:1002E00043F040027B68C3F88C200DE07B6801225C
:1002F00083F889207B68D3F8A8307868984703E0B2
:1003000000BF02E000BF00E000BF2837BD4680BD4F
:10031000F304010880B483B000AF786000BF0C37ED
:10032000BD465DF8047B704780B483B000AF786051
:1003300000BF0C37BD465DF8047B704780B483B0C6
:1003400000AF786000BF0C37BD465DF8047B704796
:1003500080B483B000AF786000BF0C37BD465DF855
:10036000047B704780B483B000AF786000BF0C3767
:10037000BD465DF8047B704780B483B000AF786001
:1003800000BF0C37BD465DF8047B704780B483B076
:1003900000AF786000BF0C37BD465DF8047B704746
:1003A00080B483B000AF786000BF0C37BD465DF805
:1003B000047B704780B483B000AF786000BF0C3717
:1003C000BD465DF8047B704780B584B000AF7860AF
:1003D0007B68DB6DFB60FB6893F88930DBB2072B31
:1003E00013D0FB68D3F880301B6D812B05D1FB68DF
:1003F000D3F89030F868984707E0FB681B681A69E3
:10040000FB681B6842F008021A6100BF1037BD4646
:1004100080BD80B584B000AF78607B68DB6DFB6029
:10042000FB6893F88930DBB2072B19D0FB68D3F84F
:1004300084301B6D812B0BD1FB68D3F880301B6D92
:10044000812B05D1FB68D3F89830F868984707E00E
:10045000FB681B681A69FB681B6842F008021A6196
:1004600000BF1037BD4680BD80B584B000AF786056
:100470007B68DB6DFB60FB68D3F89C30F8689847BD
:1004800000BF1037BD4680BD80B584B000AF786036
:100490007B68DB6DFB60FB68D3F8A430F868984795
:1004A00000BF1037BD4680BD80B584B000AF786016
:1004B0007B68DB6DFB607868F3F7A4FC0346002BD8
:1004C00013D0F86800F0E5F8FB68D3F88C3043F0FF
:1004D0001002FB68C3F88C20FB68012283F8892096
:1004E000FB68D3F8A830F868984700BF1037BD46BE
:1004F00080BD80B584B000AF78607B68DB6DFB6049
:10050000FB680022A3F87220FB680022A3F86A208F
:10051000FB68012283F88920FB68D3F8A830F868CB
:10052000984700BF1037BD4680BD80B584B000AF8E
:1005300078607B68DB6DFB60FB68D3F8803000225D
:10054000DA66FB68D3F88430002B05D0FB68D3F85B
:100550008430DB6E002B0CD1F86800F036F8FB68B5
:10056000012283F88920FB68D3F8AC30F8689847FB
:1005700000E000BF1037BD4680BD80B584B000AF3D
:1005800078607B68DB6DFB60FB68D3F88430002209
:10059000DA66FB68D3F88030002B05D0FB68D3F80F
:1005A0008030DB6E002B0CD1F86800F00EF8FB6891
:1005B000012283F88920FB68D3F8AC30F8689847AB
:1005C00000E000BF1037BD4680BD80B483B000AFEF
:1005D00078607B681B681A687B681B6822F00102E0
:1005E0001A607B681B681B697A68126823F45B7366
:1005F00023F0030313617B681B689A697B681B689F
:1006000042F008029A617B681B689A697B681B68E4
:1006100042F010029A617B681B689A687B681B68CD
:1006200022F440429A607B681B689A697B681B6869
:1006300042F040029A617B681B689A697B681B687C
:1006400042F020029A617B681B689A697B681B688C
:1006500042F480729A617B681B689A697B681B68A8
:1006600042F400729A617B681B689A697B681B6818
:1006700042F400629A617B680022A3F86A207B68DA
:100680000022A3F8722000BF0C37BD465DF8047B42
:10069000704780B485B000AF78607B681B685B6989
:1006A000FB607B681B689A697B681B6842F00802E4
:1006B0009A617B681B689A697B681B6842F010022C
:1006C0009A617B681B681A687B681B6822F00102CC
:1006D0001A607B681B681B697A68126823F45B7375
:1006E00023F0030313617B681B689A687B681B68AF
:1006F00022F440429A607B6893F88930DBB2042B85
:1007000014D0FB6803F02003002B0FD07B68D3F8D4
:100710008C3043F080027B68C3F88C207B681B68B8
:100720009A697B681B6842F020029A617B6893F8A3
:100730008930DBB2032B14D0FB6803F04003002B9D
:100740000FD07B68D3F88C3043F004027B68C3F889
:100750008C207B681B689A697B681B6842F04002AA
:100760009A61FB6803F40073002B0FD07B68D3F809
:100770008C3043F001027B68C3F88C207B681B68D7
:100780009A697B681B6842F400729A61FB6803F403
:100790008073002B0FD07B68D3F88C3043F00802B5
:1007A0007B68C3F88C207B681B689A697B681B6830
:1007B00042F480729A617B680022A3F86A207B6809
:1007C0000022A3F8722000BF1437BD465DF8047BF9
:1007D000704780B584B000AFF860B9603B601346E5
:1007E000FB7110E0F4F7CCFD0246BB69D31A3A68FE
:1007F0009A4203D83B68B3F1FF3F02D13B68002B1C
:1008000001D103230FE0FB681B685A69BB681340E2
:10081000BA689A420CBF01230023DBB21A46FB7967
:100820009A42DFD0002318461037BD4680BD80B401
:1008300085B000AF78607B68DB6B5B090133FB60E0
:100840007B68DB680133BB60BB680733DB08BB60D8
:10085000BB68FA6802FB03F318461437BD465DF81F
:10086000047B704780B483B000AF786039607B68E8
:1008700093F88930DBB2012B2ED17B6893F8883056
:10088000012B01D1022328E07B68012283F8882014
:100890007B68022283F889207B681B681A687B6862
:1008A0001B6822F001021A603B681A683B685B68AB
:1008B00003F4702342EA03013B689A687B681B6873
:1008C0000A43DA617B68012283F889207B68002271
:1008D00083F88820002300E0012318460C37BD462A
:1008E0005DF8047B7047000080B582B000AF78608F
:1008F0007B68002B01D1012350E07B68D3F888305E
:10090000002B14D17B68002283F88420786800F0E3
:10091000B7FE7B68D3F8C030002B03D17B68214A37
:10092000C3F8C0207B68D3F8C030786898477B68EC
:100930002422C3F888207B681B681A687B681B68C0
:1009400022F001021A607B689B6A002B02D0786853
:1009500001F07AF8786800F0DFFE0346012B01D140
:1009600001231BE07B681B685A687B681B6822F4C4
:1009700090425A607B681B689A687B681B6822F00B
:100980002A029A607B681B681A687B681B6842F0C1
:1009900001021A60786801F0F9F803461846083732
:1009A000BD4680BDE5A1010880B582B000AF78608A
:1009B0007B68002B01D101233CE07B682422C3F833
:1009C00088207B681B681A687B681B6822F001021C
:1009D0001A607B681B6800221A607B681B68002213
:1009E0005A607B681B6800229A607B68D3F8C43029
:1009F000002B03D17B68114AC3F8C4207B68D3F86D
:100A0000C430786898477B680022C3F890207B68E0
:100A10000022C3F888207B680022C3F88C207B6802
:100A20000022DA667B6800221A677B68002283F85E
:100A30008420002318460837BD4680BD31A7010831
:100A400080B58AB002AFF860B9603B601346FB80A6
:100A5000FB68D3F88830202B7BD1BB68002B02D0F9
:100A6000FB88002B01D1012374E0FB680022C3F84E
:100A70009020FB682122C3F88820F4F781FC78617C
:100A8000FB68FA88A3F85420FB68FA88A3F856207C
:100A9000FB689B68B3F5805F08D1FB681B69002B7E
:100AA00004D10023FB61BB68BB6103E0BB68FB6151
:100AB0000023BB6130E03B6800937B69002280210A
:100AC000F86801F00DF90346002B05D0FB682022E1
:100AD000C3F8882003233DE0FB69002B0BD1BB69E1
:100AE0001B881A46FB681B68C2F308029A62BB693E
:100AF0000233BB6107E0FB691A78FB681B689A62E6
:100B0000FB690133FB61FB68B3F856309BB2013BD4
:100B10009AB2FB68A3F85620FB68B3F856309BB234
:100B2000002BC8D13B6800937B6900224021F86804
:100B300001F0D6F80346002B05D0FB682022C3F84D
:100B40008820032306E0FB682022C3F888200023C6
:100B500000E0022318462037BD4680BD80B491B026
:100B600000AFF860B9601346FB80FB68D3F88830AB
:100B7000202B78D1BB68002B02D0FB88002B01D141
:100B8000012371E0FB68BA681A65FB68FA88A3F86C
:100B90005420FB68FA88A3F85620FB6800229A6765
:100BA000FB680022C3F89020FB682122C3F888204C
:100BB000FB685B6EB3F1005F2AD1FB689B68B3F5FD
:100BC000805F07D1FB681B69002B03D1FB68294AB2
:100BD0009A6702E0FB68284A9A67FB681B6808333B
:100BE000BB62BB6A53E8003F7B627B6A43F400034D
:100BF000BB63FB681B680833BA6B7A633B63396B72
:100C00007A6B41E80023FB62FB6A002BE5D128E008
:100C1000FB689B68B3F5805F07D1FB681B69002BFD
:100C200003D1FB68154A9A6702E0FB68144A9A6789
:100C3000FB681B687B617B6953E8003F3B613B6954
:100C400043F08003FB63FB681B681A46FB6B3B6247
:100C5000FA61F9693A6A41E80023BB61BB69002B7C
:100C6000E6D1002300E0022318464437BD465DF874
:100C7000047B7047DB280108FB270108392701089E
:100C80008126010880B58AB000AFF860B9601346CC
:100C9000FB80FB68D3F88C30202B3CD1BB68002B49
:100CA00002D0FB88002B01D1012335E0FB68002234
:100CB000DA66FB681B681A4A934224D0FB681B68FB
:100CC000184A93421FD0FB681B685B6803F400035B
:100CD000002B18D0FB681B687B617B6953E8003FE1
:100CE0003B613B6943F080637B62FB681B681A468B
:100CF0007B6A3B62FA61F9693A6A41E80023BB61A9
:100D0000BB69002BE6D1FB881A46B968F86801F088
:100D100055F8034600E0022318462837BD4680BD3B
:100D2000002400460024005680B58CB000AFF86067
:100D3000B9601346FB80FB88BB85FB68D3F888301D
:100D4000202B40F0AD80BB68002B02D0FB88002B2D
:100D500001D10123A5E0FB68BA681A65FB68FA882F
:100D6000A3F85420FB68FA88A3F85620FB680022F9
:100D7000C3F89020FB682122C3F88820FB68DB6F52
:100D8000002B6DD0FB68DB6F484A1A66FB68DB6F8F
:100D9000474A5A66FB68DB6F464A9A66FB68DB6F18
:100DA0000022DA66FB689B68B3F5805F06D1FB68BA
:100DB0001B69002B02D1FB885B00BB85FB68DB6FE6
:100DC0001B6D03F08003002B2DD0FB68DB6F5B6F86
:100DD000002B24D0FB68DB6F5B6F1B68002B1ED0E1
:100DE000FB68DB6F5B6F1B68BA8D9A60FB681A6DDE
:100DF000FB68DB6F5B6F1B68DA60FB681B6803F1E5
:100E00002802FB68DB6F5B6F1B681A61FB68DB6F96
:100E10001846F3F711FC034687F82F3012E0012340
:100E200087F82F300EE0FB68D86FFB681B6D194602
:100E3000FB681B6828331A46BB8DF2F76FFD03462B
:100E400087F82F3097F82F30002B09D0FB6810223D
:100E5000C3F89020FB682022C3F88820012320E0FB
:100E6000FB681B6840221A62FB681B680833BB6181
:100E7000BB6953E8003F7B617B6943F08003BB6241
:100E8000FB681B680833BA6A7A623B62396A7A6A1D
:100E900041E80023FB61FB69002BE5D1002300E062
:100EA000022318463037BD4680BD00BF3F230108EE
:100EB000D7230108D525010880B58AB000AFF860B6
:100EC000B9601346FB80FB68D3F88C30202B3CD1F3
:100ED000BB68002B02D0FB88002B01D1012335E039
:100EE000FB680022DA66FB681B681A4A934224D02A
:100EF000FB681B68184A93421FD0FB681B685B683D
:100F000003F40003002B18D0FB681B687B617B692E
:100F100053E8003F3B613B6943F080637B62FB68C1
:100F20001B681A467B6A3B62FA61F9693A6A41E8D2
:100F30000023BB61BB69002BE6D1FB881A46B96868
:100F4000F86801F05DF8034600E0022318462837F0
:100F5000BD4680BD002400460024005680B5BAB0CE
:100F600000AF78607B681B68DB69C7F8E4307B689A
:100F70001B681B68C7F8E0307B681B689B68C7F874
:100F8000DC30D7F8E42040F60F031340C7F8D83020
:100F9000D7F8D830002B1BD1D7F8E43003F020036A
:100FA000002B15D0D7F8E03003F02003002B05D13B
:100FB000D7F8DC3003F08053002B09D07B685B6FDF
:100FC000002B00F0F5827B685B6F78689847EFE252
:100FD000D7F8D830002B00F02981D7F8DC20904BCF
:100FE0001340002B06D1D7F8E0208E4B1340002B86
:100FF00000F01C81D7F8E43003F00103002B11D07E
:10100000D7F8E03003F48073002B0BD07B681B68AB
:1010100001221A627B68D3F8903043F001027B68AA
:10102000C3F89020D7F8E43003F00203002B11D06E
:10103000D7F8DC3003F00103002B0BD07B681B6872
:1010400002221A627B68D3F8903043F004027B6876
:10105000C3F89020D7F8E43003F00403002B11D03C
:10106000D7F8DC3003F00103002B0BD07B681B6842
:1010700004221A627B68D3F8903043F002027B6846
:10108000C3F89020D7F8E43003F00803002B17D002
:10109000D7F8E03003F02003002B05D1D7F8DC208F
:1010A0005F4B1340002B0BD07B681B6808221A6231
:1010B0007B68D3F8903043F008027B68C3F8902037
:1010C000D7F8E43003F40063002B12D0D7F8E030F7
:1010D00003F08063002B0CD07B681B684FF4006228
:1010E0001A627B68D3F8903043F020027B68C3F823
:1010F00090207B68D3F89030002B00F05B82D7F80B
:10110000E43003F02003002B13D0D7F8E03003F0D5
:101110002003002B05D1D7F8DC3003F08053002BDF
:1011200007D07B685B6F002B03D07B685B6F7868B0
:1011300098477B68D3F89030C7F8D4307B681B6839
:101140009B6803F04003402B05D0D7F8D43003F060
:101150002803002B58D0786801F08BF87B681B6857
:101160009B6803F04003402B48D17B681B68083321
:10117000C7F89C30D7F89C3053E8003FC7F8983048
:10118000D7F8983023F04003C7F8D0307B681B684D
:101190000833D7F8D020C7F8A820C7F8A430D7F86C
:1011A000A410D7F8A82041E80023C7F8A030D7F84A
:1011B000A030002BD9D17B68D3F88030002B17D01A
:1011C0007B68D3F88030184ADA667B68D3F88030C1
:1011D0001846F2F77FFC0346002B1FD07B68D3F83C
:1011E0008030DB6E7A68D2F880201046984715E090
:1011F0007B68D3F8A430786898470FE07B68D3F811
:10120000A4307868984709E07B68D3F8A430786800
:1012100098477B680022C3F89020CBE100BFC9E16A
:101220000100001020010004592601087B68DB6ED4
:10123000012B40F07081D7F8E43003F01003002B4D
:1012400000F06981D7F8E03003F01003002B00F0C4
:1012500062817B681B6810221A627B681B689B682E
:1012600003F04003402B40F0D6807B68D3F88030F9
:101270001B689B6CA7F8BE30B7F8BE30002B00F09F
:10128000AE807B68B3F85C30B7F8BE209A4280F03D
:10129000A6807B68B7F8BE20A3F85E207B68D3F8F1
:1012A00080301B6D812B00F087807B681B68C7F83E
:1012B0008830D7F8883053E8003FC7F88430D7F833
:1012C000843023F48073C7F8B8307B681B681A46F3
:1012D000D7F8B830C7F89430C7F89020D7F89010F6
:1012E000D7F8942041E80023C7F88C30D7F88C3029
:1012F000002BDAD17B681B6808337B677B6F53E870
:10130000003F3B673B6F23F00103C7F8B4307B68B5
:101310001B680833D7F8B420C7F88020FB67F96F43
:10132000D7F8802041E80023BB67BB6F002BE1D1D9
:101330007B681B6808333B663B6E53E8003FFB65E8
:10134000FB6D23F04003C7F8B0307B681B6808339F
:10135000D7F8B020FA66BB66B96EFA6E41E8002392
:101360007B667B6E002BE3D17B682022C3F88C2048
:101370007B680022DA667B681B68FB64FB6C53E8C1
:10138000003FBB64BB6C23F01003C7F8AC307B6834
:101390001B681A46D7F8AC30BB657A65796DBA6DB3
:1013A00041E800233B653B6D002BE4D17B68D3F81B
:1013B00080301846F2F712FB7B6802221A677B68BE
:1013C000D3F8BC307A68B2F85C107A68B2F85E2064
:1013D00092B28A1A92B2114678689847ECE07B681C
:1013E000B3F85C30B7F8BE209A4240F0E5807B68E5
:1013F000D3F880301B6D812B40F0DE807B680222A9
:101400001A677B68D3F8BC307A68B2F85C20114662
:1014100078689847D0E07B68B3F85C207B68B3F8C5
:101420005E309BB2D31AA7F8CE307B68B3F85E303B
:101430009BB2002B00F0C280B7F8CE30002B00F03A
:10144000BD807B681B68BB63BB6B53E8003F7B635D
:101450007B6B23F49073C7F8C8307B681B681A460F
:10146000D7F8C8307B643A64396C7A6C41E8002361
:10147000FB63FB6B002BE4D17B681B6808337B624A
:101480007B6A53E8003F3B623B6A23F0805323F0C2
:101490000103C7F8C4307B681B680833D7F8C42041
:1014A0003A63FB62F96A3A6B41E80023BB62BB6AAC
:1014B000002BE1D17B682022C3F88C207B680022BE
:1014C000DA667B6800225A677B681B683B613B6970
:1014D00053E8003FFB60FB6823F01003C7F8C030FF
:1014E0007B681B681A46D7F8C030FB61BA61B969DE
:1014F000FA6941E800237B617B69002BE4D17B68BA
:1015000002221A677B68D3F8BC30B7F8CE201146A8
:101510007868984752E0D7F8E43003F08003002B56
:1015200014D0D7F8E03003F08003002B05D1D7F8B2
:10153000DC3003F40003002B08D07B689B6F002B8A
:101540003ED07B689B6F7868984739E0D7F8E430E5
:1015500003F04003002B09D0D7F8E03003F040033C
:10156000002B03D0786801F02DFA2AE0D7F8E43098
:1015700003F40003002B0BD0D7F8E03003F08043D6
:10158000002B05D07B68D3F8B8307868984718E00E
:10159000D7F8E43003F08073002B12D0D7F8E03096
:1015A000002B0EDA7B68D3F8B4307868984708E0EF
:1015B00000BF06E000BF04E000BF02E000BF00E0A3
:1015C00000BFE837BD4680BD80B483B000AF78600F
:1015D00000BF0C37BD465DF8047B704780B483B014
:1015E00000AF786000BF0C37BD465DF8047B7047E4
:1015F00080B483B000AF786000BF0C37BD465DF8A3
:10160000047B704780B483B000AF786000BF0C37B4
:10161000BD465DF8047B704780B483B000AF78604E
:1016200000BF0C37BD465DF8047B704780B483B0C3
:1016300000AF786000BF0C37BD465DF8047B704793
:1016400080B483B000AF786000BF0C37BD465DF852
:10165000047B704780B483B000AF786000BF0C3764
:10166000BD465DF8047B704780B483B000AF7860FE
:101670000B467B8000BF0C37BD465DF8047B70478E
:1016800080B483B000AF78607B68184AC3F89420B8
:101690007B68174AC3F898207B68164AC3F89C20D9
:1016A0007B68154AC3F8A0207B68144AC3F8A420BD
:1016B0007B68134AC3F8A8207B68124AC3F8AC20A1
:1016C0007B68114AC3F8B0207B68104AC3F8B42085
:1016D0007B680F4AC3F8B8207B680E4AC3F8BC2069
:1016E00000BF0C37BD465DF8047B7047DD1501086F
:1016F000C915010805160108F11501081916010898
:101700002D1601084116010855160108B9340108C3
:10171000CD340108691601082DE9B04F94B000AF2F
:10172000F862002387F84730FB6A1A689B4B9A429D
:10173000FB6A9A68FB6A1B691A43FB6A5B691A4376
:10174000FB6ADB691343FB64FB6A1B681B689449F3
:101750001940FB6A1A68FB6C0B431360FB6A1B6839
:101760005B6823F44050FB6AD968FB6A1A6840EA58
:1017700001035360FB6A9B69FB64FB6A1A68874B31
:101780009A4209D0FB6A1A68864B9A4204D0FB6AD7
:101790001A6AFB6C1343FB64FB6A1B689B6823F0AB
:1017A0006E4121F43061FB6A1A68FB6C0B43936055
:1017B000FB6A1B68DB6A23F00F00FB6A596AFB6A4D
:1017C0001A6840EA0103D362FB6A1A68764B9A42B0
:1017D00002D10123BB6421E0FB6A1A68734B9A4271
:1017E00002D10423BB6419E0FB6A1A68704B9A4269
:1017F00002D10823BB6411E0FB6A1A686D4B9A4260
:1018000002D11023BB6409E0FB6A1A68634B9A4259
:1018100002D12023BB6401E00023BB64FB6A1A6889
:101820005E4B9A4204D0FB6A1A685E4B9A4272D1B0
:10183000BB6C00223B627A62D7E90801FAF7D2F961
:1018400038643B6C002B00F0E780FB6A5B6A5A4A05
:1018500032F813301A463B6CB3FBF2F37B63FB6A3E
:101860005A6813465B0013447A6B9A4205D3FB6AAD
:101870005B681B037A6B9A4203D9012387F84730D0
:1018800048E03B6C0022BB61FA61FB6A5B6A4A4A32
:1018900032F813309BB200223B617A61D7E904230E
:1018A000D7E90601EEF7C8FC02460B46104619467A
:1018B0004FF000024FF000030B0243EA10630202F4
:1018C000F96A4968490800200C46054612EB0408ED
:1018D00043EB0509FB6A5B680022BB60FA60D7E94D
:1018E000022340464946EEF7A7FC02460B46134644
:1018F000FB63FB6BB3F5407F08D3FB6BB3F5801F35
:1019000004D2FB6A1B68FA6BDA6003E0012387F8F4
:10191000473081E080E0FB6ADB69B3F5004F4DD1D1
:10192000BB6C00223B607A60D7E90001FAF75AF9F4
:1019300038643B6C002B6FD0FB6A5B6A1E4A32F83E
:1019400013301A463B6CB3FBF2F35A00FB6A5B6838
:101950005B081A44FB6A5B68B2FBF3F3FB63FB6B47
:101960000F2B16D9FB6BB3F5803F12D2FB6B9BB2EA
:1019700023F00F037B87FB6B5B089BB203F007032D
:101980009AB27B8F13437B87FB6A1B687A8FDA607E
:1019900042E0012387F847303EE000BF00240046C4
:1019A000F369FFCF00240056003801400048004092
:1019B000004C00400050004088E30208BB6C00224D
:1019C0009A46934650465946FAF70CF938643B6CF0
:1019D000002B21D0FB6A5B6A1A4A32F813301A4690
:1019E0003B6CB3FBF2F2FB6A5B685B081A44FB6A70
:1019F0005B68B2FBF3F3FB63FB6B0F2B09D9FB6B4B
:101A0000B3F5803F05D2FB6B9AB2FB6A1B68DA60C4
:101A100002E0012387F84730FB6A0122A3F86A201D
:101A2000FB6A0122A3F86820FB6A00225A67FB6A5E
:101A300000229A6797F8473018465037BD46BDE8F0
:101A4000B08F00BF88E3020880B483B000AF786035
:101A50007B689B6A03F00803002B0AD07B681B6835
:101A60005B6823F400417B689A6B7B681B680A43C0
:101A70005A607B689B6A03F00103002B0AD07B68E5
:101A80001B685B6823F400317B68DA6A7B681B683B
:101A90000A435A607B689B6A03F00203002B0AD05A
:101AA0007B681B685B6823F480317B681A6B7B68FA
:101AB0001B680A435A607B689B6A03F00403002B8F
:101AC0000AD07B681B685B6823F480217B685A6BB3
:101AD0007B681B680A435A607B689B6A03F01003AB
:101AE000002B0AD07B681B689B6823F480517B68BD
:101AF000DA6B7B681B680A439A607B689B6A03F019
:101B00002003002B0AD07B681B689B6823F40051DC
:101B10007B681A6C7B681B680A439A607B689B6AC7
:101B200003F04003002B1AD07B681B685B6823F42A
:101B300080117B685A6C7B681B680A435A607B681B
:101B40005B6CB3F5801F0AD17B681B685B6823F46C
:101B5000C0017B689A6C7B681B680A435A607B688B
:101B60009B6A03F08003002B0AD07B681B685B68CC
:101B700023F400217B68DA6C7B681B680A435A6097
:101B800000BF0C37BD465DF8047B704780B598B048
:101B900002AF78607B680022C3F89020F3F7F0FB77
:101BA00078657B681B681B6803F00803082B2FD13E
:101BB0006FF07E4300937B6D00224FF40011786834
:101BC00000F08EF80346002B22D07B681B68BB63B5
:101BD000BB6B53E8003F7B637B6B23F080033B656B
:101BE0007B681B681A463B6D7B643A64396C7A6C7F
:101BF00041E80023FB63FB6B002BE6D17B682022CE
:101C0000C3F888207B68002283F88420032363E0E4
:101C10007B681B681B6803F00403042B49D16FF039
:101C20007E4300937B6D00224FF48001786800F0C2
:101C300057F80346002B3CD07B681B687B627B6AAD
:101C400053E8003F3B623B6A23F49073FB647B687C
:101C50001B681A46FB6C3B63FA62F96A3A6B41E80F
:101C60000023BB62BB6A002BE6D17B681B6808338C
:101C70003B613B6953E8003FFB60FB6823F00103D5
:101C8000BB647B681B680833BA6CFA61BB61B969D5
:101C9000FA6941E800237B617B69002BE5D17B6811
:101CA0002022C3F88C207B68002283F88420032341
:101CB00012E07B682022C3F888207B682022C3F8CA
:101CC0008C207B680022DA667B6800221A677B68BA
:101CD000002283F88420002318465837BD4680BD73
:101CE00080B584B000AFF860B9603B601346FB710B
:101CF0004FE0BB69B3F1FF3F4BD0F3F741FB024626
:101D00003B68D31ABA699A4202D3BB69002B01D14E
:101D100003234EE0FB681B681B6803F00403002BE1
:101D200037D0BB68802B34D0BB68402B31D0FB68E8
:101D30001B68DB6903F00803082B10D1FB681B68E4
:101D400008221A62F86800F094FAFB680822C3F8C7
:101D50009020FB68002283F88420012329E0FB689F
:101D60001B68DB6903F40063B3F5006F11D1FB68F6
:101D70001B684FF400621A62F86800F07AFAFB6898
:101D80002022C3F89020FB68002283F884200323DC
:101D90000FE0FB681B68DA69BB681340BA689A42B7
:101DA0000CBF01230023DBB21A46FB799A42A0D074
:101DB000002318461037BD4680BD000080B4A3B094
:101DC00000AFF860B9601346FB80FB68BA689A659B
:101DD000FB68FA88A3F85C20FB68FA88A3F85E2009
:101DE000FB6800225A67FB689B68B3F5805F0ED1E1
:101DF000FB681B69002B05D1FB6840F2FF12A3F8BA
:101E000060202DE0FB68FF22A3F8602028E0FB683B
:101E10009B68002B0DD1FB681B69002B04D1FB686C
:101E2000FF22A3F860201BE0FB687F22A3F860205C
:101E300016E0FB689B68B3F1805F0DD1FB681B69FE
:101E4000002B04D1FB687F22A3F8602008E0FB6828
:101E50003F22A3F8602003E0FB680022A3F8602083
:101E6000FB680022C3F89020FB682222C3F88C2074
:101E7000FB681B6808337B667B6E53E8003F3B665C
:101E80003B6E43F00103C7F88430FB681B680833DE
:101E9000D7F884203A67FB66F96E3A6F41E8002371
:101EA000BB66BB6E002BE3D1FB685B6EB3F1005FDA
:101EB0004FD1FB68B3F86830FA889A4249D3FB687F
:101EC0009B68B3F5805F07D1FB681B69002B03D1CA
:101ED000FB68474A5A6702E0FB68464A5A67FB6854
:101EE0001B69002B1AD0FB681B683B653B6D53E8F0
:101EF000003FFB64FB6C43F48073C7F88030FB68E1
:101F00001B681A46D7F88030FB65BA65B96DFA6D63
:101F100041E800237B657B6D002BE4D1FB681B68E7
:101F20000833FB63FB6B53E8003FBB63BB6B43F0C1
:101F30008053FB67FB681B680833FA6FBA647B64E5
:101F4000796CBA6C41E800233B643B6C002BE5D113
:101F500046E0FB689B68B3F5805F07D1FB681B69AF
:101F6000002B03D1FB68244A5A6702E0FB68234A2E
:101F70005A67FB681B69002B19D0FB681B68BB62A2
:101F8000BB6A53E8003F7B627B6A43F490737B67D4
:101F9000FB681B681A467B6F7B633A63396B7A6B0D
:101FA00041E80023FB62FB6A002BE6D118E0FB68E6
:101FB0001B687B617B6953E8003F3B613B6943F0F1
:101FC0002003BB67FB681B681A46BB6F3B62FA6164
:101FD000F9693A6A41E80023BB61BB69002BE6D18D
:101FE000002318468C37BD465DF8047B704700BF60
:101FF00035310108B92D0108ED2B0108212A01080E
:1020000080B598B000AFF860B9601346FB80FB88DC
:10201000A7F85C30FB68BA689A65FB68FA88A3F891
:102020005C20FB680022C3F89020FB682222C3F8E2
:102030008C20FB68D3F88030002B7CD0FB68D3F871
:102040008030684A1A66FB68D3F88030664A5A6660
:10205000FB68D3F88030654A9A66FB68D3F8803015
:102060000022DA66FB689B68B3F5805F07D1FB68E6
:102070001B69002B03D1FB885B00A7F85C30FB6871
:10208000D3F880301B6D03F08003002B34D0FB6845
:10209000D3F880305B6F002B2AD0FB68D3F88030F8
:1020A0005B6F1B68002B23D0FB68D3F880305B6F1D
:1020B0001B68B7F85C209A60FB681B6803F1240278
:1020C000FB68D3F880305B6F1B68DA60FB689A6D41
:1020D000FB68D3F880305B6F1B681A61FB68D3F82C
:1020E00080301846F2F7A8FA034687F85F3014E00C
:1020F000012387F85F3010E0FB68D3F88000FB68AD
:102100001B6824331946FB689B6D1A46B7F85C3090
:10211000F1F704FC034687F85F3097F85F30002B37
:1021200009D0FB681022C3F89020FB682022C3F876
:102130008C20012351E0FB681B69002B18D0FB6841
:102140001B683B643B6C53E8003FFB63FB6B43F451
:102150008073BB65FB681B681A46BB6DFB64BA6481
:10216000B96CFA6C41E800237B647B6C002BE6D1F0
:10217000FB681B680833FB62FB6A53E8003FBB62E5
:10218000BB6A43F001037B65FB681B6808337A6D0B
:10219000BA637B63796BBA6B41E800233B633B6BAB
:1021A000002BE5D1FB681B680833BB61BB6953E8B2
:1021B000003F7B617B6943F040033B65FB681B6824
:1021C00008333A6D7A623B62396A7A6A41E80023E1
:1021D000FB61FB69002BE5D1002318466037BD4643
:1021E00080BD00BFF72301085B250108D525010844
:1021F00080B48FB000AF78607B681B683B623B6A3D
:1022000053E8003FFB61FB6923F0C0037B637B68FD
:102210001B681A467B6BFB62BA62B96AFA6A41E8CC
:1022200000237B627B6A002BE6D17B681B68083346
:10223000FB60FB6853E8003FBB60BB6823F400030E
:102240003B637B681B6808333A6BBA617B617969D1
:10225000BA6941E800233B613B69002BE5D17B680B
:102260002022C3F8882000BF3C37BD465DF8047BC0
:10227000704780B495B000AF78607B681B687B6363
:102280007B6B53E8003F3B633B6B23F49073FB6431
:102290007B681B681A46FB6C3B64FA63F96B3A6C0B
:1022A00041E80023BB63BB6B002BE6D17B681B6856
:1022B00008333B623B6A53E8003FFB61FB6923F054
:1022C000805323F00103BB647B681B680833BA6C3E
:1022D000FA62BB62B96AFA6A41E800237B627B6AF0
:1022E000002BE3D17B68DB6E012B18D17B681B6868
:1022F000FB60FB6853E8003FBB60BB6823F0100342
:102300007B647B681B681A467B6CBB617A61796968
:10231000BA6941E800233B613B69002BE6D17B6849
:102320002022C3F88C207B680022DA667B680022BA
:102330005A6700BF5437BD465DF8047B704780B5CF
:1023400090B000AF78607B68DB6DFB637B681B6DD2
:10235000812B37D0FB6B0022A3F85620FB6B1B6848
:1023600008337B627B6A53E8003F3B623B6A23F0A1
:102370008003BB63FB6B1B680833BA6B3A63FB6279
:10238000F96A3A6B41E80023BB62BB6A002BE5D1D6
:10239000FB6B1B683B613B6953E8003FFB60FB68DC
:1023A00043F040037B63FB6B1B681A467B6BFB614E
:1023B000BA61B969FA6941E800237B617B69002B46
:1023C000E6D104E0FB6BD3F89830F86B984700BF78
:1023D0004037BD4680BD80B584B000AF78607B6873
:1023E000DB6DFB60FB68D3F89430F868984700BF5A
:1023F0001037BD4680BD80B59CB000AF78607B686B
:10240000DB6DFB667B681B6D812B71D0FB6E002240
:10241000A3F85E20FB6E1B68BB64BB6C53E8003FF7
:102420007B647B6C23F48073BB66FB6E1B681A466F
:10243000BB6E7B653A65396D7A6D41E80023FB64BC
:10244000FB6C002BE6D1FB6E1B6808337B637B6B58
:1024500053E8003F3B633B6B23F001037B66FB6E5D
:102460001B6808337A6E3A64FB63F96B3A6C41E897
:102470000023BB63BB6B002BE5D1FB6E1B680833ED
:102480003B623B6A53E8003FFB61FB6923F040037A
:102490003B66FB6E1B6808333A6EFA62BB62B96A30
:1024A000FA6A41E800237B627B6A002BE5D1FB6E70
:1024B0002022C3F88C20FB6EDB6E012B18D1FB6E43
:1024C0001B68FB60FB6853E8003FBB60BB6823F000
:1024D0001003FB65FB6E1B681A46FB6DBB617A61DE
:1024E0007969BA6941E800233B613B69002BE6D179
:1024F000FB6E00221A67FB6EDB6E012B24D1FB6E94
:102500000022A3F85E207B681B689B6CA7F85A30FA
:10251000FB6EB3F85C30B7F85A209A4204D2FB6ED7
:10252000B7F85A20A3F85E20FB6ED3F8BC30FA6EE1
:10253000B2F85C10FA6EB2F85E2092B28A1A92B2C9
:102540001146F86E984704E0FB6ED3F8A030F86EA1
:10255000984700BF7037BD4680BD80B584B000AFDE
:1025600078607B68DB6DFB60FB6801221A67FB68A3
:10257000DB6E012B25D1FB68B3F85C305B089AB2A7
:10258000FB68A3F85E207B681B689B6C7B81FB6803
:10259000B3F85C307A899A4203D8FB687A89A3F849
:1025A0005E20FB68D3F8BC30FA68B2F85C10FA68B9
:1025B000B2F85E2092B28A1A92B21146F868984731
:1025C00004E0FB68D3F89C30F868984700BF1037E8
:1025D000BD4680BD80B586B000AF78607B68DB6D9E
:1025E0007B617B69D3F888303B617B69D3F88C30A1
:1025F000FB607B691B689B6803F08003802B09D11B
:102600003B69212B06D17B690022A3F8562078690B
:10261000FFF7EEFD7B691B689B6803F04003402BCE
:1026200009D1FB68222B06D17B690022A3F85E202A
:102630007869FFF71EFE7B69D3F8903043F01002F3
:102640007B69C3F890207B69D3F8A43078699847F8
:1026500000BF1837BD4680BD80B584B000AF78603C
:102660007B68DB6DFB60FB680022A3F85E20FB68E3
:10267000D3F8A430F868984700BF1037BD4680BD36
:1026800080B48FB000AF78607B68D3F88830212B9E
:102690004CD17B68B3F856309BB2002B32D17B68AB
:1026A0001B683B623B6A53E8003FFB61FB6923F018
:1026B00080037B637B681B681A467B6BFB62BA6294
:1026C000B96AFA6A41E800237B627B6A002BE6D193
:1026D0007B681B68FB60FB6853E8003FBB60BB681E
:1026E00043F040033B637B681B681A463B6BBB614E
:1026F0007A617969BA6941E800233B613B69002B43
:10270000E6D113E07B681B6D1A787B681B689A62C0
:102710007B681B6D5A1C7B681A657B68B3F8563062
:102720009BB2013B9AB27B68A3F8562000BF3C37AE
:10273000BD465DF8047B704780B491B000AF78600F
:102740007B68D3F88830212B51D17B68B3F85630A1
:102750009BB2002B32D17B681B687B627B6A53E89B
:10276000003F3B623B6A23F08003BB637B681B68CE
:102770001A46BB6B3B63FA62F96A3A6B41E8002385
:10278000BB62BB6A002BE6D17B681B683B613B697F
:1027900053E8003FFB60FB6843F040037B637B68CA
:1027A0001B681A467B6BFB61BA61B969FA6941E83B
:1027B00000237B617B69002BE6D118E07B681B6DF1
:1027C000FB63FB6B1B881A467B681B68C2F308021D
:1027D0009A627B681B6D9A1C7B681A657B68B3F8EC
:1027E00056309BB2013B9AB27B68A3F8562000BFDB
:1027F0004437BD465DF8047B704780B491B000AFAC
:1028000078607B68D3F88830212B60D17B68B3F87F
:102810006A30FB8757E07B68B3F856309BB2002BD9
:1028200033D17B681B6808337B627B6A53E8003FC7
:102830003B623B6A23F40003BB637B681B6808337D
:10284000BA6B3A63FB62F96A3A6B41E80023BB62F8
:10285000BB6A002BE5D17B681B683B613B6953E891
:10286000003FFB60FB6843F040037B637B681B68B1
:102870001A467B6BFB61BA61B969FA6941E80023CA
:102880007B617B69002BE6D121E07B681B68DB69FB
:1028900003F08003002B13D07B681B6D1A787B68D4
:1028A0001B689A627B681B6D5A1C7B681A657B6883
:1028B000B3F856309BB2013B9AB27B68A3F856201E
:1028C000FB8F013BFB87FB8F002BA4D1FFE700BFF1
:1028D0004437BD465DF8047B704780B491B000AFCB
:1028E00078607B68D3F88830212B65D17B68B3F89A
:1028F0006A30FB875CE07B68B3F856309BB2002BF4
:1029000033D17B681B6808333B623B6A53E8003F66
:10291000FB61FB6923F400037B637B681B6808335E
:102920007A6BFA62BB62B96AFA6A41E800237B6299
:102930007B6A002BE5D17B681B68FB60FB6853E872
:10294000003FBB60BB6843F040033B637B681B6890
:102950001A463B6BBB617A617969BA6941E8002329
:102960003B613B69002BE6D126E07B681B68DB6995
:1029700003F08003002B18D07B681B6DBB63BB6B1F
:102980001B881A467B681B68C2F308029A627B6840
:102990001B6D9A1C7B681A657B68B3F856309BB236
:1029A000013B9AB27B68A3F85620FB8F013BFB8763
:1029B000FB8F002B9FD1FFE700BF4437BD465DF87A
:1029C000047B704780B588B000AF78607B681B6877
:1029D000FB60FB6853E8003FBB60BB6823F040032B
:1029E000FB617B681B681A46FB69BB617A61796988
:1029F000BA6941E800233B613B69002BE6D17B6863
:102A00002022C3F888207B6800229A677B68D3F86D
:102A100098307868984700BF2037BD4680BD0000D9
:102A200080B59CB000AF78607B68B3F86030A7F8E1
:102A30006E307B68D3F88C30222B40F0C7807B68E7
:102A40001B685B6AA7F86C30B7F86C30D9B2B7F87E
:102A50006E30DAB27B689B6D0A40D2B21A707B6826
:102A60009B6D5A1C7B689A657B68B3F85E309BB29D
:102A7000013B9AB27B68A3F85E207B68B3F85E30B6
:102A80009BB2002B40F0AA807B681B68FB64FB6C48
:102A900053E8003FBB64BB6C23F49073BB667B6858
:102AA0001B681A46BB6EBB657A65796DBA6D41E8E5
:102AB00000233B653B6D002BE6D17B681B68083328
:102AC000BB63BB6B53E8003F7B637B6B23F001036D
:102AD0007B667B681B6808337A6E7A643B64396C6A
:102AE0007A6C41E80023FB63FB6B002BE5D17B682C
:102AF0002022C3F88C207B6800225A677B68002262
:102B00001A677B681B68374A934224D07B681B682E
:102B1000354A93421FD07B681B685B6803F400034F
:102B2000002B18D07B681B687B627B6A53E8003FF0
:102B30003B623B6A23F080633B667B681B681A46F6
:102B40003B6E3B63FA62F96A3A6B41E80023BB6271
:102B5000BB6A002BE6D17B68DB6E012B30D17B6832
:102B60000022DA667B681B683B613B6953E8003FE3
:102B7000FB60FB6823F01003FB657B681B681A464B
:102B8000FB6DFB61BA61B969FA6941E800237B61B9
:102B90007B69002BE6D17B681B68DB6903F01003BF
:102BA000102B03D17B681B6810221A627B68D3F854
:102BB000BC307A68B2F85C201146786898470DE01E
:102BC0007B68D3F8A0307868984707E07B681B687B
:102BD0009A697B681B6842F008029A6100BF7037EF
:102BE000BD4680BD002400460024005680B59CB040
:102BF00000AF78607B68B3F86030A7F86E307B6810
:102C0000D3F88C30222B40F0C7807B681B685B6A4E
:102C1000A7F86C307B689B6DBB66B7F86C20B7F883
:102C20006E3013409AB2BB6E1A807B689B6D9A1C03
:102C30007B689A657B68B3F85E309BB2013B9AB2C1
:102C40007B68A3F85E207B68B3F85E309BB2002BF4
:102C500040F0AA807B681B68BB64BB6C53E8003FF4
:102C60007B647B6C23F490737B667B681B681A46DD
:102C70007B6E7B653A65396D7A6D41E80023FB64B4
:102C8000FB6C002BE6D17B681B6808337B637B6B96
:102C900053E8003F3B633B6B23F001033B667B68DB
:102CA0001B6808333A6E3A64FB63F96B3A6C41E88F
:102CB0000023BB63BB6B002BE5D17B682022C3F8EC
:102CC0008C207B6800225A677B6800221A677B6829
:102CD0001B68374A934224D07B681B68354A93426D
:102CE0001FD07B681B685B6803F40003002B18D0BF
:102CF0007B681B683B623B6A53E8003FFB61FB69F2
:102D000023F08063FB657B681B681A46FB6DFB62E2
:102D1000BA62B96AFA6A41E800237B627B6A002BD7
:102D2000E6D17B68DB6E012B30D17B680022DA664E
:102D30007B681B68FB60FB6853E8003FBB60BB68B7
:102D400023F01003BB657B681B681A46BB6DBB6133
:102D50007A617969BA6941E800233B613B69002BDC
:102D6000E6D17B681B68DB6903F01003102B03D1ED
:102D70007B681B6810221A627B68D3F8BC307A68C3
:102D8000B2F85C201146786898470DE07B68D3F86C
:102D9000A0307868984707E07B681B689A697B6871
:102DA0001B6842F008029A6100BF7037BD4680BDC3
:102DB000002400460024005680B5ACB000AF786017
:102DC0007B68B3F86030A7F8AA307B681B68DB69C2
:102DD000C7F8AC307B681B681B68C7F8A4307B68F9
:102DE0001B689B68C7F8A0307B68D3F88C30222B17
:102DF00040F08E817B68B3F86830A7F89E3031E1EF
:102E00007B681B685B6AA7F89C30B7F89C30D9B226
:102E1000B7F8AA30DAB27B689B6D0A40D2B21A705A
:102E20007B689B6D5A1C7B689A657B68B3F85E3043
:102E30009BB2013B9AB27B68A3F85E207B681B685B
:102E4000DB69C7F8AC30D7F8AC3003F00703002BD0
:102E500055D0D7F8AC3003F00103002B11D0D7F8D0
:102E6000A43003F48073002B0BD07B681B68012215
:102E70001A627B68D3F8903043F001027B68C3F894
:102E80009020D7F8AC3003F00203002B11D0D7F814
:102E9000A03003F00103002B0BD07B681B680222DB
:102EA0001A627B68D3F8903043F004027B68C3F861
:102EB0009020D7F8AC3003F00403002B11D0D7F8E2
:102EC000A03003F00103002B0BD07B681B680422A9
:102ED0001A627B68D3F8903043F002027B68C3F833
:102EE00090207B68D3F89030002B08D07B68D3F813
:102EF000A430786898477B680022C3F890207B68EC
:102F0000B3F85E309BB2002B40F0AC807B681B684E
:102F10003B673B6F53E8003FFB66FB6E23F4807317
:102F2000C7F898307B681B681A46D7F89830FB675B
:102F3000BA67B96FFA6F41E800237B677B6F002B9C
:102F4000E4D17B681B680833FB65FB6D53E8003FE9
:102F5000BB65BB6D23F0805323F00103C7F89430A9
:102F60007B681B680833D7F89420BA667B66796E55
:102F7000BA6E41E800233B663B6E002BE1D17B68D3
:102F80002022C3F88C207B6800225A677B680022CD
:102F90001A677B681B68644A934226D07B681B686B
:102FA000624A934221D07B681B685B6803F400038C
:102FB000002B1AD07B681B68BB64BB6C53E8003FD6
:102FC0007B647B6C23F08063C7F890307B681B6860
:102FD0001A46D7F890307B653A65396D7A6D41E8CD
:102FE0000023FB64FB6C002BE4D17B68DB6E012BC0
:102FF00032D17B680022DA667B681B687B637B6B5F
:1030000053E8003F3B633B6B23F01003C7F88C3061
:103010007B681B681A46D7F88C303B64FA63F96BFF
:103020003A6C41E80023BB63BB6B002BE4D17B68A7
:103030001B68DB6903F01003102B03D17B681B684E
:1030400010221A627B68D3F8BC307A68B2F85C2030
:1030500011467868984710E07B68D3F8A03078680C
:1030600098470AE0B7F89E30002B06D0D7F8AC306E
:1030700003F02003002B7FF4C3AE7B68B3F85E300F
:10308000A7F88A30B7F88A30002B49D07B68B3F8AC
:103090006830B7F88A209A4242D27B681B680833AE
:1030A0003B623B6A53E8003FFB61FB6923F08053BE
:1030B000C7F884307B681B680833D7F88420FA622D
:1030C000BB62B96AFA6A41E800237B627B6A002B23
:1030D000E3D17B68164A5A677B681B68FB60FB6814
:1030E00053E8003FBB60BB6843F02003C7F8803063
:1030F0007B681B681A46D7F88030BB617A617969B2
:10310000BA6941E800233B613B69002BE4D107E049
:103110007B681B689A697B681B6842F008029A61A9
:1031200000BFB037BD4680BD0024004600240056D5
:10313000212A010880B5AEB000AF78607B68B3F893
:103140006030A7F8B2307B681B68DB69C7F8B43021
:103150007B681B681B68C7F8AC307B681B689B6882
:10316000C7F8A8307B68D3F88C30222B40F09281CE
:103170007B68B3F86830A7F8A63035E17B681B6838
:103180005B6AA7F8A4307B689B6DC7F8A030B7F8DE
:10319000A420B7F8B23013409AB2D7F8A0301A8002
:1031A0007B689B6D9A1C7B689A657B68B3F85E3080
:1031B0009BB2013B9AB27B68A3F85E207B681B68D8
:1031C000DB69C7F8B430D7F8B43003F00703002B3D
:1031D00055D0D7F8B43003F00103002B11D0D7F845
:1031E000AC3003F48073002B0BD07B681B6801228A
:1031F0001A627B68D3F8903043F001027B68C3F811
:103200009020D7F8B43003F00203002B11D0D7F888
:10321000A83003F00103002B0BD07B681B6802224F
:103220001A627B68D3F8903043F004027B68C3F8DD
:103230009020D7F8B43003F00403002B11D0D7F856
:10324000A83003F00103002B0BD07B681B6804221D
:103250001A627B68D3F8903043F002027B68C3F8AF
:1032600090207B68D3F89030002B08D07B68D3F88F
:10327000A430786898477B680022C3F890207B6868
:10328000B3F85E309BB2002B40F0AE807B681B68C9
:103290007B677B6F53E8003F3B673B6F23F4807392
:1032A000C7F89C307B681B681A46D7F89C30C7F873
:1032B0008030FA67F96FD7F8802041E80023BB67B8
:1032C000BB6F002BE2D17B681B6808333B663B6E0B
:1032D00053E8003FFB65FB6D23F0805323F00103AF
:1032E000C7F898307B681B680833D7F89820FA66CF
:1032F000BB66B96EFA6E41E800237B667B6E002BDD
:10330000E1D17B682022C3F88C207B6800225A67B9
:103310007B6800221A677B681B68644A934226D048
:103320007B681B68624A934221D07B681B685B689C
:1033300003F40003002B1AD07B681B68FB64FB6C52
:1033400053E8003FBB64BB6C23F08063C7F8943044
:103350007B681B681A46D7F89430BB657A65796D2F
:10336000BA6D41E800233B653B6D002BE4D17B68DF
:10337000DB6E012B32D17B680022DA667B681B682A
:10338000BB63BB6B53E8003F7B637B6B23F0100395
:10339000C7F890307B681B681A46D7F890307B647A
:1033A0003A64396C7A6C41E80023FB63FB6B002BB9
:1033B000E4D17B681B68DB6903F01003102B03D199
:1033C0007B681B6810221A627B68D3F8BC307A686D
:1033D000B2F85C2011467868984710E07B68D3F813
:1033E000A030786898470AE0B7F8A630002B06D0DE
:1033F000D7F8B43003F02003002B7FF4BFAE7B6816
:10340000B3F85E30A7F88E30B7F88E30002B49D075
:103410007B68B3F86830B7F88E209A4242D27B6856
:103420001B6808337B627B6A53E8003F3B623B6A60
:1034300023F08053C7F888307B681B680833D7F8BF
:1034400088203A63FB62F96A3A6B41E80023BB6269
:10345000BB6A002BE3D17B68164A5A677B681B68FE
:103460003B613B6953E8003FFB60FB6843F020038E
:10347000C7F884307B681B681A46D7F88430FB6134
:10348000BA61B969FA6941E800237B617B69002B65
:10349000E4D107E07B681B689A697B681B6842F08F
:1034A00008029A6100BFB837BD4680BD00240046BF
:1034B00000240056ED2B010880B483B000AF786083
:1034C00000BF0C37BD465DF8047B704780B483B005
:1034D00000AF786000BF0C37BD465DF8047B7047D5
:1034E00080B485B000AF78607B6893F88430012B9E
:1034F00001D1022327E07B68012283F884207B68C6
:103500002422C3F888207B681B681B68FB607B68EB
:103510001B681A687B681B6822F001021A60FB684E
:1035200023F00053FB607B6800225A667B681B68AF
:10353000FA681A607B682022C3F888207B68002222
:1035400083F88420002318461437BD465DF8047BB9
:10355000704780B584B000AF786039607B6893F8BD
:103560008430012B01D102232DE07B68012283F8F6
:1035700084207B682422C3F888207B681B681B6832
:10358000FB607B681B681A687B681B6822F001027D
:103590001A607B681B689B6823F060417B681B682E
:1035A0003A680A439A60786800F050F87B681B68B4
:1035B000FA681A607B682022C3F888207B680022A2
:1035C00083F88420002318461037BD4680BD80B59F
:1035D00084B000AF786039607B6893F88430012B49
:1035E00001D102232DE07B68012283F884207B68CF
:1035F0002422C3F888207B681B681B68FB607B68FB
:103600001B681A687B681B6822F001021A607B68DD
:103610001B689B6823F060617B681B683A680A43FB
:103620009A60786800F012F87B681B68FA681A6084
:103630007B682022C3F888207B68002283F88420DE
:10364000002318461037BD4680BD000080B485B009
:1036500000AF78607B685B6E002B08D17B6801222D
:10366000A3F86A207B680122A3F8682031E00823D0
:10367000FB730823BB737B681B689B685B0EDBB224
:1036800003F007037B737B681B689B685B0FDBB2EF
:1036900003F007033B73BB7B3A7B11498A5C02FB57
:1036A00003F33A7B0F498A5C93FBF2F39AB27B688F
:1036B000A3F86A20FB7B7A7B09498A5C02FB03F34F
:1036C0007A7B08498A5C93FBF2F39AB27B68A3F891
:1036D000682000BF1437BD465DF8047B704700BF0B
:1036E000A0E30208A8E3020880B582B000AF7860CA
:1036F0007B68002B01D1012325E07B685B69002BEF
:1037000002D17B68124A5A617B689B69002B02D107
:103710007B68104A9A617B689B69786898477B68E8
:10372000DA687B681B6842F080021A607B681A695D
:103730007B685B6842EA03017B689A687B681B6868
:103740000A435A60002318460837BD4680BD00BFB3
:10375000B937010815A8010880B483B000AF7860BC
:103760007B681B687A68D2681A60002318460C3799
:10377000BD465DF8047B704780B582B000AF7860CD
:103780007B681B685B6803F40073B3F5007F0FD19F
:103790007B681B689B6803F00103012B08D17B68E1
:1037A0001B686FF001029A607B685B6978689847D4
:1037B00000BF0837BD4680BD80B483B000AF7860DD
:1037C00000BF0C37BD465DF8047B704780B588B0FC
:1037D00000AF786000237B6100233B617B68002B96
:1037E00022D00823DB437A689A421BD808227B68E0
:1037F00013447B607B6803F00703002B14D07B68C5
:1038000003F00703C3F10803FB60FB68DB437A683E
:103810009A4204D87A68FB6813447B6004E0002372
:103820007B6001E000237B6002F09EFD634B1B6820
:10383000002B01D100F03AF97B68002BC0F2AE807A
:103840007B68002B00F0AA805D4B1B687A689A4267
:1038500000F2A4805B4BBB615A4B1B68FB61FB69A8
:10386000594A934205D3FB69584A934201D8012330
:1038700000E00023002B19D105F072F800BFFDE72E
:10388000FB69BB61FB691B68FB61FB694E4A9342A4
:1038900005D3FB694D4A934201D8012300E0002380
:1038A000002B03D105F05CF800BFFDE7FB695B6806
:1038B0007A689A4203D9FB691B68002BE0D13F4B21
:1038C0001B68FA699A4269D0BB691B6808221344D5
:1038D0007B617B693C4A934205D37B693B4A9342B7
:1038E00001D8012300E00023002B03D105F038F8B4
:1038F00000BFFDE7FB691A68BB691A60FB695B687A
:103900007A689A4203D905F02BF800BFFDE7FB69FE
:103910005A687B68D21A08235B009A421CD9FA695C
:103920007B681344BB60BB6803F00703002B03D024
:1039300005F016F800BFFDE7FB695A687B68D21AEC
:10394000BB685A60FB697A685A60BB691A68BB68D1
:103950001A60BB69BA681A60194B1A68FB695B6820
:10396000D31A174A1360164B1A68194B1B689A42F0
:1039700003D2134B1B68164A1360FB695B683B61FB
:10398000FB695B6843F00042FB695A60FB690022F7
:103990001A60104B1B6801330E4A136002F0F2FCF0
:1039A0007B6903F00703002B03D004F0D9FF00BFAD
:1039B000FDE77B6918462037BD4680BDE0A10020A9
:1039C000E4A10020D8A10020D8010020D7A1002028
:1039D000E8A10020ECA1002080B584B000AF7860A1
:1039E0007B68FB607B68002B48D008235B42FA6849
:1039F0001344FB60FB68BB60BB68224A934205D35B
:103A0000BB68214A934201D8012300E00023002B28
:103A100003D104F0A5FF00BFFDE7BB685B68002B86
:103A200003DB04F09DFF00BFFDE7BB681B68002BB4
:103A300003D004F095FF00BFFDE7BB685B68002B77
:103A40001CDABB681B68002B18D1BB685B6823F0CD
:103A50000042BB685A6002F087FCBB685A680B4B97
:103A60001B681344094A1360B86800F079F8084BE2
:103A70001B680133064A136002F084FC00BF103754
:103A8000BD4680BDD8010020D7A10020E4A10020C0
:103A9000F0A1002080B400AF034B1B681846BD4660
:103AA0005DF8047B704700BFE4A1002080B485B0BE
:103AB00000AF4FF42043BB60244BFB60FB6803F076
:103AC0000703002B0CD0FB680733FB60FB6823F077
:103AD0000703FB60BA68FB68D31A1C4A1344BB6037
:103AE000FB681B4A13601A4B00225A60FA68BB68D5
:103AF00013447B6008227B689B1A7B607B6823F001
:103B000007037B607B68134A1360124B1B6800221B
:103B10005A60104B1B6800221A60FB683B603B68D0
:103B20007A68D21A3B685A600A4B1A683B681A6076
:103B30003B685B68084A13603B685B68074A136030
:103B400000BF1437BD465DF8047B7047D8010020E4
:103B5000D8A10020E0A10020E8A10020E4A10020DD
:103B600080B584B000AF7860314BFB6002E0FB6849
:103B70001B68FB60FB681B687A689A42F7D8FB6891
:103B80002B4A934210D0FB682A4A934205D3FB6824
:103B9000294A934201D8012300E00023002B03D1DE
:103BA00004F0DEFE00BFFDE7FB68BB60FB685B68FE
:103BB000BA6813447A689A4208D1FB685A687B68ED
:103BC0005B681A44FB685A60FB687B607B68BB607B
:103BD0007B685B68BA681A44FB681B689A4218D114
:103BE000FB681A68154B1B689A420DD07B685A68AF
:103BF000FB681B685B681A447B685A60FB681B683B
:103C00001A687B681A6008E00C4B1A687B681A60B7
:103C100003E0FB681A687B681A60FA687B689A425E
:103C200002D0FB687A681A6000BF1037BD4680BDBD
:103C3000D8A10020D8010020D7A10020E0A10020B9
:103C400080B584B000AF78607B68002B03D104F0AE
:103C500087FE00BFFDE72023BB60BB68202B03D09D
:103C600004F07EFE00BFFDE77B68FB60FB68002B75
:103C70000AD0FB6800221A60FB680433184600F083
:103C8000D5F9FB6801221A77FB6818461037BD4644
:103C900080BD80B582B000AF2020FFF797FD78602F
:103CA0007B68002B0AD07B6800221A607B68043393
:103CB000184600F0BBF97B6800221A777B6818462B
:103CC0000837BD4680BD80B58CB000AFF860B960E4
:103CD0007A603B60FB687B620023BB6200233B622F
:103CE000FB68002B03D104F03BFE00BFFDE7BB687F
:103CF000B3F1807F03D304F033FE00BFFDE7BB6860
:103D0000002B03D104F02CFE00BFFDE703F006FA00
:103D10000346002B02D1BB6B002B01D1012300E035
:103D20000023002B03D104F01BFE00BFFDE702F0CF
:103D30001BFB7B6A1B68FB613A68B968F86900F095
:103D40003FF9B861BB69002B0ED0FB69FB62002311
:103D5000BB637B68002B28D07B6A1A68BB68DB4397
:103D60001A407B6A1A6020E0BB6B002B04D1FB6910
:103D7000FB6201233B6218E07B68002B03D0BB6A27
:103D800043F08073BB623B68002B03D0BB6A43F0F7
:103D90008063BB627B6A181DBA68BB6A1343BA6B47
:103DA000194602F02FFE0023FB6202F0EBFA786165
:103DB000BB6B002B2BD07B69002B01D104F0D0FB17
:103DC00003F084FBF862FB6A03F00073002B1AD146
:103DD00004F0D8FB7B6A1B68FB623A68B968F86A32
:103DE00000F0EEF80346002B09D07B68002B06D0CC
:103DF0007B6A1A68BB68DB431A407B6A1A6001233E
:103E00003B6204F0D1FBFB6A23F07F43FB62FB6A59
:103E100018463037BD4680BD80B586B000AF7860AB
:103E20007B687B6104F09CFD38617B691B68FB60EB
:103E3000386904F0A2FDFB6818461837BD4680BDFE
:103E400080B58CB000AF786039600023BB627B68BE
:103E50003B6200237B627B68002B03D104F080FD72
:103E600000BFFDE73B68B3F1807F03D304F078FD2A
:103E700000BFFDE73B6A0433FB61FB690833BB61AC
:103E800002F072FAFB69DB68FB623B6A1A683B6806
:103E90001A433B6A1A603CE0FB6A5B683B61FB6A61
:103EA0001B68FB6000237B62FB6803F07F43BB6001
:103EB000FB6823F07F43FB60BB6803F08063002B4B
:103EC00008D13B6A1A68FB681340002B0BD0012312
:103ED0007B6208E03B6A1A68FB681340FA689A4202
:103EE00001D101237B627B6A002B10D0BB6803F0F9
:103EF0008073002B03D0BA6AFB681343BB623B6A32
:103F00001B6843F000731946F86A02F0D1FE3B6962
:103F1000FB62FA6ABB699A42BED13B6A1A68BB6A05
:103F2000DB431A403B6A1A603B6A1B687B6102F004
:103F300029FA7B6918463037BD4680BD80B584B00C
:103F400000AF78607B68FB60FB68002B03D104F056
:103F500007FD00BFFDE7FB680433BB6002F004FA15
:103F600010E0BB68DA68BB6808339A4203D104F0FA
:103F7000F7FC00BFFDE7BB68DB684FF00071184637
:103F800002F096FEBB681B68002BEAD102F0FAF93A
:103F9000FB681B7F002B02D1F868FFF71DFD00BFF7
:103FA0001037BD4680BD80B582B000AF7860396003
:103FB00039687868FFF744FF00BF0837BD4680BD09
:103FC00080B487B000AFF860B9607A6000237B618D
:103FD0007B68002B07D1FA68BB681340002B0AD01E
:103FE00001237B6107E0FA68BB681340BA689A4214
:103FF00001D101237B617B6918461C37BD465DF802
:10400000047B704780B586B000AFF860B9607A6015
:104010007B68BA68F968044804F042FA78617B6901
:1040200018461837BD4680BDA73F010880B483B04D
:1040300000AF78607B6803F108027B685A607B6898
:104040004FF0FF329A607B6803F108027B68DA6008
:104050007B6803F108027B681A617B6800221A60A2
:1040600000BF0C37BD465DF8047B704780B483B059
:1040700000AF78607B6800221A6100BF0C37BD4634
:104080005DF8047B704780B485B000AF786039601C
:104090007B685B68FB603B68FA685A60FB689A68FB
:1040A0003B689A60FB689B683A685A60FB683A68AC
:1040B0009A603B687A681A617B681B685A1C7B6847
:1040C0001A6000BF1437BD465DF8047B704780B4AA
:1040D00085B000AF786039603B681B68BB60BB6827
:1040E000B3F1FF3F03D17B681B69FB600CE07B6889
:1040F0000833FB6002E0FB685B68FB60FB685B68A1
:104100001B68BA689A42F6D2FB685A683B685A60E4
:104110003B685B683A689A603B68FA689A60FB683B
:104120003A685A603B687A681A617B681B685A1C57
:104130007B681A6000BF1437BD465DF8047B70478A
:1041400080B485B000AF78607B681B69FB607B68DA
:104150005B687A6892689A607B689B687A68526844
:104160005A60FB685B687A689A4203D17B689A68F8
:10417000FB685A607B6800221A61FB681B685A1E44
:10418000FB681A60FB681B6818461437BD465DF86B
:10419000047B704780B584B000AF7860396001233C
:1041A000FB607B68BB60BB68002B03D104F0D8FBCD
:1041B00000BFFDE7BB68002B57D0BB68DB6B002B53
:1041C00053D0BB681A6CBB68DB6B0021A3FB0223D6
:1041D000002B00D001210B46002B46D104F0D2F970
:1041E000BB681A68BB68DB6BB968096C01FB03F339
:1041F0001A44BB689A60BB6800229A63BB681A685D
:10420000BB685A60BB681A68BB68DB6B013BB96866
:10421000096C01FB03F31A44BB68DA60BB68FF2238
:1042200083F84420BB68FF2283F845203B68002BBD
:104230000ED1BB681B69002B14D0BB681033184625
:1042400002F066FC0346002B0CD004F089F909E06B
:10425000BB6810331846FFF7E9FEBB6824331846E5
:10426000FFF7E4FE04F0A0F901E00023FB60FB6827
:10427000002B03D104F074FB00BFFDE7FB68184678
:104280001037BD4680BD80B588B002AFF860B96018
:104290007A603B6000237B613B68002B03D104F014
:1042A0005FFB00BFFDE7FB68002B29D03B68002BBC
:1042B00026D07B68002B02D0BB68002B20D07B6807
:1042C000002B02D1BB68002B1AD150233B613B6904
:1042D000502B03D004F044FB00BFFDE73B693B6873
:1042E0007B617B69012283F8462097F820207B6957
:1042F000009313467A68B968F86800F058F806E049
:104300007B69002B03D104F02BFB00BFFDE77B6929
:1043100018461837BD4680BD80B58AB002AFF86038
:10432000B9601346FB710023FB61FB68002B32D0A0
:104330000021BA68FB68A3FB0223002B00D00121F7
:104340000B46002B27D1FB68BA6802FB03F313F17D
:10435000510F20D8FB68BA6802FB03F3BB61BB694D
:1043600050331846FFF732FAF861FB69002B19D079
:10437000FB697B617B6950337B61FB69002283F8B9
:104380004620FA79FB69009313467A69B968F868A0
:1043900000F00DF806E0FB69002B03D104F0E0FA11
:1043A00000BFFDE7FB6918462037BD4680BD80B5DC
:1043B00084B000AFF860B9607A60FB70BB68002B16
:1043C00003D1BB69BA691A6002E0BB697A681A60F6
:1043D000BB69FA68DA63BB69BA681A640121B86913
:1043E000FFF7D8FEBB69FA7883F84C2000BF10377E
:1043F000BD4680BD80B582B000AF78607B68002B81
:104400000ED07B6800229A607B6800221A607B686D
:104410000022DA60002300220021786800F089F889
:1044200000BF0837BD4680BD80B586B000AF0346EB
:10443000FB7101237B6100233B61FB791A463969DB
:104440007869FFF769FFF860F868FFF7D3FFFB684A
:1044500018461837BD4680BD80B588B002AF034608
:104460003960FB7101237B6100233B61FB79009381
:104470003B68002239697869FFF705FFF860F86842
:10448000FFF7B8FFFB6818461837BD4680BD80B5FA
:1044900088B002AFF860B9607A6000237B61FB6886
:1044A000002B13D0BA68FB689A420FD802230093FE
:1044B0007B6800220021F868FFF7E5FE78617B69E0
:1044C000002B0AD07B69BA689A6306E07B69002BEF
:1044D00003D104F045FA00BFFDE77B6918461837A1
:1044E000BD4680BD80B584B000AF786039600023E0
:1044F000FB607B68002B10D03A687B689A420CD82E
:10450000022200217868FFF707FFF860FB68002BA4
:104510000AD0FB683A689A6306E0FB68002B03D177
:1045200004F01EFA00BFFDE7FB6818461037BD46D1
:1045300080BD80B58AB000AFF860B9607A603B603A
:1045400000237B62FB683B623B6A002B03D104F0D3
:1045500007FA00BFFDE7BB68002B03D13B6A1B6C69
:10456000002B01D1012300E00023002B03D104F034
:10457000F7F900BFFDE73B68022B03D13B6ADB6B19
:10458000012B01D1012300E00023002B03D104F013
:10459000E7F900BFFDE702F0C1FD0346002B02D1A1
:1045A0007B68002B01D1012300E00023002B03D105
:1045B00004F0D6F900BFFDE703F0E4FF3B6A9A6B15
:1045C0003B6ADB6B9A4202D33B68022B1DD13A68EF
:1045D000B968386A00F0B4FBF8613B6A5B6A002B8B
:1045E0000AD03B6A2433184602F092FA0346002BA5
:1045F00007D003F0B5FF04E0FB69002B01D003F006
:10460000AFFF03F0D1FF01235CE07B68002B03D1F7
:1046100003F0CAFF002355E07B6A002B06D107F1A7
:104620001403184602F018FC01237B6203F0BCFF60
:1046300001F09AFE03F0A6FF3B6A93F844305BB2A8
:10464000B3F1FF3F03D13B6A002283F844203B6A69
:1046500093F845305BB2B3F1FF3F03D13B6A0022D0
:1046600083F8452003F0A0FF3A1D07F1140311461B
:10467000184602F007FC0346002B1DD1386A00F0F3
:1046800057FC0346002B11D03B6A10337A68114661
:10469000184602F099F9386A00F0E2FB01F072FE68
:1046A0000346002B88D103F05BFF85E7386A00F0F2
:1046B000D7FB01F067FE7FE7386A00F0D1FB01F01D
:1046C00061FE002318462837BD4680BD80B58AB0FC
:1046D00000AFF860B9607A603B60FB683B623B6AA0
:1046E000002B03D104F03CF900BFFDE7BB68002BB1
:1046F00003D13B6A1B6C002B01D1012300E0002396
:10470000002B03D104F02CF900BFFDE73B68022B1E
:1047100003D13B6ADB6B012B01D1012300E00023B5
:10472000002B03D104F01CF900BFFDE704F0BEF834
:1047300004F016F9F8613B6A9A6B3B6ADB6B9A42AC
:1047400002D33B68022B3DD13B6A93F84530FB76A0
:104750003B6A9B6B7B613A68B968386A00F0F0FA93
:1047600097F91B30B3F1FF3F12D13B6A5B6A002B14
:1047700025D03B6A2433184602F0CAF90346002BC1
:104780001DD07B68002B1AD07B6801221A6016E0CE
:1047900001F014FF386197F91B303A699A420ED93B
:1047A00097F91B307F2B03D104F0DAF800BFFDE747
:1047B000FB7E0133DBB25AB23B6A83F8452001230A
:1047C0007B6201E000237B62F86904F0D6F87B6A23
:1047D00018462837BD4680BD80B588B000AF7860E8
:1047E00039607B68BB61BB69002B03D104F0B8F86A
:1047F00000BFFDE7BB691B6C002B03D004F0B0F8D1
:1048000000BFFDE7BB691B68002B03D1BB699B6838
:10481000002B01D1012300E00023002B03D104F081
:104820009FF800BFFDE704F041F804F099F87861C3
:10483000BB699B6B3B61BB69DB6B3A699A4239D2BE
:10484000BB6993F84530FB733B695A1CBB699A639B
:1048500097F90F30B3F1FF3F12D1BB695B6A002BB0
:1048600025D0BB692433184602F052F90346002BC9
:104870001DD03B68002B1AD03B6801221A6016E05D
:1048800001F09CFEB86097F90F30BA689A420ED9D1
:1048900097F90F307F2B03D104F062F800BFFDE7DA
:1048A000FB7B0133DBB25AB2BB6983F8452001239D
:1048B000FB6101E00023FB61786904F05EF8FB69AD
:1048C00018462037BD4680BD80B58AB000AFF8607D
:1048D000B9607A6000237B62FB683B623B6A002B15
:1048E00003D104F03DF800BFFDE7BB68002B03D106
:1048F0003B6A1B6C002B01D1012300E00023002B3D
:1049000003D104F02DF800BFFDE702F007FC0346D9
:10491000002B02D17B68002B01D1012300E0002392
:10492000002B03D104F01CF800BFFDE703F02AFEC2
:104930003B6A9B6BFB61FB69002B19D0B968386A35
:1049400000F068FAFB695A1E3B6A9A633B6A1B696E
:10495000002B09D03B6A1033184602F0D9F8034601
:10496000002B01D003F0FCFD03F01EFE012363E0E9
:104970007B68002B03D103F017FE00235CE07B6A09
:10498000002B06D107F11403184602F065FA012343
:104990007B6203F009FE01F0E7FC03F0F3FD3B6AE4
:1049A00093F844305BB2B3F1FF3F03D13B6A00227E
:1049B00083F844203B6A93F845305BB2B3F1FF3F84
:1049C00003D13B6A002283F8452003F0EDFD3A1D38
:1049D00007F114031146184602F054FA0346002B5F
:1049E0001DD1386A00F08EFA0346002B11D03B6AC5
:1049F00024337A681146184601F0E6FF386A00F061
:104A00002FFA01F0BFFC0346002B8FD103F0A8FD65
:104A10008CE7386A00F024FA01F0B4FC86E7386AC3
:104A200000F01EFA01F0AEFC386A00F06BFA0346A3
:104A3000002B3FF47BAF002318462837BD4680BDCE
:104A400080B58AB000AF7860396000237B627B68F4
:104A5000FB6100233B62FB69002B03D103F080FF65
:104A600000BFFDE7FB691B6C002B03D003F078FF50
:104A700000BFFDE702F052FB0346002B02D13B686A
:104A8000002B01D1012300E00023002B03D103F010
:104A900067FF00BFFDE703F075FDFB699B6BBB6122
:104AA000BB69002B1ED0BB695A1EFB699A63FB6968
:104AB0001B68002B04D102F021FD0246FB699A60BD
:104AC000FB691B69002B09D0FB691033184602F003
:104AD0001FF80346002B01D003F042FD03F064FDF4
:104AE000012383E03B68002B03D103F05DFD00232D
:104AF0007CE07B6A002B06D107F10C03184602F01C
:104B0000ABF901237B6203F04FFD01F02DFC03F0B4
:104B100039FDFB6993F844305BB2B3F1FF3F03D139
:104B2000FB69002283F84420FB6993F845305BB2AF
:104B3000B3F1FF3F03D1FB69002283F8452003F066
:104B400033FD3A4607F10C031146184602F09AF974
:104B50000346002B2CD1F86900F0D4F90346002B52
:104B600020D0FB691B68002B09D103F00BFDFB690A
:104B70009B68184602F0F0FA386203F015FDFB69F5
:104B800024333A681146184601F01EFFF86900F018
:104B900067F901F0F7FB0346002B7FF47CAF03F0CD
:104BA000DFFC78E7F86900F05BF901F0EBFB72E7F6
:104BB000F86900F055F901F0E5FBF86900F0A2F999
:104BC0000346002B3FF467AF3B6A002B0DD003F088
:104BD000D9FCF86900F09CF87861FB699B687969F9
:104BE000184602F0D5FB03F0DFFC002318462837F7
:104BF000BD4680BD80B58AB000AFF860B9607A600C
:104C0000FB683B623B6A002B03D103F0A9FE00BFA7
:104C1000FDE7BB68002B03D13B6A1B6C002B01D165
:104C2000012300E00023002B03D103F099FE00BF15
:104C3000FDE703F03BFE03F093FEF8613B6A9B6BDC
:104C4000BB61BB69002B3DD03B6A93F84430FB75D8
:104C5000B968386A00F0DEF8BB695A1E3B6A9A638D
:104C600097F91730B3F1FF3F12D13B6A1B69002B54
:104C700025D03B6A1033184601F04AFF0346002B4B
:104C80001DD07B68002B1AD07B6801221A6016E0C9
:104C900001F094FC386197F917303A699A420ED9BD
:104CA00097F917307F2B03D103F05AFE00BFFDE7C1
:104CB000FB7D0133DBB25AB23B6A83F84420012307
:104CC0007B6201E000237B62F86903F056FE7B6A99
:104CD00018462837BD4680BD80B584B000AF7860E7
:104CE0007B68FB60FB68002B03D103F039FE00BF3B
:104CF000FDE7F86800F07AF9FB6893F84630002B7E
:104D000002D1F868FEF768FE00BF1037BD4680BDCF
:104D100080B485B000AF78607B685B6A002B06D0FA
:104D20007B681B6B1B68C3F13803FB6001E0002349
:104D3000FB60FB6818461437BD465DF8047B70477E
:104D400080B586B000AFF860B9607A6000237B61FF
:104D5000FB689B6B3B61FB681B6C002B0DD1FB68F8
:104D60001B68002B4DD1FB689B68184602F086FA41
:104D70007861FB6800229A6043E07B68002B19D1C0
:104D8000FB685868FB681B6C1A46B96817F03AFC58
:104D9000FB685A68FB681B6C1A44FB685A60FB6826
:104DA0005A68FB689B689A422BD3FB681A68FB68B9
:104DB0005A6026E0FB68D868FB681B6C1A46B96825
:104DC00017F020FCFB68DA68FB681B6C5B421A4436
:104DD000FB68DA60FB68DA68FB681B689A4207D2F6
:104DE000FB689A68FB681B6C5B421A44FB68DA60DC
:104DF0007B68022B05D13B69002B02D03B69013B4C
:104E00003B613B695A1CFB689A637B6918461837FB
:104E1000BD4680BD80B582B000AF786039607B68E8
:104E20001B6C002B18D07B68DA687B681B6C1A44FB
:104E30007B68DA607B68DA687B689B689A4203D398
:104E40007B681A687B68DA607B68D9687B681B6C52
:104E50001A46386817F0D6FB00BF0837BD4680BD3C
:104E600080B584B000AF786003F08CFB7B6893F86A
:104E70004530FB7311E07B685B6A002B12D07B68C6
:104E80002433184601F044FE0346002B01D002F003
:104E900061F8FB7B013BDBB2FB7397F90F30002B12
:104EA000E9DC00E000BF7B68FF2283F8452003F0C7
:104EB0007BFB03F067FB7B6893F84430BB7311E026
:104EC0007B681B69002B12D07B681033184601F0F9
:104ED0001FFE0346002B01D002F03CF8BB7B013BD8
:104EE000DBB2BB7397F90E30002BE9DC00E000BFAA
:104EF0007B68FF2283F8442003F056FB00BF103785
:104F0000BD4680BD80B584B000AF786003F03AFB49
:104F10007B689B6B002B02D10123FB6001E0002327
:104F2000FB6003F041FBFB6818461037BD4680BDAF
:104F300080B584B000AF786003F024FB7B689A6B87
:104F40007B68DB6B9A4202D10123FB6001E0002306
:104F5000FB6003F029FBFB6818461037BD4680BD97
:104F600080B584B000AF786039600023BB607B6897
:104F7000002B03D103F0F4FC00BFFDE73B68002BDE
:104F800024D00023FB601EE0174AFB68DB001344BB
:104F90005B687A689A4205D1FB68DB00124A1344C9
:104FA000BB6013E0BB68002B0AD10F4AFB6852F8C4
:104FB0003330002B04D1FB68DB000B4A1344BB6089
:104FC000FB680133FB60FB68072BDDD9BB68002B56
:104FD00005D0BB683A681A60BB687A685A6000BF3F
:104FE0001037BD4680BD00BFF4A1002080B584B05D
:104FF00000AF78607B68002B03D103F0B1FC00BFE9
:10500000FDE70023FB6016E00F4AFB68DB0013445A
:105010005B687A689A420BD10B4AFB68002142F820
:105020003310094AFB68DB00134400225A6006E093
:10503000FB680133FB60FB68072BE5D900BF00BFAD
:105040001037BD4680BD00BFF4A1002080B586B0FA
:1050500000AFF860B9607A60FB687B6103F092FA98
:105060007B6993F844305BB2B3F1FF3F03D17B69B6
:10507000002283F844207B6993F845305BB2B3F19A
:10508000FF3F03D17B69002283F8452003F08CFAAF
:105090007B699B6B002B06D17B6924337A68B968E6
:1050A000184601F0F7FC7869FFF7DAFE00BF183701
:1050B000BD4680BD80B58CB004AFF860B9607A6041
:1050C0003B60BB6A7B613B68002B03D103F048FC6B
:1050D00000BFFDE7BB6A002B03D103F041FC00BF1A
:1050E000FDE7BA68FB689A4203D903F039FC00BFB8
:1050F000FDE7BB68002B01D10123BB607B68012B5E
:1051000008D10323FB76FB68042B11D803F028FC9D
:1051100000BFFDE77B68022B08D10623FB76FB6806
:10512000002B05D103F01CFC00BFFDE70223FB763A
:1051300028233B613B69282B03D003F011FC00BFFF
:10514000FDE73B68002B18D0BB6A002B15D03B6BEA
:105150000293FB6A0193FB7E0093BB68FA6839688F
:10516000786900F0A0FB7B691B7F43F00203DAB291
:105170007B691A77BB6AFB6101E00023FB61FB6975
:1051800018462037BD4680BD80B584B000AF78603A
:105190007B68FB60FB68002B03D103F0E1FB00BFE1
:1051A000FDE7FB681B7F03F00203002B03D1F868C7
:1051B000FEF712FC04E028220021F86817F02EFD0B
:1051C00000BF1037BD4680BD80B586B000AF7860A7
:1051D0007B683B613B69002B03D103F0C1FB00BF3F
:1051E000FDE73B691B68FB603B699A683B691B688C
:1051F00013447B613B695B687A69D31A7B613B69C5
:105200001B68FA689A42ECD17B69013B7B613B6980
:105210009B687A699A4204D33B699B687A69D31A7E
:105220007B617B6918461837BD4680BD80B58EB05E
:1052300002AFF860B9607A603B60FB687B62002374
:10524000FB627B68BB6200233B62BB68002B03D11F
:1052500003F086FB00BFFDE77B6A002B03D103F060
:105260007FFB00BFFDE77B6A9B68013B3B627B6A7B
:105270001B7F03F00103002B11D0BB6A0433BB6218
:10528000BA6A7B689A4203D803F06AFB00BFFDE765
:10529000BA6A3B6A9A4208D900233B6005E0BA6AC1
:1052A0003B6A9A4201D93B6ABB623B68002B3DD006
:1052B00007F11403184601F0AFFD03F063F9786AB3
:1052C000FFF782FFF862FA6ABB6A9A4213D27B6ADE
:1052D0005B6A1946002002F04DFD7B6A5B69002B7A
:1052E00003D003F03DFB00BFFDE701F007FF0246DE
:1052F0007B6A5A6102E003F057F917E003F054F9B2
:105300007B6A586A3B68009300230022002102F068
:1053100081F97B6A00225A613A4607F1140311466B
:10532000184601F0AFFD0346002BC6D0FB6A002BE8
:1053300003D1786AFFF748FFF862BB6A0093FB6A03
:105340007A68B968786A00F07EF8F861FB69002B2A
:105350001CD0786A00F087FA02467B6ADB689A42C2
:1053600014D301F001F87B6A1B69002B0CD07B6A17
:1053700018697B6A596A002300930023002202F017
:10538000D9F97B6A00221A6100F0FCFFFB6918461C
:105390003037BD4680BD80B58CB002AFF860B960D3
:1053A0007A603B60FB683B627B687B62BB68002B7A
:1053B00003D103F0D5FA00BFFDE73B6A002B03D110
:1053C00003F0CEFA00BFFDE73B6A1B7F03F0010349
:1053D000002B02D07B6A04337B62386AFFF7F4FE4D
:1053E000F8617B6A0093FB697A68B968386A00F0F3
:1053F0002AF8B861BB69002B20D0386A00F033FA74
:1054000002463B6ADB689A4218D303F0A9FA786136
:105410003B6A1B69002B0ED03B6A18693B6A596ACC
:105420003B680193002300930023002202F084FADA
:105430003B6A00221A61786903F09FFABB6918463B
:105440002837BD4680BD80B586B000AFF860B96032
:105450007A603B60FB685B687B61FB681B7F03F0E5
:105460000103002B19D07B683B613B697A689A4243
:1054700003D003F075FA00BFFDE73A683B6A9A4231
:1054800008D307F110017B690422F86800F03EF9A7
:10549000786108E000237B6005E07A683B6893420E
:1054A00028BF13467B607B68002B08D07B697A6835
:1054B000B968F86800F02AF90246FB685A607B6810
:1054C00018461837BD4680BD80B58AB002AFF86077
:1054D000B9607A603B60FB683B610023FB61BB689D
:1054E000002B03D103F03CFA00BFFDE73B69002B22
:1054F00003D103F035FA00BFFDE73B691B7F03F0E2
:105500000103002B02D004237B610BE03B691B7F6E
:1055100003F00403002B03D03B69DB687B6101E0EF
:1055200000237B613B68002B33D003F02BF83869F4
:1055300000F099F9B861BA697B699A4212D83B695F
:105540005B6A1946002002F015FC3B691B69002BC1
:1055500003D003F005FA00BFFDE701F0CFFD0246DE
:105560003B691A6103F020F8BA697B699A4214D842
:105570003B69586A3B68009300230022002102F037
:1055800049F83B6900221A61386900F06CF9B8618A
:1055900003E0386900F067F9B861BA697B699A423B
:1055A0001ED9BB697A68B968386900F072F8F86189
:1055B000FB69002B14D000F0D7FEFB685B69002B61
:1055C0000CD0FB685869FB68596A002300930023DC
:1055D000002202F0AFF8FB6800225A6100F0D2FE10
:1055E000FB6918462037BD4680BD80B58CB002AF40
:1055F000F860B9607A603B60FB68FB6100237B6206
:10560000BB68002B03D103F0ABF900BFFDE7FB69DA
:10561000002B03D103F0A4F900BFFDE7FB691B7F5A
:1056200003F00103002B02D004233B6201E00023BE
:105630003B62F86900F017F9B861BA693B6A9A42AF
:1056400022D9BB697A68B968F86900F022F87862F3
:105650007B6A002B18D003F083F97861FB695B69E2
:10566000002B0ED0FB695869FB69596A3B680193AE
:10567000002300930023002202F05EF9FB69002260
:105680005A61786903F079F97B6A18462837BD4674
:1056900080BD80B588B000AFF860B9607A603B60CB
:1056A000FB681B68BB61FB681B7F03F00103002BD9
:1056B00013D007F11001BB690422F86800F07EF8EE
:1056C000B8613B69FB613B68043B3B60FA697B68FE
:1056D0009A4204D90023FB6101E07B68FB613A68D0
:1056E000FB69934228BF13467B617B69002B08D07E
:1056F000BB697A69B968F86800F060F80246FB682F
:105700001A607B6918462037BD4680BD80B586B0DB
:1057100000AFF860B9607A603B607B68002B03D112
:1057200003F01EF900BFFDE7FB689A683B68D31AD7
:105730007A68934228BF13467B613A687B691A44B2
:10574000FB689B689A4203D903F00AF900BFFDE7A2
:10575000FB689A693B6813447A69B968184616F081
:1057600051FF7A687B699A4215D97A687B69D21AA7
:10577000FB689B689A4203D903F0F2F800BFFDE78B
:10578000FB689869BA687B69D1187A687B69D31A13
:105790001A4616F037FF3A687B6813443B60FB6893
:1057A0009B683A689A4204D3FB689B683A68D31AAC
:1057B0003B603B6818461837BD4680BD80B586B053
:1057C00000AFF860B9607A603B607B68002B03D162
:1057D00003F0C6F800BFFDE7FB689A683B68D31A80
:1057E0007A68934228BF13467B617A697B689A4244
:1057F00003D903F0B5F800BFFDE73A687B691A44A6
:10580000FB689B689A4203D903F0AAF800BFFDE742
:10581000FB689A693B6813447A691946B86816F0C0
:10582000F1FE7A687B699A420AD9BA687B69D01816
:10583000FB6899697A687B69D31A1A4616F0E2FE0A
:105840003A687B6813443B60FB689B683A689A42FD
:1058500004D3FB689B683A68D31A3B603B681846E0
:105860001837BD4680BD80B485B000AF78607B68D6
:105870009A687B685B681344FB607B681B68FA6806
:10588000D31AFB607B689B68FA689A4204D37B68F2
:105890009B68FA68D31AFB60FB6818461437BD464C
:1058A0005DF8047B704780B584B000AFF860B960E4
:1058B0007A603B607A685521B86817F0AFF9024604
:1058C000BB68934203D003F04BF800BFFDE72822EA
:1058D0000021F86817F0A2F9FB68BA689A61FB68C2
:1058E0007A689A60FB683A68DA60FB683A7E1A77F1
:1058F000FB6800225A6200BF1037BD4680BD80B5EC
:105900008AB004AFF860B9607A603B607B6A002BB4
:1059100003D103F025F800BFFDE7BB6A002B03D1DC
:1059200003F01EF800BFFDE74FF4C0733B613B6915
:10593000B3F5C07F03D003F013F800BFFDE73B6968
:10594000BB6A002B20D07B6A002B1DD0BB6A7B6119
:105950004FF4C0720021786917F060F97B697A6AA8
:105960001A637B69022283F87D21002303937B69FC
:105970000293FB6A01933B6A00933B687A68B968BB
:10598000F86800F091F801E000237B617B6918461C
:105990001837BD4680BD80B58AB004AFF860B960E5
:1059A0007A603B6000233B6107F110030393BB6AFD
:1059B00002937B6A01933B6A00933B687A68B968FB
:1059C000F868FFF79CFF78617B69002B02D078694B
:1059D00000F02CF93B6918461837BD4680BD80B5EC
:1059E0008AB004AFF860B9607A603B607B689B0066
:1059F0001846FDF7EBFE38613B69002B15D04FF4DC
:105A0000C070FDF7E3FE78617B69002B09D04FF48D
:105A1000C0720021786917F001F97B693A691A634D
:105A200005E03869FDF7D8FF01E000237B617B6961
:105A3000002B11D07B69002283F87D210023039382
:105A40007B6902937B6A01933B6A00933B687A68A7
:105A5000B968F86800F028F87B6918461837BD4621
:105A600080BD80B588B002AFF860B9607A603B60F5
:105A70007B6A01933B6A00933B687A68B968F8686F
:105A8000FFF7ADFF38613B69002B05D0386900F0A6
:105A9000CDF801237B6102E04FF0FF337B617B692E
:105AA00018461837BD4680BD80B586B000AFF86097
:105AB000B9607A603B60BB6A186B7B689B001A46D2
:105AC000A52117F0ABF8BB6A1A6B7B6803F1804322
:105AD000013B9B0013443B613B6923F007033B619F
:105AE0003B6903F00703002B03D002F039FF00BF2E
:105AF000FDE7BB68002B1ED000237B6112E0BA6873
:105B00007B6913441978BA6A7B69134434330A46B3
:105B10001A70BA687B6913441B78002B06D07B6926
:105B200001337B617B690F2BE9D900E000BFBB6AC1
:105B3000002283F843203B6A372B03D902F010FF81
:105B400000BFFDE73B6A372B01D937233B62BB6AB5
:105B50003A6ADA62BB6A3A6ADA64BB6A04331846A4
:105B6000FEF784FABB6A18331846FEF77FFABB6A61
:105B7000BA6A1A613B6AC3F13802BB6A9A61BB6AAE
:105B8000BA6A5A62BB6A58334FF4907200211846C1
:105B900017F044F8BB6A224ADA65BB6A214A1A66E2
:105BA000BB6A214A5A66B96A4FF001024FF00003FE
:105BB000C1E93C23BB6A43F20E32A3F8F820BB6A6A
:105BC0004AF6CD32A3F8FA20BB6A41F23422A3F898
:105BD000FC20BB6A4EF26D62A3F8FE20BB6A4DF654
:105BE000EC62A3F80021BB6A0522A3F80221BB6A7C
:105BF0000B22A3F80421BB6A196B3B68FA68386969
:105C000002F01EFD0246BB6A1A607B6A002B02D0BE
:105C10007B6ABA6A1A6000BF1837BD4680BD00BFF4
:105C2000B0EE012018EF012080EF012080B584B094
:105C300000AF786002F0A6FC3F4B1B6801333E4A80
:105C400013603E4B1B68002B09D13C4A7B681360F4
:105C5000394B1B68012B10D101F098F90DE0384B3E
:105C60001B68002B09D1354B1B68DA6A7B68DB6A3D
:105C70009A4202D8314A7B681360324B1B68013369
:105C8000304A13602F4B1A687B685A647B68DA6A63
:105C90002D4B1B689A4203D97B68DB6A2A4A136042
:105CA0007B68DA6A294913469B0013449B000B4426
:105CB00004331B68FB607B68FA689A60FB689A682B
:105CC0007B68DA60FB689B687A6804325A607B689C
:105CD0001A1DFB689A607B68DA6A13469B001344BE
:105CE0009B001A4A1A447B685A617B68DA6A174932
:105CF00013469B0013449B000B441B687A68D26ACE
:105D0000591C124813469B0013449B00034419601E
:105D100002F04AFC0A4B1B68002B08D0074B1B689B
:105D2000DA6A7B68DB6A9A4201D202F019FC00BF92
:105D30001037BD4680BD00BF08A7002034A2002058
:105D400014A7002024A7002010A7002038A20020BC
:105D500080B586B000AF786000237B6102F012FC52
:105D60007B68002B02D1314B1B6800E07B683B61F4
:105D70003B69002B03D102F0F3FD00BFFDE73B6957
:105D800004331846FEF7DCF93B699B6A002B04D00C
:105D90003B6918331846FEF7D3F9254B1B680133CE
:105DA000234A1360214B1B683A699A4201D10123AF
:105DB00000E00023FB601F4B1B68002B10D0FB682A
:105DC000002B0DD03B69043319461B48FEF75BF9E5
:105DD0001A4B1B680133194A136001237B6106E0EB
:105DE000174B1B68013B164A136001F06BF902F078
:105DF000DBFB7B69012B02D0386901F035F90D4BD3
:105E00001B68002B0ED0094B1B683A699A4209D1D6
:105E10000C4B1B68002B03D002F0A2FD00BFFDE776
:105E200002F09EFB00BF1837BD4680BD34A20020A3
:105E300024A7002014A70020DCA60020F0A6002044
:105E400008A7002030A7002080B584B000AF78609C
:105E50000023FB607B68002B10D000F085FA0C4B10
:105E60001B68012B03D002F07BFD00BFFDE7002182
:105E7000786801F0BBFF00F085FAF860FB68002B42
:105E800001D102F06DFB00BF1037BD4680BD00BFE1
:105E900030A7002080B58AB000AF78607B68FB61D6
:105EA000FB69002B03D102F05BFD00BFFDE7334B24
:105EB0001B68FA699A4203D1002387F8273057E01C
:105EC00002F060FBFB695B69BB61FB699B6A7B61FC
:105ED0002B4B1B683B612B4B1B68FB6002F064FB88
:105EE0007B69294A934203D1012387F827303FE099
:105EF000BA693B699A4203D0BA69FB689A4203D1F6
:105F0000022387F8273033E0BB69204A934221D12E
:105F1000FB699B6A002B19D1032387F827300023E4
:105F20003B620FE0FA693B6A134403F5BE731B78CA
:105F3000DBB2012B03D1022387F8273018E03B6A3C
:105F400001333B623B6A002BECDD11E0022387F852
:105F500027300DE0BB690E4A934202D0BB69002B8B
:105F600003D1042387F8273002E0012387F8273084
:105F700097F8273018462837BD4680BD34A2002048
:105F8000C0A60020C4A60020C8A60020F4A60020B9
:105F9000DCA6002080B586B000AF786002F0F2FA8F
:105FA0007B68002B02D1354B1B6800E07B683B61AE
:105FB0003B69002B03D102F0D3FC00BFFDE73B6936
:105FC00004331846FEF7BCF83B699B6A002B04D0EB
:105FD0003B6918331846FEF7B3F83B69043319469A
:105FE0002748FEF750F800237B6112E03A697B698D
:105FF000134403F5BE731B78DBB2012B06D13A695B
:106000007B69134403F5BE7300221A707B69013368
:106010007B617B69002BE9DD02F0C6FA194B1B6836
:10602000002B05D002F0AEFA01F04CF802F0BCFAF9
:10603000124B1B683A699A421CD1124B1B68002B09
:106040000AD0114B1B68002B03D002F089FC00BF63
:10605000FDE702F085FA0DE0094B1B68FB600B4B76
:106060001B68FA689A4203D1044B00221A6001E0CF
:1060700000F04EFC00BF1837BD4680BD34A20020A2
:10608000F4A6002014A7002030A7002008A70020B5
:1060900080B586B000AF786000237B617B68FB60D1
:1060A0007B68002B03D102F05BFC00BFFDE7FB68BF
:1060B0005B69144A93421FD1FB689B6A124A934260
:1060C0001AD0FB689B6A002B16D101237B61002349
:1060D0003B610EE0FA683B69134403F5BE731B781D
:1060E000DBB2012B02D100237B6105E03B69013368
:1060F0003B613B69002BEDDD7B6918461837BD46D7
:1061000080BD00BFF4A60020C8A6002080B584B0E2
:1061100000AF78607B68FB607B68002B03D102F0E6
:106120001FFC00BFFDE7334B1B68FA689A425CD046
:10613000FB68002B59D002F025FAF868FFF7A8FF9A
:106140000346002B4FD0FB6804331846FDF7F8FFD9
:10615000FB68DA6A284B1B689A4203D9FB68DB6A42
:10616000254A1360FB68DA6A244913469B001344EE
:106170009B000B4404331B68BB60FB68BA689A60E1
:10618000BB689A68FB68DA60BB689B68FA6804328F
:106190005A60FB681A1DBB689A60FB68DA6A13468E
:1061A0009B0013449B00154A1A44FB685A61FB6824
:1061B000DA6A124913469B0013449B000B441B6888
:1061C000FA68D26A591C0D4813469B0013449B0081
:1061D00003441960074B1B68DA6AFB68DB6A9A4262
:1061E00001D202F0BDF902F0DFF900BF1037BD4661
:1061F00080BD00BF34A2002010A7002038A20020DC
:1062000080B590B004AF0123FB6207F110030022B8
:106210001A605A609A60DA6000233B6200237B6256
:1062200013E02F4A7B6A1344197807F110027B6A46
:1062300013440A461A7007F110027B6A13441B7854
:10624000002B06D07B6A01337B627B6A0E2BE8D978
:1062500000E000BF07F110027B6A134400221A70AD
:106260000023BB6231E01F4B3B620023FB60002335
:10627000BB603A1D07F1080107F10C03184601F055
:106280002BFE7868BB68FA6807F11001029201934F
:106290000023009300230246386AFFF77CFB024686
:1062A0001149BB6A41F823200F4ABB6A52F82330D8
:1062B000002B02D00123FB6201E00023FB62FB6A9A
:1062C000012B06D1BB6A0133BB62BB6A002BCADD5E
:1062D00000E000BFFB6A18463037BD4680BD00BFF6
:1062E0007CE202086D6F01082CA7002080B582B007
:1062F00000AFFFF785FF78607B68012B02D101F0CA
:106300001FFE78607B68012B13D102F029FB104B34
:106310001B6858330F4A13600F4B4FF0FF321A605F
:106320000E4B01221A600E4B00221A6002F012FA84
:1063300007E07B68B3F1FF3F03D102F011FB00BF20
:10634000FDE7084B1B6800BF0837BD4680BD00BF96
:1063500034A200205801002028A7002014A7002004
:106360000CA70020B0E3020880B400AF044B1B6808
:106370000133034A136000BFBD465DF8047B7047DC
:1063800030A7002080B588B000AF0023FB61002358
:10639000BB6102F0F7F800233B616F4B1B68002BD9
:1063A00003D102F0DDFA00BFFDE76B4B1B68013B38
:1063B000694A1360684B1B68002B40F0C580674B2F
:1063C0001B68002B00F0C0808FE0654BDB68DB684A
:1063D000FB61FB699B6AFB60FB69DB69FA69126A16
:1063E0009A60FB691B6AFA69D2695A60FB685A684D
:1063F000FB6918339A4203D1FB691A6AFB685A6039
:10640000FB6900229A62FB681B685A1EFB681A60CF
:10641000FB695B69BB60FB699B68FA69D2689A603B
:10642000FB69DB68FA6992685A60BB685A68FB6965
:1064300004339A4203D1FB69DA68BB685A60FB698E
:1064400000225A61BB681B685A1EBB681A60FB6950
:10645000DA6A444B1B689A4203D9FB69DB6A414AFA
:106460001360FB69DA6A404913469B0013449B00A2
:106470000B4404331B687B60FB697A689A607B6815
:106480009A68FB69DA607B689B68FA6904325A6033
:10649000FB691A1D7B689A60FB69DA6A13469B00E8
:1064A00013449B00304A1A44FB695A61FB69DA6A5B
:1064B0002D4913469B0013449B000B441B68FA694B
:1064C000D26A591C284813469B0013449B0003447E
:1064D0001960FB69DA6A254B1B68DB6A9A4204D9AA
:1064E000234A3B69012142F823101D4B1B68002BF6
:1064F0007FF46BAFFB69002B01D000F0E3FD1D4B77
:106500001B687B617B69002B12D000F0EFF803461B
:10651000002B04D0164A3B69012142F823107B6905
:10652000013B7B617B69002BEFD1124B00221A608B
:106530000F4A3B6952F82330002B05D00123BB6181
:106540000A4B1B6802F00CF802F02EF8BB691846E3
:106550002037BD4680BD00BF30A7002008A700201F
:10656000C8A6002010A7002038A2002034A20020D6
:106570001CA7002018A7002080B483B000AF054BF3
:106580001B687B607B6818460C37BD465DF8047B52
:10659000704700BF0CA7002080B582B000AF02F0AA
:1065A00085F900237B60044B1B683B603B68184601
:1065B0000837BD4680BD00BF0CA7002080B400AFE7
:1065C000034B1B681846BD465DF8047B704700BF4F
:1065D00008A7002080B586B000AF78607B683B617B
:1065E0003B69002B03D102F0BBF900BFFDE7FFF7C9
:1065F000BBFE7868FFF74EFC0346022B64D10123F3
:106600007B613B6904331846FDF79AFD01F0BAFF40
:106610003B699B6A002B08D03B6918331846FDF78D
:106620008FFD3B69012283F87E2101F0BDFF3B69AC
:10663000DA6A2A4B1B689A4203D93B69DB6A274A0C
:1066400013603B69DA6A264913469B0013449B009A
:106650000B4404331B68FB603B69FA689A60FB6873
:106660009A683B69DA60FB689B683A6904325A6051
:106670003B691A1DFB689A603B69DA6A13469B0006
:1066800013449B00164A1A443B695A613B69DA6A13
:10669000134913469B0013449B000B441B683A6943
:1066A000D26A591C0E4813469B0013449B000344B6
:1066B00019603B69DA6A0B4B1B68DB6A9A4205D9A1
:1066C000094B01221A6001E000237B61FFF75AFEAB
:1066D0007B6918461837BD4680BD00BF10A7002053
:1066E00038A2002034A200201CA7002080B588B06A
:1066F00000AF0023FB617B4B1B68002B40F0E88060
:10670000794B1B680133BB61774ABB691360BB6976
:10671000002B19D1754B1B681B68002B03D002F0AE
:106720001FF900BFFDE7714B1B687B61704B1B6855
:106730006E4A13606E4A7B6913606E4B1B680133AF
:106740006C4A136000F0BEFC6B4B1B68BA699A423E
:10675000C0F0A980654B1B681B68002B04D1664BF9
:106760004FF0FF321A609EE0604B1B68DB68DB680D
:106770003B613B695B68FB60BA69FB689A4203D284
:106780005D4AFB6813608EE03B695B69BB603B69F7
:106790009B683A69D2689A603B69DB683A6992689B
:1067A0005A60BB685A683B6904339A4203D13B691B
:1067B000DA68BB685A603B6900225A61BB681B6893
:1067C0005A1EBB681A603B699B6A002B1ED03B694E
:1067D0009B6A7B603B69DB693A69126A9A603B6934
:1067E0001B6A3A69D2695A607B685A683B691833F8
:1067F0009A4203D13B691A6A7B685A603B6900225E
:106800009A627B681B685A1E7B681A603B69DA6A69
:106810003A4B1B689A4203D93B69DB6A374A1360DB
:106820003B69DA6A364913469B0013449B000B44CC
:1068300004331B683B603B693A689A603B689A681E
:106840003B69DA603B689B683A6904325A603B698D
:106850001A1D3B689A603B69DA6A13469B00134431
:106860009B00274A1A443B695A613B69DA6A24490A
:1068700013469B0013449B000B441B683A69D26A81
:10688000591C1F4813469B0013449B000344196086
:106890003B69DA6A1B4B1B68DB6A9A427FF65AAF88
:1068A0000123FB6156E7174B1B68DA6A144913464C
:1068B0009B0013449B000B441B68012B01D901234F
:1068C000FB61114B1B68002B07D00123FB6104E027
:1068D0000E4B1B6801330D4A1360FB6918462037C5
:1068E000BD4680BD30A700200CA70020C0A6002018
:1068F000C4A6002020A7002028A7002010A7002061
:1069000038A2002034A200201CA7002018A70020D5
:1069100080B582B000AF264B1B68002B03D0254BFF
:1069200001221A6040E0234B00221A60224B1B68B0
:106930007B6009E07B68002B03D102F011F800BFF7
:10694000FDE77B68013B7B601C497A6813469B002E
:1069500013449B000B441B68002BEBD07A68134652
:106960009B0013449B00154A13443B603B685B68E3
:106970005A683B685A603B685A683B6808339A42D9
:1069800003D13B68DA683B685A603B685B68DB6848
:106990000B4A1360084A7B681360094B1B68084B5D
:1069A0001B685833074A136000BF0837BD4680BDD7
:1069B00030A700201CA7002010A7002038A200202C
:1069C00034A200205801002080B582B000AF78606A
:1069D00039607B68002B03D101F0C2FF00BFFDE7E7
:1069E000074B1B68183319467868FDF770FB0121C7
:1069F000386801F0FBF900BF0837BD4680BD00BF15
:106A000034A2002080B586B000AFF860B9607A602B
:106A1000FB68002B03D101F0A3FF00BFFDE71B4B78
:106A20001B68002B03D101F09BFF00BFFDE7184B53
:106A30001B68BA6842F000429A61FB685B687B6140
:106A4000134B1B687A69DA61114B1B687A6992688B
:106A50001A620F4B1A687B699B6818325A600C4B9C
:106A60001B6803F118027B699A60094B1B68FA687E
:106A70009A62FB681B685A1CFB681A6001217868DF
:106A800001F0B4F900BF1837BD4680BD30A7002023
:106A900034A2002080B586B000AFF860B9607A609B
:106AA000FB68002B03D101F05BFF00BFFDE7FB6833
:106AB0005B687B61154B1B687A69DA61134B1B6855
:106AC0007A6992681A62114B1A687B699B6818325E
:106AD0005A600E4B1B6803F118027B699A600B4BDE
:106AE0001B68FA689A62FB681B685A1CFB681A608C
:106AF0007B68002B02D04FF0FF33BB607968B86829
:106B000001F074F900BF1837BD4680BD34A20020E3
:106B100080B588B000AF78607B68DB68DB68BB61FC
:106B2000BB69002B03D101F01BFF00BFFDE7BB6970
:106B30009B6A7B61BB69DB69BA69126A9A60BB694F
:106B40001B6ABA69D2695A607B695A68BB69183393
:106B50009A4203D1BB691A6A7B695A60BB690022F9
:106B60009A627B691B685A1E7B691A604A4B1B68D4
:106B7000002B61D1BB695B69FB60BB699B68BA692B
:106B8000D2689A60BB69DB68BA6992685A60FB6830
:106B90005A68BB6904339A4203D1BB69DA68FB685F
:106BA0005A60BB6900225A61FB681B685A1EFB6869
:106BB0001A60BB69DA6A394B1B689A4203D9BB6910
:106BC000DB6A364A1360BB69DA6A354913469B00B3
:106BD00013449B000B4404331B68BB60BB69BA6859
:106BE0009A60BB689A68BB69DA60BB689B68BA69DF
:106BF00004325A60BB691A1DBB689A60BB69DA6AC5
:106C000013469B0013449B00254A1A44BB695A61F2
:106C1000BB69DA6A224913469B0013449B000B446C
:106C20001B68BA69D26A591C1D4813469B0013445D
:106C30009B00034419601BE01A4B5B683B61BB6916
:106C40003A69DA613B699A68BB691A623B699B6879
:106C5000BA6918325A60BB6903F118023B699A603D
:106C6000BB69104A9A620F4B1B6801330D4A1360CF
:106C7000BB69DA6A0C4B1B68DB6A9A4205D90123AF
:106C8000FB610A4B01221A6001E00023FB61FB69F2
:106C900018462037BD4680BD30A7002010A7002031
:106CA00038A20020C8A6002034A200201CA7002083
:106CB00080B586B000AF78603960524B1B68002BFE
:106CC00003D101F04DFE00BFFDE73B6843F00042F9
:106CD0007B681A607B68DB687B617B69002B03D172
:106CE00001F03EFE00BFFDE77B681B693B617B68EE
:106CF0005B687A6892689A607B689B687A68526879
:106D00005A603B695B687A689A4203D17B689A68EB
:106D10003B695A607B6800221A613B691B685A1EF6
:106D20003B691A607B695B69FB607B699B687A6978
:106D3000D2689A607B69DB687A6992685A60FB68FE
:106D40005A687B6904339A4203D17B69DA68FB682D
:106D50005A607B6900225A61FB681B685A1EFB68F7
:106D60001A607B69DA6A284B1B689A4203D97B69EF
:106D7000DB6A254A13607B69DA6A244913469B0063
:106D800013449B000B4404331B68BB607B69BA68E7
:106D90009A60BB689A687B69DA60BB689B687A69AD
:106DA00004325A607B691A1DBB689A607B69DA6A93
:106DB00013469B0013449B00144A1A447B695A6192
:106DC0007B69DA6A114913469B0013449B000B440C
:106DD0001B687A69D26A591C0C4813469B001344FD
:106DE0009B00034419607B69DA6A094B1B68DB6A04
:106DF0009A4202D9074B01221A6000BF1837BD46DC
:106E000080BD00BF30A7002010A7002038A20020BE
:106E100034A200201CA7002080B582B000AF7860AB
:106E20007B68002B03D101F09BFD00BFFDE701F063
:106E3000A9FB074B1A687B681A60064B1A687B68C7
:106E40005A6001F0B1FB00BF0837BD4680BD00BFEE
:106E500020A700200CA7002080B483B000AF78608A
:106E6000064B1A687B681A60054B1A687B685A6083
:106E700000BF0C37BD465DF8047B704720A700209B
:106E80000CA7002080B586B000AF786039607B68C1
:106E9000002B03D101F064FD00BFFDE73B68002B30
:106EA00003D101F05DFD00BFFDE701F06BFB264B58
:106EB0001B683B617B685B683A69D31AFB60234BB4
:106EC0001B6893F87E31002B07D0204B1B680022F3
:106ED00083F87E2101237B612EE03B681B68B3F1C0
:106EE000FF3F02D100237B6126E07B681A68184BC4
:106EF0001B689A420AD07B685B683A699A4205D35C
:106F000001237B613B6800221A6015E03B681B6827
:106F1000FA689A420BD23B681A68FB68D21A3B683F
:106F20001A607868FFF798FF00237B6104E03B68F4
:106F300000221A6001237B6101F036FB7B69184651
:106F40001837BD4680BD00BF0CA7002034A200202A
:106F500020A7002080B400AF034B01221A6000BFBD
:106F6000BD465DF8047B70471CA7002080B582B049
:106F700000AF786000F04AF8034B1B68012BF9D989
:106F800001F0EEFAF6E700BF38A2002080B582B02B
:106F900000AF00237B600CE07A6813469B0013442B
:106FA0009B00124A13441846FDF740F87B680133F2
:106FB0007B607B68372BEFD90D48FDF737F80D481C
:106FC000FDF734F80C48FDF731F80C48FDF72EF8C2
:106FD0000B48FDF72BF80B4B054A1A600A4B054A84
:106FE0001A6000BF0837BD4680BD00BF38A2002030
:106FF00098A60020ACA60020C8A60020DCA6002091
:10700000F4A60020C0A60020C4A6002080B582B04F
:1070100000AF19E001F0B6FA104BDB68DB687B606B
:107020007B6804331846FDF78BF80D4B1B68013B5A
:107030000B4A13600B4B1B68013B0A4A136001F0BB
:10704000B3FA786800F010F8064B1B68002BE1D10A
:1070500000BF00BF0837BD4680BD00BFDCA60020D2
:1070600008A70020F0A6002080B582B000AF7860AD
:107070007B685833184615F06FFA7B6893F87D31BA
:10708000002B08D17B681B6B1846FCF7A5FC7868C1
:10709000FCF7A2FC11E07B6893F87D31012B03D152
:1070A0007868FCF799FC08E07B6893F87D31022B47
:1070B00003D001F055FC00BFFDE700BF0837BD4617
:1070C00080BD000080B400AF0A4B1B681B68002B1A
:1070D00004D1094B4FF0FF321A6005E0054B1B68E5
:1070E000DB681B68044A136000BFBD465DF8047B83
:1070F000704700BFC0A6002028A7002080B483B03E
:1071000000AF054B1B687B607B6818460C37BD469B
:107110005DF8047B704700BF34A2002080B483B0C8
:1071200000AF0B4B1B68002B02D101237B6008E0F2
:10713000084B1B68002B02D102237B6001E0002377
:107140007B607B6818460C37BD465DF8047B704752
:1071500014A7002030A7002080B586B000AF78606B
:107160007B683B6100237B617B68002B7BD03B69A4
:10717000DA6A3F4B1B68DB6A9A426BD23B699B69B8
:10718000002B06DB3A4B1B68DB6AC3F138023B6914
:107190009A613B6959693B69DA6A13469B0013445B
:1071A0009B00344A134499424CD13B69043318463E
:1071B000FCF7C6FF2E4B1B68DA6A3B69DA623B6953
:1071C000DA6A2D4B1B689A4203D93B69DB6A2A4A6B
:1071D00013603B69DA6A274913469B0013449B00FE
:1071E0000B4404331B68FB603B69FA689A60FB68D8
:1071F0009A683B69DA60FB689B683A6904325A60B6
:107200003B691A1DFB689A603B69DA6A13469B006A
:1072100013449B00174A1A443B695A613B69DA6A76
:10722000144913469B0013449B000B441B683A69A6
:10723000D26A591C0F4813469B0013449B00034419
:10724000196004E00A4B1B68DA6A3B69DA620123C1
:107250007B6108E03B69DA6C054B1B68DB6A9A428C
:1072600001D201237B617B6918461837BD4680BD7A
:1072700034A2002038A2002010A7002080B586B0DC
:1072800000AF78607B683B6100237B617B68002BEB
:1072900072D03C4B1B683A699A4203D001F060FB04
:1072A00000BFFDE73B691B6D002B03D101F058FBCC
:1072B00000BFFDE73B691B6D5A1E3B691A653B69C0
:1072C000DA6A3B69DB6C9A4256D03B691B6D002B36
:1072D00052D13B6904331846FCF732FF3B69DA6C44
:1072E0003B69DA623B69DB6AC3F138023B699A6148
:1072F0003B69DA6A244B1B689A4203D93B69DB6A13
:10730000214A13603B69DA6A204913469B00134403
:107310009B000B4404331B68FB603B69FA689A606E
:10732000FB689A683B69DA60FB689B683A690432DB
:107330005A603B691A1DFB689A603B69DA6A13461A
:107340009B0013449B00114A1A443B695A613B69F4
:10735000DA6A0E4913469B0013449B000B441B68DA
:107360003A69D26A591C094813469B0013449B0092
:107370000344196001237B617B6918461837BD46B9
:1073800080BD00BF34A2002010A7002038A200203A
:1073900080B588B000AF786039607B68BB6101233D
:1073A0007B617B68002B00F08780BB691B6D002B25
:1073B00003D101F0D5FA00BFFDE7BB69DB6C3A6889
:1073C0009A4202D93B68FB6102E0BB69DB6CFB615E
:1073D000BB69DB6AFA699A426ED0BB691B6D7A6938
:1073E0009A4269D1364B1B68BA699A4203D101F0BF
:1073F000B7FA00BFFDE7BB69DB6A3B61BB69FA69AD
:10740000DA62BB699B69002B04DBFB69C3F13802BC
:10741000BB699A61BB6959693A6913469B00134479
:107420009B00284A1344994246D1BB69043318464D
:10743000FCF786FEBB69DA6A234B1B689A4203D9C4
:10744000BB69DB6A204A1360BB69DA6A1D491346CF
:107450009B0013449B000B4404331B68FB60BB6917
:10746000FA689A60FB689A68BB69DA60FB689B6897
:10747000BA6904325A60BB691A1DFB689A60BB691D
:10748000DA6A13469B0013449B000E4A1A44BB69F8
:107490005A61BB69DA6A0B4913469B0013449B008F
:1074A0000B441B68BA69D26A591C064813469B00F4
:1074B00013449B000344196000BF2037BD4680BDC4
:1074C00034A2002038A2002010A7002080B483B08E
:1074D00000AF094B1B689B697B60074B1B68DA6A2E
:1074E000054B1B68C2F138029A617B6818460C375D
:1074F000BD465DF8047B704734A2002080B483B0A1
:1075000000AF094B1B687B607B68002B04D07B6855
:107510001B6D5A1C7B681A657B6818460C37BD4684
:107520005DF8047B704700BF34A2002080B588B0AE
:1075300000AFF860B9607A600023FB61FB68002B44
:1075400003D001F00DFA00BFFDE7314B1B68FA686C
:107550005E3253F82230002B2CD17B68002B29D0CF
:10756000FEF702FF01F00EF8294B1B68FA685E3245
:1075700053F82230002B09D1254B1A68FB681344BD
:1075800003F5BE7301221A700123FB6101F00CF8B0
:10759000FB69012B03D10121786800F027FCFEF77D
:1075A000F1FEB861FB69012B04D1BB69002B01D14D
:1075B00000F0D6FF00F0E6FF154B1B68FA685E325C
:1075C00053F822307B617B69002B12D0BB68002B03
:1075D00007D00F4B1B68FA685E32002143F8221077
:1075E00007E00B4B1B687A69511EFA685E3243F85C
:1075F0002210074B1A68FB68134403F5BE73002280
:107600001A7000F0D1FF7B6918462037BD4680BD57
:1076100034A2002080B588B000AFF860B9607A600D
:107620003B600023BB61FB68002B03D001F098F99D
:1076300000BFFDE73E4B1A68FB68134403F5BE73B9
:107640001B78DBB2022B3BD0BB6A002B38D0FEF795
:107650008BFE00F097FF364B1A68FB68134403F566
:10766000BE731B78DBB2022B16D0314B1B68FA6855
:107670005E3253F82210BA68D2431140FA685E3283
:1076800043F822102A4B1A68FB68134403F5BE73B3
:1076900001221A700123BB6100F086FFBB69012B38
:1076A00003D10121B86A00F0A1FBFEF76BFE7861FF
:1076B000BB69012B04D17B69002B01D100F050FF85
:1076C00000F060FF3B68002B07D0194B1B68FA687D
:1076D0005E3253F822203B681A60154B1A68FB682B
:1076E000134403F5BE731B78DBB2022B02D00023D8
:1076F000FB610EE00E4B1B68FA685E3253F82210F5
:107700007A68D2431140FA685E3243F822100123AE
:10771000FB61074B1A68FB68134403F5BE73002234
:107720001A7000F041FFFB6918462037BD4680BD46
:1077300034A2002080B58AB000AFF860B9607A60EA
:10774000FB7001237B62BB68002B03D001F008F9BA
:1077500000BFFDE7FB68002B03D101F001F900BF7A
:10776000FDE7FB683B6200F00DFF3B6B002B06D092
:107770003B6ABA685E3253F822203B6B1A603A6A61
:10778000BB68134403F5BE731B78FB773A6ABB688A
:10779000134403F5BE7302221A70FB78042B3BD806
:1077A00001A252F823F000BF29780108BD77010833
:1077B000D9770108F1770108FF7701083B6ABA68B9
:1077C0005E3253F822207B6842EA03013B6ABA68C2
:1077D0005E3243F822102AE03B6ABA685E3253F800
:1077E0002230591C3B6ABA685E3243F822101EE010
:1077F0003B6ABA685E32796843F8221017E0FB7F73
:10780000022B06D03B6ABA685E32796843F82210D0
:107810000DE000237B620AE0434B1B68002B05D080
:1078200001F09EF800BFFDE700BF00E000BFFB7F56
:10783000012B71D13B6A5B69BB613B6A9B683A6A09
:10784000D2689A603B6ADB683A6A92685A60BB69A0
:107850005A683B6A04339A4203D13B6ADA68BB69CF
:107860005A603B6A00225A61BB691B685A1EBB6999
:107870001A603B6ADA6A2D4B1B689A4203D93B6A4D
:10788000DB6A2A4A13603B6ADA6A294913469B007D
:1078900013449B000B4404331B687B613B6A7A6989
:1078A0009A607B699A683B6ADA607B699B683A6A8E
:1078B00004325A603B6A1A1D7B699A603B6ADA6A35
:1078C00013469B0013449B00194A1A443B6A5A61B1
:1078D0003B6ADA6A164913469B0013449B000B442B
:1078E0001B683A6AD26A591C114813469B0013441C
:1078F0009B00034419603B6A9B6A002B03D001F094
:107900002FF800BFFDE70B4B1B68DA6A3B6ADB6AA6
:107910009A4201D200F024FE00F046FE7B6A18462F
:107920002837BD4680BD00BF0CA7002010A700204F
:1079300038A2002034A2002080B58CB000AFF860DF
:10794000B9607A60FB700123FB62FB68002B03D1F6
:1079500001F006F800BFFDE7BB68002B03D000F084
:10796000FFFF00BFFDE700F0A1FFFB68BB6200F076
:10797000F7FF7862BB6B002B06D0BB6ABA685E3239
:1079800053F82220BB6B1A60BA6ABB68134403F534
:10799000BE731B7887F82330BA6ABB68134403F5BB
:1079A000BE7302221A70FB78042B3CD801A252F855
:1079B00023F000BF377A0108C9790108E579010889
:1079C000FD7901080B7A0108BB6ABA685E3253F888
:1079D00022207B6842EA0301BB6ABA685E3243F840
:1079E00022102BE0BB6ABA685E3253F82230591C71
:1079F000BB6ABA685E3243F822101FE0BB6ABA68FD
:107A00005E32796843F8221018E097F82330022B91
:107A100006D0BB6ABA685E32796843F822100DE07E
:107A20000023FB620AE0594B1B68002B05D000F0D5
:107A300097FF00BFFDE700BF00E000BF97F82330CD
:107A4000012B40F09A80BB6A9B6A002B03D000F0A8
:107A500087FF00BFFDE74E4B1B68002B61D1BB6A5F
:107A60005B69BB61BB6A9B68BA6AD2689A60BB6A91
:107A7000DB68BA6A92685A60BB695A68BB6A0433A9
:107A80009A4203D1BB6ADA68BB695A60BB6A0022BA
:107A90005A61BB691B685A1EBB691A60BB6ADA6A05
:107AA0003C4B1B689A4203D9BB6ADB6A394A1360B4
:107AB000BB6ADA6A384913469B0013449B000B44A7
:107AC00004331B687B61BB6A7A699A607B699A6838
:107AD000BB6ADA607B699B68BA6A04325A60BB6A27
:107AE0001A1D7B699A60BB6ADA6A13469B001344CD
:107AF0009B00294A1A44BB6A5A61BB6ADA6A264962
:107B000013469B0013449B000B441B68BA6AD26A5D
:107B1000591C214813469B0013449B0003441960E1
:107B20001BE01E4B5B68FB61BB6AFA69DA61FB69AB
:107B30009A68BB6A1A62FB699B68BA6A18325A6013
:107B4000BB6A03F11802FB699A60BB6A134A9A6226
:107B5000124B1B680133114A1360BB6ADA6A104B7F
:107B60001B68DB6A9A4208D9FB6B002B02D0FB6BC7
:107B700001221A600B4B01221A60786A00F0FDFEA8
:107B8000FB6A18463037BD4680BD00BF0CA70020F9
:107B900030A7002010A7002038A20020C8A600208F
:107BA00034A200201CA7002080B58AB000AFF86086
:107BB000B9607A60FB68002B03D100F0D1FE00BFF2
:107BC000FDE7BB68002B03D000F0CAFE00BFFDE755
:107BD00000F06CFEFB687B6200F0C2FE38627A6ADD
:107BE000BB68134403F5BE731B78FB777A6ABB68E6
:107BF000134403F5BE7302221A707B6ABA685E32C0
:107C000053F82230591C7B6ABA685E3243F822105E
:107C1000FB7F012B40F09A807B6A9B6A002B03D08C
:107C200000F09EFE00BFFDE74C4B1B68002B61D1AE
:107C30007B6A5B697B617B6A9B687A6AD2689A60BF
:107C40007B6ADB687A6A92685A607B695A687B6AE9
:107C500004339A4203D17B6ADA687B695A607B6A93
:107C600000225A617B691B685A1E7B691A607B6A15
:107C7000DA6A3B4B1B689A4203D97B6ADB6A384A53
:107C800013607B6ADA6A374913469B0013449B00F2
:107C90000B4404331B683B617B6A3A699A603B6919
:107CA0009A687B6ADA603B699B687A6A04325A6038
:107CB0007B6A1A1D3B699A607B6ADA6A13469B00ED
:107CC00013449B00274A1A447B6A5A617B6ADA6A2A
:107CD000244913469B0013449B000B441B687A6A9B
:107CE000D26A591C1F4813469B0013449B0003444F
:107CF00019601BE01C4B5B68BB617B6ABA69DA6187
:107D0000BB699A687B6A1A62BB699B687A6A183297
:107D10005A607B6A03F11802BB699A607B6A124A57
:107D20009A62114B1B6801330F4A13607B6ADA6A4F
:107D30000E4B1B68DB6A9A4208D97B68002B02D085
:107D40007B6801221A600A4B01221A60386A00F02F
:107D500014FE00BF2837BD4680BD00BF30A70020FD
:107D600010A7002038A20020C8A6002034A20020BE
:107D70001CA7002080B584B000AF786039603B68F4
:107D8000002B03D000F0ECFD00BFFDE77B68002B6B
:107D900002D1154B1B6800E07B68BB60BB68002B01
:107DA00003D100F0DDFD00BFFDE700F0EBFBBA689A
:107DB0003B68134403F5BE731B78DBB2022B09D179
:107DC000BA683B68134403F5BE7300221A7001239E
:107DD000FB6001E00023FB6000F0E6FBFB68184657
:107DE0001037BD4680BD00BF34A2002080B588B0EA
:107DF00000AF78603960324B1B68FB61314B1B6808
:107E0000BB61314B1B687B61304B1B68002283F8E0
:107E10007E212E4B1B6804331846FCF791F97B68D2
:107E2000B3F1FF3F24D13B68002B21D0284B5B6886
:107E30003B61264B1B683A699A60244B1B683A6980
:107E40009268DA60214B1A683B699B6804325A6079
:107E50001E4B1B681A1D3B699A601C4B1B681C4A11
:107E60005A611B4B1B680133194A136000BF22E0A3
:107E7000FA697B681344FB60144B1B68FA685A600C
:107E8000FA68FB699A4207D2104B1B680433194603
:107E90007869FCF71CF90EE00C4B1B68043319469B
:107EA000B869FCF714F90B4B1B68FA689A4202D2C6
:107EB000084AFB68136000BF2037BD4680BD00BF85
:107EC0000CA70020C0A60020C4A6002034A20020D9
:107ED000F4A6002028A7002080B485B000AFF86089
:107EE000B9607A60FB68074A1A60BB68064A1A6084
:107EF0007B6880221A6000BF1437BD465DF8047BA2
:107F0000704700BF38A70020B8A8002080B485B013
:107F100000AFF860B9607A60FB68074A1A60BB6816
:107F2000064A1A607B6880221A6000BF1437BD467B
:107F30005DF8047B704700BFB8AA002038AC002071
:107F400080B588B004AF0023FB6000F069FA184BDD
:107F50001B68002B20D00023BB6000237B603A46C7
:107F6000391D07F108031846FFF7D0FF39687B6811
:107F7000BA68029201930223009300230A460D4936
:107F80000D48FDF708FD03460C4A13600B4B1B68B8
:107F9000002B01D00123FB60FB68002B03D100F014
:107FA000DFFC00BFFDE7FB6818461037BD4680BD0B
:107FB00068AE002084E20208658001086CAE0020F3
:107FC00080B584B000AFF860B9607A6008E0FB6803
:107FD0009B69BA681344BB60FB681B6AF8689847E2
:107FE000FB689A69BB68D118BB687A68F86800F0CA
:107FF000D7F80346002BEAD100BF00BF1037BD46BB
:1080000080BD000080B584B000AF78603960144B4B
:108010001B68DB68DB68FB60FB6804331846FCF711
:108020008FF8FB6893F8283003F00403002B05D089
:108030003A687968F868FFF7C3FF08E0FB6893F8CF
:10804000283023F00103DAB2FB6883F82820FB68AC
:108050001B6AF868984700BF1037BD4680BD00BF57
:1080600060AE002080B584B000AF786007F10803EF
:10807000184600F051F8F860BB681946F86800F03F
:1080800005F800F0CFF800BFF0E7000080B584B03D
:1080900000AF78603960FEF767F907F1080318460A
:1080A00000F05EF8F860BB68002B2AD13B68002B1B
:1080B0000AD17A68FB689A4206D8FEF763F9F96834
:1080C0007868FFF79FFF1EE03B68002B08D0104B3D
:1080D0001B681B68002B01D1012300E000233B60DB
:1080E0000C4B18687A68FB68D31A3A681946FCF793
:1080F000ADFFFEF747F90346002B04D100F030FA3C
:1081000001E0FEF73FF900BF1037BD4680BD00BF5C
:1081100064AE002068AE002080B485B000AF786007
:108120000E4B1B681B68002B01D1012200E00022CE
:108130007B681A607B681B68002B05D1074B1B68A6
:10814000DB681B68FB6001E00023FB60FB681846EE
:108150001437BD465DF8047B704700BF60AE002059
:1081600080B584B000AF7860FEF706FAF8600B4B7C
:108170001B68FA689A4205D200F02CF97B6801224C
:108180001A6002E07B6800221A60044AFB681360F0
:10819000FB6818461037BD4680BD00BF70AE00209A
:1081A00080B586B000AFF860B9607A603B600023AC
:1081B0007B61FB68BA685A60FB68FA681A61BA6842
:1081C0007B689A4212D87A683B68D21AFB689B692E
:1081D0009A4202D301237B611BE0104B1A68FB68B3
:1081E000043319461046FBF772FF12E07A683B68C9
:1081F0009A4206D2BA683B689A4202D301237B6155
:1082000007E0074B1A68FB68043319461046FBF772
:108210005EFF7B6918461837BD4680BD64AE0020FE
:1082200060AE002080B588B000AF3B1D00221A6010
:108230005A609A60DA60BBE07B68002B11DA3B1D64
:108240000433FB61FB69002B03D100F089FB00BF05
:10825000FDE7FB691B68FA695068FA699268114684
:1082600098477B68002BC0F2A380FB68BB61BB69A9
:10827000002B00F09D80BB695B69002B04D0BB69BB
:1082800004331846FBF75CFF3B461846FFF768FFD0
:1082900078617B68013B082B00F2878001A252F8CD
:1082A00023F000BFC9820108C98201083183010897
:1082B0004583010881830108C9820108C982010838
:1082C0003183010845830108BB6993F8283043F0E6
:1082D0000103DAB2BB6983F82820BA68BB699B69DD
:1082E000D118BB687A69B869FFF75AFF0346002BBB
:1082F0005DD0BB6993F8283003F00403002B09D04C
:10830000BA68BB699B6913447A691946B869FFF773
:1083100057FE08E0BB6993F8283023F00103DAB276
:10832000BB6983F82820BB691B6AB86998473EE09F
:10833000BB6993F8283023F00103DAB2BB6983F8F4
:10834000282035E0BB6993F8283043F00103DAB206
:10835000BB6983F82820BA68BB699A61BB699B69CD
:10836000002B03D100F0FCFA00BFFDE7BB699A695E
:108370007B69D1187B697A69B869FFF711FF17E04B
:10838000BB6993F8283003F00203002B03D1B869CE
:10839000FBF722FB0CE0BB6993F8283023F00103C4
:1083A000DAB2BB6983F8282002E000BF00E000BF1A
:1083B000074B1B68391D00221846FCF785FA034657
:1083C000002B7FF439AF00BF00BF2037BD4680BD12
:1083D00068AE002080B582B000AF09E00E4B1B688C
:1083E000DB681B683B604FF0FF313868FFF70AFE1F
:1083F000094B1B681B68002BF0D1074B1B687B6087
:10840000064B1B68044A1360044A7B68136000BF74
:108410000837BD4680BD00BF60AE002064AE0020BE
:1084200080B582B002AF00F0ADF8154B1B68002B91
:1084300020D11448FBF7FAFD1348FBF7F7FD134B67
:10844000104A1A60124B104A1A6000230093114B15
:10845000114A10210A20FBF716FF0346084A136051
:10846000074B1B68002B05D0054B1B680B491846B2
:10847000FCF776FD00F098F800BFBD4680BD00BF58
:1084800068AE002038AE00204CAE002060AE002068
:1084900064AE002014AF002074AE00208CE202080D
:1084A00080B58AB000AFF860B9607A603B606FF069
:1084B00001037B61FB68BB61BB68FB617B683B625E
:1084C000064B186807F1140100233A68FCF7FEF820
:1084D00078627B6A18462837BD4680BD68AE0020AA
:1084E00080B400AF0B4B04221A600B4B00221A60C1
:1084F0000A4B1B680A4AA2FB03239B09094A013B5A
:108500001360044B07221A6000BFBD465DF8047B70
:10851000704700BF10E000E018E000E00400002019
:10852000D34D621014E000E080B582B000AF0023AC
:108530007B600A4B1B68B3F1FF3F03D000F010FAD9
:1085400000BFFDE700F00CFA00BF7B68002BFCD0F9
:1085500000BF00BF0837BD4680BD00BF2C00002013
:1085600080B400AF064B4FF080521A60BFF34F8FBC
:10857000BFF36F8F00BFBD465DF8047B704700BF3F
:1085800004ED00E080B500AF00F0EAF9054B1B6890
:108590000133044A1360BFF34F8FBFF36F8F00BFE7
:1085A00080BD00BF2C00002080B500AF0A4B1B68C7
:1085B000002B03D100F0D4F900BFFDE7064B1B6888
:1085C000013B054A1360044B1B68002B02D10020BD
:1085D00000F0D3F900BF80BD2C00002080B582B030
:1085E00000AF00F0BDF97860FEF780F80346002B7D
:1085F00003D0054B4FF080521A60786800F0BDF947
:1086000000BF0837BD4680BD04ED00E080B584B0F2
:1086100000AF78607B689B69FB60FB68023B1B785E
:10862000FB72FB7A662B02D100F070F903E000F0D8
:1086300097F900BFFDE700BF1037BD4680BD0000C1
:1086400080B485B000AFF860B9607A603B60FB68C9
:10865000043BFB60FB684FF080721A60FB68043BD0
:10866000FB607A68FB681A60FB68043BFB60384A71
:10867000FB681A60FB68043BFB60FB684FF012323A
:108680001A60FB68043BFB60FB684FF003321A6022
:10869000FB68043BFB60FB684FF002321A60FB682A
:1086A000043BFB60FB684FF001321A60FB68043B3F
:1086B000FB603A68FB681A60FB68043BFB60FB6880
:1086C0004FF011321A60FB68043BFB60FB684FF00F
:1086D00010321A60FB68043BFB60FB684FF0093204
:1086E0001A60FB68043BFB60FB684FF008321A60BD
:1086F000FB68043BFB60FB684FF007321A60FB68C5
:10870000043BFB60FB684FF006321A60FB68043BD9
:10871000FB60FB684FF005321A60FB68043BFB60AE
:10872000FB684FF004321A60FB68043BFB60FB6897
:108730006FF043021A60FB68043BFB60BA68FB6899
:108740001A60FB6818461437BD465DF8047B704715
:108750002985010880B584B000AF414B1B68FB60E0
:10876000FB682C331B683F4A934203D000F0F8F8B3
:1087700000BFFDE7FB6838331B683B4A934203D0D8
:1087800000F0EEF800BFFDE70023BB60374B4FF071
:108790007F421A60354B1B681B0EDBB2FB71FB7905
:1087A000DBB203F05003DAB2314B1A70304B1B7856
:1087B000002B03D100F0D4F800BFFDE7FB79DBB25A
:1087C000DB43DBB203F05003DBB2002B0BD000F035
:1087D000C7F800BFFDE7BB680133BB60FB79DBB2C4
:1087E0005B00DBB2FB71FB79DBB203F08003802B13
:1087F000F1D0BB68082B03D11E4B00221A6004E0A5
:10880000BB68C3F107031B4A13601A4B1B681B02AA
:10881000184A1360174B1B6803F4E063154A136092
:10882000154B1B68144A43F47F031360124B1B68FB
:10883000114A43F07F4313600C4B00221A60FFF78C
:108840004FFE0E4B00221A6000F07AF8FEF760F837
:10885000FFF76AFE002318461037BD4680BD00BFF3
:1088600008ED00E0D98901088D8901081CED00E0C0
:1088700064AF002068AF002020ED00E02C00002055
:1088800080B483B000AFEFF305833B603B68002BFF
:1088900002D100237B6001E001237B607B681846E6
:1088A0000C37BD465DF8047B7047000080B582B090
:1088B00000AFEFF305837B607B680F2B0DD90F4A68
:1088C0007B6813441B78FB700D4B1B78FA789A4237
:1088D00003D200F045F800BFFDE70A4B1B6803F424
:1088E000E062094B1B689A4203D900F039F800BFD7
:1088F000FDE700BF0837BD4680BD00BFF0E300E0E4
:1089000064AF00200CED00E068AF00200B4A116856
:10891000086806C881F30B88EFF3148151F0020157
:1089200081F31488203080F30988BFF36F8F4FF0F4
:10893000000080F31188104700BF000034A200201F
:1089400006480068006880F3088862B661B6BFF325
:108950004F8FBFF36F8F66DF00BF00BF08ED00E0F1
:10896000EFF311804FF0500181F31188BFF34F8F67
:10897000BFF36F8F704700BF184680F31188BFF3B5
:108980004F8FBFF36F8F704700BF0000EFF3098078
:10899000EFF30B82734620E9FC0F0E4A1168086062
:1089A0004FF0500080F31188BFF34F8FBFF36F8FEC
:1089B000FDF7AEFF4FF0000080F31188054A116803
:1089C0000868B0E8FC0F82F30B8880F30988184729
:1089D00000BF000034A200201EF0040F0CBFEFF314
:1089E0000880EFF309800149084700BF0D860108A0
:1089F00080B500AF054B1B68FEF790FB0346012BCB
:108A000001D0FFF7EBFD00BF80BD00BF10E000E02C
:108A100080B586B000AF00237B61EFF30583FB6078
:108A2000FB68002B02D001237B6113E0FEF776FB8D
:108A300038613B69012B0DD0EFF31083BB60BB683D
:108A4000002B05D1EFF311837B607B68002B01D0F5
:108A500001237B617B6918461837BD4680BD000045
:108A600080B582B000AFFFF7D3FF0346002B03D0E1
:108A70006FF005037B6012E0FEF750FB38603B6847
:108A8000012B09D1084B1B68002B05D1064B012295
:108A90001A6000237B6002E04FF0FF337B607B684D
:108AA00018460837BD4680BD6CAF002080B582B047
:108AB00000AFFFF7ADFF0346002B03D06FF00503B7
:108AC0007B6014E0FEF72AFB38603B68012B0BD17A
:108AD000094B1B68012B07D1074B02221A60FDF7D7
:108AE00005FC00237B6002E04FF0FF337B607B6876
:108AF00018460837BD4680BD6CAF002080B582B0F7
:108B000000AFFFF785FF0346002B03D0FDF744FDC0
:108B1000786002E0FDF730FD78607B681846083722
:108B2000BD4680BD80B58EB004AFF860B9607A6094
:108B300000237B61FFF76CFF0346002B40F0818030
:108B4000FB68002B7DD080233B621823FB61002350
:108B50007B624FF0FF33BB617B68002B46D07B68A4
:108B60001B68002B02D07B681B687B627B689B695B
:108B7000002B02D07B689B69FB61FB69002B08D04E
:108B8000FB69382B05D87B685B6803F00103002B79
:108B900001D0002356E07B685B69002B03D07B6823
:108BA0005B699B083B627B689B68002B0FD07B68EE
:108BB000DB68B3F5C07F0AD37B681B69002B06D046
:108BC0007B685B69002B02D00123BB6110E07B68EE
:108BD0009B68002B0CD17B68DB68002B08D17B687D
:108BE0001B69002B04D10023BB6101E00023BB61A2
:108BF000BB69012B11D1FB69013B7A681269796865
:108C00008968029101920093BB683A6A796AF868B0
:108C1000FCF7C1FE03467B6113E0BB69002B10D15A
:108C2000FB69013B07F1140201920093BB683A6AA9
:108C3000796AF868FCF715FF0346012B01D0002381
:108C40007B617B6918462837BD4680BD80B584B0FE
:108C500000AF78607B68BB60FFF7DAFE0346002B4D
:108C600003D06FF00503FB600BE0BB68002B03D162
:108C70006FF00303FB6004E00023FB60B868FDF7BE
:108C800089F9FB6818461037BD4680BD80B586B0AF
:108C900000AF78607B683B61FFF7BAFE0346002BAC
:108CA00003D06FF005037B6120E03B69002B03D10B
:108CB0006FF003037B6119E03869FDF7EBF80346B9
:108CC000FB73FB7B032B05D100237B613869FDF728
:108CD0001DFA0BE03869FDF77DFC0346012B02D13C
:108CE00000237B6102E06FF002037B617B69184621
:108CF0001837BD4680BD80B586B000AF78607B6810
:108D00003B61FFF785FE0346002B03D06FF00503A0
:108D10007B6117E03B69002B03D16FF003037B619C
:108D200010E03869FDF7B6F80346FB73FB7B042BB4
:108D300005D000237B613869FDF70AF802E06FF087
:108D400002037B617B6918461837BD4680BD000071
:108D500080B588B002AF786039607B687B617B69E1
:108D6000002B02D03B68002B03DA6FF003033B615A
:108D700038E04FF0FF333B61FFF74AFE0346002B1C
:108D80001FD00023FB6007F10C0301930023009325
:108D900001233A6800217869FEF7CEFD0023019394
:108DA00007F1100300930023002200217869FEF7E9
:108DB000C3FDFB68002B15D00D4B4FF080521A609D
:108DC00010E00023009301233A6800217869FEF740
:108DD000B1FC07F110030093002300220021786901
:108DE000FEF7A8FC3B6918461837BD4680BD00BF9A
:108DF00004ED00E080B590B002AFF860B9607A6031
:108E00000023BB62FFF704FE0346002B03D06FF084
:108E100005037B6376E0FB68002B03DA6FF0030346
:108E20007B636FE0BB6803F00203002B02D00023DA
:108E30003B6301E0FB683B6300237B637B68FB6271
:108E4000FDF79AFB786207F11402FB6A0093134660
:108E50003A6B00210020FEF7DDFB38623B6A012BF4
:108E60003FD17A6BFB6813407B637B697A6B13435A
:108E70007B63FB68DA437B6B1340002B01D001233B
:108E8000BB62BB6803F00103002B0CD0FA687B6B5C
:108E90001340FA689A4232D07B68002B0FD16FF0F2
:108EA00002037B632EE0FA687B6B1340002B28D112
:108EB0007B68002B03D16FF002037B6322E0FDF798
:108EC0005BFB02467B6AD31AFB61FA697B689A42B4
:108ED00002D90023FB620EE07A68FB69D31AFB62B9
:108EE00009E07B68002B03D16FF002037B6302E093
:108EF0006FF001037B633B6A002BA4D102E000BF4B
:108F000000E000BFBB6A012B10D1FEF7F7F8B86193
:108F100000230093002300220021B869FEF70AFC19
:108F20000346012B02D04FF0FF337B637B6B184667
:108F30003837BD4680BD80B584B000AF7860FFF79C
:108F400067FD0346002B03D06FF00503FB6007E0CD
:108F50000023FB607B68002B02D07868FCF774FF6D
:108F6000FB6818461037BD4680BD80B584B000AFA1
:108F700078600023FB60FFF74BFD0346002B2DD1EB
:108F80004FF0FF33BB607B68002B15D07B689B687C
:108F9000002B06D07B68DB681F2B02D90123BB6046
:108FA0000CE07B689B68002B08D17B68DB68002B9A
:108FB00004D10023BB6001E00023BB60BB68012B30
:108FC00006D17B689B681846FAF73AFEF86005E020
:108FD000BB68002B02D1FAF75CFEF860FB6818460C
:108FE0001037BD4680BD000080B586B000AF786008
:108FF00039607B683B613B69002B03D03B68B3F170
:10900000807F03D36FF003037B6129E0FFF700FD4E
:109010000346002B1FD00023FB6007F10C031A4608
:1090200039683869FAF7EEFF0346002B03D16FF079
:1090300002037B6114E03869FAF7EEFE78617A6921
:109040003B6813437B61FB68002B09D0074B4FF053
:1090500080521A6004E039683869FAF7F1FE7861E5
:109060007B6918461837BD4680BD00BF04ED00E09F
:1090700080B58AB002AFF860B9607A603B60FB6887
:109080003B613B69002B03D0BB68B3F1807F03D306
:109090006FF003037B6151E0FFF7BAFC0346002B3E
:1090A0000AD03B68002B03D16FF005037B6145E0DC
:1090B0006FF003037B6141E07B6803F00103002B49
:1090C00002D00123FB6101E00023FB617B6803F018
:1090D0000203002B02D00023BB6101E00123BB612E
:1090E0003B680093FB69BA69B9683869FAF7EBFD28
:1090F00078617B6803F00103002B10D0BA687B69AC
:109100001340BA689A4219D03B68002B03D06FF025
:1091100001037B6112E06FF002037B610EE0BA682D
:109120007B691340002B09D13B68002B03D06FF003
:1091300001037B6102E06FF002037B617B691846EB
:109140002037BD4680BD80B584B000AF78607B68B5
:10915000BB60FFF75DFC0346002B03D06FF00503F7
:10916000FB600BE0BB68002B03D16FF00303FB60D7
:1091700004E00023FB60B868FAF7E0FEFB681846DD
:109180001037BD4680BD80B588B002AFF860B960C9
:109190007A6000237B61FFF73BFC0346002B75D10F
:1091A000FB68002B72D0BA68FB689A426ED84FF009
:1091B000FF333B617B68002B15D07B689B68002BDD
:1091C00006D07B68DB684F2B02D901233B610CE0A2
:1091D0007B689B68002B08D17B68DB68002B04D17F
:1091E00000233B6101E000233B613B69B3F1FF3F9A
:1091F0004CD0FB68012B28D13B69012B0AD17B683D
:109200009B6803220092002200210120FBF73BF81B
:10921000786105E0032200210120FBF77DF87861E9
:109220007B69002B22D0BB68002B1FD000230022BB
:1092300000217869FBF77DF90346012B16D0786988
:10924000FBF74AFD00237B6110E03B69012B08D14D
:109250007B689B681A46B968F868FBF718F978616B
:1092600004E0B968F868FBF73DF978617B69002B89
:109270000CD07B68002B09D07B681B68002B05D0C5
:109280007B681B6819467869FBF76AFE7B6918469C
:109290001837BD4680BD000080B586B000AF78604D
:1092A00039607B683B6100237B613B69002B03D104
:1092B0006FF003037B6134E0FFF7AAFB0346002B4A
:1092C0001ED03B68002B03D06FF003037B6128E0C6
:1092D0000023FB6007F10C031A4600213869FBF7F5
:1092E00089FC0346012B03D06FF002037B6118E079
:1092F000FB68002B15D00D4B4FF080521A6010E028
:1093000039683869FBF79CFB0346012B09D03B68A1
:10931000002B03D06FF001037B6102E06FF00203CA
:109320007B617B6918461837BD4680BD04ED00E0BF
:1093300080B586B000AF78607B683B6100237B61BD
:109340003B69002B03D16FF003037B6127E0FFF73C
:109350005FFB0346002B16D00023FB6007F10C03D4
:1093600019463869FBF738FA0346012B03D06FF032
:1093700002037B6113E0FB68002B10D00A4B4FF017
:1093800080521A600BE00023002200213869FBF7AD
:10939000D0F80346012B02D06FF002037B617B699A
:1093A00018461837BD4680BD04ED00E080B584B096
:1093B00000AF78607B68BB60FFF72AFB0346002B99
:1093C00003D06FF00503FB600EE0BB68002B03D1F8
:1093D0006FF00303FB6007E0B868FBF707FE0023AC
:1093E000FB60B868FBF778FCFB6818461037BD4691
:1093F00080BD80B588B002AFF860B9607A600023A4
:109400007B61FFF705FB0346002B5FD1FB68002B58
:109410005CD0BB68002B59D04FF0FF333B617B68B9
:10942000002B29D07B689B68002B12D07B68DB68FF
:109430004F2B0ED97B681B69002B0AD07B685A69B9
:10944000FB68B96801FB03F39A4202D301233B6135
:1094500014E07B689B68002B10D17B68DB68002BD5
:109460000CD17B681B69002B08D17B685B69002BE2
:1094700004D100233B6101E000233B613B69012BE8
:109480000BD17B681A697B689B6800210091B968E1
:10949000F868FAF7F8FE786108E03B69002B05D11F
:1094A0000022B968F868FAF737FF78617B69002B0A
:1094B0000CD07B68002B09D07B681B68002B05D083
:1094C0007B681B6819467869FBF74AFD7B6918467B
:1094D0001837BD4680BD000080B588B000AFF86089
:1094E000B9603B601346FB71FB68BB610023FB6105
:1094F000FFF78EFA0346002B24D0BB69002B05D062
:10950000BB68002B02D03B68002B03D06FF0030335
:10951000FB6134E000237B6107F114020023B9688A
:10952000B869FBF7D3F80346012B03D06FF00203B1
:10953000FB6124E07B69002B21D0134B4FF080525C
:109540001A601CE0BB69002B02D0BB68002B03D162
:109550006FF00303FB6112E000233A68B968B86951
:10956000FAF7E7FF0346012B09D03B68002B03D035
:109570006FF00103FB6102E06FF00203FB61FB6926
:1095800018462037BD4680BD04ED00E080B588B0A8
:1095900000AFF860B9607A603B60FB68BB61002394
:1095A000FB61FFF735FA0346002B24D0BB69002B83
:1095B00005D0BB68002B02D03B68002B03D06FF0B6
:1095C0000303FB6133E000237B6107F114031A46B8
:1095D000B968B869FBF70EFB0346012B03D06FF0A7
:1095E0000203FB6123E07B69002B20D0124B4FF07C
:1095F00080521A601BE0BB69002B02D0BB68002BB5
:1096000003D16FF00303FB6111E03A68B968B869F0
:10961000FBF75AF90346012B09D03B68002B03D016
:109620006FF00103FB6102E06FF00203FB61FB6975
:1096300018462037BD4680BD04ED00E080B584B0FB
:1096400000AF78607B68BB60FFF7E2F90346002B50
:1096500003D06FF00503FB600EE0BB68002B03D165
:109660006FF00303FB6007E0B868FBF7BFFC002363
:10967000FB60B868FBF730FBFB6818461037BD4647
:1096800080BD000030B591B0404BD3F8F43013F0FA
:10969000804F27D13D4BD3F8F43013F0005F3BD11E
:1096A0003A4BD3F8F43013F0805F42D1374BD3F804
:1096B000F43013F0006F4AD1344BD3F8F43013F088
:1096C000806F51D1314BD3F8F43013F0007F1AD0B2
:1096D0006C462F4D0FCD0FC40FCD0FC42B682370D8
:1096E00020220EE0EC462B4C0FCCACE80F000FCC48
:1096F000ACE80F0094E80700ACE803008CF8002009
:109700002822002A3AD1214AD2F8F43043F4000347
:10971000C2F8F43011B030BD6C461F4D0FCD0FC4F0
:1097200095E8070003C424F8022B120C22701A22B9
:10973000E7E76C46194D0FCD0FC495E8030044F8D8
:10974000040B24F8021B090C21701622D9E76C4681
:10975000134D0FCD0FC40FCD0FC495E8030044F88F
:10976000040B21702422CCE76C460E4D0FCD0FC4A4
:1097700095E8030084E803001722C2E74FF4FA7368
:1097800069460948F7F75CF9BDE700BF000C0246DF
:1097900054E40208B4E30208E0E30208FCE3020830
:1097A00014E402083CE4020848B7002008B5026847
:1097B000034B9A4200D008BDEBF7CEFDFBE700BF9C
:1097C0000010004072B6FEE700B59FB06022002195
:1097D00006A813F023FA0023009301930293039346
:1097E000049305934FF44030F4F7D2FA00282FD1B8
:1097F000032206924FF4803307934FF4807309934A
:1098000010230A930223149315924FF48051179159
:1098100016921422189219931A9301231B930C2366
:109820001C9300231D9306A8EFF7BEFD90B91F23DC
:10983000009303230193002302930393049305935E
:1098400004216846F0F78CFC30B91FB05DF804FBCA
:10985000FFF7B8FFFFF7B6FFFFF7B4FF08B5204BDF
:10986000D3F8F43013F0804F18D01D4AD2F88C3062
:1098700043F00203C2F88C30BFF34F8F194B4FF403
:1098800000529A61DA6822F0406242F00062DA60C7
:109890001A6822F0406242F080621A60EBF72CFDF9
:1098A000FFF792FF00F020F800F086F900F0FEFBD1
:1098B00000F030FC00F062FC00F082FA00F0E0F80A
:1098C00000F0CEF900F094FB00F08CFFFFF7DAFE19
:1098D000FFF7C6F800F0BAF8FFF7E8F8FEE700BFB8
:1098E000000C0246000402422DE9F0438BB0002434
:1098F00005940694079408940994494BD3F88C2056
:1099000042F00402C3F88C20D3F88C2002F0040249
:109910000192019AD3F88C2042F08002C3F88C2087
:10992000D3F88C2002F080020292029AD3F88C20A5
:1099300042F00102C3F88C20D3F88C2002F001021F
:109940000392039AD3F88C2042F00202C3F88C20D1
:10995000D3F88C3003F002030493049B314E22466B
:109960004FF480413046F4F7BBF901224FF4005127
:109970003046F4F7B5F901224FF400413046F4F7D0
:10998000AFF9294F224641F210013846F4F7A8F901
:1099900001224FF480713846F4F7A2F9DFF88C9079
:1099A000224618214846F4F79BF94FF4C04305932B
:1099B000012506954FF00208CDF81C80089405A9F2
:1099C0003046F3F7CFFE4FF4004305930695079416
:1099D000089405A93046F3F7C5FE4FF48873059344
:1099E00006950794089405A93846F3F7BBFE4FF493
:1099F000805305930695CDF81C80089405A9384638
:109A0000F3F7B0FE182305930695CDF81C80089453
:109A100005A94846F3F7A6FE0BB0BDE8F08300BFEA
:109A2000000C02460008024200000242000402420A
:109A300008B50548F9F790FE0348F9F78DFE0120B7
:109A4000FFF779FAF8E700BFD8B8002010B5084A48
:109A500000210848FFF766F8074B1860074C2046BE
:109A6000F9F77AFE0BF0AAFF2046F9F775FE10BD54
:109A70002CFF0208319A010870AF0020D8B80020EE
:109A800000B589B020220021684613F0C7F81C48B1
:109A90001C4B0360002343608360C3604361036128
:109AA00004228261037780F824300122826280F8E8
:109AB0002C304363836380F84030836643640365DE
:109AC000C36380F85430E8F71DF990B90E4B00934A
:109AD00006230193002302930C4A0392042204926A
:109AE000059369460648E8F745FE28B909B05DF8D0
:109AF00004FBFFF767FEE9E7FFF764FEF6E700BF48
:109B000074AF0020008002428000001C0000FFFFB4
:109B100010B5B6B0044600213191329133913491A1
:109B20003591B82202A813F079F822681F4B9A42A7
:109B300001D036B010BD4FF400420023CDE902231E
:109B40004FF48043299302A8F0F716FF58BB184B37
:109B5000D3F88C2042F48062C3F88C20D3F88C2098
:109B600002F480620092009AD3F88C2042F0010245
:109B7000C3F88C20D3F88C3003F001030193019BD0
:109B80000C233193032332930024339431A90948E1
:109B9000F3F7E8FD224605212520F3F747FB2520B2
:109BA000F3F75EFBC5E7FFF70DFED0E7008002424A
:109BB000000C02460000024200B583B0274BD3F8E8
:109BC000882042F00102C3F88820D3F8883003F0DF
:109BD00001030193019B002205211D20F3F726FBC1
:109BE0001D20F3F73DFB002205211E20F3F71EFB8D
:109BF0001E20F3F735FB002205211F20F3F716FB8B
:109C00001F20F3F72DFB002205212020F3F70EFB88
:109C10002020F3F725FB002205212120F3F706FB86
:109C20002120F3F71DFB002205212220F3F7FEFA85
:109C30002220F3F715FB002205212320F3F7F6FA83
:109C40002320F3F70DFB002205212420F3F7EEFA81
:109C50002420F3F705FB03B05DF804FB000C02467B
:109C600008B51548154B0360A3F17663A3F57B2374
:109C7000A3F214634360002383600122C260036186
:109C800043618361C3610362EBF7B8FB50B9002104
:109C90000948EFF7F1FA40B900210748EFF737FB21
:109CA00030B908BDFFF78EFDF1E7FFF78BFDF3E755
:109CB000FFF788FDF5E700BF00B00020005400402A
:109CC00030B5B7B0044600213191329133913491CF
:109CD0003591B82202A812F0A1FF2268234B9A42C4
:109CE00001D037B030BD40220023CDE9022302A8C5
:109CF000F0F742FE002836D11D4CD4F88C3043F0EA
:109D00000203C4F88C30D4F88C3003F002030093C3
:109D1000009BC02331931223329300253395349551
:109D20000423359331A91348F3F71CFDD4F89C3074
:109D300043F40013C4F89C30D4F89C3003F40013AF
:109D40000193019B2A4605213720F3F76FFA37204C
:109D5000F3F786FA2A4605213820F3F767FA382008
:109D6000F3F77EFABDE7FFF72DFDC5E7005400408D
:109D7000000C02460004024202680E4B9A4200D0D8
:109D8000704710B50C4AD2F89C3023F40013C2F887
:109D90009C300A4C40212046F3F7C4FE8021204627
:109DA000F3F7C0FE3720F3F769FA3820F3F766FAC5
:109DB00010BD00BF00540040000C024600040242E7
:109DC00000B585B000230193029303931B481C4AFE
:109DD00002604FF48002426083600722C260036128
:109DE00043614FF0806181614FF00051C1610362B6
:109DF00043628362C2624FF0804242638363C36303
:109E00008364C364036543658365C3650366F4F7D0
:109E10005BF868B9002301934FF0805202920393DC
:109E200001A90648F6F71EFD28B905B05DF804FB48
:109E3000FFF7C8FCEEE7FFF7C5FCF6E774B10020BA
:109E40000038004030B5B7B004460021319132915E
:109E5000339134913591B82202A812F0DFFE2268C6
:109E6000494B9A4201D037B030BD4FF08072002389
:109E7000CDE902234FF480332D9302A8F0F77CFD47
:109E8000002871D1414BD3F89C2042F48042C3F8A2
:109E90009C20D3F89C2002F480420092009AD3F8D0
:109EA0008C2042F00202C3F88C20D3F88C3003F0EF
:109EB00002030193019B4FF46043319302233293D9
:109EC0000025339534950523359331A93048F3F7B0
:109ED00049FC3048304B03600923436085604FF4F0
:109EE0008063C3600823036145618561C5610562C4
:109EF000012343628362C56205634563E9F7F2FAB1
:109F0000002834D12348C4F88000C4651021E9F743
:109F100085FF00282ED12148214B03600823436090
:109F200000238360C36003614FF4002242618361B8
:109F3000C3610362012242628262C36203634363BC
:109F4000E9F7D0FAC8B91548C4F88400C4651021EF
:109F5000E9F764FFA0B9002205213C20F3F766F978
:109F60003C20F3F77DF97EE7FFF72CFC8AE7FFF74B
:109F700029FCC7E7FFF726FCCDE7FFF723FCE2E764
:109F8000FFF720FCE7E700BF00380040000C024666
:109F900000040242FCB00020D003024084B0002044
:109FA0005003024002680F4B9A4200D0704710B530
:109FB00004460D4AD2F89C3023F48043C2F89C300A
:109FC0004FF460410948F3F7ADFDD4F88000E9F79C
:109FD000CBFBD4F88400E9F7C7FB3C20F3F74EF93C
:109FE00010BD00BF00380040000C024600040242D1
:109FF00000B589B00023049305930693079301935A
:10A00000029303931548164A02609F2242608360C0
:10A010004FF0FF32C260036180238361E6F78EFA5E
:10A0200098B94FF48053049304A90C48E6F704FD53
:10A0300070B9202301930023039301A90748E7F790
:10A040002BFA40B909B05DF804FBFFF7BBFBE8E76A
:10A05000FFF7B8FBEDE7FFF7B5FBF3E730B2002001
:10A06000000C004002680F4B9A4200D0704700B5C8
:10A0700083B00D4BD3F89C2042F00802C3F89C201B
:10A08000D3F89C3003F008030193019B00220521C3
:10A090003020F3F7CBF83020F3F7E2F803B05DF8A7
:10A0A00004FB00BF000C0040000C024608B5174836
:10A0B000174B03604FF46123436000238360C36048
:10A0C00003610C2242618361C36103624362836264
:10A0D000F6F70AFC70B900210C48F9F73AFA60B9B2
:10A0E00000210A48F9F773FA50B90848F9F7F8F966
:10A0F00048B908BDFFF766FBEDE7FFF763FBEFE745
:10A10000FFF760FBF1E7FFF75DFBF2E710B8002017
:10A11000004C004008B51748174B03604FF461230B
:10A12000436000238360C36003610C22426183614A
:10A13000C361036243628362F6F7D6FB70B9002104
:10A140000C48F9F706FA60B900210A48F9F73FFA16
:10A1500050B90848F9F7C4F948B908BDFFF732FB10
:10A16000EDE7FFF72FFBEFE7FFF72CFBF1E7FFF73A
:10A1700029FBF2E748B700200038014008B517482E
:10A18000174B03604FF4E133436000238360C360E7
:10A1900003610C2242618361C36103624362836293
:10A1A000F6F7A2FB70B900210C48F9F7D2F960B9B3
:10A1B00000210A48F9F70BFA50B90848F9F790F965
:10A1C00048B908BDFFF7FEFAEDE7FFF7FBFAEFE746
:10A1D000FFF7F8FAF1E7FFF7F5FAF2E780B60020AB
:10A1E000004800402DE9F047D4B0054600244F94C4
:10A1F00050945194529453946C22214634A812F0F6
:10A200000DFDB822214606A812F008FD2B686C4A05
:10A2100093420AD06B4A934200F0E8806A4A934224
:10A2200000F0AE8154B0BDE8F08708220023CDE9EC
:10A23000062306A8F0F7A0FB002840F0A680634B99
:10A24000D3F89C2042F40022C3F89C20D3F89C2031
:10A2500002F400220092009AD3F88C2042F001020E
:10A26000C3F88C20D3F88C3003F001030193019BD9
:10A2700001264F964FF00208CDF8408100245194FA
:10A280004FF0030ACDF848A108275397DFF85891FB
:10A290004FA94846F3F766FACDF83C81CDF84081E6
:10A2A0005196CDF848A153974FA94846F3F75AFA6B
:10A2B0004748484B03601F23436084604FF480632A
:10A2C000C360076144618461C4614FF400030362A9
:10A2D00046628662C46204634463E9F703F90028B6
:10A2E00056D13B48E867C5651021E9F797FD00287E
:10A2F00051D1212334931E23359300233693379372
:10A3000038934FF4002239923A933B9301223D92C5
:10A310003E923F93409341934593429343932E49FA
:10A3200034A8EAF71DFA002838D12B4A00212B481F
:10A33000EAF72CFA002834D12848EAF7F0FA98BB5B
:10A340002748284B03604FF4000383630023C36353
:10A350000364436481238364EAF742F838BB1F49EE
:10A360001F48EAF73DFB28BB1D48C5F88000C565BE
:10A370001021E9F753FD00BB002205214020F2F730
:10A3800055FF4020F2F76CFF4CE7FFF71BFA56E74A
:10A39000FFF718FAA5E7FFF715FAAAE7FFF712FA91
:10A3A000C3E7FFF70FFAC7E7FFF70CFAC8E7FFF7B5
:10A3B00009FAD4E7FFF706FAD6E7FFF703FADBE777
:10A3C000004C00400038014000480040000C0246AC
:10A3D00008B60020D0020240E4B50020CCB5002031
:10A3E00054B5002050020240000002420122002326
:10A3F000CDE9062306A8F0F7BFFA002840F09580C3
:10A40000574BD3F8A42042F48042C3F8A420D3F8D9
:10A41000A42002F480420292029AD3F88C2042F0E7
:10A420000102C3F88C20D3F88C3003F001030393AE
:10A43000039B4FF4C0634F93022350930024519425
:10A4400003235293072353934FA94648F3F78AF9FE
:10A450004548464B03601923436084604FF4806392
:10A46000C3600823036144618461C4610462012301
:10A4700043628362C46204634463E9F733F80028EB
:10A4800056D13948E867C5651021E9F7C7FC0028AF
:10A4900051D12123349318233593002336933793D6
:10A4A00038934FF4002239923A933B9301223D9224
:10A4B0003E923F93409341934593429343932C495B
:10A4C00034A8EAF74DF9002838D1294A0021294853
:10A4D000EAF75CF9002834D12648EAF720FA98BB5D
:10A4E0002548264B03604FF4800383630023C36336
:10A4F0000364436481238364E9F772FF38BB1D4919
:10A500001D48EAF76DFA28BB1B48C5F88000C565F1
:10A510001021E9F783FC00BB002205213D20F2F762
:10A5200085FE3D20F2F79CFE7CE6FFF74BF967E7DE
:10A53000FFF748F9A5E7FFF745F9AAE7FFF742F962
:10A54000C3E7FFF73FF9C7E7FFF73CF9C8E7FFF7B5
:10A5500039F9D4E7FFF736F9D6E7FFF733F9DBE748
:10A56000000C024600000242DCB40020D000024091
:10A57000B8B40020A0B4002028B40020500002404D
:10A5800004220023CDE9062306A8F0F7F5F90028F8
:10A5900040F0A2805E4BD3F89C2042F48022C3F8A6
:10A5A0009C20D3F89C2002F480220492049AD3F8D1
:10A5B0008C2042F00102C3F88C20D3F88C3003F0D9
:10A5C00001030593059B20234F93022450940126F9
:10A5D00051964FF00309CDF848914FF00708CDF898
:10A5E0004C814C4F4FA93846F3F7BCF880234F936A
:10A5F000509400245194CDF84891CDF84C814FA946
:10A600003846F3F7AFF84448444B03601D234360DA
:10A6100084604FF48063C3600823036144618461F4
:10A62000C461046246628662C46204634463E8F7FC
:10A6300059FF002853D13848E867C5651021E9F76C
:10A64000EDFB00284ED1212334931C2335930023A6
:10A650003693379338934FF4002239923A933B93D1
:10A6600001223D923E923F93409341934593429302
:10A6700043932B4934A8EAF773F8002835D1284AC8
:10A6800000212848EAF782F890BB2648EAF747F904
:10A6900088BB2548254B036000238363C3630364A1
:10A6A000436481238364E9F79BFE38BB1D491E4840
:10A6B000EAF796F928BB1C48C5F88000C56510214B
:10A6C000E9F7ACFB00BB002205213F20F2F7AEFD0D
:10A6D0003F20F2F7C5FDA5E5FFF774F85AE7FFF74D
:10A6E00071F8A8E7FFF76EF8ADE7FFF76BF8C6E77C
:10A6F000FFF768F8C9E7FFF765F8CAE7FFF762F800
:10A70000D4E7FFF75FF8D6E7FFF75CF8DBE700BFB9
:10A71000000C024600000242B0B30020D00102400B
:10A720008CB3002074B30020FCB200205001024022
:10A7300010B504460368264A934206D0254A934240
:10A7400019D0254A93422DD010BD244AD2F89C300E
:10A7500023F40023C2F89C3003212148F3F7E2F9E7
:10A76000E06FE9F701F8D4F88000E8F7FDFF40203A
:10A77000F2F784FDE8E7194AD2F8A43023F48043C5
:10A78000C2F8A4304FF4C0611548F3F7CBF9E06F7D
:10A79000E8F7EAFFD4F88000E8F7E6FF3D20F2F79B
:10A7A0006DFDD1E70D4AD2F89C3023F48023C2F826
:10A7B0009C30A0210A48F3F7B5F9E06FE8F7D4FF21
:10A7C000D4F88000E8F7D0FF3F20F2F757FDBBE751
:10A7D000004C00400038014000480040000C024698
:10A7E0000000024208B50948094B03604FF4C0530A
:10A7F00043607F238360C3604FF400730361F8F705
:10A8000073FF00B908BDFEF7DDFFFBE7D8B80020F5
:10A81000002C004002680F4B9A4200D0704700B5F0
:10A8200083B00D4BD3F89C2042F40062C3F89C2007
:10A83000D3F89C3003F400630193019B00220521AF
:10A840001046F2F7F3FC0020F2F70AFD03B05DF8C2
:10A8500004FB00BF002C0040000C0246FEE71EF087
:10A86000040F0CBFEFF30880EFF3098000F096B8F7
:10A87000FEE7FEE7FEE7FEE77047000008B5024886
:10A88000F8F77AFF08BD00BFD8B8002008B5024825
:10A89000E9F749F908BD00BF28B4002008B502480F
:10A8A000E9F741F908BD00BFDCB4002008B5024853
:10A8B000E9F739F908BD00BFFCB2002008B502482D
:10A8C000E9F731F908BD00BFB0B3002008B5024870
:10A8D000E9F729F908BD00BF54B5002008B50248C2
:10A8E000E9F721F908BD00BF08B6002008B5024805
:10A8F000E9F719F908BD00BF84B0002008B5024887
:10A90000E9F711F908BD00BFFCB0002008B5024806
:10A91000E7F7C2FC08BD00BF74AF002008B50248CD
:10A92000E5F710FF08BD00BF30B2002008B50248AF
:10A93000E5F708FF08BD00BFF4B8002008B50248DD
:10A94000ECF700FB08BD00BF00B0002008B50248CE
:10A95000ECF712FB08BD00BF00B0002008B50248AC
:10A96000F5F7F8FA08BD00BF74B1002008B5024839
:10A97000F6F7F4FA08BD00BF48B7002008B5024852
:10A98000F6F7ECFA08BD00BF80B6002008B5024813
:10A99000F6F7E4FA08BD00BF10B8002010B5A2B069
:10A9A000104CA36A01934369009383690E4A802186
:10A9B00002A811F0F7FFE36AA36B02AA07E00B4BB2
:10A9C000DB6913F0800FFAD0084B996201321178DD
:10A9D0000029F4D1054BDB6913F0400FFAD000BF1A
:10A9E000FDE700BF00ED00E084E40208003801400C
:10A9F00000B583B00B4BD3F8942042F00402C3F8A7
:10AA00009420D3F8943003F004030193019BF3F7EF
:10AA10004BFA00220F216FF00100F2F707FC03B0A0
:10AA20005DF804FB000C024608B5EAF795FC08BD8A
:10AA300030B589B00446214BD3F89C2042F0100277
:10AA4000C3F89C20D3F89C3003F010030093009BC4
:10AA500001A902A8EFF7D2FEEFF794FE184AA2FB75
:10AA600000239B0C013B1748174A026040F2E73273
:10AA7000C2604360002303618360E5F75FFD054624
:10AA800050B1124A0E210F48E6F732F93120F2F7A1
:10AA9000E7FB284609B030BD0A48E5F7B3FD054697
:10AAA0000028EED10F2C01D90125EAE7002221462A
:10AAB0003120F2F7BBFB064B1C60E2E7000C0246BC
:10AAC00083DE1B43F4B800200010004029AA0108CF
:10AAD0000800002010B503460C4A0D490D480068D7
:10AAE00040B10C4800680344521A934206D8094A00
:10AAF000136010BD0748084C0460F2E712F05AF8E2
:10AB00000C2303604FF0FF30F3E700BF0000042088
:10AB100000040000C0B90020F0EF012001207047C0
:10AB200008B512F047F8162303604FF0FF3008BD58
:10AB300008B54FF0FF31FFF7F3FFFEE770B50C46A5
:10AB40001646002506E0AFF30080214601F8010B10
:10AB500001350C46B542F6DB304670BD70B50C468B
:10AB60001646002504E014F8010BAFF30080013510
:10AB7000B542F8DB304670BD4FF0FF3070474FF400
:10AB800000534B6000207047012070470020704741
:10AB90000D488546E5F79AFC0C480D490D4A0023FF
:10ABA00002E0D458C4500433C4188C42F9D30A4A82
:10ABB0000A4C002301E013600432A242FBD311F0DF
:10ABC00099FCFEF74BFEFEE7000004200000002089
:10ABD000B4010020A05C0308B8010020EFEF0120C1
:10ABE000FEE70000024A026000220271704700BFC7
:10ABF00058FF020801207047012070470079704714
:10AC0000016270477047704710B50446044B0360FB
:10AC10000023037108210FF0FDFC204610BD00BF8A
:10AC200058FF020810B50446094B40F8083B0021C4
:10AC30000AF06CFE002323616361A3616422E26178
:10AC40002362A360E360034A22602371204610BDA3
:10AC500074FF020858FF020810B50446FFF7E2FF30
:10AC60002C2120460FF0D6FC204610BD10B504461E
:10AC70000B4B0360002380F82C3003638363C363B2
:10AC800003644363C3644365436483640365C365CA
:10AC90000366436683658366FFF7C4FF204610BDE5
:10ACA000943A030810B50446FFF7E0FF6C212046F4
:10ACB0000FF0B0FC204610BD0A88D3B25840030103
:10ACC000DBB280EA030C6046030243EA12231BB2A4
:10ACD00083EACC0383EA1C130B8070472DE9F04F05
:10ACE000C9B081460C46D0F808A0D0F80CB0036972
:10ACF000019341698369C2690292026A0392426ABE
:10AD00000492002005E054F8202008AD45F82020EA
:10AD100001300F28F7DD102022E0821E08AC54F825
:10AD200022404FEAF44282EA744282EA9422C41F2B
:10AD300008AD55F824402244A0F10F0455F82450E2
:10AD40004FEAB54484EAF51484EAD5042244A0F11C
:10AD5000100408AD55F82440224445F82020013065
:10AD60003F28DADDDDF810E0039E029F1A46884690
:10AD7000019C5D46D4460020CDF814A0CDF818B053
:10AD8000079130E04FEAF22181EAB21181EA726163
:10AD9000714402EA070E26EA020A8EEA0A0E8E447F
:10ADA000244951F820100EEB010A08A951F820108F
:10ADB0008A444FEA7C3E8EEABC0E8EEABC5E85EA8F
:10ADC000040101EA0C0105EA040B81EA0B0171445C
:10ADD0000130B6463E46174608EB0A02A0462C460E
:10ADE00065460AEB010C3F28CCDDDDF814A0DDF848
:10ADF00018B007990CEB0A00C9F808005D44C9F8BF
:10AE00000C5001980444C9F810404144C9F814108A
:10AE10001A44C9F81820029B1F44C9F81C70039BF0
:10AE20001E44C9F82060049B7344C9F8243049B01B
:10AE3000BDE8F08FF00E030800B54FF4A27C4FF090
:10AE4000000EE64520D20EEB0C0301335A0823F026
:10AE5000010101EB53030E4951F8233083420ED810
:10AE600083420FD302EB4203094951F82330834256
:10AE70000CD102EB420201EB82005DF804FB02F10F
:10AE8000FF3CDEE79646DCE77246EBE70020F4E79E
:10AE9000B4FF020808B501464279024800F0D2FF2B
:10AEA00008BD00BF38C1002008B54179014801F054
:10AEB0000FF808BD38C100202DE9F04190B0804660
:10AEC0000F461646056805EBC2030360AB4202D28B
:10AED000436801334360C5F3C5050BE008F1280062
:10AEE00022463946284411F08DFB25442744361B61
:10AEF000402D06D036B3C5F14004A642EED234460A
:10AF0000ECE708F12802002314E002EB830E0DEBBE
:10AF1000830C9EF803100DF823109EF802108CF895
:10AF200001109EF801108CF8021012F823108CF812
:10AF3000031001330F2BE8DD69464046FFF7CEFED4
:10AF40000025D7E710B0BDE8F081F0B593B0054615
:10AF50000E460468E408C4F1770404F03F0480233B
:10AF60008DF80030472200210DF1010011F056FE4E
:10AF70002B6804F150026A4402F8483C190A04F1B3
:10AF80004F026A4402F8481C190C04F14E026A444C
:10AF900002F8481C1B0E04F14D026A4402F8483CBA
:10AFA0006B6804F14C026A4402F8483C190A04F147
:10AFB0004B026A4402F8481C190C04F14A026A4424
:10AFC00002F8481C1B0E04F149020DEB020707F8BA
:10AFD000483C04F1090269462846FFF76DFFEB7A09
:10AFE0003370AB7A73706B7AB3702B7AF370EB7B40
:10AFF0003371AB7B737113B0F0BD0000002800F01B
:10B00000DA802DE9F043A1B00C461546064602F160
:10B01000020902F58B7802F21D17002306930793AD
:10B02000664B0893664B0993664B0A93664B0B93EA
:10B03000664B0C93664B0D93664B0E9303F1745362
:10B04000A3F52303A3F692430F93202200F11001EE
:10B0500006A8FFF731FF0A22494606A8FFF72CFF92
:10B06000EA7805F10C0106A8FFF726FF022205F594
:10B070008A7106A8FFF720FF0722414606A8FFF7BE
:10B080001BFF04A906A8FFF760FF0622394604A8A3
:10B0900011F0B4FD30B1022386F83430002021B025
:10B0A000BDE8F08395F8167100220023CDE9022354
:10B0B00005F2171ED5F817010290B5F81B31ADF84F
:10B0C0000C300CB1002306E0032386F83430002056
:10B0D000E5E701339BB222889A4215D995F807C05B
:10B0E00003EBC3002044C1788C45F2D1287A03EBEE
:10B0F000C301214409798842EBD103EBC308A04482
:10B1000098F80210B942E4D19A4223D10F2A17D8F5
:10B110000299314811EB000C039840F10008B06827
:10B12000F168844578EB01000FD3E87903EBC301A4
:10B130002144C870287A08718F70013222801DE086
:10B14000042386F834300020A9E7052386F834303C
:10B150000020A4E700200021CDE9000103EBC30299
:10B160002244D2F805000090B2F80920ADF804207E
:10B17000029A90420399019A8A4117D203EBC303C2
:10B180001C44D5F81731C4F80530BEF80430A4F8D3
:10B1900009300299039AB068F3688842934101D25A
:10B1A000B160F260012086F8340078E7062386F863
:10B1B0003430002073E70120704700BF67E6096A5A
:10B1C00085AE67BB72F36E3C3AF54FA57F520E51C8
:10B1D0008C68059BABD9831F808D5B002DE9F04304
:10B1E00083B005460C4690461F460A9E00230B700E
:10B1F000CB78102B7CD8DFE813F01100110035005C
:10B2000051006C009A00AA00BA00CA00E9000601C9
:10B210002801420175017501B201B201B8F1FD0FBB
:10B2200011D0B8F1FE0F63D10223CB700023C3709D
:10B2300080F802800B7B43F001030B734FF0FF3368
:10B240000370437054E00223CB700023C37080F876
:10B2500002800B7B23F001030B734FF0FF3303706D
:10B26000437045E080F8038000230B710388ADF83C
:10B2700006300DF106014046FFF71EFDBDF8063011
:10B280002B80237B13F0010F05D000232B716B71F2
:10B290000523E3702CE00323E37029E080F80480A9
:10B2A000B8F1010F07D98B7801338B7000230B7035
:10B2B0000123CB701CE00388ADF806300DF10601C8
:10B2C0004046FFF7F9FCBDF806302B800423E370FD
:10B2D0000EE080F805800388ADF806300DF1060118
:10B2E0004046FFF7E9FCBDF806302B800523E370EC
:10B2F0002378012B00F06F810FB1EB78FB7066B102
:10B30000E378F3702379337163790133737123899F
:10B310003381A3787381237B33730023A370237855
:10B32000022B00F06181207803B0BDE8F08380F843
:10B3300006800388ADF806300DF106014046FFF7A0
:10B34000BBFCBDF806302B800623E370D0E780F805
:10B3500007800388ADF806300DF106014046FFF77F
:10B36000ABFCBDF806302B800723E370C0E780F804
:10B3700008800388ADF806300DF106014046FFF75E
:10B380009BFCBDF806302B800823E370B0E780F803
:10B39000098000238372C3720388ADF806300DF173
:10B3A00006014046FFF788FCBDF806302B80237B62
:10B3B00013F0010F07D0EB7813B10B23E37097E77D
:10B3C0000C23E37094E70923E37091E7437A827AD0
:10B3D00043EA0223C27A43EA024343EA0822437261
:10B3E000C2F307238372120CC2720388ADF80630D1
:10B3F0000DF106014046FFF75FFCBDF806302B80DB
:10B400000A23E37074E7437A827A43EA0223C27A1A
:10B4100043EA024343EA08424372C3F307238372B9
:10B42000130CC3720388ADF806300DF106014046D7
:10B43000FFF742FCBDF806302B80EB7813B10B23ED
:10B44000E37055E70C23E37052E700F10C030A792F
:10B45000511C217103F802800388ADF806300DF10C
:10B4600006014046FFF728FCBDF806302B80227904
:10B47000EB789A427FF43CAF0C23E37038E7437AD1
:10B48000827A43EA0223C07A43EA0040FFF7D4FC01
:10B490008146F8B100792B88ADF806300DF1060130
:10B4A000FFF70AFCBDF806302B80DBB2984516D0BA
:10B4B0000E23E37085F81481237999F806209342CE
:10B4C000BFF416AF05F10C00D21A0021184411F098
:10B4D000A5FB0DE70E23E37085F8148108E70D2323
:10B4E000E370E7E70E2B03D00388B8EB132F11D0DE
:10B4F0000223237085F815812B7913F0010F0FD0EB
:10B500002378022B09D00F23E370002323700D232F
:10B510006373EDE601230B70ECE71023E370F6E7AD
:10B52000236983B11A6B4AB16B7AA97A43EA012382
:10B53000E97A43EA01412046904720B92378022B5B
:10B5400001D0032323700123E370002F3FF4D0AE1A
:10B5500040F223122946384611F054F8C8E64B7BD6
:10B56000C3F10D03034483F816814B7B013BDBB22F
:10B570004B73002B7FF4BCAE024649692069FFF78C
:10B580003DFD804668B923691B6B53B16A7AA97A7D
:10B5900042EA0122E97A42EA01412046984700B195
:10B5A0008046E378102B05D0B8F1000F10D00123AE
:10B5B000237001E0022323700123E370002F3FF486
:10B5C00097AE40F223122946384611F01BF88FE659
:10B5D00003232370F0E7AB79637123890BB9002251
:10B5E00062810133238187E6002F3FF49CAE95F8FA
:10B5F000143195F8152143EA02233B8093E60000BD
:10B6000030B583B004460D4600EB4000009313466E
:10B610000A461A4901EBC00140F2231C18480CFBF2
:10B620000400FFF7DBFD831EDBB2012B01D903B061
:10B6300030BD124904EB4403D80001EBC3039A78F0
:10B6400001329A7000220A540122DA70FD2D01D0D5
:10B650000020ECE704EB440201EBC2030222DA70A3
:10B66000074940F2231303FB04F40B190022DA709C
:10B670004FF0FF320A555A70EAE700BF9CC0002025
:10B68000C8B90020F0B583B0044602AB03E9060058
:10B690000F46174400E0711C0E468F420FD0A51DC7
:10B6A00004F596732A4609786079FFF7A9FF002808
:10B6B000F1D02A466179034800F0F6FFEBE703B0CA
:10B6C000F0BD00BF38C10020054B1B6813F0010F0F
:10B6D00005D1034B01221A60024B00221A60704709
:10B6E0002CC1002030C10020F0B583B0437D002B79
:10B6F0003FD104460146214800F0FAFAADF80400B3
:10B700009DF80550002D35D11C4800F027FC00287D
:10B7100029D01B4E33685B6A1A4930469847336814
:10B720009F6903F0D3FD01463046B847164E0368C3
:10B730005B693146984703685B6914499847036819
:10B740005B693146984703689B69382198470368CD
:10B750005B690F49984703685B690E49984703681E
:10B760005B690D4998479DF8043023750123637583
:10B7700000E00525284603B0F0BD00BF38C1002019
:10B78000E0080120D8E40208E4E40208E8E4020842
:10B7900024E5020828E5020844E5020808B5437DCF
:10B7A00023B1017D024800F007FB08BD0720FCE73C
:10B7B00038C100201D4B5B7803B970472DE9F04379
:10B7C00083B0814603F02AFD074600251EE0483479
:10B7D000444519D004EB85035A6BBA1A236B4FF416
:10B7E0007A7101FB03F39A42F1D38DF8075020469A
:10B7F00050F8083F1B680DF107010830984718B151
:10B8000004EB85067763E2E70135EDB2042D0AD833
:10B8100009EB05035B79002BF6D0D9F810305C6892
:10B82000D3F80880D4E703B0BDE8F08338C1002026
:10B8300070B485B092F800C08D68BCFBF5F305FBD1
:10B8400013C34C6804EBC3067268AAB154F83330D2
:10B8500000930F4B019301E01B680093009B0C4A7F
:10B86000934209D01A7A9445F6D104EBC5040293A9
:10B8700004604660836007E004EBC5040A69044B7A
:10B88000039304604260836005B070BC704700BFE2
:10B8900030C1002070B58AB00E461546C468537A90
:10B8A0008DF817300DF11702214602A8FFF7C0FFEF
:10B8B0006368A26803EBC2022169094B09930692EF
:10B8C000079108930498984208D08DF8076003699F
:10B8D0001B682A460DF10701183098470AB070BD61
:10B8E00030C1002008B5FFF7EFFE08BD00B54FF4EA
:10B8F000A27C4FF0000EE64520D20EEB0C03013384
:10B900005A0823F0010101EB53030E4951F823308B
:10B9100083420ED883420FD302EB4203094951F808
:10B92000233083420CD102EB420201EB82005DF82E
:10B9300004FB02F1FF3CDEE79646DCE77246EBE7EC
:10B940000020F4E78C100308044A026000228260A1
:10B95000C260034901600271704700BF1410030800
:10B9600058FF0208054A0260054A02600022826010
:10B97000C260044901600271704700BF581003089B
:10B980001410030858FF02080B68036070470B6827
:10B9900003607047704770477047704708B5836D04
:10B9A0001B686030984708BDC368FBB110B50446FA
:10B9B0008368EBB10279EAB908202061A36104F140
:10B9C000300323625023636204F18003A3624FF4C7
:10B9D0001263E36204F118024FF49271FDF709FD5E
:10B9E000606148B101232371002010BD042070471D
:10B9F0000420FAE70520F8E70120F6E7C3685BB307
:10BA000010B5044683684BB3816D184A914227D024
:10BA100002793ABB4FF40062426102690AB9182206
:10BA2000026123632369A3644FF40063636404F138
:10BA3000A40323644FF4C073E36304F6A803A36371
:10BA400004F1300221460A48FDF76CF8E06258B173
:10BA500001232371002010BD042070470420FAE761
:10BA60000420F8E70520F6E70020F4E76C1003084F
:10BA70009DB901082DE9F04105460E46CC788A783B
:10BA8000FE2A01D00C3117E0027044708B7983706C
:10BA9000CB79C3700B7A03714B7A4371CA780C313E
:10BAA000063010F0AFFDF37806331D444FF0050863
:10BAB000002730E0013CE4B2012C04D90B1913F843
:10BAC000013C002BF6D02A706C703379AB7073791F
:10BAD000EB70B3792B71F3796B71337AAB71737A45
:10BAE000EB71737AB27A43EA0223F27A43EA0243B1
:10BAF0001B122B72F37A6B72224605F10A0010F0CA
:10BB000081FD04F10A031D44377917F0010710D0B5
:10BB10004FF009080D2733882B7033881B0A6B7090
:10BB200057B908EB0403F81880B2033080B2BDE8BF
:10BB3000F0814FF00908EEE73A4606F58B71A81C34
:10BB400010F060FDEDE7000010B50446064B036001
:10BB500000238360C360054A0260037114210EF064
:10BB600059FD204610BD00BF1410030858FF0208FD
:10BB700010B50446074B0360074B03600023836046
:10BB8000C360064A026003714FF41A610EF042FD71
:10BB9000204610BD581003081410030858FF02086F
:10BBA000C3685BB110B5044683684BB103794BB1F0
:10BBB0004069FDF743FD38B9207102E00420704769
:10BBC000042010BD0520FCE70120FAE710B504466B
:10BBD000C3689BB183688BB143697BB103696BB167
:10BBE000826D094B9A4209D003792BB1C06AFDF7E7
:10BBF00082F838B9207104E0072002E000232371A5
:10BC0000042010BD0120FCE76C10030810B50446A9
:10BC1000054B0360836DDB68603098472046FFF773
:10BC200001F8204610BD00BF3010030810B50446CF
:10BC3000FFF7ECFF40F6282120460EF0EBFC2046F3
:10BC400010BD000070B5054600F5A07400F5B4768F
:10BC500000E00434B44206D020680028F9D0052161
:10BC60000EF0D8FCF5E70B4BC5F8983B0A4BC5F82E
:10BC7000983B0023C5F8A03BC5F8A43B074AC5F88C
:10BC8000982B85F89C3B05F5B870FFF7BFFF284659
:10BC900070BD00BF581003081410030858FF0208B5
:10BCA00010B504460F4B0360002101710E4B036079
:10BCB0000E4B8360C1600162083009F027FE07E087
:10BCC0000023A360E360074A226023710EF0C4FDE5
:10BCD000002323616361A3616422E2612362204641
:10BCE00010BD00BF58FF020874FF020838E40208C4
:10BCF00030B585B00023032B17D800EB8302D2F8B0
:10BD00001C2112B10133DBB2F5E700EB8300C0F870
:10BD10001C118DF8083000238DF80930BDF808306B
:10BD2000ADF80C30ADF804302EE01D4C23685B6A92
:10BD30001C492046984723689D6903F0C7FA0146CD
:10BD40002046A847184C03685B692146984703685A
:10BD50005B691649984703685B6921469847036801
:10BD60009B693C21984703685B69114998470368C0
:10BD70005B69104998470023ADF8043004238DF81F
:10BD8000043001238DF8053000209DF8043063F362
:10BD900007009DF8053063F30F2005B030BD00BFEC
:10BDA000E0080120D8E40208E4E402084CE50208B7
:10BDB00024E5020884E5020870B50C4600EB810317
:10BDC000D3F81C312BB100EB81010020C1F81C011C
:10BDD00070BD164D2B685B6A1549284698472B683D
:10BDE0009E6903F073FA01462846B047114D036877
:10BDF0005B692946984703685B690F499847036860
:10BE00005B692946984703689B69482198470368FE
:10BE10005B690A49984703685B6909499847036861
:10BE20009B69214698470720D2E700BFE008012020
:10BE3000D8E40208E4E402084CE5020824E502081C
:10BE4000A4E5020870B5144600EB8203D3F82C3148
:10BE50002BB900EB8200C0F82C11002070BD164DEC
:10BE60002B685B6A1549284698472B689E6903F042
:10BE70002DFA01462846B047114D03685B692946F3
:10BE8000984703685B690F49984703685B692946CF
:10BE9000984703689B695921984703685B690A4979
:10BEA000984703685B690949984703689B6921467D
:10BEB00098470520D2E700BFE0080120D8E4020837
:10BEC000E4E402084CE5020824E50208E4E502087F
:10BED00070B50C4600EB8103D3F82C312BB100EB8D
:10BEE00081010020C1F82C0170BD164D2B685B6AE2
:10BEF0001549284698472B689E6903F0E7F90146E3
:10BF00002846B047114D03685B6929469847036886
:10BF10005B690F49984703685B692946984703683E
:10BF20009B696A21984703685B690A4998470368D7
:10BF30005B690949984703689B6921469847072030
:10BF4000D2E700BFE0080120D8E40208E4E40208D8
:10BF50004CE5020824E5020834E6020838B5044638
:10BF600000F69830FFF720FD00282BD02E4C2368D8
:10BF70005B6A2E492046984723689D6903F0A6F91D
:10BF800001462046A8472A4C03685B69214698472A
:10BF900003685B692749984703685B6921469847AE
:10BFA00003689B697821984703685B692249984731
:10BFB00003685B692149984703685B692049984792
:10BFC000012038BD04F5B870FFF718FD0028F8D03F
:10BFD000154C23685B6A15492046984723689D697C
:10BFE00003F074F901462046A847114C03685B69C9
:10BFF0002146984703685B690E49984703685B6967
:10C000002146984703689B697D21984703685B69CF
:10C010000949984703685B690A49984703685B695F
:10C02000074998470120CCE7E008012074E60208A0
:10C03000E4E402084CE5020824E5020880E6020870
:10C0400044E5020894E60208F8B51646D279002ABB
:10C0500000F0D58005460F4600F58E7300F596700A
:10C0600000E0043383420CD019680029F9D02C7801
:10C07000A242F6D10979347A8C42F2D14FF0FF30E6
:10C0800059E02B789A4201D0002407E0337A002B44
:10C0900000F0B880002401E00134E4B295F8683182
:10C0A000A3421BD905EB8403D3F8403118788242B0
:10C0B000F2D15878317A8842EED19978B942EBD1F1
:10C0C000DA784AB9727AB17A42EA0122F17A52EA0E
:10C0D000014201D1327CDA7060B22CE00A2B2BD005
:10C0E00005200EF075FF00230360037105EB840348
:10C0F000C3F8400100284DD0F3790370307A05EB86
:10C100008403D3F840114870D3F840319F70737A9C
:10C11000B17A43EA0123F17A53EA014368D1317CD1
:10C1200005EB8402D2F84031D97095F868310133BB
:10C1300085F8683160B2F8BD344C23685B6A3449D5
:10C140002046984723689D6903F0C0F801462046C1
:10C15000A847304C03685B692146984703685B69D0
:10C160002D49984703685B692146984703689B6996
:10C170004FF49571984703685B69284998470368AD
:10C180005B692749984703685B69264998474FF0E0
:10C19000FF30D0E71D4C23685B6A2349204698474F
:10C1A00023689D6903F092F801462046A847194C80
:10C1B00003685B692146984703685B69164998479D
:10C1C00003685B692146984703689B694FF499713E
:10C1D000984703685B691149984703685B6913498D
:10C1E000984703685B690F4998474FF0FF30A2E713
:10C1F00005EB8402D2F840310022DA7095E74FF067
:10C20000FF3098E74FF0FF3095E700BFE0080120CE
:10C2100074E60208E4E402084CE5020824E502089A
:10C22000A8E6020844E50208D8E40208C4E60208C9
:10C2300010B584B00C464B7A8A7A43EA0223C87A56
:10C2400043EA0040FFF752FB70B1C37913F0010FCE
:10C2500013D00C34017A615C13F0020324D131BB9A
:10C26000002B3CD0002223E00023ADF800308DF8F5
:10C27000023001238DF8023007E00023ADF80030D2
:10C280008DF8023001238DF8023000209DF8003037
:10C2900063F307009DF8013063F30F209DF802302F
:10C2A00063F3174004B010BD437AE35CD7E7002284
:10C2B0008DF804108DF80530BDF80430ADF8083065
:10C2C0008DF80A20029BADF80C301B0C8DF80E3057
:10C2D000039BADF800301B0C8DF80230D5E701222E
:10C2E000E6E700004B7C082B07D10B7C1E2B06D801
:10C2F0000448D84000F0010070470120704700203A
:10C30000704700BF0000044438B5837853B9044631
:10C310000D46437833B9FFF7E5FF18B1EB79237089
:10C320000123637038BD38B50123037000234370C7
:10C3300000F58E7400F5967503E003681B68984756
:10C340000434AC4203D020680028F6D1F8E738BDA9
:10C3500010B50446104B0360002303710F4A0260BE
:10C360008360C36003610E4A026043618361C361FD
:10C37000036243628362C362083009F0C7FA09E0CE
:10C38000064B23600023A360E360034A226023710D
:10C390000EF062FA204610BD58FF02081410030880
:10C3A000581003080B46114602799AB110B5CAB06D
:10C3B00004461B788DF8043040F223120DF105007D
:10C3C00010F020F900231A4601A96069FDF784F8EE
:10C3D0004AB010BD4FF0FF30704700B583B0034640
:10C3E0008DF8071090F89C0B10B903B05DF804FBB2
:10C3F0000DF1070103F69830FFF7D4FFB0FA80F093
:10C400004009F2E7F8B507460D461646002406E057
:10C41000324621463846FFF7E0FF0134E4B2042CEF
:10C4200002D8AC42F4D1F8E7F8BD00002DE9F04F96
:10C4300087B004460E46154600F58E7300F59670DB
:10C4400000E00433834212D01A68002AF9D094F82D
:10C4500000C0E9798C45F4D11279297A9142F0D162
:10C460000023ADF80C3004238DF80C3064E02A462C
:10C4700031462046FFF7E8FD002806DB04EB80008C
:10C48000D0F840311B79002B4DD16B7AAA7A43EA60
:10C490000223EA7A43EA02436D2B59D0F62B5ED091
:10C4A000002B63D1794F3B685B6A794938469847DE
:10C4B0003B68D3F8188002F009FF01463846C047B0
:10C4C00003685B697349984703689B69C221984771
:10C4D00003685B697049984703685B696F499847CF
:10C4E00003689B69297A984703685B696C49984798
:10C4F00003689B693146984703685B6969499847B7
:10C5000029462046FFF700FF2A4631462046FFF71E
:10C5100079FF0023ADF80C3005238DF80C30012392
:10C520008DF80D3008E00023ADF80C3005238DF8B0
:10C530000C3001238DF80D3000209DF80C3063F392
:10C5400007009DF80D3063F30F2007B0BDE8F08FB2
:10C550000023ADF80C3004238DF80C30ECE70023F9
:10C56000ADF80C3004238DF80C30E5E72946204661
:10C57000FFF75EFE8DF80800C0F307238DF8093041
:10C58000C0F307408DF80A005FFA80FBBBF1000F93
:10C590000BD19DF809A09DF808802378984513D009
:10C5A000002700978DF804703AE02A46314620466D
:10C5B000FFF728FF0023ADF80C3005238DF80C3071
:10C5C00001238DF80D30B7E7BAF1000F1AD0002320
:10C5D00001E00133DBB2032BE2D804EB8302D2F893
:10C5E0001C21002AF5D012799245F2D18DF8103035
:10C5F00001238DF81130BDF81030ADF81430ADF8CE
:10C600000C3099E74FF0010BCAE79978B14205D099
:10C6100001F118036B4413F8183CA3B10137FFB2C2
:10C6200094F86831BB421DD9B94604EB8703D3F8AF
:10C6300040311A789045F1D1BAF1000FE5D05A781F
:10C640009245EBD1E1E72A462046FFF7C6FE04EB10
:10C650008909D9F840319B7818336B44012203F8DB
:10C66000182CDBE7BBF1000F09D00023ADF80C302C
:10C6700005238DF80C3001238DF80D305CE7002385
:10C68000ADF80C3004238DF80C3055E7E00801209C
:10C69000F4E60208E4E4020824E5020804E70208DC
:10C6A00018E7020844E50208F0B583B007460E46D5
:10C6B0001546FFF7BBFEADF804009DF8053063B1E9
:10C6C0009DF80430052B0AD007EB8300D0F81C013D
:10C6D00018B12A463146FFF7DDF803B0F0BD07F583
:10C6E0008E7407F5967704E02A463146FFF7D2F8B4
:10C6F0000434BC42F1D020680028F5D1F8E708B531
:10C700001346027922B100224069FCF73FFF08BDC1
:10C710004FF0FF30FBE770B5CCB004464FF4927297
:10C72000002101A810F07AFA4FF0FF3201A904F6B7
:10C730009830FFF7E4FF0028F6D19DF8043004EBB1
:10C740008303D3F82C31002BEED0E51C0DF105014D
:10C750002846FFF78FF99DF8043004EB8303D3F8E4
:10C760002C311A6816684A954B904CAA12E90600BB
:10C770001846B047D8E708B50068FFF7CCFF08B502
:10C78000FFF7F9FF08B504200DF0A0FF00220260BA
:10C79000034A0260034A0260034A04490EF0FEFBAA
:10C7A0007C4003082C41030839B1020818410308F2
:10C7B00008B501460020FFF7E5FF000070B505460B
:10C7C0000C46064656F8083BDB6830469847236817
:10C7D0002146044A41F8082B2B609B683046984755
:10C7E000284670BD6C1003082DE9F04393B0044651
:10C7F000884615461F46FFF753FA224B2360002652
:10C80000E6622422314604F1300010F007FADFF826
:10C810007890C4F85890C4F8A0604FF40062314694
:10C8200004F1A40010F0FAF94FF4C072314604F696
:10C83000A80010F0F3F9C4F810802B68294641F8DD
:10C84000089B00939B6802A89847694604F158002A
:10C85000FFF7B4FF009BDB6802A89847394604F154
:10C86000080009F053F809E0A36DDB6804F16000EB
:10C8700098472046FEF7D6F90DF0EEFF204613B09C
:10C88000BDE8F083301003086C10030830B593B096
:10C8900004460123037000234370837080F86831DD
:10C8A00000F5B875104B00930290104B6A461821A2
:10C8B0002846FFF799FF009BDB6802A898470C49C0
:10C8C00004F69830FFF744FD0AE0009BDB6802A8FD
:10C8D00098470DF0C1FF2846FFF798F90DF0BCFF0F
:10C8E000204613B030BD00BF7C10030820E70208CB
:10C8F0002CE7020810B50A4C2046FFF7C7FF094A8B
:10C90000094920460DF00EFE084B1B6813F0010F7D
:10C9100005D1064B01221A60054B00221A6010BD9A
:10C9200038C100200000002045BC01082CC10020B7
:10C9300030C1002008B5FFF7DDFF08BD00207047BB
:10C940000020704782B002AB03E9060002B07047D6
:10C950006AB110B582B0134600680268546900914C
:10C96000019302AB13E90600A04702B010BD704767
:10C9700008B512880968FFF7EBFF08BD0B68036074
:10C9800070470B68036070477047000030B58BB08C
:10C9900090F84931002B2CD1044690F84831002BF7
:10C9A00051D13A4C23685B6A39492046984723683D
:10C9B0009D6902F08BFC01462046A847354C036870
:10C9C0005B692146984703685B6933499847036868
:10C9D0005B692146984703689B693421984703683F
:10C9E0005B692E49984703685B692D499847012583
:10C9F00026E0264C23685B6A254920469847236831
:10CA00009D6902F063FC01462046A847214C03685B
:10CA10005B692146984703685B691F49984703682B
:10CA20005B692146984703689B692F2198470368F3
:10CA30005B691A49984703685B691A499847012559
:10CA400028460BB030BDFEF725FA0546A8B9164BAF
:10CA500000930294D4F844010368DB69694698475F
:10CA6000009BDB6802A89847D4F8440103689B68E0
:10CA70009847012384F84931E2E70125E0E7009B6C
:10CA8000DB6802A898470DF0E7FE00BFE008012030
:10CA9000D8E40208E4E4020834E7020824E50208C6
:10CAA0009CE7020874E702080820030838B590F8EC
:10CAB000493163B10446D0F844010368DB68984704
:10CAC0002046FEF7F1F9002084F8490138BD144CE6
:10CAD00023685B6A13492046984723689D6902F0E2
:10CAE000F5FB01462046A8470F4C03685B692146C9
:10CAF000984703685B690D49984703685B6921465D
:10CB0000984703689B695021984703685B69084907
:10CB1000984703685B69074998470120D6E700BF3B
:10CB2000E0080120D8E40208E4E4020834E702083F
:10CB300024E50208C8E7020810B50446064B036066
:10CB4000FFF7B4FF054B23602046FEF7ADF9044B19
:10CB50002360204610BD00BFF01F03089CFF0208A1
:10CB6000D01F030800B583B06B4683E8060093E846
:10CB70000600D0F8440103F07DFAB0FA80F04009D5
:10CB800003B05DF804FB10B50446FFF7D5FF4FF482
:10CB9000A67120460DF03EFD204610BD90F8C5312F
:10CBA00063B100B583B003685B690091019202AA8A
:10CBB00012E90600984703B05DF804FB7047A0F542
:10CBC000A270FFF7EBBF0000F8B590F8C531002B5D
:10CBD00030D1044690F8C431002B58D1604C236802
:10CBE0005B6A60492046984723689D6902F06EFBA6
:10CBF00001462046A8475C4C03685B69214698477C
:10CC000003685B695949984703685B6921469847FF
:10CC100003689B693921984703685B6954499847C1
:10CC200003685B695349984703685B6952499847B1
:10CC300001252AE04A4C23685B6A4A492046984706
:10CC400023689D6902F042FB01462046A847464CF6
:10CC500003685B692146984703685B6943499847C5
:10CC600003685B692146984703689B6934219847AC
:10CC700003685B693E49984703685B693F49984789
:10CC800003685B693C49984701252846F8BDFEF7D3
:10CC900001F9054600282BD0314C23685B6A3149E5
:10CCA0002046984723689D6902F010FB0146204604
:10CCB000A8472D4C03685B692146984703685B6968
:10CCC0002A49984703685B692146984703689B692E
:10CCD0003E21984703685B692549984703685B696B
:10CCE0002749984703685B69234998470125CCE7A2
:10CCF00004F5A272B4F85011D4F8480104F09AFA7D
:10CD0000002829D1164E33685B6A16493046984789
:10CD100033689F6902F0DAFA01463046B847124E8E
:10CD200003685B693146984703685B690F49984718
:10CD300003685B693146984703689B6944219847BB
:10CD400003685B690A49984703685B690D4998471E
:10CD500003685B6908499847012384F8C53194E763
:10CD6000E0080120D8E40208E4E40208F4E702083D
:10CD700024E502089CE7020844E5020874E702087B
:10CD800034E8020858E8020838B590F8C531002B9D
:10CD900027D11B4C23685B6A1A49204698472368B1
:10CDA0009D6902F093FA01462046A847164C036895
:10CDB0005B692146984703685B6914499847036893
:10CDC0005B692146984703689B695221984703682D
:10CDD0005B690F49984703685B690E4998470120D2
:10CDE00038BD0446B0F85011D0F8480104F0CEFA2E
:10CDF0002046FEF759F8002084F8C501F0E700BF8F
:10CE0000E0080120D8E40208E4E40208F4E702089C
:10CE100024E50208C8E7020800B585B004AB03E9C1
:10CE20000600BDF80C300193009190F85231B0F833
:10CE3000502100F5A671D0F8480104F047F9B0FA86
:10CE400080F0400905B05DF804FB000010B5044611
:10CE50000B4B03602433C0F84431FFF795FF04F512
:10CE6000AA70FDF703FF074BC4F84431064B23605B
:10CE70002046FEF719F8054B2360204610BD00BF81
:10CE800034200308202003089CFF0208D01F030859
:10CE9000A0F5A270DAE700BF10B50446FFF7D6FF91
:10CEA0004FF4E47120460DF0B5FB204610BDA0F50F
:10CEB000A270F1E7054B1B6813F0010F05D1034B7E
:10CEC00001221A60024B00221A6070472CC1002018
:10CED00030C1002008B5FFF7EDFF08BD054B1B680A
:10CEE00013F0010F05D1034B01221A60024B0022FF
:10CEF0001A6070472CC1002030C1002008B5FFF730
:10CF0000EDFF08BD054B1B6813F0010F05D1034B66
:10CF100001221A60024B00221A6070472CC10020C7
:10CF200030C1002008B5FFF7EDFF08BD054B1B68B9
:10CF300013F0010F05D1034B01221A60024B0022AE
:10CF40001A6070472CC1002030C1002008B5FFF7DF
:10CF5000EDFF08BD054B1B6813F0010F05D1034B16
:10CF600001221A60024B00221A6070472CC1002077
:10CF700030C1002008B5FFF7EDFF08BD054B1B6869
:10CF800013F0010F05D1034B01221A60024B00225E
:10CF90001A6070472CC1002030C1002008B5FFF78F
:10CFA000EDFF08BD054B1B6813F0010F05D1034BC6
:10CFB00001221A60024B00221A6070472CC1002027
:10CFC00030C1002008B5FFF7EDFF08BD054B1B6819
:10CFD00013F0010F05D1034B01221A60024B00220E
:10CFE0001A6070472CC1002030C1002008B5FFF73F
:10CFF000EDFF08BD044BD3F880301B68986C80B2FD
:10D00000C0F58070704700BF48B7002008B50F4BCF
:10D01000D3F89030082B00D008BD0C4BD3F88030EB
:10D020005BB15B6B812BF7D0094B19684FF48072B1
:10D030005C310648F3F740FFEEE7054B19684FF403
:10D0400080725C310148F3F71DFEE5E748B7002028
:10D0500070D6002008B50D4BD3F8803063B15B6B00
:10D06000812B00D108BD0A4B19684FF480725C31E6
:10D070000648F3F721FFF5E7054B19684FF4807276
:10D080005C310248F3F7FEFDECE700BF48B7002033
:10D0900070D60020F8B50746B0B10D461646446874
:10D0A0006CB1216928460FF093FB08B92046F8BD02
:10D0B000324629463868FFF7EDFF0446F6E7006878
:10D0C000FFF7E8FF0446F1E70446EFE72DE9F84FE4
:10D0D000604B1C68FFF78EFF0746D4F85C61861B27
:10D0E00004D4002E40F3B480002519E006F58076C4
:10D0F000F7E7D4F8608204EB0803002283F860218C
:10D10000D4F864320BB9C4F86482D4F86492B9F1EB
:10D11000000F28D10023C4F86032C4F8643201350E
:10D12000AE4240F39380D4F85C312B44FF2B01DDF9
:10D13000A3F58073234493F85C300A2BD9D00D2BD0
:10D14000EDD03A2B7DD0D4F86022FF2A02DD0022F8
:10D15000C4F86022D4F86022511CC4F86012224442
:10D1600082F86031DBE74A4604F5B07104F15400FF
:10D17000FFF790FF0028CDD002782AB98268002AF4
:10D18000C8D0C0689047C5E7022A0CD0012AC1D197
:10D190008268002ABED0C068A8EB0908B8F1010C6B
:10D1A00030D4002138E0D0F808A0BAF1000FB1D097
:10D1B000D0F80CB0A8EB0908B8F1010001D40022A6
:10D1C00009E008F1FF00FAE7234493F86011A3187F
:10D1D00083F868120132904207DD09F1010313441C
:10D1E000FF2BF1DDA3F58073EEE72044002380F8E8
:10D1F000683204F51A700FF0A5FCCBF8040058460D
:10D20000D04787E708F1FF0CCBE7234493F860E1B0
:10D21000631883F868E201318C4507DD09F10103E9
:10D220000B44FF2BF1DDA3F58073EEE704EB0C0359
:10D23000002183F86812C0F804C004F51A71904701
:10D2400068E7D4F86032C4F8643268E7C4F85C7107
:10D25000BDE8F88F70D6002010B54FF45A7008F072
:10D26000EBF8184C20600023C0F8603216490830F3
:10D2700008F04CFB20684FF40063436180614FF479
:10D280007A73C361114B036208F096F9104B114A8F
:10D29000C3F8A420104AC3F8A020D3F880303BB1D3
:10D2A00021684FF480725C310948F3F705FE10BD28
:10D2B000044B19684FF480725C310548F3F7E2FCC7
:10D2C000F5E700BF70D6002074E80208DDD201083F
:10D2D00048B700200DD0010855D0010810B504460C
:10D2E000FFF7F4FE204608F062F9F9E7024A02600F
:10D2F00000224260027270476C20030801207047D0
:10D3000001207047007A70477047704770470000EF
:10D31000034A0260034A02600022426002727047C0
:10D32000882003086C200308012070470120704703
:10D33000704710B5044603685B6A9847204610BDE5
:10D3400038B504460F4D03685B6A29469847236841
:10D350005B6A0D492046984723685B6A0B49204663
:10D36000984723685B6A0A492046984723685B6AA6
:10D3700008492046984723685B6A29462046984713
:10D3800038BD00BF7CE80208A4E80208B8E802083B
:10D39000D0E80208E0E80208044A0260044A026099
:10D3A000044A02600022426002727047BC200308F7
:10D3B000882003086C20030810B5437A2BB1002A9B
:10D3C0001BDD0F4B1C68002013E0642302FB03F3FA
:10D3D00092B20C48F3F734FB0EE011F800C094F859
:10D3E0006C3203F1010E84F86CE2234483F86CC0C4
:10D3F00001309042F1DB002010BD0020FCE700BFAF
:10D4000074D6002048B7002038B504460D460846BB
:10D41000E3F70CF8024623681B6A29462046984722
:10D4200038BD000008B50121024B186808F0C5F9A5
:10D4300008BD00BF74D6002038B5044600F10A05C7
:10D44000FDEEC07A17EE902ADFED0E7A20EE270A65
:10D45000BDEEC00A6FF0630310EE101A03FB021357
:10D46000002BB8BF5B42084928460FF0CFFA204492
:10D470000023837223685B6A29462046984720462A
:10D4800038BD00BF0000C842F8E8020838B50446BD
:10D490000A4600F10A05074928460FF0B7FA20446A
:10D4A0000023837223685B6A2946204698472046FA
:10D4B00038BD00BF00E9020810B50446064B036002
:10D4C000064B0360064B03600023436003722C216C
:10D4D0000DF0A0F8204610BDBC20030888200308EA
:10D4E0006C20030810B50446054B0360054B036030
:10D4F0000023436003720C210DF08CF8204610BD10
:10D50000882003086C20030810B50446044B036010
:10D510000023436003720C210DF07CF8204610BDFF
:10D520006C200308012343727047000010B5154BAF
:10D53000DB6FFBB14FF41C7007F07EFF0446124B0B
:10D5400018601249083008F0E1F9002384F82C3003
:10D5500040F204436361082323616423E3610C4BBD
:10D560002362204608F0BAF8064B0A4AC3F898200E
:10D57000002010BD42F21073442207490148F3F71E
:10D580005FFAF5E748B7002074D6002004E90208E6
:10D590009DD5010825D4010808E9020810B51A4BE9
:10D5A0001C6826E00CEB030154FA81F191F86C0041
:10D5B000E11881F86C010133DBB29342F2D304F538
:10D5C000B6711248F3F7B0FB60B94FF47A720121DB
:10D5D000204608F0F7F801280BD194F86C3284F853
:10D5E0006D3206E0204608F074F802E0204608F0AC
:10D5F00070F894F86C2294F86DC2A2EB0C0212F051
:10D60000FF02F3D00023D8E774D6002048B70020EB
:10D6100088B02B4BD3F88C2042F00102C3F88C2049
:10D62000D3F88C2002F001020192019AD3F88C20E9
:10D6300042F00202C3F88C20D3F88C2002F00202E0
:10D640000292029AD3F88C2042F00402C3F88C2094
:10D65000D3F88C2002F004020392039AD3F88C20B2
:10D6600042F00802C3F88C20D3F88C2002F00802A4
:10D670000492049AD3F88C2042F01002C3F88C2054
:10D68000D3F88C2002F010020592059AD3F88C2072
:10D6900042F04002C3F88C20D3F88C2002F0400204
:10D6A0000692069AD3F88C2042F08002C3F88C20B0
:10D6B000D3F88C3003F080030793079B08B07047C2
:10D6C000000C024608B5E7F767FE08BD844648B37C
:10D6D0000023FF2001E001339BB20F2B07D8144A2F
:10D6E00032F813208A42F6D1D8B21023F3E7FF288C
:10D6F0001AD00023FF2101E001339BB20F2B07D882
:10D700000C4A52F823206245F6D1D9B21023F3E730
:10D71000FF290BD000F00F0040EA0110C0B2013029
:10D72000C0B270470020704700207047002070474B
:10D73000242303083400002007207047002070478E
:10D740000720704707207047072070470720704761
:10D750000720704707207047072070470720704751
:10D7600007207047072070470720704710B582B028
:10D770008DF807200368DC6901230DF10702A0473B
:10D7800002B010BD10B582B0ADF806200368DC69A8
:10D7900002230DF10602A04702B010BD10B582B001
:10D7A00001920368DC6904230DEB0302A04702B079
:10D7B00010BD10B582B0CDE900230368DC690823F1
:10D7C0006A46A04702B010BD30B4047A9CB103EBA6
:10D7D000010CC468E568AC450FD8A06800EB010CEB
:10D7E000002103E011F80C00505401319942F9DB9B
:10D7F000002030BC70470720FBE70720F9E710B591
:10D8000003685C6B0123A04710BD10B503685C6B17
:10D810000223A04710BD10B503685C6B0423A0472A
:10D8200010BD10B503685C6B0823A04710BD037AD8
:10D830000BB900207047C368D8687047437A9A1EB6
:10D84000D2B20A2A0BD8027A5AB903EB8303064AEA
:10D8500002EB8303C360012303720020704707209B
:10D8600070470520704700BFE8200308437A023B59
:10D87000DBB20A2B05D8037A2BB1002303721846BA
:10D88000704707207047052070470000034A026078
:10D89000034A026000224260027270474C23030870
:10D8A0006C200308044A0260044A0260044A0260D1
:10D8B00000224260027270479C2303084C23030835
:10D8C0006C20030810B586B0037A1BB907242046E4
:10D8D00006B010BD002301930293039304930593B4
:10D8E00002230293012303930593C3681B690493E6
:10D8F000EFF774FD01A902A8EFF76EFE0446EFF7FB
:10D900008FFDE4E72DE9F04385B09846037A002BBC
:10D910003AD01546C3689E680E444144DB6899427C
:10D9200038D8EFF75BFD4FF0000911E0981815F8B3
:10D9300003C00DF800C001339C42F7D86A460120AD
:10D94000EFF702FD8146C8B926442544A7EB040839
:10D95000B8F1000F15DD26F00F010B6800934B683E
:10D9600001938B680293CB680393721A8C1B10345B
:10D970004746A04500D244460023DDE7EFF750FDBF
:10D9800004E0EFF74DFD01E04FF00709484605B010
:10D99000BDE8F0834FF00709F8E7F8B504460E46F6
:10D9A00015461046E2F742FD03462268D7692A462B
:10D9B00031462046B847F8BD10B50446064B036013
:10D9C000064B0360064B0360002343600372202173
:10D9D0000CF020FE204610BD9C2303084C230308B6
:10D9E0006C20030810B50446054B0360054B03602B
:10D9F0000023436003720C210CF00CFE204610BD86
:10DA00004C2303086C20030810B584B0019102F187
:10DA10007843B3F5002F3CD204461F4B9A4234D8CA
:10DA20004FF00063D31A07EE103ADDED017AF8EEFD
:10DA3000677ADFED1A6A67EEA67AFCEEE77A17EEF0
:10DA4000903A013307EE903AF8EE677AB8EE477AEB
:10DA500027EE267ABCEEC77A022323610E4B9A4248
:10DA600015D80123636184ED067AFCEEE77AC4EDF4
:10DA7000077AEFF7B3FC03A904F11000EFF7ACFD50
:10DA8000EFF7CEFC012004B010BD054BCAE702231E
:10DA9000E8E70020F7E700BFFFFF030800000039B8
:10DAA00000000408F8B50E4617461C46EFF796FC32
:10DAB000A4F111036F2B03D9102C0FD9002531E0ED
:10DAC0003A46314644F20100EFF73EFC0546EFF7D7
:10DAD000A7FC002D42D000252846F8BD3A46314625
:10DAE0000120EFF731FC0546EFF79AFCC5B300259E
:10DAF000F2E77A19A91944F20100EFF725FC38B9C9
:10DB00004FF47A70EFF7A6FC28B98035803C09E025
:10DB1000EFF786FCE0E7EFF783FCDDE7EFF780FC4B
:10DB2000DAE71035BCB17F2CE3D8103C6F2C0FD84E
:10DB30007A19A9190120EFF707FC0028EED14FF45C
:10DB40007A70EFF787FC0028EBD0EFF769FCC3E7AA
:10DB5000EFF766FCC0E7EFF763FCBDE72546BBE7E0
:10DB60002546B9E707207047072070470720704710
:10DB700007207047072070470246002300E001336A
:10DB8000012B08DC054951F823000028F7D0016972
:10DB90009142F4D100E00020704700BF7CD6002005
:10DBA000034A0260034A0260002242600272704728
:10DBB000EC2303086C200308044A0260044A026054
:10DBC000044A026000224260027270471C2403086B
:10DBD000EC2303086C20030810B504460069E7F73E
:10DBE000E5FC23691B68104A934209D00F4A93420F
:10DBF00010D02069E7F702FC003818BF012010BDE3
:10DC00000B4B5A6F42F400125A675A6F22F40012FB
:10DC10005A67EEE7064B5A6F42F480025A675A6F12
:10DC200022F480025A67E4E70054004000580040A4
:10DC3000000C024638B5457A012D63D10446037ABB
:10DC4000002B62D1002211460120FBF79CFAA06153
:10DC5000002211460120FBF796FAE061A369002B30
:10DC600051D000284FD0637A03EB4302284B03EBDB
:10DC7000C203636258682061E7F798FC002842D12C
:10DC80002369244A5A602269002393602269012192
:10DC9000D16022691361226953612269936122690B
:10DCA000D361226913622069E7F7A8FB58BB002102
:10DCB0002069EBF7E1FA30BB174A00212069E7F74A
:10DCC000B1FC00BB154A01212069E7F7ABFCD0B9D4
:10DCD000134A05212069E7F7A5FCA0B9114A0621DE
:10DCE0002069E7F79FFC70B90F4A07212069E7F721
:10DCF00099FC40B901222272617A0C4A42F8214013
:10DD0000054600E00725284638BD0525FBE700BF8E
:10DD100074220308FFEAC00083DD010873DD0108F7
:10DD200063DD010853DD010831DD01087CD60020E8
:10DD300010B5FFF721FF58B10446012380F82030C9
:10DD400080F821308069FBF7F3FAE069FBF7F0FA1D
:10DD500010BD08B5FFF710FF10B1C069FBF7E8FA76
:10DD600008BD08B5FFF708FF10B18069FBF7E0FABE
:10DD700008BD08B5FFF700FF10B1C069FBF7D8FA7E
:10DD800008BD08B5FFF7F8FE10B18069FBF7D0FABF
:10DD900008BD000070B5457A012D2BD10446037AE9
:10DDA0005BB300210069E7F7D7FC01212069E7F7A1
:10DDB000D3FC05212069E7F7CFFC06212069E7F7AE
:10DDC000CBFC07212069E7F7C7FC2069E7F7EEFBEA
:10DDD000064680B9A069FBF7E9FAE069FBF7E6FAC5
:10DDE0000023A361E361617A054A42F8213023727E
:10DDF000354600E00725284670BD0525FBE700BF36
:10DE00007CD6002010B50446064B0360064B036029
:10DE1000064B036000234360037228210CF0FAFBD9
:10DE2000204610BD1C240308EC2303086C200308C3
:10DE300010B50446054B0360054B036000234360A7
:10DE4000037210210CF0E6FB204610BDEC23030802
:10DE50006C20030810B504468069FBF71DFA10F129
:10DE6000020F04D094F820303BB9002010BDA189E6
:10DE70002069E9F713F80720F8E7002384F8203039
:10DE80000120F3E710B50446C069FBF705FA10F16D
:10DE9000020F04D094F821303BB9002010BDA189B5
:10DEA0002069E8F7FBFF0720F8E7002384F821301A
:10DEB0000120F3E700B587B08DF817204FF47A738F
:10DEC0000293012301930DF1170200920A46818902
:10DED0000069E8F75DFA07B05DF804FB72B110B5B0
:10DEE00084B04FF47A7302930123019300920A469F
:10DEF00081890069E8F760FB04B010BD0720704716
:10DF000081B113460A46002B0EDD00B583B04FF4F5
:10DF10007A7100919BB281890069E7F7C1FC03B077
:10DF20005DF804FB072070470720704781B1134656
:10DF30000A46002B0EDD00B583B04FF47A710091D4
:10DF40009BB281890069E7F79FFD03B05DF804FB90
:10DF5000072070470720704710B582B004460B4871
:10DF60000270002384F820300123019300900A46B8
:10DF7000A1892069E8F73AFC10B1012002B010BD78
:10DF80004FF47A712046FFF765FFF7E779D6002056
:10DF9000BAB110B582B00446002380F821300123C5
:10DFA000019300920A4681890069E8F7A9FC10B143
:10DFB000012002B010BD4FF47A712046FFF762FFD6
:10DFC000F7E707207047B1B138B5044615460A4651
:10DFD000002D12DD002380F82030ABB2818900696A
:10DFE000E7F748FE08B1012038BD05F1640120467D
:10DFF000FFF730FFF8E7072070470720F4E7B1B1DB
:10E0000038B5044615460A46002D12DD002380F877
:10E010002130ABB281890069E7F7B0FE08B1012079
:10E0200038BD05F164012046FFF72CFFF8E7072013
:10E0300070470720F4E7000010B582B004460B4893
:10E040000270002384F820300123019300900A46D7
:10E05000A1892069E8F7DAFC10B1012002B010BDF7
:10E060004FF47A712046FFF7F5FEF7E778D60020E7
:10E0700008B5037D012B05D0022B06D043B9FFF76D
:10E0800019FF08BDFFF768FFFBE7FFF7D5FFF8E7CB
:10E090000720F6E7BAB110B582B00446002380F835
:10E0A00021300123019300920A4681890069E8F733
:10E0B000D1FD10B1012002B010BD4FF47A7120469D
:10E0C000FFF7E0FEF7E70720704708B5037D012B57
:10E0D00005D0022B06D043B9FFF700FF08BDFFF7BC
:10E0E00057FFFBE7FFF7D6FFF8E70720F6E7B1B1E8
:10E0F00038B5044615460A46002D12DD002380F887
:10E100002030ABB281890069E7F7BCFE08B101207D
:10E1100038BD05F164012046FFF79CFEF8E70720B3
:10E1200070470720F4E708B5037D012B05D0022BCB
:10E1300006D043B9FFF7E4FE08BDFFF744FFFBE755
:10E14000FFF7D5FFF8E70720F6E7B1B138B5044689
:10E1500015460A46002D12DD002380F82130ABB2AF
:10E1600081890069E7F7D0FF08B1012038BD05F1CA
:10E1700064012046FFF786FEF8E707207047072076
:10E18000F4E708B5037D012B05D0022B06D043B977
:10E19000FFF7CCFE08BDFFF732FFFBE7FFF7D5FF27
:10E1A000F8E70720F6E7000008B5034A03490448EA
:10E1B0000CF0B8F908BD00BF0000002089E201089A
:10E1C00084D6002038B505460B4B1B6801E004F1EE
:10E1D0009003094A52681C4693420BD01B88AB42FD
:10E1E000F5D1A368054A9342F1D01B6804F11000F1
:10E1F0009847ECE738BD00BF84D600206C100308B8
:10E2000038B505460B4B1B6801E004F19003094A41
:10E2100052681C4693420BD01B88AB42F5D1A368D1
:10E22000054A9342F1D01B6804F110009847ECE7CF
:10E2300038BD00BF84D600206C10030808B508461E
:10E2400002EBC20211010CF0E5F908BD10B504465D
:10E2500001688268521A1211034B03FB02F209B1E2
:10E26000FFF7ECFF204610BD398EE33838B5044681
:10E270000D4606E0204650F8083FDB680830984716
:10E280009034A542F6D138BD10B504464168006807
:10E29000FFF7ECFF2046FFF7D9FF204610BD08B579
:10E2A000FFF782FF08BD000000B583B00123ADF881
:10E2B00006300A4B1B6843B1094A106828B1BDF803
:10E2C000061089B29847ADF80600BDF8060080B286
:10E2D000EFF738FD03B05DF804FB00BFD0D6002097
:10E2E00090D6002000B583B00223ADF806300A4B6B
:10E2F0005B6843B1094A506828B1BDF8061089B27D
:10E300009847ADF80600BDF8060080B2EFF71AFD99
:10E3100003B05DF804FB00BFD0D6002090D60020EB
:10E3200000B583B00423ADF806300A4B9B6843B1B7
:10E33000094A906828B1BDF8061089B29847ADF82F
:10E340000600BDF8060080B2EFF7FCFC03B05DF8F4
:10E3500004FB00BFD0D6002090D6002000B583B0CB
:10E360000823ADF806300A4BDB6843B1094AD06890
:10E3700028B1BDF8061089B29847ADF80600BDF87F
:10E38000060080B2EFF7DEFC03B05DF804FB00BFCF
:10E39000D0D6002090D6002000B583B01023ADF871
:10E3A00006300A4B1B6943B1094A106928B1BDF810
:10E3B000061089B29847ADF80600BDF8060080B295
:10E3C000EFF7C0FC03B05DF804FB00BFD0D600201F
:10E3D00090D6002000B583B02023ADF806300A4B5C
:10E3E0005B6943B1094A506928B1BDF8061089B28A
:10E3F0009847ADF80600BDF8060080B2EFF7A2FC22
:10E4000003B05DF804FB00BFD0D6002090D60020FA
:10E4100000B583B04023ADF806300A4B9B6943B189
:10E42000094A906928B1BDF8061089B29847ADF83D
:10E430000600BDF8060080B2EFF784FC03B05DF87B
:10E4400004FB00BFD0D6002090D6002000B583B0DA
:10E450008023ADF806300A4BDB6943B1094AD06925
:10E4600028B1BDF8061089B29847ADF80600BDF88E
:10E47000060080B2EFF766FC03B05DF804FB00BF56
:10E48000D0D6002090D6002000B583B04FF4807322
:10E49000ADF80630094B1B6A43B1094A106A28B12E
:10E4A000BDF8061089B29847ADF80600BDF8060021
:10E4B00080B2EFF747FC03B05DF804FBD0D6002034
:10E4C00090D6002000B583B04FF40073ADF806304D
:10E4D000094B5B6A43B1094A506A28B1BDF806107E
:10E4E00089B29847ADF80600BDF8060080B2EFF794
:10E4F00029FC03B05DF804FBD0D6002090D60020A4
:10E5000000B583B04FF48063ADF80630094B9B6AC9
:10E5100043B1094A906A28B1BDF8061089B29847FC
:10E52000ADF80600BDF8060080B2EFF70BFC03B0B3
:10E530005DF804FBD0D6002090D6002000B583B053
:10E540004FF40063ADF80630094BDB6A43B1094A6A
:10E55000D06A28B1BDF8061089B29847ADF8060018
:10E56000BDF8060080B2EFF7EDFB03B05DF804FBE9
:10E57000D0D6002090D6002000B583B04FF4805351
:10E58000ADF80630094B1B6B43B1094A106B28B13B
:10E59000BDF8061089B29847ADF80600BDF8060030
:10E5A00080B2EFF7CFFB03B05DF804FBD0D60020BC
:10E5B00090D6002000B583B04FF40053ADF806307C
:10E5C000094B5B6B43B1094A506B28B1BDF806108B
:10E5D00089B29847ADF80600BDF8060080B2EFF7A3
:10E5E000B1FB03B05DF804FBD0D6002090D600202C
:10E5F00000B583B04FF48043ADF80630094B9B6BF8
:10E6000043B1094A906B28B1BDF8061089B298470A
:10E61000ADF80600BDF8060080B2EFF793FB03B03B
:10E620005DF804FBD0D6002090D6002000B583B062
:10E630004FF40043ADF80630094BDB6B43B1094A98
:10E64000D06B28B1BDF8061089B29847ADF8060026
:10E65000BDF8060080B2EFF775FB03B05DF804FB70
:10E66000D0D6002090D600200120704701207047AE
:10E6700001207047034A0260034A026000224260A0
:10E68000027270474C2403086C200308044A02609D
:10E69000044A0260044A026000224260027270472B
:10E6A000742403084C2403086C20030810B50446A6
:10E6B000054B0360054B03600023436003720C218C
:10E6C0000BF0A8FF204610BD4C2403086C20030863
:10E6D00010B50446064B0360064B0360064B03600F
:10E6E00000234360037228210BF094FF204610BDE5
:10E6F000742403084C2403086C20030808B5037A2B
:10E700000BB9072008BD827A818C006AEFF7E8FA1E
:10E710000020F7E708B5037A0BB9072008BD827A15
:10E7200082F00102818C006AEFF7DAFA0020F5E747
:10E7300008B5037A0BB9072008BD818C006AEFF792
:10E74000E7FA0020F8E70000437A013BDBB28F2BA9
:10E7500021D870B50446027AFAB91909104A52F85C
:10E760002100206203F00F030E4A32F81330A38415
:10E77000012626610025656194F82620A2612146C4
:10E7800041F80C3FEEF7EEFF267223689B692046A6
:10E790009847284670BD072070470520FAE700BF5C
:10E7A0003400002024230308037A43B110B5044643
:10E7B000818C006AEFF7B6F90020207210BD0520A9
:10E7C00070470000074A0260002202724260064958
:10E7D00001600649016080F826204272012282729F
:10E7E000704700BF6C2003084C24030874240308FE
:10E7F0000020704700207047044A026000228260B7
:10E80000C260034901600271704700BF9C24030885
:10E8100058FF0208012070470120704782B002AB08
:10E8200003E90600012002B0704701207047012073
:10E8300070470120704701207047012070477047E2
:10E8400070477047704770470246002300E001336D
:10E85000012B09DC054951F823000028F7D0D0F836
:10E86000C0109142F3D100E00020704710D7002083
:10E8700008B5FFF7E9FF10B10268526C904708BD78
:10E8800008B5FFF7E1FF10B10268D26C904708BDF0
:10E8900008B503689B6C984708BD70477047704780
:10E8A00010B50446C0F88C10D0F890302BB16268D7
:10E8B000D4F890301A60204610BD082006F0BCFD48
:10E8C000C4F89000F3E7000010B50446064B03605F
:10E8D00000238360C360054A0260037114210BF0BA
:10E8E00099FE204610BD00BF9C24030858FF020873
:10E8F000037A0BB90520704710B50446D0F8C00064
:10E90000F1F710F9D4F8C0300022C3F88C2010BD04
:10E9100010B50446D0F88C305BB1D0F8C020D0F8E8
:10E920009030D2F88C205A60D0F88C30D0F890001B
:10E930009847D4F8C030D3F88C2012F0040F04D0DC
:10E940001A68936943F040039361D4F8C030D3F858
:10E950008C2012F0010F04D01A68936943F40073FD
:10E960009361D4F8C030D3F88C2012F0080F04D093
:10E970001A68936943F480739361D4F8C030D3F874
:10E980008C2012F0020F04D01A68936943F08003C0
:10E990009361D4F8C00090F88930DBB2012B14D118
:10E9A000D4F8C030D3F88C2012F0100F10D1D4F866
:10E9B000C000D0F88C3013F4807F14D1D4F8C0009C
:10E9C000D0F88C30012B11D810BDF1F7A1F9E7E791
:10E9D000D3F88000E5F702F8D4F8C030D3F884000B
:10E9E000E4F7FCFFE3E7F1F79DF8E7E7EFF7C4FB97
:10E9F000D4F8C000EFF768FAE6E708B50121143053
:10EA000006F0DBFE08BD70B5054600F18006C0F8D3
:10EA100088600BE0D5F888301B685A68BAB1C5F831
:10EA20008830012105F1140006F04EFED5F888303B
:10EA30005C687CB16069A368002BEBD0012100F019
:10EA40002DFC2061A36804F10C009847E2E7C5F8AB
:10EA50008860E6E74FF47A7105F1140006F034FEA1
:10EA6000E4E72DE9F0410446007A18B9072420466E
:10EA7000BDE8F08117461E4604F1C408404606F082
:10EA800032FF182006F0D8FC0546142006F0D4FC0E
:10EA90006861EE60AF604146284606F024FF2946D3
:10EAA00004F1800006F0F2FE04460528DFD1686913
:10EAB00006F0CEFC284606F0CBFCD8E72DE9F04165
:10EAC00090F80980B8F1010F56D10646037A002B61
:10EAD00055D000232B4A42F828300372D0F8C000EA
:10EAE000EFF74AFB00B98046D6F8804008E0284698
:10EAF00006F0AEFC00236360204606F0A9FC3C460D
:10EB00004CB127686568002DF6D068690028EED002
:10EB100006F09EFCEBE7D6F884403CB1606940BB50
:10EB2000204606F095FC0023C6F884300023C6F882
:10EB30008030D6F8900020B106F08AFC0023C6F899
:10EB40009030D6F8C0200023C2F89030D6F8C0200C
:10EB5000C2F89830D6F8C020C2F8A83006F11400E8
:10EB600006F003FE06F1CC0006F0EAFC4046BDE8E4
:10EB7000F08106F06DFCD3E74FF00708F6E74FF0A1
:10EB80000508F3E710D70020F8B5457A012D79D1B3
:10EB90000446037A002B78D1C3680BB90823C360FD
:10EBA0003B4B03EB45135868C4F8C000EFF7E4FA99
:10EBB000237C2BB1D4F8C020364951F82330D360E0
:10EBC000637C2BB1D4F8C020334951F82330136152
:10EBD000A37C2BB1D4F8C020304951F823305361C5
:10EBE000E37C2BB1D4F8C0202D4951F82330D361F8
:10EBF000D4F8C000EFF768F90646002843D1D4F8EE
:10EC0000C030284AC3F89020D4F8C030264AC3F850
:10EC10009820D4F8C030254AC3F8A8206D011C4BB9
:10EC20005F59394604F11C0006F070FE002684F896
:10EC30004060E3686362E4624FF40063A3621C4BCC
:10EC4000636304F1140006F049FD04F1D40539466C
:10EC5000284606F05BFE1749284606F06BFE84F84E
:10EC6000DC6004F1CC0006F051FC064658B904F112
:10EC7000F40006F0BFFD627A0F4B43F822400123F7
:10EC8000237200E007263046F8BD0526FBE700BFEB
:10EC900034220308282203081C2203081022030838
:10ECA000EC21030861F1010871E8010881E801081D
:10ECB00091E8010804EA020810D70020036803B3B2
:10ECC00010B582B0044606F024FB08B902B010BDAE
:10ECD00006F018FB78B10021019101AA2068F5F730
:10ECE00089FF019B002BF1D04FF0E0234FF08052C1
:10ECF000C3F8042DEAE74FF0FF312068F5F7A0FED6
:10ED0000E4E7704708B5F430FFF7D8FF08BD0368A3
:10ED10000BB310B582B0044606F0FBFA08B902B096
:10ED200010BD06F0EFFA78B10023019301A9206825
:10ED3000F5F752FD019B002BF1D04FF0E0234FF08F
:10ED40008052C3F8042DEAE700231A4619462068CA
:10ED5000F5F7EFFBE3E7704708B5F430FFF7D7FFAF
:10ED600008BD2DE9F04184B01D46037A23B907247C
:10ED7000204604B0BDE8F08104460F46164600F177
:10ED8000F808CDF80C804046FFF798FF4FF47A73EF
:10ED900005FB03F30093ABB232463946D4F8C0000A
:10EDA000EFF716FF04464046FFF7B1FFE0E74046A5
:10EDB000FFF7ADFF0BF050FDF0B583B0037A1BB940
:10EDC0000724204603B0F0BD04460E46154600F168
:10EDD000F80701973846FFF771FF4FF47A7305FB88
:10EDE00003F3AAB23146D4F8C000EFF7FBF90446AA
:10EDF0003846FFF78CFFE4E73846FFF788FF0BF053
:10EE00002BFD70B584B06B4683E80600037A7BB3B4
:10EE1000044615461AB90025284604B070BD00F115
:10EE2000F80603963046FFF749FF0099AAB2D4F8D6
:10EE3000C000D0F880305BB1F0F72AFA05469DB9E2
:10EE40004FF47A72012104F1CC0006F054FB08E083
:10EE5000ADB24FF47A7305FB03F3EFF7C3F9054640
:10EE6000EDE7012800D001253046FFF750FFD3E73A
:10EE70000225D1E70398FFF74AFF0BF0EDFCF0B550
:10EE800083B004460F46154600F1F8060196304659
:10EE9000FFF714FF237A83B14FF47A7305FB03F372
:10EEA000AAB23946D4F8C000EFF7B0FB04463046AA
:10EEB000FFF72DFF204603B0F0BD0724F7E73046EB
:10EEC000FFF725FF0BF0C8FC2DE9F04182B01F468B
:10EED000037A23B90725284602B0BDE8F08104462D
:10EEE0000D46164600F1F808CDF804804046FFF7BD
:10EEF000E5FEBBB232462946D4F8C000F0F784FBE9
:10EF0000054630B90222012104F1140006F05AFC32
:10EF100004E0D4F8C000F0F705FE01E0012803D1B9
:10EF20004046FFF7F4FED6E7D4F8C000F0F7FAFD4C
:10EF30000325F5E74046FFF7EAFE0BF08DFC0000E5
:10EF400010B50446FCF7ACFE0A4B23600023236394
:10EF5000A365E3652366636684F82C30A363E363EB
:10EF600023646363E36463656364A3642365A366E6
:10EF7000204610BD943A030838B50446114B03608F
:10EF800000254572C5600123037402234374837412
:10EF90000323C3748562C0F88450C0F88850C0F859
:10EFA0008C50C0F89050D0F89830DB68A03098476B
:10EFB00004F11400FBF75AFE034B236065602572D1
:10EFC000204638BDC02403086C20030810B5044651
:10EFD000FFF7D2FFC02120460BF01CFB204610BDDE
:10EFE00010B50446174B0360D0F8F80008B1F5F7E8
:10EFF00073FED4F8F40008B1F5F76EFE124BC4F8B6
:10F00000CC300023C4F8F030C4F8E430C4F8E83061
:10F01000C4F8EC30C4F8E0300C4AC4F8CC20C4F892
:10F02000D430C4F8D8300A4AC4F8CC2084F8D030A0
:10F03000C4F8C430C4F8C8302046FFF79DFF20460E
:10F0400010BD00BF18250308483A03089C24030894
:10F0500058FF020810B50446FFF7C2FF4FF4A8712D
:10F0600020460BF0D7FA204610BD000010B504462C
:10F07000144B0360002303724360134B40F8143BAE
:10F08000FFF75EFF06E00F4B2360002363602372EF
:10F090000BF0E2FB0D4BC4F8983000236372E36081
:10F0A0000122227402226274A2740322E274A36217
:10F0B000C4F88430C4F88830C4F88C30C4F8903078
:10F0C000204610BD6C200308C024030868250308EF
:10F0D00070B504460E46FFF7C9FF1A4B23600025A2
:10F0E000C4F8C450C4F8C850174BC4F8CC3084F8E6
:10F0F000D050164BC4F8CC30C4F8D450C4F8D85013
:10F1000084F8DC50124BC4F8CC30C4F8E050C4F89A
:10F11000E450C4F8E850C4F8EC50C4F8F050C4F817
:10F12000F450C4F8F8505022294604F1FC000DF0C8
:10F1300075FD6672E57425746574A574C4F8C050D5
:10F14000204670BD1825030858FF02089C240308B8
:10F15000483A030808B50121CC3006F0C3F908BDD0
:10F1600008B5FFF771FB08B1FFF7F4FF08BD000019
:10F1700008B504200BF0AAFA00220260034A0260DC
:10F18000034A0260034A04490BF008FF7C4003086D
:10F190002C41030839B102081841030808B5134689
:10F1A0000A4601460020FFF7E3FF000070B5054660
:10F1B0000C46064656F8083BDB68304698472368FD
:10F1C0002146044A41F8082B2B609B68304698473B
:10F1D000284670BD6825030810B58AB004460B6840
:10F1E000094A41F8082B00939B6802A89847694692
:10F1F00004F19800FFF7DAFF009BDB6802A898474C
:10F2000020460AB010BD00BF68250308024A1368F3
:10F2100001331360704700BF18D70020034B1B68F1
:10F220000BB1586A70470020704700BF30B2002011
:10F2300038B504460D46FFF7F1FF2844206120460B
:10F2400038BD000038B504460D46FFF7E7FF2369D7
:10F25000C31A217A054A52F82120B3FBF2F39D42EA
:10F2600001D3002038BDE3600120FBE778250308C7
:10F2700038B504460D46FFF7D1FF2369C31A217A3A
:10F28000054A52F82120B3FBF2F39D4201D9002038
:10F2900038BDE3600120FBE77825030870B505461B
:10F2A0000E46FFF7BBFF2B69C41A2A7A064B53F8A8
:10F2B0002230B4FBF3F4012E02D0EC60204670BD86
:10F2C000FFF7ACFF2861F8E77825030808B5FFF7DA
:10F2D000A5FF024BA3FB0030800908BDD34D62108F
:10F2E00010B5044C2046E1F78DF9034BC4F8843087
:10F2F00010BD00BF30B200200DF2010838B5044641
:10F30000124B036000254572C5604FF4E133036181
:10F310000575457501238375C57505766423C3613D
:10F32000036280F8245080F8255005634563056426
:10F3300045648563C563836CDB6850309847044B34
:10F34000236065602572204638BD00BF9025030804
:10F350006C200308012070470120704790F82400BA
:10F36000704790F82500704790F82400704790F897
:10F37000250070470146002300E00133032B08DC21
:10F38000054A52F823000028F7D0426F8A42F4D190
:10F3900000E00020704700BFD008012010B5074CE6
:10F3A00008E0A4F58453A3F10C0453F80C3C1B684B
:10F3B00020469847024B9C42F3D110BDD008012053
:10F3C0002CD7002010B504460164436C23B1626859
:10F3D000636C1A60204610BD0C2006F02DF86064A6
:10F3E000F5E710B504468163C36B23B16268E36B34
:10F3F0001A60204610BD0C2006F01EF8E063F5E709
:10F4000010B504460163436B23B16268636B1A60F5
:10F41000204610BD082006F00FF86063F5E730B510
:10F4200085B083681BB10525284605B030BD04466C
:10F430000C3006F0CFF9054608B10125F4E70022AB
:10F440000292019204F16003009304F18803012108
:10F450004FF48050F5F72EFEA0600028E4D101257E
:10F46000E2E70000F8B5437A5A1ED2B2022A00F24F
:10F4700015810446027A002A40F012818A4D03EB7E
:10F48000430205EBC2025168416791899068FEF71B
:10F490001DF984F82400637A03EB430205EBC202F2
:10F4A000918A1069FEF712F984F82500236A0BB9D6
:10F4B000FE232362E3690BB90A23E361236913B9CD
:10F4C000636F5B682361E3680BB90823E360606FD7
:10F4D000F1F76AFA0546002840F0E380636F22697D
:10F4E0005A60217D636F714A52F82120DA60617D94
:10F4F000636F6F4A52F821201A61A17D636F6D4AD4
:10F5000052F821209A60606FF1F7EEF90546002865
:10F5100040F0C780636F684AC3F8A020636F674AF2
:10F52000C3F89820636F664AC3F8A420A36F002B2A
:10F530004CD0E36F002B4ED00023C4F88030606FB6
:10F54000D0F88030002B4BD0228CA16FF1F7B4FCA7
:10F550000546002840F0A580637A03EB4303524A36
:10F5600052F8331004F18C0006F0D0F9E368C4F8C7
:10F5700094304FF40063C4F89830E369C4F8A030C5
:10F58000C4F89C404F4BC4F8A43004F1840006F04A
:10F5900013F80546002840F0848004F1D800FFF7F6
:10F5A0003EFF054600287CD1D4F8E03003B304F5D3
:10F5B0008B500830FCF722FA0546002843D1627AC6
:10F5C000414B43F82240012323726AE0206A05F090
:10F5D00033FFA067ADE7FE2005F02EFFE067ABE745
:10F5E000228CA16FF1F74EFB05460028B4D058E0FD
:10F5F000364D2B685B6A3649284698472B689E69CA
:10F60000FFF764FE01462846B04703685B6931494D
:10F61000984703689B6940F27F21984703685B69BC
:10F620002D49984703685B692C49984703689B6993
:10F63000617A984703685B692949984703685B6961
:10F6400028499847B3E7214E33685B6A2049304622
:10F65000984733689F69FFF739FE01463046B8473F
:10F6600003685B691B49984703689B694FF42271E3
:10F67000984703685B691849984703685B691749AD
:10F68000984703689B69617A984703685B691649E4
:10F69000984703685B691349984702E0072500E033
:10F6A00005252846F8BD00BFC4220308B022030880
:10F6B000B8220308A422030895FF010825020208C6
:10F6C0009DF9010869FF0108D0080120E008012028
:10F6D000F4E60208E4E4020824E502080CEA020861
:10F6E00018EA020844E5020824EA020870B5437AE1
:10F6F0005A1ED2B2022A42D80446274D03EB4302D7
:10F7000005EBC2025168416791899068FDF7DEFF01
:10F7100084F82400637A03EB430205EBC202918A6A
:10F720001069FDF7D3FF84F82500606FF1F73CF90D
:10F730000546237A33B3A36F33B3E36F33B3236A3E
:10F7400033B3236933B300262672627A134B43F82E
:10F75000226004F1840005F09BFF04F58B50083013
:10F76000FCF734FA04F1D80005F0DBFDA06F05F0DA
:10F770006FFEE06F05F06CFEA667E66700E0072508
:10F78000284670BD0725FBE70725F9E70725F7E7BA
:10F790000725F5E70725F3E7C4220308D008012071
:10F7A00010B50446FFF7AAFD702120460AF032FF8B
:10F7B000204610BD38B502250E4C12E00E4B2360DA
:10F7C000002121710D4B2360A160E160502204F102
:10F7D00010000DF023FA0A4B2360013D04F5845418
:10F7E0000C34002DEADA074A074900200AF09AFE95
:10F7F00038BD00BF2CD7002058FF02082C3A030860
:10F80000CC250308000000209DF3010810B5044634
:10F81000064B036005F085FDE06808B1F5F75CFA7A
:10F82000034B236000232371204610BD2C3A0308AC
:10F8300058FF020810B50446024B0360FFF7E6FFCD
:10F84000204610BDCC25030810B50446054B0360C7
:10F85000FFF7DCFF41F28C0120460AF0DBFE204678
:10F8600010BD00BFCC25030810B50446FFF7CEFF3E
:10F87000602120460AF0CEFE204610BD10B5044699
:10F88000084B03600023C36243638363C363036362
:10F890008364036503644364C364FBF7C3F92046D0
:10F8A00010BD00BF6C3A030810B504460A4B036054
:10F8B00000F58B500830FCF7A9F92046074B40F8BB
:10F8C000D83FFFF7A3FF04F18400FFF7D7FF2046DE
:10F8D000FFF714FD204610BDE8250308CC250308DA
:10F8E00010B50446FFF7E0FF42F6983120460AF0D3
:10F8F00091FE204610BD10B50446FFF7BFFF54210E
:10F9000020460AF087FE204610BD000038B50446A8
:10F910000A4600F10A05074928460DF077F8204409
:10F920000023837223685B6A294620469847204655
:10F9300038BD00BF00E90208436FD3F8902012F0F1
:10F94000010F02D01B6801221A62436FD3F8902086
:10F9500012F0020F02D01B6804221A62436FD3F820
:10F96000902012F0040F02D01B6802221A62436F2B
:10F97000D3F8902012F0080F02D01B6808221A62F8
:10F98000436FD3F8902000F50050C0F8902BD3F8C7
:10F990009020014B1A60704728D7002008B5FFF768
:10F9A000E9FC08B1FFF7C8FF08BD00002DE9F047EA
:10F9B000C0B004466EE0226A0021A06F0DF02EF95F
:10F9C0000023C4F88030228CA16F606FF1F774FAC5
:10F9D00004F5005393F8943B23B1754B1B68002B3F
:10F9E00040F0A880626FD2F88030002B00F0DC80FD
:10F9F0001B689E6CB6B2236AA3EB0608D4F880504D
:10FA0000A8EB050504F5005393F8943B1BB1637A0A
:10FA1000032B00F0E380002DC0F24281002D40F363
:10FA2000A381236C002B40F09D81A36B73B1E36B2A
:10FA30009D60E36B627A5A606268E36B1A60A36B45
:10FA4000A16FD4F880201144E06B9847A26C594B09
:10FA50009A420CD0A36FD4F880100B442093ADF8D9
:10FA6000005013686A4620A904F150009847A76F18
:10FA7000D4F880301F44C4F8808004F5005393F814
:10FA8000943B1BB1637A032B00F0718104F1840075
:10FA900005F08DFD04F50053D3F8903B002B97D073
:10FAA00004F50053D3F8906B0022C3F8902B424D1D
:10FAB0002B685B6A4149284698472B689F69FFF786
:10FAC00005FC01462846B84703685B693C499847EE
:10FAD00003689B69B921984703685B69394998476E
:10FAE00003685B693849984703689B69617A98475E
:10FAF00003685B69354998473146FFF707FF03689C
:10FB00005B6933499847002E3FF462AF636FD3F8C7
:10FB10008030002B7FF44FAF226A0021A06F0DF0E0
:10FB20007DF80023C4F88030228CA16F606FF1F75C
:10FB3000A9F84DE7F8F7E2FF264B1B68C31A41F21C
:10FB4000873293427FF64EAF224B18601A4D2B68D6
:10FB50005B6A1A49284698472B689E69FFF7B6FBEF
:10FB600001462846B04703685B6915499847036812
:10FB70009B69D421984703685B69124998470368D9
:10FB80005B691149984703689B69617A98470368E4
:10FB90005B6911499847064B1968FFF7B7FE036880
:10FBA0005B690B4998471DE7B2F85E60B6B222E781
:10FBB00028D7002068250308E0080120F4E60208A1
:10FBC000E4E4020824E502083CEA020844EA0208E8
:10FBD00044E5020824D700205CEA0208DFF8AC9272
:10FBE000D9F800300133C9F80030994F3B685B6A9F
:10FBF0009849384698473B68D3F818A0FFF766FB4A
:10FC000001463846D04703685B69934998470368C3
:10FC10009B69EB21984703685B69904998470368A3
:10FC20005B698F499847D9F80010FFF76FFE0368AA
:10FC30005B698C49984703689B693146984703681C
:10FC40005B698949984703689B69414698470368FF
:10FC50005B698649984703689B69D4F88010984788
:10FC600003685B698249984703689B6929469847FE
:10FC700003685B697F499847636FD3F88C1003680A
:10FC80009B69984703685B697B499847636FD3F822
:10FC90009010FFF73BFE03685B6978499847BAE626
:10FCA000236A1D44A36B33B1FE2D04DDD4F88030EC
:10FCB00003F1FE08FE25002704E0A26FE36F925DCA
:10FCC000DA550137BD4219DDD4F880603E44236A1D
:10FCD000B34200DCF61A236C002BEED0636C002BD1
:10FCE000EBD0A26F925D1A72636C627A5A6062689E
:10FCF000636C1A60236C606C9847DEE7A36B5BB1A2
:10FD0000E36B9D60E36B627A5A606268E36B1A6032
:10FD1000A36BE16FE06B9847A36C594A934209D0FB
:10FD2000E26F2092ADF800501B686A4620A904F1EA
:10FD300050009847E76FC4F880809EE6D4F8803082
:10FD40003344A16F626CCB5C1372636C627A5A604D
:10FD50006268636C1A60236C606C98470136AE422F
:10FD6000ECDB62E60026FAE700252F4685E6002D4B
:10FD70007FF78CAE002F3FF489AEF8F7BFFE414B02
:10FD80001B68C31A41F2873293427FF67FAE3D4B28
:10FD9000186080263246002168460CF03FFF32464C
:10FDA00000210DEB06000CF039FF0026B046B246EC
:10FDB00019E04B46344ACAF180010DEB0A000CF001
:10FDC000F1FD0AF1030A15E0B9F10D0F22D0B9F1E6
:10FDD0000A0F2ED008F580736B442E2203F8802C76
:10FDE00008F101080136B54252DD17F80690BAF164
:10FDF0007B0FDED9B8F17C0FF4D8A9F12003DBB278
:10FE00005E2BE1D808F580736B4403F8809C08F101
:10FE10000108E7E708F580726A445C2102F8801C5B
:10FE200008F201136B4408F10208722203F8802CD7
:10FE3000D8E708F580726A445C2102F8801C08F259
:10FE400001136B4408F102086E2203F8802CC9E705
:10FE5000E0080120F4E60208E4E4020824E50208D0
:10FE60006CEA020874EA020880EA020888EA0208DA
:10FE700094EA020898EA0208A0EA020844E50208A7
:10FE8000682503081CD70020A8EA020820D7002014
:10FE9000DFF8CC902C4E33685B6A49463046984771
:10FEA00033689F69FFF712FA01463046B847DFF81A
:10FEB000B48003685B694146984703689B694FF4C7
:10FEC000BA719847214F03685B69394698470368C0
:10FED0005B691F49984703689B69294698470368EF
:10FEE0005B691C49984703685B69694698471A4DE6
:10FEF00003685B692946984733685B6A4946304620
:10FF000098473368D3F81890FFF7E0F90146304678
:10FF1000C84703685B694146984703689B6940F29C
:10FF20007511984703685B693946984703685B69B0
:10FF30000A49984703685B6920A9984703685B6989
:10FF400029469847A2E500BFE008012024E5020801
:10FF5000B0EA0208C0EA020844E50208CCEA020856
:10FF6000F4E60208E4E4020808B5FFF71FFD08B54F
:10FF70000346406FD0F880203AB1526B02B108BD01
:10FF80001A8C996FF0F798FFF9E71A8C996FF0F7D0
:10FF900079FEF4E708B5FFF7EDF908B1FFF7E7FFE1
:10FFA00008BD000070B50546012005F07DFAD5F8C2
:10FFB000E030002B38D1284C23685B6A2749204663
:10FFC000984723689E69FFF781F901462046B047AC
:10FFD000234C03685B692146984703685B692149A4
:10FFE000984703685B692146984703689B6940F21C
:10FFF000A911984703685B691B49984703685B69C7
:020000040802F0
:100000001A49984703689B69697A984703685B694E
:100010001749984770BD2146F0F7A0FD4FF0FF3219
:1000200001210020F7F782FA05F5DC5410344FF077
:10003000FF334FF48052214605F1D80005F0F0F966
:1000400002460028F0D0686FC36F002BE3D0214632
:10005000F0F76AFEE2E700BFE008012074E602085C
:10006000E4E40208E0EA020824E5020820EB0208C2
:1000700028EB020810B582B002AB03E90600037A50
:1000800073B1144672B1B2F5006F0DD80A2392B263
:10009000D83005F0C1F9001B18BF012002B010BD17
:1000A0000220FBE70020F9E70420F7E7037A6BB1B1
:1000B00000B583B00A684B680092019302AB13E964
:1000C0000600FFF7D7FF03B05DF804FB022070477E
:1000D000037A5BB100B583B00091019202AB13E9E2
:1000E0000600FFF7C7FF03B05DF804FB022070476E
:1000F00070B50446436FD3F88030002B38D0026AC5
:100100000021806F0CF08AFD0023C4F88030228C1F
:10011000A16F606FF0F7D0FE1C4D2B685B6A1C4925
:10012000284698472B689E69FFF7D0F80146284675
:10013000B04703685B691749984703689B6940F2B9
:100140001631984703685B691349984703685B69F0
:100150001249984703689B69617A984703685B690D
:100160000F49984703685B690E499847002070BDA6
:10017000026A0021806F0CF051FD0023C4F880302A
:10018000228CA16F606FF0F77DFDC5E7E0080120CC
:10019000F4E60208E4E4020824E5020848EB020859
:1001A00054F4020844E5020810B58AB004460B680E
:1001B000094A41F8082B00939B6802A898476946B2
:1001C00004F14800FEF7F2FF009BDB6802A89847A5
:1001D00020460AB010BD00BF68250308C06A28B1D8
:1001E00008B50A460021F7F7DFFC08BD704700F5A7
:1001F000805393F86C3103B9704700B583B0002386
:10020000019301A900F58B500830FFF7E7FF019B30
:100210002BB14FF0E0234FF08052C3F8042D03B010
:100220005DF804FB08B5FFF7A5F808B1FFF7DFFF9D
:1002300008BD08B5FFF7BEFA08BD000008B50748BD
:10024000074B0360002303724360064B0360064BB9
:100250000360064A06490AF065F908BDE008012076
:100260006C20030888200308BC200308000000203D
:1002700099D3010808B5FFF7E1FF08BD10B50446A2
:10028000016000214160502208300CF0C7FC20467C
:1002900010BD000038B504460D4619B90068036862
:1002A000DB6B98472A464FF400410548EDF718FDEF
:1002B000012D00D038BD206803681B6C9847F9E712
:1002C0000008024200B583B0006803685B6A0091D1
:1002D000019202AA12E90600984703B05DF804FBF8
:1002E00000B583B08DF807100A2301220DF1070134
:1002F0000248EDF777FF03B05DF804FB74B100200E
:1003000000B585B000238DF80F308DF80E300A232C
:10031000009301230DF10E020DF10F010348EEF7DA
:1003200057FC9DF80E0005B05DF804FB74B1002089
:10033000C8097047C1F34110704701F01F007047B2
:1003400008B5044B5B5C42EA4312D1B2FFF7C8FF29
:1003500008BD00BF7400002070B504460D46FFF7CD
:10036000ECFF1A2808D829462046FFF7E3FF054688
:10037000174B1B78834200D170BD1F212046FFF729
:10038000DCFF064600212046FFF784FF32460521A8
:100390002046FFF7D5FF03212046FFF7A1FF0121EB
:1003A0002046FFF777FF00212046FFF773FF324614
:1003B00004212046FFF7C4FF29462046FFF790FF9F
:1003C00001212046FFF766FF014B1D70D4E700BFF7
:1003D000FC0E0120F8B504460F461546FFF7ADFFA9
:1003E000064639462046FFF7B7FF00212046FFF7B3
:1003F00051FF324604212046FFF7A2FF294620463E
:10040000FFF76EFF01212046FFF744FFF8BDF8B566
:1004100004460F461546FFF790FF0646394620462C
:10042000FFF79AFF00212046FFF734FF32460521EF
:100430002046FFF785FF29462046FFF751FF01219F
:100440002046FFF727FFF8BDF8B504460D46FFF735
:100450006FFF064629462046FFF76FFF07462946ED
:100460002046FFF779FF00212046FFF713FF3A46A9
:1004700000212046FFF764FF012E09D02046FFF738
:100480003FFF054601212046FFF704FF2846F8BD3F
:100490002046FFF735FFF1E7F8B504460F4615464D
:1004A000FFF74BFF064639462046FFF755FF002170
:1004B0002046FFF7EFFE324602212046FFF740FFBD
:1004C00029462046FFF70CFF01212046FFF7E2FEF8
:1004D000F8BD70B506460C461546D2B2FFF7DCFFF4
:1004E000611C2A0AC9B23046FFF7D6FF70BD000072
:1004F00070B582B00546061D01963046FEF7DEFB5C
:1005000004221F212846FFF782FF40221F21284690
:10051000FFF760FF40221F212846FFF778FF3921AF
:100520002846FFF791FF044601E0013CE4B22CB1FC
:1005300040221E212846FFF74DFFF6E70022082142
:100540002846FFF7C6FF41F6FE120A212846FFF7AC
:10055000C0FF41F6FE120C212846FFF7BAFF094BF7
:1005600000221A8004221F212846FFF733FF30465D
:10057000FEF7CDFB02B070BD3046FEF7C8FB0AF0B7
:100580006BF900BFFA0E012070B504460D46164601
:100590000021FFF77FFE1A2203212046FFF7D0FE3D
:1005A000324629462046FFF78DFE01212046FFF7FF
:1005B00071FE70BD2DE9F04104460E46154600213E
:1005C000FFF768FE1A2201212046FFF7B9FE2068D6
:1005D0000368DF6A2B4632462449B84700283FD0DB
:1005E0000746234E33685B6A224930469847336892
:1005F000D3F81880FEF76AFE01463046C0471E4E0B
:1006000003685B693146984703685B691B499847F3
:1006100003685B693146984703689B694FF4A07192
:10062000984703685B691649984703685B691549F1
:10063000984703689B692946984703685B69124994
:10064000984703689B693946984703685B690F4977
:10065000984701212046FFF71DFE0020BDE8F081EC
:1006600001212046FFF716FE0120F7E70C090120C3
:10067000E0080120D8E40208E4E4020854EB020890
:1006800024E502087CEB020898EB020844E5020826
:1006900010B504460021FFF7FDFD1F22062120466C
:1006A000FFF74EFE01212046FFF7F4FD034B002229
:1006B0001A70642004F0F8FE10BD00BFFC0E01208B
:1006C00008B504221F21FFF785FE08BD38B5044692
:1006D0001546FFF732FE0246D4212046FFF7DCFE26
:1006E0002A46D6212046FFF7F4FEEA212046FFF7EE
:1006F000ABFE10F0010FF8D138BD000038B504464C
:10070000006803689B6898474FF4FA7004F0CCFEC9
:100710002046FFF7BDFF002208212046FFF7D9FE43
:1007200041F6FE120A212046FFF7D3FE00221146B1
:100730002046FFF7CEFE224D2A78E4212046FFF71F
:10074000ABFE6A78E5212046FFF7A6FEAA78E221F3
:100750002046FFF7A1FEEA78E3212046FFF79CFE42
:100760002A79E0212046FFF797FE6A79E1212046A9
:10077000FFF792FE0D22C0212046FFF78DFE3222A8
:10078000C2212046FFF788FE40F61242C6212046CD
:10079000FFF79FFE1522C4212046FFF77DFE40F2A1
:1007A000EE52CA212046FFF794FE4FF480721021CA
:1007B0002046FFF78BFF2046FFF782FF012038BD60
:1007C00080000020F0B583B004460D46071D019758
:1007D0003846FEF773FA39212046FFF735FE002828
:1007E00048D02D4B1A8800212046FFF772FE0622C2
:1007F00029462046FFF7DEFEA0B12A88264B1A8044
:10080000AE8816F080061ED06E88043EB6B240F266
:10081000EE539E4200D91E463246A91D2046FFF7E0
:10082000C9FE03E02046FFF763FE2AE030B1042250
:1008300005F2F4512046FFF7BDFE03E02046FFF726
:1008400057FE20E060B12A88013A92B241F6FE13C9
:100850009A4200D91A460C212046FFF73AFE03E0DF
:100860002046FFF745FE10E040221E212046FFF7FC
:10087000B1FD00E000263846FEF749FA304603B0E5
:10088000F0BD0026F7E70026F5E70026F3E7384637
:10089000FEF73DFA09F0E0FFFA0E01202DE9F043E2
:1008A00083B005468946174600F10408CDF8048058
:1008B0004046FEF703FAF8F721F900F10A061F2176
:1008C0002846FFF7C1FD21E010F0020F02D1F8F732
:1008D00015F90AE080221F212846FFF77BFD8022C0
:1008E0001F212846FFF793FD40E0864203D90120EF
:1008F00004F0DAFDE3E780221F212846FFF76AFDB6
:1009000080221F212846FFF782FD37E010F00804FF
:1009100004D01C212846FFF797FDD5E741F6FF12CA
:1009200002212846FFF7D5FD00238DF80330012270
:100930000DF103012846FFF727FE3A4649462846AF
:10094000FFF722FE41F6FF1204212846FFF7C1FD02
:1009500007F5CF521F3292B206212846FFF7B9FDA4
:1009600008221F212846FFF735FD00E001244046FC
:10097000FEF7CDF9204603B0BDE8F0830324F6E787
:100980004046FEF7C4F909F067FF012070470120D7
:100990007047007E7047000038B50446074B03607F
:1009A0000025C56005612946043004F0AFFF65618C
:1009B00025766560A560204638BD00BF2426030863
:1009C00010B50446FFF7E8FF1C21204609F022FE7F
:1009D000204610BD0B68036070470B6803607047CA
:1009E000704708B5836D1B686030984708BD0000EC
:1009F00010B50446054B0360836DDB686030984793
:100A00002046FAF70FF9204610BD00BF4026030824
:100A100010B50446C3689BB183688BB143697BB151
:100A200003696BB1826D094B9A4209D003792BB1EE
:100A3000C06AF8F760F938B9207104E0072002E0D5
:100A400000232371042010BD0120FCE76C10030873
:100A5000C3685BB310B5044683684BB3816D184A15
:100A6000914227D002793ABB41F2B8324261026921
:100A70000AB91822026123632369A36441F2B833DF
:100A8000636404F1A40323644FF4C073E36304F5C7
:100A9000A353A36304F1300221460A48F8F742F851
:100AA000E06258B101232371002010BD042070477B
:100AB0000420FAE70420F8E70520F6E70020F4E731
:100AC0006C100308E309020810B50446FFF790FF15
:100AD0004FF4AF51204609F09DFD204610BD0000A7
:100AE00010B50446FBF7DCF8074B23600023E362F4
:100AF0006363A363E3632363A36423652364636481
:100B0000E364204610BD00BF6C3A030810B586B000
:100B10000C4602AB019303AB009304AB05AA184942
:100B20000BF094FF042819D1059BFF2B19D8049AC8
:100B3000002A18DBFF2A18DC039A002A17DBFF2A99
:100B400017DC029A002A16DBFF2A16DC2370049BAE
:100B50006370039BA370E270012000E0002006B0E8
:100B600010BD0020FBE70020F9E70020F7E7002098
:100B7000F5E70020F3E70020F1E70020EFE700BFF2
:100B8000A0EB0208F8B5814B1B78002B40F0DA800F
:100B9000044604227E4900F5E65010300CF02EF891
:100BA000002850D17B4B1B6804F58055C5F8D03C1C
:100BB000794E33685B6A79493046984733689F6954
:100BC000FEF784FB01463046B847754E03685B6903
:100BD0003146984703685B697249984703685B69C7
:100BE0003146984703689B693A21984703685B69D7
:100BF0006D49984703685B696C49984703689B692E
:100C000095F8D01C98476A4E03685B69314698474F
:100C100003689B6995F8D11C984703685B69314666
:100C2000984703689B6995F8D21C984703685B69ED
:100C30003146984703689B6995F8D31C9847036829
:100C40005B695C499847544D2B685B6A5A49284652
:100C500098472B689E69FEF739FB01462846B04746
:100C60004F4D03685B692946984703685B694D49A6
:100C7000984703685B692946984703689B693F2149
:100C8000984703685B694849984703685B694B4923
:100C9000984704F5805503689B6995F8D01C9847E0
:100CA000434E03685B693146984703689B6995F832
:100CB000D11C984703685B693146984703689B6974
:100CC00095F8D21C984703685B69314698470368DA
:100CD0009B6995F8D31C984703685B693549984729
:100CE00004F5AF50FFF70AFD00282CD02A4D2B68E1
:100CF0005B6A3349284698472B689E69FEF7E6FAF7
:100D000001462846B04703685B6925499847036850
:100D10009B694721984703685B69234998470368A3
:100D20005B692849984703685B69224998472046D0
:100D3000FFF78EFE04F5E6501C3004F04BFD134B1C
:100D400001221A70F8BD144C23685B6A1C492046C6
:100D5000984723689D69FEF7B9FA01462046A847DF
:100D600003685B690E49984703689B69442198476B
:100D700003685B690C49984703685B6912499847A7
:100D800003685B690B499847DCE700BFF414012056
:100D900094E202087C000020E0080120ACEB02088D
:100DA000E4E40208BCEB020824E50208ECEB0208CC
:100DB0000CEC020844E5020874E6020810EC020894
:100DC000F4E6020854EC020834EC0208F0B583B0F3
:100DD00007460C46164600F5E6551C350195284693
:100DE000FDF76CFFD4F8063023606389A3800C4BB9
:100DF0001A68C4F806209B88638106F10E0292B23D
:100E0000214607F5AF50FFF749FD2846FDF77FFF64
:100E100003B0F0BD2846FDF77AFF09F01DFD00BFC5
:100E20008000002070B505460C461646042200F5E9
:100E3000E651103104F118000BF0E0FEE8B9E38848
:100E4000B3F5807F01D0002018E0A368C4F8123009
:100E5000A389E3820A4B1A68A2609B88A381D4F815
:100E60000E30A36105F58055D5F8D03CC4F80E309E
:100E70004FF40073E380304600E0002070BD00BFF7
:100E800080000020002004E031F8023B1844023AC0
:100E900092B2012AF8D82AB10B78184402E083B242
:100EA00003EB1040B0F5803FF9D2C04380B27047E9
:100EB000F8B507460C4616464D8800234B80FFF7D1
:100EC000E1FF854201D00020F8BD2378082B01D036
:100ED0000020F9E700232370324621463846FFF709
:100EE000D1FF60803046EFE7F8B5964653881E0282
:100EF00046EA1326B6B213881C0244EA1324A4B2AD
:100F000093881A0242EA132292B2083A92B200235C
:100F100001E00133DBB200F5805C9CF8CCC69C4557
:100F200022D91F4600EB031C41F28C653CF805C03A
:100F3000B445EED103F2691300EB0313DB7A43B936
:100F400007F2691300EB0313C96859601C81012182
:100F5000997200EB071041F29063C05820B103680A
:100F60009B680EF1080198470020F8BDF8B50546CA
:100F70000C461646042200F5E651103104F110002B
:100F80000BF03CFE10B100263046F8BD6789002307
:100F9000A372E372142221462846FFF773FF8742AB
:100FA00001D00026F0E7A6F1140292B2637A012B79
:100FB00003D0112B21D00026E6E704F114012846C6
:100FC000FFF776FF00F114039EB2C3F3072343EA51
:100FD00006236380002323716371A371E371E368C7
:100FE000236105F58053D3F8D03CE36014222146F9
:100FF0002846FFF747FF6081C6E7134604F1140255
:1010000021462846FFF770FF0026BDE738B50446A5
:1010100000F5B651103100F5AF50FFF7D3FBA0B18A
:1010200004F5B655163504F58053B3F8E2160B02F5
:1010300043EA11239BB2A0F10E0292B240F60601E0
:101040008B4203D0B3F5006F0ED038BD04F5B75115
:1010500004312046FFF7E6FE0028F6D00246294676
:101060002046FFF7B3FEF0E704F5B7510431204600
:10107000FFF77CFFF0E7000010B5044603E04FF4F3
:101080007A7004F011FA0B4B1B78002BF7D0204636
:10109000FFF7BCFFF7F732FD074B1B68C31A41F29D
:1010A0008732934201D9044B18600A2004F0FCF9FE
:1010B000E9E700BFF4140120F014012008B500682E
:1010C000FFF7DAFF08B5FFF7F9FF00002DE9F04F51
:1010D00085B005468B4616461C46BDF83C9000235D
:1010E000019300F5E6571C3703973846FDF7E6FDF8
:1010F00009F12A081FFA88F840F2EE53984500F2E9
:101100008C8009F1080A1FFA8AFA09F11C0189B2D8
:10111000012C63D0022C74D01CB9DBF80030029390
:101120000196414C4FF0FF332360A3803F4B1A6878
:10113000C4F806209B8863810823A3814523A373F9
:101140004FF0000B84F80FB00B0243EA1123238207
:10115000A4F812B0A4F814B08023A3751123E3758A
:10116000A4F818B005F58053D3F8D03CC4F81A3071
:10117000029BC4F81E30142204F10E012846FFF72A
:1011800081FE2083330243EA16236384019A13020B
:1011900043EA1223A3844FEA0A2343EA1A23E3848F
:1011A000A4F828B04A460E9904F12A000BF02AFA56
:1011B0004246214605F5AF50FFF770FB25E041F2AE
:1011C000886202EB03132B441A1D9B7C23B19368A6
:1011D000029393890193A4E7052417E0002305F502
:1011E000805292F8CC269A4209D905EB031241F2BB
:1011F0008C60125AB242E2D00133DBB2EFE7052431
:1012000004E00B4B029301968BE704463846FDF74A
:101210007EFD204605B0BDE8F08F0624F6E738468F
:10122000FDF775FD09F018FB000F0120800000207C
:10123000C0A810FF2DE9F04105460E46002401E04C
:101240000134E4B205F5805393F8CC36A34245D976
:1012500005EB041341F28C615B5AB342F0D1424F6B
:101260003B685B6A4149384698473B68D3F8188029
:10127000FEF72CF801463846C0473D4F03685B69CE
:101280003946984703685B693A49984703685B6940
:101290003946984703689B6940F28711984703686D
:1012A0005B693549984703685B6934499847036827
:1012B0009B693146984703685B693149984705EB5C
:1012C000041403689B6941F28C62A15A9847036831
:1012D0005B692C4998470020BDE8F081032B15D8A5
:1012E00005F58051581C81F8CC0605EB031505F572
:1012F000B4510023CB600B614B618B6141F28C6375
:10130000EE5241F29063EA500120E5E7164C236863
:101310005B6A16492046984723689D69FDF7D6FF0A
:1013200001462046A847124C03685B69214698474E
:1013300003685B690F49984703685B6921469847D2
:1013400003689B694FF4C671984703685B690A4953
:10135000984703685B690C49984703685B690949CA
:1013600098470020B8E700BFE0080120D8E4020851
:10137000E4E40208BCEB020824E5020878EC020869
:1013800080EC020844E5020898EC020830B50446F7
:101390004FF0000C29E00CF1010304EB0C1E04EBF0
:1013A00003130EF5B45E0EF10C0E03F5B4530C33BB
:1013B0000FCB8EE80F000CF1010C5FFA8CFC6B1E5A
:1013C0009C45E8DB04EB031303F5B4530022DA6019
:1013D0001A615A619A6104F58054013D84F8CC5633
:1013E00030BD0CF1010C5FFA8CFC04F5805393F8CE
:1013F000CC566545F4D904EB0C1341F28C629B5A30
:101400008B42EED1DBE700002DE9F04393B00446B8
:10141000884615461F46FAF743FC224B23600026F8
:10142000E6622422314604F130000BF0F7FBDFF8CE
:101430007890C4F85890C4F8A06041F2B8323146B0
:1014400004F1A4000BF0EAFB4FF4C072314604F53E
:10145000A3500BF0E3FBC4F810802B68294641F839
:10146000089B00939B6802A89847694604F15800BE
:10147000FBF7A4F9009BDB6802A89847394604F102
:10148000080004F043FA09E0A36DDB6804F1600092
:1014900098472046F9F7C6FB09F0DEF9204613B05D
:1014A000BDE8F083402603086C10030830B593B004
:1014B00005460C46264B00930290264B6A4618219F
:1014C000FFF7A2FF009BDB6802A89847214605F5BD
:1014D000AF50FEF7D3FE05F5B1501830FFF700FB13
:1014E00012E0009BDB6802A8984709F0B5F905F502
:1014F0008053D3F8E40508B1F3F7EEFB2846FFF775
:1015000077FA09F0A9F9F9E705F58054402200219E
:1015100004F28C600BF082FB002184F8CC1643F6B9
:10152000D603A4F8C83CC4F8CA1CA4F8CE1CC4F85E
:10153000D01CC4F8D41CA4F8D81CC4F8DC1C50225D
:1015400005F5E7500BF06AFB284613B030BD00BF2D
:1015500060260308B0EC020890F854007047583039
:1015600070477430704790ED3E0A704790F8FC0069
:1015700070470B781B021BB24878184370472DE95F
:10158000F0410446006AF8B10F4616461D46E3696D
:10159000E3B10368DB6B9847E06903685B699847D0
:1015A000206A0368D3F82C802B4632463946C04760
:1015B0000546E06903689B699847206A03681B6CCD
:1015C00098472846BDE8F0810125FAE70125F8E7AC
:1015D0002DE9F0410446006AF8B10F4616461D4653
:1015E000E369E3B10368DB6B9847E06903685B6913
:1015F0009847206A0368D3F81C802B463246394648
:10160000C0470546E06903689B699847206A0368FC
:101610001B6C98472846BDE8F0810125FAE70125B3
:10162000F8E730B583B014460023ADF804308DF8E8
:101630000410ADF8003003681D6C02236A4601A94E
:10164000A8479DF80130237003B030BD10B582B0BB
:101650008DF804108DF805200023ADF800300368E4
:101660001C6C02236A4601A9A04702B010BD00000D
:1016700010B400201FE01460002069E0C2F800C030
:10168000002065E0F4EEE56AF1EE10FA02D5146090
:1016900000205DE0C2F800C0002059E0DFED2E6AB6
:1016A000F4EEE67AF1EE10FA04D5B4EEE67AF1EE55
:1016B00010FA4AD401305C1E844248DD00EB40043D
:1016C00001EB840400F1010C0CEB4C0C01EB8C0CD5
:1016D000D4ED017A70EE677A9CED017A30EE477AAC
:1016E000F0EEE76AF0EEC75A9FED1C6AF4EEC66AA8
:1016F000F1EE10FABFD99FED196AF4EEC65AF1EE79
:1017000010FABBD99FED156AF4EEC67AF1EE10FA25
:1017100006DD9FED116AB4EEC67AF1EE10FAB1D48F
:101720000028BBD09C1E8442C4D1DFED0C6AF4EECD
:10173000E67AF1EE10FABDDDB4EEE67AF1EE10FADB
:10174000B8DDC2F800C0002002E0146000E007200D
:101750005DF8044B704700BF0AD723BC0AD7233C6F
:1017600030B583B014460023ADF8043041F0800159
:101770008DF80410ADF8003003681D6C02236A4632
:1017800001A9A8479DF80130237003B030BD2DE9B1
:10179000F04782B00446884691461F46DDF828A0EF
:1017A000002600E0013656451DDA2368DB6C3A4618
:1017B00041462046984705460A20FBF783FF9DB91E
:1017C00023685B6C0DF107024146204698470A20CA
:1017D000FBF778FF9DF807C009EA0C0C8DF807C0ED
:1017E000BC45DFD100E00725284602B0BDE8F08700
:1017F0002DE9F04383B004468846174699460026F3
:1018000000E001364E4519DA2368DD6C3A46414660
:101810002046A84705460A20FBF754FF7DB92368F8
:101820005B6C0DF107024146204698470A20FBF702
:1018300049FF9DF80730BB42E3D100E00725284669
:1018400003B0BDE8F0832DE9F84307468946164604
:1018500098460025072400E0013545450DDA3B6830
:101860005B6C324649463846984704460A20FBF7E7
:1018700029FF3278002AEFD000242046BDE8F88303
:101880002DE9F84307468946164698460025072461
:1018900000E0013545450DDA3B685B6C3246494650
:1018A0003846984704460A20FBF70CFF3278002A96
:1018B000EFD000242046BDE8F88310B50446C1648B
:1018C000036D23B1E268236D1A60204610BD182015
:1018D00003F0B2FD2065F5E710B504464164836C62
:1018E00023B1E268A36C1A60204610BD082003F003
:1018F000A3FDA064F5E710B50446C163036C23B1F2
:10190000E268236C1A60204610BD042003F094FDA9
:101910002064F5E710B504464163836B23B1E268A8
:10192000A36B1A60204610BD042003F085FDA06360
:10193000F5E7000070B584B0036A002B50D0044670
:10194000C369002B4CD08268002A49D04268002A23
:1019500046D05B7A002B64D0037E002B00F08180A0
:101960000368DB6C00224E219847E06910B10368E0
:10197000DB689847D4F8000103F06AFDD4F804014D
:1019800003F066FD0023C4F80031C4F80431E364B9
:101990006363E363237684F85430514D2B685B6AAC
:1019A0005049284698472B689E69FDF78FFC0146F1
:1019B0002846B0474C4D03685B6929469847036841
:1019C0005B694A49984703685B6929469847054619
:1019D00061680291A268039203681B6A98476CE0F1
:1019E0003F4C23685B6A42492046984723689D69BB
:1019F000FDF76CFC01462046A8473B4C03685B6939
:101A00002146984703685B693849984703685B69D2
:101A10002146984703685B6936499847072004B018
:101A200070BD2F4C23685B6A314920469847236874
:101A30009D69FDF74BFC01462046A8472A4C0368E8
:101A40005B692146984703685B69284998470368A2
:101A50005B692146984703685B69274998470720D7
:101A6000DDE71F4D2B685B6A2149284698472B68A4
:101A70009E69FDF72BFC01462846B0471A4D0368C6
:101A80005B692946984703685B691849984703686A
:101A90005B6929469847054661680091A2680192F2
:101AA00003681B6A98472B685B6914492846984766
:101AB0000023009301930520B1E72B685B6910496F
:101AC00028469847002002900390A8E7002300933F
:101AD000019308F0C1FE00230293039308F0BCFEBB
:101AE000E008012074E6020824E50208C4EC0208BC
:101AF000D8E40208D4EC0208F4EC02080CED020869
:101B000018ED020870B504462B4B03600025C56133
:101B10000562002646628662C662066380F85450FB
:101B20000567C666466686668665C6650666C0F84B
:101B30008C50C0F88860C0F88060C0F88460466748
:101B40008667C667C0F8C050C0F8A46029469030C8
:101B5000FDF76EFBC4F8A850C4F8B450C4F8AC50FC
:101B6000C4F8B850C4F8B050C4F8BC50C4F8F4502D
:101B7000C4F8D860294604F1C400FDF759FBC4F845
:101B8000DC50C4F8E850C4F8E050C4F8EC50C4F895
:101B9000E450C4F8F050C4F8F86084F8FC50E563F1
:101BA00025646563A5636564A564E56425652046D1
:101BB000FEF7F2FE204670BD7826030810B50446F5
:101BC000FFF7A0FF4FF48071204608F023FD204668
:101BD00010BD000010B50446094B03600023C0F897
:101BE0000031C0F8043180F80831A0F8FE3000223E
:101BF000C0F81021C0F80C31FFF784FF204610BD5B
:101C0000DC26030810B50446FFF7E4FF4FF48A71A1
:101C1000204608F0FFFC204610BD0000F0B5ADB036
:101C2000044600238DF8073003685B6C0DF1070252
:101C3000752198470A20FBF745FD2368DB6C0122DC
:101C40001121204698471420FBF73CFD23689D6C2A
:101C500005230DF1070275212046A847002866D10B
:101C60009DF80730472B62D184F8FC30804D2B68FB
:101C70005B6A8049284698472B689E69FDF726FBDA
:101C800001462846B0477C4D03685B692946984762
:101C900003685B697949984703685B6929469847F7
:101CA000054661680291A268039203681B6A98471F
:101CB0002B685B6972492846984703689B699DF8C1
:101CC0000710984703685B696E49984700230293A1
:101CD000039323681D6D0323052213212046A84783
:101CE0000546002840F09980614D2B685B6A614988
:101CF000284698472B689E69FDF7E8FA0146284672
:101D0000B0475D4D03685B692946984703685B6986
:101D10005A49984703685B692946984705466168B0
:101D20000691A268079203681B6A98473AE09DF8FB
:101D3000073084F8FC304E4D2B685B6A52492846C8
:101D400098472B689E69FDF7C1FA01462846B047BF
:101D5000494D03685B692946984703685B694749B1
:101D6000984703685B69294698470546616804916E
:101D7000A268059203681B6A98472B685B69404913
:101D80002846984703689B699DF8071098470368A1
:101D90005B693C4998470023049305930125284635
:101DA0002DB0F0BD2B685B69384928469847002361
:101DB0000693079323689D6D94ED0B0A04236A46EE
:101DC00033492046A847009B1A788DF807209B6866
:101DD000C4F88830264D2B685B6A26492846984708
:101DE0002B689E69FDF772FA01462846B047224DDE
:101DF00003685B692946984703685B691F499847F0
:101E000003685B6929469847054661680A91A2689C
:101E10000B9203681B6A98473CE0154E33685B6A77
:101E200019493046984733689F69FDF74FFA0146D4
:101E30003046B847104E03685B69314698470368DF
:101E40005B690E49984703685B69314698470646C7
:101E500061680891A268099203681B6A9847336811
:101E60005B690A493046984700230893099396E72F
:101E7000E008012074E6020824E50208C4EC020828
:101E800028ED02085CEE0208D8E4020834ED0208EE
:101E9000382703082B685B6974492846984703680C
:101EA000DB69009A92ED010A984703685B69704903
:101EB000984700230A930B9323689D6D94ED0C0AB9
:101EC0000F236A466B492046A847009A13789DF86D
:101ED00007100B438DF807309368C4F8D830664D6F
:101EE0002B685B6A6549284698472B689E69FDF711
:101EF000EDF901462846B047614D03685B69294604
:101F0000984703685B695F49984703685B6929469E
:101F10009847054661680C91A2680D9203681B6A98
:101F200098472B685B695849284698470368DB69DE
:101F3000009A92ED010A984703685B6953499847F4
:101F400000230C930D9323681D6D03239DF8072038
:101F500050212046A847054600285BD1464D2B68F6
:101F60005B6A4649284698472B689E69FDF7AEF99B
:101F700001462846B047424D03685B6929469847A9
:101F800003685B693F49984703685B69294698473E
:101F9000054661680E91A2680F9203681B6A984714
:101FA0002B685B693A492846984700230E930F93A4
:101FB00023689D6D94ED090A08236A463549204639
:101FC000A847009B1A788DF807209B68E3662A4D86
:101FD0002B685B6A2949284698472B689E69FDF75C
:101FE00075F901462846B047254D03685B692946C7
:101FF000984703685B692349984703685B692946EA
:102000009847054661681291A268139203681B6A9B
:10201000984745E0184E33685B6A1F493046984739
:1020200033689F69FDF752F901463046B847144EB0
:1020300003685B693146984703685B6911499847B3
:1020400003685B6931469847064661681091A2684B
:10205000119203681B6A984733685B690F493046E1
:10206000984700231093119399E600BF4CED0208A6
:102070005CED020888000020E008012074E60208F8
:1020800024E50208C4EC020860ED02087CED0208B9
:1020900080ED020868270308D8E4020898ED0208DA
:1020A0002B685B698D49284698470368DB69009A6D
:1020B00092ED010A984703685B69894998470023B4
:1020C0001293139323689D6D94ED0A0A0F236A46B9
:1020D00084492046A847009A13789DF807100B43BF
:1020E0008DF807309368C4F8A4307F4D2B685B6A85
:1020F0007E49284698472B689E69FDF7E7F8014618
:102100002846B0477A4D03685B69294698470368BB
:102110005B697849984703685B6929469847054693
:1021200061681491A268159203681B6A98472B682E
:102130005B697149284698470368DB69009A92ED0C
:10214000010A984703685B696C4998470023149318
:10215000159323681D6D03239DF807204F2120460A
:10216000A8470546002857D15F4D2B685B6A5F4939
:10217000284698472B689E69FDF7A8F8014628462F
:10218000B0475B4D03685B692946984703685B6904
:102190005849984703685B6929469847054661682E
:1021A0001691A268179203681B6A98472B685B69AF
:1021B00053492846984700231693179323681D6DAB
:1021C0000323602252212046A8470546002840F0FC
:1021D0009F80454D2B685B6A4449284698472B6889
:1021E0009E69FDF773F801462846B047404D0368E5
:1021F0005B692946984703685B693E4998470368CD
:102200005B6929469847054661681A91A2681B9246
:1022100003681B6A98472AE0334E33685B6A394982
:102220003046984733689F69FDF750F801463046BD
:10223000B8472F4E03685B693146984703685B696E
:102240002C49984703685B693146984706466168A0
:102250001891A268199203681B6A984733685B69F2
:1022600029493046984700231893199397E52B681E
:102270005B6926492846984700231A931B932368D5
:102280001D6D0323742251212046A84705460028CE
:1022900040F09F80144D2B685B6A1449284698478C
:1022A0002B689E69FDF712F801462846B047104D8D
:1022B00003685B692946984703685B690D4998473D
:1022C00003685B6929469847054661681E91A268C4
:1022D0001F9203681B6A984745E000BFB0ED0208F3
:1022E000C0ED020888000020E008012074E6020822
:1022F00024E50208C4EC0208C8ED02087CED0208DF
:10230000E4ED0208D8E40208F8ED020810EE020835
:10231000944E33685B6A94493046984733689F69A6
:10232000FCF7D4FF01463046B847904E03685B691E
:102330003146984703685B698D49984703685B6934
:1023400031469847064661681C91A2681D92036851
:102350001B6A984733685B69864930469847002373
:102360001C931D931BE52B685B698349284698479E
:1023700000231E931F9323681D6D03230D225321F9
:102380002046A8470546002840F08480754D2B68FC
:102390005B6A7A49284698472B689E69FCF796FF46
:1023A00001462846B047714D03685B692946984746
:1023B00003685B696E49984703685B6929469847DB
:1023C000054661682291A268239203681B6A9847B8
:1023D0002AE0644E33685B6A634930469847336845
:1023E0009F69FCF773FF01463046B8475F4E0368AC
:1023F0005B693146984703685B695D4998470368A4
:102400005B6931469847064661682091A26821922F
:1024100003681B6A984733685B6957493046984799
:10242000002320932193BAE42B685B695449284622
:10243000984700232293239323681D6D0323402292
:1024400016212046A8470546002840F09D80454DAE
:102450002B685B6A4949284698472B689E69FCF7B8
:1024600035FF01462846B047404D03685B69294661
:10247000984703685B693E49984703685B6929464A
:102480009847054661682691A268279203681B6AEF
:1024900098472AE0334E33685B6A334930469847A1
:1024A00033689F69FCF712FF01463046B8472F4E4C
:1024B00003685B693146984703685B692C49984714
:1024C00003685B6931469847064661682491A268B3
:1024D000259203681B6A984733685B692849304630
:1024E000984700232493259359E42B685B69254979
:1024F0002846984700232693279323681D6D0323BE
:102500000B225F212046A8470546002868D1236892
:102510001E6D0323232254212046B04723681E6DDD
:102520000323002262212046B0472368DB6C01228E
:1025300076212046984723681E6D032302227B21C3
:102540002046B0472368DB6C00227621204698475E
:102550002368DB6C1F224E21204698476420FBF73E
:10256000B1F81CE4E0080120D8E4020824E50208E0
:10257000C4EC020810EE020838EE020874E6020805
:1025800060EE020878EE0208604E33685B6A6049CC
:102590003046984733689F69FCF798FE01463046FD
:1025A000B8475C4E03685B693146984703685B69CE
:1025B0005949984703685B69314698470646616800
:1025C0002891A268299203681B6A984733685B695F
:1025D000524930469847002328932993FFF7DFBBE1
:1025E0004A4E33685B6A4A493046984733689F6968
:1025F000FCF76CFE01463046B847464E03685B69FF
:102600003146984703685B694349984703685B69AB
:1026100031469847064661682A91A2682B92036862
:102620001B6A984733685B693D49304698470023E9
:102630002A932B93FFF7B3BB00230293039308F075
:102640000BF900230493059308F006F90023069381
:10265000079308F001F900230893099308F0FCF8A8
:1026600000230A930B9308F0F7F800230C930D93C3
:1026700008F0F2F800230E930F9308F0EDF8002312
:102680001093119308F0E8F800231293139308F0C5
:10269000E3F800231493159308F0DEF80023169353
:1026A000179308F0D9F800231893199308F0D4F879
:1026B00000231A931B9308F0CFF800231C931D935B
:1026C00008F0CAF800231E931F9308F0C5F80023F2
:1026D0002093219308F0C0F800232293239308F05D
:1026E000BBF800232493259308F0B6F80023269323
:1026F000279308F0B1F800232893299308F0ACF849
:1027000000232A932B9308F0A7F800BFE0080120CC
:10271000D8E4020824E50208C4EC020878EE0208B6
:1027200098EE020870B584B0036A002B4DD00446C1
:10273000C069002849D0A368002B46D06368002BED
:1027400043D0437A002B62D0237E002B7FD100231D
:10275000237603681B69984730B9E36900229A72AF
:10276000E06903689B689847206A03681B6998477B
:1027700070B9236A01221A74226A02239374226AAE
:102780005374236A2822DA60206A03689B6898479A
:102790002046FFF743FA0546002840F08480D4F82D
:1027A0000031002B00F08280D4F80431002B00F0BF
:1027B0008480206A03681E6B63680293A368039396
:1027C00023464C4A02A9B0477EE04B4C23685B6A23
:1027D0004A492046984723689D69FCF777FD0146E2
:1027E0002046A847464C03685B6921469847036822
:1027F0005B694449984703685B69214698470368C9
:102800005B69414998470725284604B070BD3A4C9A
:1028100023685B6A39492046984723689D69FCF71D
:1028200055FD01462046A847354C03685B692146A3
:10283000984703685B693349984703685B69214699
:10284000984703685B69314998470725DCE72A4DBB
:102850002B685B6A2949284698472B689E69FCF7D4
:1028600035FD01462846B047254D03685B6929467A
:10287000984703685B692349984703685B69294661
:102880009847054661680091A268019203681B6A37
:1028900098472B685B691E49284698470023009398
:1028A00001930525B0E700232376ADE74FF4A07030
:1028B00002F0C2FDC4F8000176E74FF4A07002F008
:1028C000BBFDC4F8040174E700230293039384F86A
:1028D0005430012384F8983084F8CC30237693E781
:1028E00000230093019307F0B7FF002302930393A3
:1028F00007F0B2FFD92D0208E0080120D8E4020851
:1029000024E50208C4EC0208D4EC0208F4EC020846
:10291000E8EE020870B58EB004460D46164611F872
:10292000013B80F8083103689B6B9847C4F8DC00D2
:1029300023689B6BE91C20469847C4F8E000236895
:102940009B6B691D20469847C4F8E400D4F8DC303E
:1029500013F5004F1BD0D4F8E02012F5004F16D02D
:1029600010F5004F13D0D4F8E8100B44C4F8E83049
:10297000D4F8EC301A44C4F8EC20D4F8F030184401
:10298000C4F8F000D4F8F4300133C4F8F43023680C
:102990009B6BE91D20469847C4F8A80023689B6BF1
:1029A00005F1090120469847C4F8AC0023689B6BE9
:1029B00005F10B0120469847C4F8B000D4F8A830C0
:1029C00013F5004F1BD0D4F8AC2012F5004F16D0F1
:1029D00010F5004F13D0D4F8B4101944C4F8B41053
:1029E000D4F8B8100A44C4F8B820D4F8BC20104475
:1029F000C4F8BC00D4F8C0200132C4F8C020D4F818
:102A0000DC2012F5004F68D013F5004F65D0E36C61
:102A1000002B62D0226D002A2ED094F80831537416
:102A2000226D03F00C030C2B14BF0023012313753C
:102A3000D4F8DC20236D9A80D4F8E020236DDA806E
:102A4000D4F8E420236D1A81D4F8A820236D5A818C
:102A5000D4F8AC20236D9A81D4F8B020236DDA81AC
:102A6000236D95F90D201A7423689B6B05F10E01F7
:102A700020469847236D5882D4ED377AF8EEE77AEE
:102A8000CDED007AD4ED387AF8EEE77ACDED017A23
:102A9000D4ED397AF8EEE77ACDED027AD4F88830C1
:102AA000059301230693D4ED2A7AF8EEE77ACDED6B
:102AB000077AD4ED2B7AF8EEE77ACDED087AD4EDEB
:102AC0002C7AF8EEE77ACDED097AE26E0C920D934E
:102AD000E36C07AA6946206D984795F90D3007EE1B
:102AE000103AB8EEC77ADFED106AC7EE267AB3EE79
:102AF000097A77EE877AC4ED447AC4ED3E7A23688A
:102B00009B6B05F10E0120469847C4F80C01102E6E
:102B100002DC00200EB070BDA6F1100205F110011C
:102B20002046FFF7F7FEF5E7E17A0440F8B5037EAB
:102B3000002B00F04081044690F8FD30002B00F09F
:102B40003D8190F85450052D00F23A81DFE815F0F0
:102B500006002B003801430057008600994E336869
:102B60005B6A99493046984733689F69FCF7AEFB2A
:102B700001463046B847954E03685B693146984731
:102B800003685B699249984703685B6931469847D7
:102B900003685B698F499847012384F854300A2001
:102BA00002F082FC08E1032380F854300025C0F8CD
:102BB000F450C0F8E850C0F8EC50C0F8F050C0F83D
:102BC000C050C0F8B450C0F8B850C0F8BC500A208B
:102BD00002F06AFCF0E0D0F800314B221A70D0F815
:102BE0000021022353700268D56BD0F80421D0F87D
:102BF0000011A8470546042384F85430DCE0D0F8DF
:102C00000031AE221A70D0F8002100235370D0F8A2
:102C1000002193700368DD6B0323D0F80421D0F802
:102C20000011A8470546D4F8041123689B6B0131B5
:102C30002046984780B2A4F8FE00431E9BB2B3F52D
:102C40009F7F03D8052384F85430B5E0B0F5A07F0A
:102C5000C0F0B280032384F85430ADE0D0F80031E6
:102C6000B0221A70B0F8FE300268D56B0133D0F88C
:102C70000421D0F80011A8470546D4F80411B4F88F
:102C8000FE2001312046FFF745FED4F8C030002B6E
:102C900010DCD4F8F430002B4CDC636C33B1A36C43
:102CA000D4F8F8205A60636CA06C9847042384F829
:102CB000543081E0012104F19000FCF7EFFAD4EDEB
:102CC0002D7AB8EEE77AD4ED307AF8EEE77AC7EEEF
:102CD000276AC4ED166A94ED2E7AB8EEC77AC7EE6D
:102CE000276AC4ED176A94ED2F7AB8EEC77AC7EE5B
:102CF000276AC4ED186A94ED297A67EE877AC4EDE5
:102D0000197AD4ED277AF8EEE77AC4ED1A7AD4F876
:102D1000C0302367636B1BB104F15801A06B984767
:102D20000023C4F8C030C4F8B430C4F8B830C4F8D4
:102D3000BC30AEE7012104F1C400FCF7AFFAD4EDDA
:102D40003A7AB8EEE77AD4ED3D7AF8EEE77AC7EE54
:102D5000276AC4ED1D6A94ED3B7AB8EEC77AC7EED8
:102D6000276AC4ED1E6A94ED3C7AB8EEC77AC7EEC6
:102D7000276AC4ED1F6A94ED367A67EE877AC4ED50
:102D8000207AD4ED347AF8EEE77AC4ED217AD4F8DB
:102D9000F430C4F88C30E36B1BB104F17401206C87
:102DA00098470023C4F8F430C4F8E830C4F8EC3095
:102DB000C4F8F03071E707252846F8BD0725FBE782
:102DC0000025F9E7E008012074E6020824E502087E
:102DD000C4EC0208F4EE020808B50068FFF7A6FE8E
:102DE00008BD0A88D3B258400301DBB280EA030C65
:102DF0006046030243EA12231BB283EACC0383EA50
:102E00001C130B80704730B583B004464FF6FF7338
:102E1000ADF8063006E00DF1060114F8010BFFF7DE
:102E2000E0FF29464B1E9DB20029F4D1BDF80600F3
:102E300003B030BD70B506460C4605E0314614F8C7
:102E4000010BFFF7CEFF2A46531E9DB2002AF5D193
:102E500070BD00002DE9F04FC9B081460C46D0F896
:102E600008A0D0F80CB00369019341698369C26975
:102E70000292026A0392426A0492002005E054F82A
:102E8000202008AD45F8202001300F28F7DD102064
:102E900022E0821E08AC54F822404FEAF44282EA53
:102EA000744282EA9422C41F08AD55F8244022449B
:102EB000A0F10F0455F824504FEAB54484EAF51404
:102EC00084EAD5042244A0F1100408AD55F824404A
:102ED000224445F8202001303F28DADDDDF810E0FB
:102EE000039E029F1A468846019C5D46D4460020F8
:102EF000CDF814A0CDF818B0079130E04FEAF221D8
:102F000081EAB21181EA7261714402EA070E26EA8F
:102F1000020A8EEA0A0E8E44244951F820100EEB64
:102F2000010A08A951F820108A444FEA7C3E8EEA33
:102F3000BC0E8EEABC5E85EA040101EA0C0105EADA
:102F4000040B81EA0B0171440130B6463E46174638
:102F500008EB0A02A0462C4665460AEB010C3F2806
:102F6000CCDDDDF814A0DDF818B007990CEB0A00F1
:102F7000C9F808005D44C9F80C5001980444C9F828
:102F800010404144C9F814101A44C9F81820029B93
:102F90001F44C9F81C70039B1E44C9F82060049BA1
:102FA0007344C9F8243049B0BDE8F08FDC3703081A
:102FB00000B54FF4A27C4FF0000EE64520D20EEB98
:102FC0000C0301335A0823F0010101EB53030E49AE
:102FD00051F8233083420ED883420FD302EB4203D1
:102FE000094951F8233083420CD102EB420201EB34
:102FF00082005DF804FB02F1FF3CDEE79646DCE769
:103000007246EBE70020F4E7A0280308072070478A
:1030100090F83400704730B4D0F87849312C02D998
:103020000024C0F87849D0F87849651CC0F8785970
:1030300004EB840C00EBCC0CCCF8A82101228CF81A
:10304000B421CCF8C431CCF8C811002030BC704792
:1030500000F6BC200FE0006848B14368002BFAD0AE
:103060001C688C42F7D19B699342F4D101205DF832
:10307000044B7047006820B14368002BFAD010B4AD
:10308000EEE7704700F5CE700FE0006848B1436886
:10309000002BFAD01C688C42F7D1DB699342F4D143
:1030A00001205DF8044B7047006820B14368002B95
:1030B000FAD010B4EEE7704710B400F6BC2000243C
:1030C00001E00068013440B14368002BF9D01B686F
:1030D0008B42F6D11460002000E007205DF8044B1D
:1030E000704710B400F5CE70002401E00068013490
:1030F00040B14368002BF9D01B688B42F6D11460B5
:10310000002000E007205DF8044B70472C3000E001
:10311000006858B14368002BFAD093F801C0944579
:10312000F6D11B788B42F3D10120704770472DE90F
:10313000F04190B080460F461646056805EBC20385
:103140000360AB4202D2436801334360C5F3C50557
:103150000BE008F1280022463946284409F052FACB
:1031600025442744361B402D06D036B3C5F1400414
:10317000A642EED23446ECE708F12802002314E020
:1031800002EB830E0DEB830C9EF803100DF8231059
:103190009EF802108CF801109EF801108CF80210B5
:1031A00012F823108CF8031001330F2BE8DD694669
:1031B0004046FFF74FFE0025D7E710B0BDE8F0818D
:1031C000F0B593B005460E460468E408C4F17704F0
:1031D00004F03F0480238DF80030472200210DF1D8
:1031E000010009F01BFD2B6804F150026A4402F84B
:1031F000483C190A04F14F026A4402F8481C190CB1
:1032000004F14E026A4402F8481C1B0E04F14D0200
:103210006A4402F8483C6B6804F14C026A4402F8C4
:10322000483C190A04F14B026A4402F8481C190C84
:1032300004F14A026A4402F8481C1B0E04F14902D8
:103240000DEB020707F8483C04F1090269462846DD
:10325000FFF76DFFEB7A3370AB7A73706B7AB370F4
:103260002B7AF370EB7B3371AB7B737113B0F0BDD2
:10327000002858D070B59CB00C4616461D46014635
:10328000007810F0010001D11CB070BD4A782346CF
:1032900003F8012B91ED027B8DED007B0098C4F8C3
:1032A0000100BDF804209A808B68CA68013342F19E
:1032B00000028B60CA600023029303931B4B0493AC
:1032C0001B4B05931B4B06931B4B07931B4B089300
:1032D0001B4B09931B4B0A9303F17453A3F5230370
:1032E000A3F692430B932022103102A8FFF71FFF91
:1032F0002A46314602A8FFF71AFF9DF8842020993C
:1033000002A8FFF714FF0222229902A8FFF70FFF7D
:103310000722214602A8FFF70AFFE11D02A8FFF7D6
:103320004FFF0D20B0E70020704700BF67E6096A35
:1033300085AE67BB72F36E3C3AF54FA57F520E51D6
:103340008C68059BABD9831F2DE9F04788B00446F4
:103350001E469DF840C01B7B13F0020308D1306964
:1033600098B1007810F0010F12D100273D4601E01E
:1033700000273D467BB1FE20A0704FF00608E3B960
:1033800004F10C0E9DF844C00EE000273D46F1E725
:1033900001270D25EEE7FD20A0704FF00A08EEE7AB
:1033A0000CF1FF3C5FFA8CFCBCF1010F05D90EEB70
:1033B0000C0010F8010C0028F2D084F803C0E17171
:1033C0002272002222710FB1012222710022627149
:1033D000B279A2710132B271A2788DF81420E2782C
:1033E0008DF81520002B3BD0A3798DF81630E379AA
:1033F0008DF81730237A8DF81830637A8DF81930EC
:10340000C24608F1FF3189B20DF11500FFF7FBFC50
:10341000ADF8120004F10C09E27849460DF11200F2
:10342000FFF708FD0DF112019DF84800FFF7D9FCE8
:10343000E378BDF8122009F80320BDF81220110A24
:10344000E378013309F80310228047BBE3789A44FC
:1034500005EB0A0080B2023080B208B0BDE8F08708
:1034600023798DF8163063798DF81730A3798DF8AC
:103470001830E3798DF81930237A8DF81A30637A91
:10348000A27A43EA0223E27A43EA02438DF81B3030
:103490001A128DF81C201B148DF81D30B0E7E3784C
:1034A00009EB030202920193CDF80090434605AA6E
:1034B00004F58B713069FFF7DBFEC7E730B589B0E3
:1034C00004460D469C460F9B05939DF830308DF8C1
:1034D00018309DF834308DF819309DF838308DF85B
:1034E0001A309DF840308DF81B3003238DF81C30C6
:1034F0000DF1140EBEE80300CCF80C00CCF810104F
:103500009EF800308CF8143000238CF809308CF8C9
:103510000A308CF80B3002EB42023223029309236B
:1035200001930093044B03EBC2032A4621466046F5
:10353000FFF70AFF09B030BDCC1B0120F0B587B002
:103540000C9C25796679A779D4F800C0E4790494B5
:10355000CDF80CC0029701960095FFF7AFFF07B0BA
:10356000F0BD08B503460846DA78002101604160E5
:103570000172092A28BF092203F10C0109F042F85F
:1035800008BD0000002800F0DA802DE9F043A1B06A
:103590000C461546064602F1020902F58B7802F246
:1035A0001D17002306930793664B0893664B0993F8
:1035B000664B0A93664B0B93664B0C93664B0D93CD
:1035C000664B0E9303F17453A3F52303A3F69243C2
:1035D0000F93202200F1100106A8FFF7A8FD0A2290
:1035E000494606A8FFF7A3FDEA7805F10C0106A8F5
:1035F000FFF79DFD022205F58A7106A8FFF797FDEA
:103600000722414606A8FFF792FD04A906A8FFF786
:10361000D7FD0622394604A809F0F0FA30B102239A
:1036200086F83430002021B0BDE8F08395F816719B
:1036300000220023CDE9022305F2171ED5F8170159
:103640000290B5F81B31ADF80C300CB1002306E048
:10365000032386F834300020E5E701339BB222884B
:103660009A4215D995F807C003EBC3002044C178EE
:103670008C45F2D1287A03EBC301214409798842B1
:10368000EBD103EBC308A04498F80210B942E4D18F
:103690009A4223D10F2A17D80299314811EB000C16
:1036A000039840F10008B068F168844578EB0100A8
:1036B0000FD3E87903EBC3012144C870287A08715D
:1036C0008F70013222801DE0042386F83430002000
:1036D000A9E7052386F834300020A4E70020002164
:1036E000CDE9000103EBC3022244D2F805000090AB
:1036F000B2F80920ADF80420029A90420399019A89
:103700008A4117D203EBC3031C44D5F81731C4F820
:103710000530BEF80430A4F809300299039AB06865
:10372000F3688842934101D2B160F260012086F8CB
:10373000340078E7062386F83430002073E7012050
:10374000704700BF67E6096A85AE67BB72F36E3CDF
:103750003AF54FA57F520E518C68059BABD9831F5C
:10376000808D5B002DE9F04383B005460C46904602
:103770001F460A9E00230B70CB78102B7CD8DFE805
:1037800013F011001100350051006C009A00AA00DE
:10379000BA00CA00E900060128014201750175015D
:1037A000B201B201B8F1FD0F11D0B8F1FE0F63D133
:1037B0000223CB700023C37080F802800B7B43F0A0
:1037C00001030B734FF0FF330370437054E0022387
:1037D000CB700023C37080F802800B7B23F00103C1
:1037E0000B734FF0FF330370437045E080F80380A4
:1037F00000230B710388ADF806300DF10601404639
:10380000FFF7EFFABDF806302B80237B13F0010F92
:1038100005D000232B716B710523E3702CE003238B
:10382000E37029E080F80480B8F1010F07D98B78A4
:1038300001338B7000230B700123CB701CE00388D5
:10384000ADF806300DF106014046FFF7CAFABDF8A3
:1038500006302B800423E3700EE080F80580038897
:10386000ADF806300DF106014046FFF7BAFABDF893
:1038700006302B800523E3702378012B00F06F8145
:103880000FB1EB78FB7066B1E378F3702379337195
:1038900063790133737123893381A3787381237B27
:1038A00033730023A3702378022B00F0618120780A
:1038B00003B0BDE8F08380F806800388ADF80630D9
:1038C0000DF106014046FFF78CFABDF806302B805B
:1038D0000623E370D0E780F807800388ADF8063050
:1038E0000DF106014046FFF77CFABDF806302B804B
:1038F0000723E370C0E780F808800388ADF806303E
:103900000DF106014046FFF76CFABDF806302B803A
:103910000823E370B0E780F8098000238372C37244
:103920000388ADF806300DF106014046FFF759FA5D
:10393000BDF806302B80237B13F0010F07D0EB7806
:1039400013B10B23E37097E70C23E37094E709238B
:10395000E37091E7437A827A43EA0223C27A43EA28
:10396000024343EA08224372C2F307238372120C14
:10397000C2720388ADF806300DF106014046FFF72C
:1039800030FABDF806302B800A23E37074E7437ADF
:10399000827A43EA0223C27A43EA024343EA0842B4
:1039A0004372C3F307238372130CC3720388ADF809
:1039B00006300DF106014046FFF713FABDF8063058
:1039C0002B80EB7813B10B23E37055E70C23E370E6
:1039D00052E700F10C030A79511C217103F80280AF
:1039E0000388ADF806300DF106014046FFF7F9F9FE
:1039F000BDF806302B802279EB789A427FF43CAFF9
:103A00000C23E37038E7437A827A43EA0223C07AD0
:103A100043EA0040FFF7CCFA8146F8B100792B88E1
:103A2000ADF806300DF10601FFF7DBF9BDF8063001
:103A30002B80DBB2984516D00E23E37085F81481F5
:103A4000237999F806209342BFF416AF05F10C00D4
:103A5000D21A0021184409F0E1F80DE70E23E370B3
:103A600085F8148108E70D23E370E7E70E2B03D0F8
:103A70000388B8EB132F11D00223237085F815812A
:103A80002B7913F0010F0FD02378022B09D00F23CD
:103A9000E370002323700D236373EDE601230B70A5
:103AA000ECE71023E370F6E7236983B11A6B4AB1A0
:103AB0006B7AA97A43EA0123E97A43EA0141204675
:103AC000904720B92378022B01D0032323700123D0
:103AD000E370002F3FF4D0AE40F22312294638465F
:103AE00008F090FDC8E64B7BC3F10D03034483F857
:103AF00016814B7B013BDBB24B73002B7FF4BCAEDA
:103B0000024649692069FFF73DFD804668B923698F
:103B10001B6B53B16A7AA97A42EA0122E97A42EA36
:103B200001412046984700B18046E378102B05D02C
:103B3000B8F1000F10D00123237001E0022323709D
:103B40000123E370002F3FF497AE40F22312294681
:103B5000384608F057FD8FE603232370F0E7AB7972
:103B6000637123890BB9002262810133238187E6C7
:103B7000002F3FF49CAE95F8143195F8152143EAD7
:103B800002233B8093E6000030B583B004460D4627
:103B900000EB4000009313460A461A4901EBC001AE
:103BA00040F2231C18480CFB0400FFF7DBFD831ECA
:103BB000DBB2012B01D903B030BD124904EB440341
:103BC000D80001EBC3039A7801329A7000220A549C
:103BD0000122DA70FD2D01D00020ECE704EB440255
:103BE00001EBC2030222DA70074940F2231303FB00
:103BF00004F40B190022DA704FF0FF320A555A70A4
:103C0000EAE700BFCC1B0120F814012010B50446E0
:103C10008166C36E23B1E268E36E1A60204610BD70
:103C2000082001F009FCE066F5E710B504460166DE
:103C3000436E23B1E268636E1A60204610BD08200F
:103C400001F0FAFB6066F5E710B504468165C36DC7
:103C500023B1E268E36D1A60204610BD042001F034
:103C6000EBFBE065F5E710B504460165436D23B154
:103C7000E268636D1A60204610BD082001F0DCFB8D
:103C80006065F5E710B504468164C36C23B1E26852
:103C9000E36C1A60204610BD082001F0CDFBE06403
:103CA000F5E710B504460164436C0BB1204610BD26
:103CB000082001F0C1FB6064F8E710B50446816399
:103CC000C36B23B12269E36B1A60204610BD082044
:103CD00001F0B2FBE063F5E770B586B08368002BB6
:103CE00063D004464368002B5FD0036B002B7DD06C
:103CF000436A062B00F29A80037E002B40F0C280BC
:103D0000836A13B94FF48073836263690BB9182314
:103D10006361A06A01F090FB206700256567211DA3
:103D200004F6CC2001F0DFFD84F8F05A6369C4F892
:103D3000D43A4FF48053C4F8D83AC4F8DC4A642328
:103D4000C4F8E03A794BC4F8E43A04F6C42001F030
:103D5000C5FC84F8385B012384F84C3BC4F87C59DB
:103D6000C4F87859724D2B685B6A724928469847A7
:103D70002B689E69FBF7AAFA01462846B0476E4DAC
:103D800003685B692946984703685B696B499847F4
:103D900003685B6929469847054661680491A268F3
:103DA000059203681B6A984798E0614C23685B6A38
:103DB00063492046984723689D69FBF787FA0146C7
:103DC0002046A8475C4C03685B6921469847036816
:103DD0005B695A49984703685B69214698470368BD
:103DE0005B6958499847072006B070BD504C23685E
:103DF0005B6A53492046984723689D69FBF766FA3A
:103E000001462046A8474C4C03685B692146984709
:103E100003685B694949984703685B69214698478D
:103E200003685B69484998470720DDE7404D2B68E8
:103E30005B6A4349284698472B689E69FBF746FA18
:103E400001462846B0473C4D03685B6929469847C0
:103E500003685B693949984703685B692946984755
:103E6000054661680091A268019203681B6A984741
:103E70002B685B69354928469847002300930193D6
:103E80000120B1E72A4D2B685B6A2D4928469847E7
:103E90002B689E69FBF71AFA01462846B047264D63
:103EA00003685B692946984703685B69234998471B
:103EB00003685B6929469847054661680291A268D4
:103EC000039203681B6A98472B685B692049284660
:103ED0009847002302930393052085E72B685B69CD
:103EE0001C492846984703689B69616A984703689C
:103EF0005B691949984703689B69A16A98470368F9
:103F00005B69164998470020049005906CE70023F0
:103F10000093019306F0A0FC00230293039306F0A4
:103F20009BFC00230493059306F096FCD9470208F6
:103F3000E008012074E6020824E5020808EF020800
:103F4000D8E40208E0EC02081CEF02083CEF02088B
:103F500054EF020860EF02086CEF020880EF0208DD
:103F600070B586B08368002B35D004464368002BBB
:103F700031D0436A062B4FD8037E002B78D000F651
:103F8000C42001F0F2FB206F01F062FA00232376D7
:103F9000614D2B685B6A6149284698472B689E698A
:103FA000FBF794F901462846B0475D4D03685B690D
:103FB0002946984703685B695A49984703685B69D3
:103FC00029469847054661680491A26805920368EE
:103FD0001B6A984778E0504C23685B6A5249204638
:103FE000984723689D69FBF771F901462046A84769
:103FF0004B4C03685B692146984703685B694949F4
:10400000984703685B692146984703685B6947499D
:104010009847072006B070BD3F4D2B685B6A424948
:10402000284698472B689E69FBF750F901462846B9
:10403000B0473B4D03685B692946984703685B6955
:104040003849984703685B6929469847054661687F
:104050000091A268019203681B6A98472B685B690C
:104060003349284698470023009301930120D1E764
:10407000294D2B685B6A2C49284698472B689E6916
:10408000FBF724F901462846B047254D03685B69D4
:104090002946984703685B692249984703685B692A
:1040A00029469847054661680291A2680392036811
:1040B0001B6A98472B685B691E492846984700236E
:1040C000029303930520A5E72B685B691A492846EC
:1040D000984703689B69616A984703685B69174959
:1040E000984703689B69A16A984703685B6914490C
:1040F00098470020049005908CE7002300930193DB
:1041000006F0AAFB00230293039306F0A5FB00230D
:104110000493059306F0A0FBE008012074E6020872
:1041200024E5020808EF0208D8E4020890EF02082C
:104130003CEF0208B8EF020860EF02086CEF0208DB
:10414000C4EF0208F8B504460F46164603681B6E16
:10415000984790B9022001F06FF905460770467044
:10416000014604F12C0001F091FB044608B92046F9
:10417000F8BD284601F06CF9F9E70524F7E72DE9C9
:10418000F0410546884617461E4603681B6D3246B9
:1041900039469847B8B9242001F04EF90446076023
:1041A000012303738661C0F81C80014605F6BC201C
:1041B00001F06CFB054610B92846BDE8F0812046A9
:1041C00001F046F9F8E70525F6E72DE9F041054647
:1041D000884617461E4603685B6D32463946984747
:1041E000C8B9282001F028F90446076001230373A9
:1041F000C661069B8361C0F82080014605F5CE703C
:1042000001F044FB054610B92846BDE8F081204680
:1042100001F01EF9F8E70525F6E710B582B004466F
:104220000023019303689B6D01AA984708B102B06F
:1042300010BD019904F6BC2001F007FBF7E710B5AB
:1042400082B00446002301930368DB6D01AA9847FE
:1042500008B102B010BD019904F5CE7001F0F5FA75
:10426000F7E7000010B504461B4B036001234376BB
:104270000023C3610362436203674367836280F87C
:1042800034308363C363036443648364C36403653A
:1042900043658365C365036643668366C36680F8CA
:1042A0007F30C0F8A031C0F8A431C0F8A831C0F800
:1042B0007839C0F87C3980F8873980F8A43AC0F89A
:1042C000C03AC0F8D43A00F6C420F6F7CFFC204636
:1042D000FCF762FB204610BDD027030810B504464A
:1042E000FFF7C0FF4FF43361204606F093F92046F4
:1042F00010BD000010B50446024B0360FFF7B2FF8B
:10430000204610BD3C28030810B50446054B036049
:10431000FFF7A8FF40F65831204606F07BF920460B
:1043200010BD00BF3C28030870B50D4600F6BC2048
:104330000AE00121201DFAF7B1FF2062294604F1AD
:104340001C00B04714E0006888B14468002CFAD023
:1043500022686B7AA97A43EA0123E97A43EA0143A6
:104360009A42F0D1A669002EE3D1072000E0072091
:1043700070BD10B500F5CE74072000E0246844B18C
:104380006368002BFAD00021181DFAF751FF0020B6
:10439000F4E710BD70B5D0F87829D0F87C399A428E
:1043A00048D00446312B02D90023C0F87C39D4F818
:1043B0007C5905EB850304EBC303D3F8C431002B10
:1043C0003BD005EB8500C00000F5E47004F17801F6
:1043D000204498470646C0B9636F05EB850504EB9A
:1043E000C505D5F8CC219D18A16AA94205D8D4F8F5
:1043F0007C390133C4F87C391DE0206F04F17A0167
:10440000184408F0FFF86567F1E7022813D1636FDD
:1044100005EB850504EBC505D5F8CC219D18A16AEF
:10442000A94208D9206F04F17A01184408F0EAF88B
:10443000656700E00026304670BD0026FBE72DE9E9
:10444000F041044600F5CE73C0F8A431072704E01C
:10445000D4F8A4311B68C4F8A431D4F8A4314BB308
:104460005D68002DF4D0EB69002BF1D02E1DA969F9
:104470003046FAF7FDFE0028EAD0D5F81C8000216E
:104480003046FAF7D5FE04F1780105F12000C04767
:1044900006460028DCD1636F6A6A9D18A16AA942AA
:1044A000D6D9206F04F17A01184408F0ABF865679B
:1044B0003746CDE73846BDE8F08100002DE9F043EE
:1044C00087B0044600F6443728493846FAF7D0FE4C
:1044D000002847D004F12C0502E0002025E02D68DB
:1044E000002D3FD06E68002EF9D000210391049179
:1044F000059196F8008096F801903846FAF798FEF4
:10450000A36E002BE9D0E268E36E1A60E36E727866
:104510005A71E36E32781A71A36E03A9E06E984760
:10452000E36E93F8048093F805900028D7D103AB8D
:10453000009304F1780394F8242049464046FEF79E
:10454000FDFF0646636F1918A26A9142C7D2206F19
:10455000324604F17A01184408F054F8636F33448A
:104560006367BCE7022007B0BDE8F08340420F005C
:1045700070B584B004460AE0637E012B20D004238A
:1045800084F83430642104F6C42001F09DF894F8D6
:104590003430072B00F2FF8001A252F823F000BF55
:1045A00079450208D3450208F94502083B4602084E
:1045B000DB460208054702087B47020889470208D4
:1045C0007D4904F64430FAF733FE022384F8343090
:1045D000D8E700236367784904F64430FAF728FEE9
:1045E0002046FFF7C6FE032384F834300A2104F680
:1045F000C42001F069F8CAE72046FFF75FFF636F48
:104600004BB1A26B2AB1E26B5360A36B216FE06BDD
:104610009847002363674FF4FA72012104F6C4201F
:1046200001F0D0F80128B2D1002363672046FFF7DC
:10463000A0FE032384F83430A9E72046FFF73EFFAD
:104640002046FFF7A7FE2046FFF7F9FE636F4BB148
:10465000A26B2AB1E26B5360A36B216FE06B9847AA
:104660000023636740F6B83104F53360FAF7EAFDDA
:1046700000282CD0514D2B685B6A51492846984739
:104680002B689E69FAF722FE01462846B0474D4D39
:1046900003685B692946984703685B694A499847FC
:1046A00003685B6929469847054661680091A268DE
:1046B000019203681B6A98472B685B694349284647
:1046C0009847002300930193042384F83430012198
:1046D00004F6C42000F0F8FF59E7637E012B03D1F4
:1046E000022384F8343052E740F6B832012104F650
:1046F000C42001F067F801287FF449AF052384F84E
:10470000343044E740F6B832012104F6C42001F009
:1047100059F8012803D0042384F8343037E7274DB3
:104720002B685B6A2A49284698472B689E69FAF7E6
:10473000CDFD01462846B047224D03685B692946F6
:10474000984703685B692049984703685B69294675
:104750009847054661680291A268039203681B6A44
:1047600098472B685B691B492846984700230293AA
:104770000393012384F8343009E740F6B83104F696
:10478000C42000F0A1FF02E740F6B83104F6C420CF
:1047900000F09AFFFBE640F6B83104F6C42000F0C2
:1047A00093FFF4E600230093019306F055F80023ED
:1047B0000293039306F050F840420F00E0080120F6
:1047C000ACEB020824E5020808EF0208D4EF020867
:1047D00074E60208E8EF020808B5FFF7C9FE30B535
:1047E00085B00446002501950295039501A900F5C1
:1047F0001860FEF7B6FE294604F53360FAF718FD97
:10480000236E03B3E268636E1A60636E94F88729BF
:104810001A71636E94F888295A71236E01A9606E2B
:104820009847054660B994F83420131FDBB2012B7A
:1048300001D9022A04D1012104F6C42000F0BDFFF1
:10484000284605B030BD0025EDE770B5044600F5FB
:10485000186600F6A423324690F82400FFF794F976
:10486000C8B1D4F888391B0A04D12046FFF7B7FF36
:10487000022511E031462046FFF756FD0546072880
:104880000AD1A36D43B1E268E36D1A60A36D3146AE
:10489000E06D984700E00225284670BD08B5FFF797
:1048A000D4FF08BD054A0260054A0260002282600A
:1048B000C260044901600271704700BFE438030818
:1048C0001410030858FF02080B68036070470B6858
:1048D000036070477047000038B504460E4B036014
:1048E0000025C561056245628562C562056445644F
:1048F00000F59A501030F7F789F9084B2365084BFB
:104900002365A565E565074B236584F8545020466B
:10491000FCF742F8204638BD00390308E4380308A4
:104920001410030858FF020810B50446074B036033
:10493000074B036000238360C360064A0260037173
:104940004FF4985105F066FE204610BDE438030888
:104950001410030858FF020810B50446FFF7BCFF07
:1049600041F67851204605F055FE204610BDC3683B
:104970005BB110B5044683684BB103794BB1406914
:10498000F4F75CFE38B9207102E00420704704207F
:1049900010BD0520FCE70120FAE7C368F3B110B5AC
:1049A00004468368E3B10279E2B940202061A36143
:1049B00004F1300323625023636204F18003A36295
:1049C0004FF49453E36204F118024A21F4F711FD05
:1049D000606148B101232371002010BD042070479D
:1049E0000420FAE70520F8E70120F6E770B584B067
:1049F0000446037E002B37D0C06A38B103681B69B8
:104A0000984718B1E06A0368DB68984704F59A5044
:104A10001030F7F7DBF804F15000FFF7A8FF002390
:104A20002376314D2B685B6A3049284698472B68BE
:104A30009E69FAF74BFC01462846B0472C4D0368A7
:104A40005B692946984703685B692A499847036868
:104A50005B6929469847054661680291A2680392FE
:104A600003681B6A98472BE01F4D2B685B6A22493D
:104A7000284698472B689E69FAF728FC0146284685
:104A8000B0471B4D03685B692946984703685B691B
:104A90001849984703685B69294698470546616845
:104AA0000091A268019203681B6A98472B685B69B2
:104AB000124928469847002300930193052007E0F8
:104AC0002B685B690E4928469847002002900390A6
:104AD00004B070BD00230093019305F0BDFE0023D8
:104AE0000293039305F0B8FEE008012074E6020883
:104AF00024E50208F8EF0208D8E402080CED0208E9
:104B000018ED02080368002B3CD030B583B0044692
:104B10000D4600F0FEFB10B9012003B030BD00F0DF
:104B2000F1FBE0B9EB0E6901491B63F100039B0047
:104B300043EA91738900491943F10003DD004FF402
:104B40007A720023C80045EA5171DBF775FB014614
:104B50002068EFF775FF003818BF0120DDE700215E
:104B6000019101AA2068F0F745F8003818BF01202C
:104B7000019B002BD1D04FF0E0234FF08052C3F8BF
:104B8000042DCAE70020704710B504460A4B0360A5
:104B9000002141608160C1600161043000F0B6FE17
:104BA00004E000236360A36005F056FE0023636108
:104BB0002376204610BD00BF2426030810B5044606
:104BC000FFF7E2FF2E4B23600021E1612162002309
:104BD0006362A362E362236384F854102167E3668F
:104BE0006366A366A365E3652366C4F88C10C4F806
:104BF0008830C4F88030C4F884306367A367E36703
:104C0000C4F8C010C4F8A43004F19000FAF710FB07
:104C10000021C4F8A810C4F8B410C4F8AC10C4F84B
:104C2000B810C4F8B010C4F8BC10C4F8F4100023D5
:104C3000C4F8D83004F1C400FAF7FAFA04E02046C8
:104C4000FBF7AAFE05F008FE0023C4F8DC30C4F828
:104C5000E830C4F8E030C4F8EC30C4F8E430C4F80C
:104C6000F0300022C4F8F82084F8FC30E3632364B9
:104C70006363A3636364A364E3642365204610BD98
:104C80007826030810B50446FFF798FF0A4B236007
:104C9000012384F8FD300023C4F80031C4F8043146
:104CA00084F80831A4F8FE300022C4F81021C4F8BA
:104CB0000C31204610BD00BFDC2603082DE9F04171
:104CC00086B00446037E002B29D1814B18605030FA
:104CD000FFF763FE00285BD07E4D2B685B6A7E4940
:104CE000284698472B689E69FAF7F0FA014628464D
:104CF000B0477A4D03685B692946984703685B694A
:104D00007749984703685B69294698470546616873
:104D10000291A268039203681B6A98472EE06D4DCA
:104D20002B685B6A6C49284698472B689E69FAF79E
:104D3000CDFA01462846B047684D03685B692946AD
:104D4000984703685B696649984703685B69294629
:104D50009847054661680091A268019203681B6A42
:104D600098472B685B695F49284698470023009362
:104D700001930525284606B0BDE8F0812B685B69E4
:104D80005949284698470023029303930125F1E7E8
:104D900004F59A501030F6F731FE0546002855D13B
:104DA000236A002B4FD0636A002B4CD0E36A002BA0
:104DB00078D0E36A226A1A62E36A626ADA61E36AB5
:104DC0004FF08142DA62E26A484B1363E26A53624F
:104DD000E26A9362E06A4649043000F097FDE06AB7
:104DE00003681B6A43499847E06A03689B689847D1
:104DF0000746002800F08E80364E33685B6A3649DD
:104E0000304698473368D3F81880FAF75FFA0146BE
:104E10003046C047314E03685B69314698470368A6
:104E20005B692F49984703685B6931469847036877
:104E30005B693149984703689B693946984703681D
:104E40005B692E4998470123237693E7214D2B6810
:104E50005B6A2149284698472B689E69FAF736FA1B
:104E600001462846B0471D4D03685B6929469847AF
:104E700003685B691A49984703685B692946984744
:104E8000054661680491A268059203681B6A984709
:104E90002B685B691A4928469847002304930593B9
:104EA000012567E7174B1B6813F0010F02D0164B63
:104EB000E3627EE7144E3046FFF7E4FE114B012219
:104EC0001A60124A1249304605F02CFBEFE700BF8A
:104ED000741D0120E0080120D8E4020824E502083E
:104EE000F8EF0208E8EE020808F0020800007A4431
:104EF000C4EC0208BD50020834F00208D4E40208F1
:104F000020F002085C1C0120601C01200000002031
:104F1000D51B02081D4E33685B6A1D493046984711
:104F200033689F69FAF7D2F901463046B847194EFF
:104F300003685B693146984703685B69164998477F
:104F400003685B693146984703685B691349984772
:104F5000064603689F69E06A03685B6B98470146F1
:104F60003046B84703685B690D4998476BE70023F3
:104F70000093019305F070FC00230293039305F066
:104F80006BFC00230493059305F066FCE008012008
:104F900074E6020824E50208F8EF020858F0020857
:104FA000D4E4020801624262002070478446002374
:104FB00018468B420CD210B41CF803204240054C1A
:104FC000A05C0133DBB28B42F6D35DF8044B704733
:104FD000704700BF2439030810B50446104B036026
:104FE000002303710F4A02608360C36003610E4AAD
:104FF000026043618361C361036243628362C3628F
:10500000083000F083FC09E0064B23600023A36016
:10501000E360034A2260237105F01EFC204610BDA8
:1050200058FF020814100308E438030808B5037990
:105030002BB100231A464069F4F74EFA08BD4FF031
:10504000FF30FBE770B594B01C46037E9BB305466A
:105050001646402C00D940245A238DF80430A5234D
:105060008DF805308DF806108DF80740E0F788F9C7
:105070004FF47A7303FB00F002902CB126B1224664
:10508000314603A807F0BEFA04F10806F1B201A800
:10509000FFF78CFF04F158030DEB030606F84C0CE8
:1050A00009348DF84D4001A905F15000FFF7BEFF0E
:1050B000002014B070BD0720FBE700003D4B1B68CB
:1050C000002B74D070B588B0044600284BD0037D07
:1050D000002B4BD1374E3268536C591C51640193ED
:1050E000E0F74EF94FF47A7505FB00F00290B4F941
:1050F0000430ADF80C30B4F90630ADF80E30B4F928
:105100000830ADF81030B4F90A30ADF81230B4F907
:105110000C30ADF81430B4F90E30ADF8163094F907
:1051200010308DF81830637C8DF81930638AADF833
:105130001A303068836C07931C2301AA8021FFF783
:1051400081FF31680A6B01320A631B4BA3FB020328
:105150009B0905FB132333B90B634B634FF6FF72B7
:105160000A874B87CB63002008B070BDE0F708F9D1
:10517000104B1B68DA6C1AB1821AB2F57A7F12D919
:1051800001229A64D8645A6B01325A63628A198F79
:10519000914200D91A87598F914200D25A87D96B10
:1051A0001144D96396E79A6C01329A64EAE70020C9
:1051B000704700BF741D0120D34D621008B513461F
:1051C000027922B100224069F4F7E0F908BD4FF0FE
:1051D000FF30FBE710B594B0044605E003689B6A16
:1051E0009DF84D2001A998474FF0FF3201A904F125
:1051F0005000FFF7E3FF0028F6D1E0690028F3D064
:10520000A36A002BEAD01A68002AE7D002211846C8
:10521000FFF778FC18B9236C01332364E4E7E069F5
:1052200003689B6A9DF84D2001A99847A06AF9F789
:105230006EFDD9E708B50068FFF7CCFF08B5FFF7AA
:10524000F9FF0000F0B593B004460F461646FFF78D
:105250009BFC244B23600023E362236363634FF6CC
:10526000FF7222876387E3631F4904F15000FFF751
:10527000B3FE04F59A5510351C4B009302941C4B59
:105280006A4618212846F7F7AFFA009BDB6802A8A8
:105290009847E761002323626362A662E3622364A6
:1052A00063641449201D00F031FB18E0009BDB68AB
:1052B00002A89847104B2365104B23650023A36574
:1052C000E3650F4A226584F854302046FBF764FBFF
:1052D00005F0C2FA2846F6F799FCEBE7F5E7204619
:1052E00013B0F0BD003903087CF00208143903083C
:1052F00084F00208F8EF0208E438030814100308E9
:1053000058FF020808B5F3F7BBFA003818BF0120B0
:1053100008BD08B5F1F702FF022814BF00200120E4
:1053200008BD10B50446FFF7EDFF58B9A06858B1A5
:10533000EFF72AFF0023A360E06838B1EFF7CCFC59
:10534000002010BD0220FCE70720FAE70020F8E764
:105350002DE9F04182B01D4683686BB304460F46C9
:105360001646FFF7CFFFA0B904F10C08CDF8008076
:105370004046F9F7A3FC2B4632463946A068EFF7C2
:1053800055FF84B24046F9F7C2FC204602B0BDE8A2
:10539000F0810023019301AB32463946A068EFF754
:1053A000FAFF84B2019B002BEFD04FF0E0234FF0C7
:1053B0008052C3F8042DE8E70024E6E74046F9F7F9
:1053C000A6FC05F049FAF0B583B01E4683680BB31E
:1053D00004460F461546FFF795FF40B933462A4667
:1053E0003946A068F0F770F880B203B0F0BD002332
:1053F000019301AB2A463946A068F0F7F6F880B26F
:10540000019B002BF1D04FF0E0234FF08052C3F806
:10541000042DEAE70020E8E708B5FFF799FF08BD8B
:1054200008B5FFF7D0FF08BD08B5EEF733FB08BDA0
:1054300008B5EEF7CBF908BD10B50446EEF7C6F98E
:10544000002302E00022C2540133A342FADB10BD64
:1054500008B5EEF7C1FA08BD38B50A20FFF7E8FF36
:105460000446064D2860EEF715FB2B681844044BE4
:1054700018602046FFF7ECFF38BD00BF7C1D0120FF
:10548000781D0120064B1B68834205D2054B1B6823
:10549000834203D8002070470020704701207047E6
:1054A0007C1D0120781D012008B5F3F744FD08BDDF
:1054B00008B5FFF7D1FF08BD074A0260002242622B
:1054C0008261C26102624261044901608260C2601D
:1054D0000349016002717047483A03089C2403089D
:1054E00058FF020808B503790BB9002008BD406ACF
:1054F000F3F77AFDFAE708B503790BB9002008BD88
:105500001346027C406AF3F7B3FDF8E7C3687BB14A
:1055100010B5044683686BB102796AB940F8143F4C
:10552000F3F723FD606248B101232371002010BD11
:10553000042070470420FAE70520F8E70120F6E789
:10554000C3685BB110B5044683684BB103794BB1B6
:10555000406AF3F7F8FD38B9207102E00420704783
:10556000042010BD0520FCE70120FAE710B5044631
:10557000094B0360002343628361C361036243619B
:10558000064A02608360C360054A026003712821F5
:1055900005F040F8204610BD483A03089C24030853
:1055A00058FF020808B50846F3F7C5FC08BD08B562
:1055B000C069F3F7C0FC08BD38B5C368002B53D0F1
:1055C00004468368002B51D0006A002850D022790D
:1055D000002A4FD1626912B94FF400726261E26928
:1055E00012B94FF47A72E26122690AB91822226173
:1055F000E26962620022A26223632369A364636991
:10560000636404F13002A169F3F78CFAE06218B127
:1056100001232371002028E0174C23685B6A174997
:105620002046984723689D69F9F750FE01462046B9
:10563000A847134C03685B692146984703685B6978
:105640001049984703685B692146984703689B693E
:105650006B21984703685B690B49984703685B694E
:105660000A499847012000E0042038BD0420FCE7E7
:105670000420FAE70520F8E7E0080120D8E4020852
:10568000E4E402088CF0020824E50208C8F00208ED
:1056900010B50446C3688BB183687BB143696BB1B5
:1056A00003695BB1036A4BB103792BB1C06AF3F7AD
:1056B00022FB38B9207104E0072002E000232371A7
:1056C000042010BD0120FCE708B50846F3F733FCC1
:1056D00008BD08B5C069F3F72EFC08BD38B5C3682E
:1056E000002B36D004468368002B34D0056A002D89
:1056F00033D00279002A32D1426912B94FF40072D4
:105700004261E26912B94FF47A72E26122690AB920
:105710001822226163632369E3646369A364206BD5
:1057200078B1F3F7B3FAA368204640F8583FF3F78F
:105730001CFCA066A8B1236BABB101232371002030
:1057400008E004F13402A1692846F3F7EBF920637D
:10575000E9E7042038BD0420FCE70420FAE705202F
:10576000F8E70120F6E70120F4E710B50446C36826
:1057700093B1836883B1436973B1036963B1036A09
:1057800053B1006B40B1237923B1F3F75FFA38B11D
:10579000012004E0072002E000232371042010BD53
:1057A000A06EF3F7D0FC08B10120F8E704F108007F
:1057B00000F0EAF800202071F1E708B5806EF3F7F9
:1057C00013FC08BD08B5134690F82C20806EF3F743
:1057D0004FFC08BD03680BB10520704710B50446A7
:1057E000011D0120EEF738FE206008B1002010BD39
:1057F0000120FCE703680BB10520704710B5044693
:105800000120EEF711FE206008B1002010BD01203C
:10581000FCE708B5136831B11B6853B11360013957
:10582000FFF7F7FF02E01B680BB1002008BD07205F
:10583000FCE70720FAE708B50B681B681BB10B6093
:10584000FFF7F9FF08BD0020FCE72DE9F04182B029
:10585000019001AAFFF7DDFF054668B9019C2068A9
:1058600006686EB1D0F8048000276760FFF7F0FD8E
:105870002760C4F804802660284602B0BDE8F081A5
:1058800000266660FFF7E4FD2660F5E770B582B09C
:105890000C46019001A9FFF7CEFF019E054610B10D
:1058A000284602B070BD74600820FFF7C5FD306067
:1058B000F6E710B504460068FFF7E4FD08B90720D5
:1058C00010BD2068FFF7C4FD002020606060F7E78E
:1058D00038B504460D46FFF7ECFF2846FFF7A8FD54
:1058E0002060002038BD38B5044688420CD00D46F3
:1058F0004968FFF7EDFF20682968884202D06A688E
:1059000006F080FE6B686360204638BD70B50446C3
:1059100071B10E460846DAF789FD05460146204674
:10592000FFF7D6FF2A463146206806F06BFE656019
:10593000204670BD2DE9F84304460F4645680846E9
:10594000DAF774FD80462846FFF772FD064605EB40
:1059500008092A46216806F055FE49462046FFF709
:10596000B7FF2A463146206806F04CFE20684246C2
:105970003946284406F046FEC4F804903046FFF746
:1059800067FD2046BDE8F88308B5FFF792FF08BD24
:1059900008B504F055FBFCE710B5054C2046FBF7B5
:1059A0009FF8044A0449204604F0BCFD10BD00BF26
:1059B000801D0120000000207DF8010870B5F7F778
:1059C00027FEFFF775FDF7F7B1FDF7F745FC044635
:1059D0005E4803685B6A5E499847072C79D0F9F7FF
:1059E0007FFC20B1594803685B6A5A499847574C75
:1059F00023685B6A58492046984723685B6A574981
:105A00002046984723685B6A554920469847236893
:105A10005B6A54492046984723685B6A524920468E
:105A2000984723685B69514920469847504D036861
:105A30005B692946984723685B6A4E492046984728
:105A400023685B694C492046984703685B6929468F
:105A5000984723685B6A29462046984704F072FB02
:105A6000464C47492046FFF751FFA4F108000023A8
:105A700083614FF480534361424B0362FFF79CFD07
:105A800000282CD0314C23685B6A3F492046984758
:105A900023689D69F9F71AFC01462046A8473B4C4C
:105AA00003685B692146984703685B6938499847F2
:105AB00003685B692146984703689B69742198478E
:105AC00003685B693349984703685B6932499847C3
:105AD000FEE71E4803685B6A304998477FE71B4C26
:105AE00023685B6A2E492046984723689D69F9F729
:105AF000EDFB01462046A847244D03685B69294613
:105B0000984703685B692249984703685B6929469F
:105B1000984703689B697B21984703685B691D4927
:105B2000984703685B691F499847054603689E6963
:105B3000FFF77AFC01462846B04703685B690C49C9
:105B400098472046F7F7EEFC70BD00BFE008012043
:105B5000F4F002086CF10208ECF10208F0F102081E
:105B600014F2020828F202084CF20208B43A0308C0
:105B700058F202085CF2020864F20208881D012053
:105B800070F2020891590208D8E40208E4E402081D
:105B900078F2020824E5020894F20208FCF00208F8
:105BA00074E60208B4F2020808B5FFF7F5FE08BD76
:105BB000072805D800230B7001238340137070471A
:105BC00001230B70083883401370704770B5036869
:105BD00093B1044692B1DE680079D860206803680A
:105BE000DB699847054618B1206803685B6A9847E7
:105BF0002368DE60284670BD0725FBE70725F9E727
:105C000070B503688BB10446DE680079D8602068FF
:105C100003685B699847054618B1206803685B6AAA
:105C200098472368DE60284670BD0725FBE70368B8
:105C30009BB110B582B0044600238DF807300DF1FA
:105C400007020221FFF7C2FF08B102B010BD002217
:105C50004F212046FFF7D4FFF7E7072070470F29B1
:105C60002FD870B582B00646084615460DF10602DB
:105C70000DF10701FFF79CFF9DF807400634E4B2E1
:105C80000DF1050221463046FFF7A0FF68B975B94E
:105C90009DF805309DF8062013438DF805309DF8DA
:105CA000052021463046FFF7ABFF02B070BD9DF8DE
:105CB0000630DB435BB29DF8052013408DF80530BC
:105CC000EDE7072070470F2930D870B582B006463F
:105CD000084615460DF106020DF10701FFF768FFB2
:105CE0009DF807400234E4B20DF10502214630462A
:105CF000FFF76CFF80B9012D10D09DF80630DB4313
:105D00005BB29DF8052013408DF805309DF8052005
:105D100021463046FFF774FF02B070BD9DF8053094
:105D20009DF8062013438DF80530EFE707207047F4
:105D30000A88D3B258400301DBB280EA030C604604
:105D4000030243EA12231BB283EACC0383EA1C1347
:105D50000B80704730B583B004464FF6FF73ADF843
:105D6000063006E00DF1060114F8010BFFF7E0FF25
:105D700029464B1E9DB20029F4D1BDF8060003B0A0
:105D800030BD70B506460C4605E0314614F8010BEF
:105D9000FFF7CEFF2A46531E9DB2002AF5D170BDF3
:105DA0002DE9F04FC9B081460C46D0F808A0D0F8D4
:105DB0000CB00369019341698369C2690292026A66
:105DC0000392426A0492002005E054F8202008ADB6
:105DD00045F8202001300F28F7DD102022E0821E38
:105DE00008AC54F822404FEAF44282EA744282EA54
:105DF0009422C41F08AD55F824402244A0F10F049A
:105E000055F824504FEAB54484EAF51484EAD504E1
:105E10002244A0F1100408AD55F82440224445F86E
:105E2000202001303F28DADDDDF810E0039E029FDC
:105E30001A468846019C5D46D4460020CDF814A041
:105E4000CDF818B0079130E04FEAF22181EAB211A3
:105E500081EA7261714402EA070E26EA020A8EEABA
:105E60000A0E8E44244951F820100EEB010A08A9AD
:105E700051F820108A444FEA7C3E8EEABC0E8EEA2E
:105E8000BC5E85EA040101EA0C0105EA040B81EA23
:105E90000B0171440130B6463E46174608EB0A0234
:105EA000A0462C4665460AEB010C3F28CCDDDDF808
:105EB00014A0DDF818B007990CEB0A00C9F8080027
:105EC0005D44C9F80C5001980444C9F8104041449D
:105ED000C9F814101A44C9F81820029B1F44C9F8C5
:105EE0001C70039B1E44C9F82060049B7344C9F8CE
:105EF000243049B0BDE8F08FF43C030870470B68CC
:105F0000036070470B680360704770470B6803605D
:105F100070470B680360704770470B6803607047F9
:105F20000B680360704770470B68036070470B682D
:105F30000360704770470B68036070470B6803602D
:105F4000704770470B68036070470B6803607047C9
:105F500070470B68036070470B68036070477047B9
:105F60000B68036070470B680360704770477047A9
:105F70007047704708B5836D1B686030984708BD4F
:105F80007047704770470000C36863B310B504469C
:105F9000836853B3816D194A914228D0027942BB7C
:105FA0004FF48052426102690AB9182202612363E8
:105FB0002369A3644FF48053636404F1A40323644E
:105FC0004FF4C073E36304F585530833A36304F10E
:105FD000300221460A48F2F7A5FDE06258B10123DC
:105FE0002371002010BD042070470420FAE704202C
:105FF000F8E70520F6E70020F4E700BF6C1003087F
:10600000755F020810B50446C3689BB183688BB105
:1060100043697BB103696BB1826D094B9A4209D028
:1060200003792BB1C06AF2F766FE38B9207104E03B
:10603000072002E000232371042010BD0120FCE7AB
:106040006C10030838B590F8703053B1044600F571
:10605000C160FFF7D7FF00282FD1002384F87030EC
:1060600038BD2C4C23685B6A2B492046984723682F
:106070009D69F9F72BF901462046A847274C03688C
:106080005B692146984703685B692549984703681F
:106090005B692146984703689B695E2198470368BE
:1060A0005B692049984703685B691F499847036803
:1060B0005B691E4998470720D2E7164C23685B6A44
:1060C00015492046984723689D69F9F7FFF801466E
:1060D0002046A847114C03685B692146984703682E
:1060E0005B690F49984703685B69214698470368D5
:1060F0009B696221984703685B690A49984703686E
:106100005B690B49984703685B6908499847012018
:10611000A6E700BFE0080120D8E40208E4E4020892
:10612000C0F2020824E5020800F3020844E5020870
:1061300030F302082DE9F04190B080460F46164634
:10614000056805EBC2030360AB4202D2436801332A
:106150004360C5F3C5050BE008F128002246394627
:10616000284406F04FFA25442744361B402D06D01C
:1061700036B3C5F14004A642EED23446ECE708F14E
:106180002802002314E002EB830E0DEB830C9EF833
:1061900003100DF823109EF802108CF801109EF8E1
:1061A00001108CF8021012F823108CF80310013340
:1061B0000F2BE8DD69464046FFF7F2FD0025D7E7E3
:1061C00010B0BDE8F081F0B593B005460E46046806
:1061D000E408C4F1770404F03F0480238DF8003014
:1061E000472200210DF1010006F018FD2B6804F193
:1061F00050026A4402F8483C190A04F14F026A440A
:1062000002F8481C190C04F14E026A4402F8481CBA
:106210001B0E04F14D026A4402F8483C6B6804F11D
:106220004C026A4402F8483C190A04F14B026A44E1
:1062300002F8481C190C04F14A026A4402F8481C8E
:106240001B0E04F149020DEB020707F8483C04F16C
:10625000090269462846FFF76DFFEB7A3370AB7A87
:1062600073706B7AB3702B7AF370EB7B3371AB7B0B
:10627000737113B0F0BD0000002858D070B59CB009
:106280000C4616461D460146007810F0010001D16B
:106290001CB070BD4A78234603F8012B91ED027BB8
:1062A0008DED007B0098C4F80100BDF804209A80B1
:1062B0008B68CA68013342F100028B60CA60002318
:1062C000029303931B4B04931B4B05931B4B0693A9
:1062D0001B4B07931B4B08931B4B09931B4B0A93B8
:1062E00003F17453A3F52303A3F692430B932022E7
:1062F000103102A8FFF71EFF2A46314602A8FFF719
:1063000019FF9DF88420209902A8FFF713FF0222AD
:10631000229902A8FFF70EFF0722214602A8FFF7E5
:1063200009FFE11D02A8FFF74EFF0D20B0E7002096
:10633000704700BF67E6096A85AE67BB72F36E3CC3
:106340003AF54FA57F520E518C68059BABD9831F40
:106350002DE9F04788B004461E469DF840C01B7BDF
:1063600013F0020308D1306998B1007810F0010FE2
:1063700012D100273D4601E000273D467BB1FE20BB
:10638000A0704FF00608E3B904F10C0E9DF844C06C
:106390000EE000273D46F1E701270D25EEE7FD2041
:1063A000A0704FF00A08EEE70CF1FF3C5FFA8CFC9E
:1063B000BCF1010F05D90EEB0C0010F8010C002800
:1063C000F2D084F803C0E1712272002222710FB171
:1063D0000122227100226271B279A2710132B2717E
:1063E000A2788DF81420E2788DF81520002B3BD090
:1063F000A3798DF81630E3798DF81730237A8DF86C
:106400001830637A8DF81930C24608F1FF3189B22D
:106410000DF11500FFF79EFCADF8120004F10C0918
:10642000E27849460DF11200FFF7ABFC0DF11201C5
:106430009DF84800FFF77CFCE378BDF8122009F8CE
:106440000320BDF81220110AE378013309F8031084
:10645000228047BBE3789A4405EB0A0080B2023001
:1064600080B208B0BDE8F08723798DF816306379E3
:106470008DF81730A3798DF81830E3798DF819303D
:10648000237A8DF81A30637AA27A43EA0223E27AF9
:1064900043EA02438DF81B301A128DF81C201B149E
:1064A0008DF81D30B0E7E37809EB03020292019307
:1064B000CDF80090434605AA04F58B713069FFF7CB
:1064C000DBFEC7E730B589B004460D469C460F9BFE
:1064D00005939DF830308DF818309DF834308DF8E4
:1064E00019309DF838308DF81A309DF840308DF80D
:1064F0001B3003238DF81C300DF1140EBEE8030091
:10650000CCF80C00CCF810109EF800308CF8143049
:1065100000238CF809308CF80A308CF80B3002EB31
:10652000420232230293092301930093044B03EBAD
:10653000C2032A4621466046FFF70AFF09B030BD74
:1065400068A50120F0B587B00C9C25796679A779FC
:10655000D4F800C0E4790494CDF80CC002970196F9
:106560000095FFF7AFFF07B0F0BD00002DE9F04345
:1065700091B00746884615461C46189B0593199B03
:1065800006931A9B0793BDF86C30ADF82030BDF828
:106590007030ADF82230BDF97430ADF82430BDF85C
:1065A0007C30ADF82630BDF88030ADF82830BDF82D
:1065B0008430ADF82A30BDF88830ADF82C30BDF805
:1065C0008C30ADF82E30BDF89030ADF830309DF9FC
:1065D00078308DF83230259BCDF83330269BCDF8BE
:1065E0003730279BCDF83B300DF1140C04F10C0E25
:1065F0000DF1340966460FCECEF80000CEF8041037
:10660000CEF80820CEF80C30B4460EF1100E4E45F0
:10661000F0D1BCE80300CEF80000CEF80410BCF8BE
:1066200000209CF80230AEF808208EF80A300023D3
:1066300001226272A372E37205EB45057C2302938B
:106640002B2301931F230093054B03EBC503424605
:1066500039462046FFF77CFE11B0BDE8F08300BF4D
:1066600068A501202DE9F04F97B0209C2568109572
:1066700066681196A7681297A5891395E6891496FE
:10668000B4F910C0CDF854C094F91E50668AA78A98
:10669000B4F816C0B4F818E0B4F81A80B4F81C9036
:1066A000D4F81FA0D4F823B0D4F827400F94CDF825
:1066B00038B0CDF834A0CDF83090CDF82C80CDF89E
:1066C00028E0CDF824C0089707960695159F0597F2
:1066D000149C0494139C0394129F0297119E01969C
:1066E000109D0095FFF742FF17B0BDE8F08F000046
:1066F00030B589B004460D469C46BDF83030ADF843
:1067000014309DF834308DF816309DF838308DF8FF
:1067100017300F9B06939DF840308DF81C309DF884
:1067200044308DF81D300DF1140EBEE80300CCF896
:106730000C00CCF81010BEF80030ACF81430002378
:106740004D218CF809108CF80A308CF80B3002EBD4
:1067500042028F2302930A23019303230093054BE4
:1067600003EBC2032A4621466046FFF7F1FD09B05C
:1067700030BD00BF68A50120F0B587B00C9C25880E
:10678000A678E778D4F804C094F808E0647A059411
:10679000CDF810E0CDF80CC0029701960095FFF7F8
:1067A000A7FF07B0F0BD08B511B105F02BFF08BD7C
:1067B00006F034FAFBE700002DE9F041AAB00646E6
:1067C0000F4615461C469DF8C8308DF8A4309DF83C
:1067D000CC308DF8A5301022309905A8FFF7E3FFE3
:1067E0008022319909A8FFF7DEFF4FF09208424658
:1067F00005A904F10C0005F005FF44236372012391
:10680000A3720023E37205EB450584230293CDF8C0
:106810000480CDF80080054B03EBC5033A463146B2
:106820002046FFF795FD2AB0BDE8F08168A501205C
:10683000F0B585B00A9C04F1100594F8906094F8C6
:1068400091700397029601950094FFF7B5FF05B08C
:10685000F0BD00002DE9F041AAB006460F461546EE
:106860001C46BDF8CC30ADF81030BDF8D030ADF8D6
:1068700012309DF8C8308DF8A4301022309905A848
:10688000FFF791FF8022319909A8FFF78CFF4FF0A5
:106890009508424604A904F10C0005F0B3FE42231A
:1068A00063720123A3720023E37205EB4505F32312
:1068B0000293CDF80480CDF80080054B03EBC503AF
:1068C0003A4631462046FFF743FD2AB0BDE8F08145
:1068D00068A50120F0B587B00C9C251D04F11406B5
:1068E00094F89470B4F800C064880494CDF80CC097
:1068F000029701960095FFF7ADFF07B0F0BD0000CD
:106900002DE9F041ACB006460F4615461C46DDE9C0
:106910003423CDE90423329B0693369B0793202230
:1069200037990DEB0200FFF73EFF2022389910A89F
:10693000FFF739FF1822399918A8FFF734FF1822FA
:106940003A991EA8FFF72FFF20223B9924A8FFF7B2
:106950002AFF4FF0A008424604A904F10C0005F0FC
:1069600051FE6FF0730363720123A3720023E3727D
:1069700005EB450532230293CDF80480CDF8008065
:10698000054B03EBC5033A4631462046FFF7E0FCD2
:106990002CB0BDE8F08100BF68A501202DE9F041D1
:1069A0008AB0109CA56894ED007BE66804F110079E
:1069B00004F1300C04F1500E04F16808803409949D
:1069C000CDF82080CDF81CE0CDF818C005970496CE
:1069D0008DED027B0095FFF793FF0AB0BDE8F081D3
:1069E00008B503460846DA7800210160416001726B
:1069F000092A28BF092203F10C0105F003FE08BD96
:106A000070B505460C46C678212E28BF21262122C6
:106A10000021204606F002F9324605F10C0120461D
:106A200005F0F0FD70BD70B505460C46C678932E96
:106A300028BF932693220021204606F0EFF8324625
:106A400005F10C01204605F0DDFD70BD08B584465A
:106A500008469CF8032000230B604B608B60CB60E2
:106A60000B61142A28BF14220CF10C0105F0CAFD99
:106A700008BD08B503460846DA7800210180022ADD
:106A800028BF022203F10C0105F0BCFD08BD000087
:106A900010B50446054B0360836DDB686030984792
:106AA0002046F4F7BFF8204610BD00BFF43A0308B3
:106AB00010B50446FFF7ECFF41F22821204603F011
:106AC000A9FD204610BD08B50068F9F76BFA08BDAE
:106AD0002DE9F0410446884615460E1A361101E0AC
:106AE0001034013E002E1FDD10222946206805F0DB
:106AF0006FFE002839D0271D10222946606805F056
:106B000067FE98B304F1080710222946A06805F033
:106B10005FFE58B304F10C0710222946E06805F027
:106B200057FE0028DCD121E0A8EB04039B10022BC8
:106B30000CD0032B03D0012B0FD0474616E01022B8
:106B40002946206805F044FE98B1043410222946F5
:106B5000206805F03DFE70B10434102229462068FB
:106B600005F036FE48B1474600E027463846BDE806
:106B7000F0812746FAE72746F8E72746F6E708B503
:106B80004FF00003FFF7A4FF08BD30B583B0044603
:106B900002AB03E90600D0F84C01036843B14FF0A3
:106BA000FF31FDF7AFFF054650B9284603B030BDB1
:106BB00002AB13E906002046F5F7D4FF0546F4E7DB
:106BC00002AB13E906002046F5F7CCFF0546D4F8E2
:106BD0004C01F8F79CF8E8E710B50446FDF7D4FF40
:106BE0001D4B236004F6C420F8F7AAF904E0204600
:106BF000F9F7D2FE03F030FE012363760023E36150
:106C00002362636223676367A36284F83430A363FB
:106C1000E36323646364A364E36423656365A3653A
:106C2000E36523666366A366E36684F87F30C4F891
:106C3000A031C4F8A431C4F8A831C4F87839C4F834
:106C40007C3984F8873984F8A43AC4F8C03AC4F887
:106C5000D43A204610BD00BFD027030810B50B4C16
:106C60002046FFF7B9FF0A4B23600A4A0A4920462B
:106C700003F058FC094B1B6813F0010F05D1074BBB
:106C800001221A60064B00221A6010BDD41D01209B
:106C90003C28030800000020F54202082CC1002017
:106CA00030C1002010B5826841698A421CD2034677
:106CB000C268914209D900681C6904FB02F281187C
:106CC00021448150DA680132DA6058689A680132EA
:106CD0009A6059698A4204D202685A6001230360AB
:106CE00010BD00225A60F9E7034B044A40F24B21E1
:106CF000034805F04FFD00BF48F3020850F30208B7
:106D000074F3020808B50369372B02D9FFF7CAFFED
:106D100008BD034B034A4FF4A071034805F03AFD48
:106D200048F30208B8F3020874F3020838B50446C1
:106D30001D460170114651F8083B40F8083F5B685A
:106D400008309847256300236363A363E3632364E8
:106D50006364204638BD38B505460C460B78037091
:106D600051F8083F40F8083F5B6808310830984701
:106D7000236B2B6305F1340E04F1340CBCE80F00D7
:106D8000AEE80F00DCF80030CEF80030284638BD01
:106D900010B50446024B0360F5F7CEFE204610BD49
:106DA000D43A030810B50446054B0360F5F7C4FE5A
:106DB0004FF4A871204603F02DFC204610BD00BF03
:106DC000D43A030810B504461B4B03600120207120
:106DD0001A4B236061711A4BC4F84431194B23607C
:106DE0002433C4F84431C4F848210023C4F84C319A
:106DF00043F6D603A4F8503184F8520104F5AA7082
:106E0000F8F79EF80BE00E4BC4F844310B4B2360AF
:106E10002046F4F749F8084B236003F01DFD0023DA
:106E2000C4F8C03184F8C43184F8C531012384F832
:106E3000C431204610BD00BFD01F03089CFF0208CC
:106E4000202003083420030838B504460D4690F886
:106E5000C53113B9A4F8501138BDB0F85011D0F8AD
:106E60004801FAF793FAA4F8505104F5A2722946A2
:106E7000D4F84801FAF7DEF9EEE710B5044600F55C
:106E80008053D3F8DC0C08B1EDF726FF04F5B150C0
:106E90001830F8F7F3FC04F58053D3F8E40508B193
:106EA000EDF71AFF2046F9F7A3FD204610BD0000BC
:106EB00010B5044600F5F4406C30F5F7C7FF04F553
:106EC000F1402430F5F7C2FF04F5E043124AC3F85D
:106ED000542704F5EE405430F5F72EFE04F5EC404F
:106EE0000830F5F729FE04F5B1405830FFF7C5FF2B
:106EF00004F5AF400830F8F773F804F52F50303040
:106F0000F8F7D2FC04F15800F8F7CEFC206808B17D
:106F1000EDF7E2FE204610BDD43A030870B50646F0
:106F20000C460B6800F5E045C5F8F039898900F595
:106F3000F1402430FFF788FF237C85F8F639636839
:106F4000C5F8B83BE18906F5F4406C30FFF77CFFEB
:106F5000637C85F8BE3BA368C5F8A83570BD00000A
:106F600030B5CFB00C4602AB0022029203920492DD
:106F700012228DF80C2008228DF80D2004228DF8A5
:106F80000F2002228DF81020074D009305AB0A4612
:106F900024212878FFF7D6FA05AA21462846F5F7D6
:106FA0001CFA4FB030BD00BF38C1002008B50978C9
:106FB0000068FFF7D5FF08BD70B5D6B00D4602AC2E
:106FC0002B220021204605F029FE4FF4FA73ADF87C
:106FD000143042F6E063ADF816304FF6FF73ADF8AB
:106FE00018308DF82630074E00940DAB2A46242128
:106FF0003078FFF737FB0DAA29463046F5F7EDF953
:1070000056B070BD38C1002008B509780068FFF798
:10701000D3FF08BD30B5CFB0044602AB00220292C8
:1070200003920492B0F85020ADF8082090F8522056
:107030008DF80A2090F84C208DF8102090F84D2003
:107040008DF81120084D009305AB90F84E202421B7
:107050002878FFF791FB05AA94F84E102846F5F71B
:10706000BCF94FB030BD00BF38C1002008B52AB10F
:10707000002380F85230FFF7CDFF08BD0423F8E766
:107080002DE9F041F0B005460F461646984602AC91
:1070900092220021204605F0C1FD0B238DF8983087
:1070A0008DF899800F223946204605F0A3FB7F22F8
:1070B000314606A805F09EFB084E009427AB95F8D4
:1070C000562024213078FFF7B3FB27AA95F85610F5
:1070D0003046F5F782F970B0BDE8F08138C1002084
:1070E00070B5ADF5147D06460C4615469622002176
:1070F00025A805F093FD0B238DF82831802200216F
:1071000005A805F08BFD002D30D14B492046D9F75D
:1071100083F9002831D049492046D9F77DF9002864
:1071200055D047492046D9F777F900285DD0454921
:107130002046D9F771F9002865D043492046D9F790
:107140006BF9002867D041492046D9F765F9002836
:1071500069D03F492046D9F75FF9D8B93D4B5B7DEF
:107160003D4A802105A805F01DFC13E02B462AAA04
:1071700021463046FFF784FF26E0364B5A7999794D
:10718000D8790290019100921B79344A802105A898
:1071900005F008FC0F22214626A805F02BFB7F22D4
:1071A00005A92AA805F026FB2D4C25AB00934BAB77
:1071B00096F8562024212078FFF78CFB4BAA96F8EE
:1071C00056102046F5F709F90DF5147D70BD214BD9
:1071D0005A7A997AD87A0290019100921B7A1F4AC2
:1071E000802105A805F0DEFBD4E71A4B5A7B997B7A
:1071F000D87B0290019100921B7B184A802105A840
:1072000005F0D0FBC6E7134B1B8A134A802105A863
:1072100005F0C8FBBEE70F4B5B8A0F4A802105A82B
:1072200005F0C0FBB6E70B4B1B7D0B4A802105A880
:1072300005F0B8FBAEE700BF58F4020864F402089A
:1072400070F4020878F4020884F4020890F402084A
:107250009CF40208C0C3012000E90208A0EB020868
:1072600038C1002070B5F4B00C4602AEA022002157
:10727000304605F0D3FC1F22104906A805F0BAFAE3
:107280001F220F490EA805F0B5FA002301930093C1
:1072900001230C4A182116A805F084FB0A4D00961C
:1072A0002BAB224624212878FFF778FB2BAA214616
:1072B0002846F5F792F874B070BD00BFA8F4020834
:1072C000B0F40208BCF4020838C1002070B58AB0DE
:1072D00005460E46144601A91046FFF791FB9DF89E
:1072E00022205D4B1B789A421BD19DF82330242B22
:1072F00017D1E279237A85F84C2085F84D3085F84E
:107300004E60BDF82030A5F85030F62B0BD0B3F509
:10731000007F00F08C80032385F852302846FFF769
:1073200079FE0AB070BDDDED037AB2EE047AF4EEB8
:10733000477AF1EE10FA39D1484C23685B6A484924
:107340002046984723689E69F7F7C0FF014620460C
:10735000B047444C03685B692146984703685B6902
:107360004149984703685B692146984703689B69D0
:1073700040F22D11984703685B693C4998470368C0
:107380005B693B49984703685B693A4998472B46D4
:10739000394A0021A86C01F02BFF0028C1D002233C
:1073A00085F852302846FFF735FEBAE7B1EE007A8D
:1073B000F4EE477AF1EE10FAB3D1284C23685B6AF9
:1073C00027492046984723689E69F7F77FFF0146C3
:1073D0002046B047234C03685B6921469847036801
:1073E0005B692149984703685B69214698470368B0
:1073F0009B6940F23911984703685B691B499847BC
:1074000003685B691D49984703685B691949984798
:107410002B46194A0121A86C01F0EAFE002880D011
:10742000022385F852302846FFF7F4FD79E79DEDF9
:10743000017ADFED137AB4EE677AF1EE10FA7FF499
:1074400070AF002385F8523031462846FFF70AFF17
:107450002846FFF7DFFD64E738C10020E00801207F
:10746000ACEB0208E4E40208C0F2020824E50208DA
:10747000C8F4020844E502086D700208E0F402084E
:107480000000C64308B509780068FFF71FFF08BD74
:1074900070B58AB004460E46154605A91046FFF79A
:1074A000D5FAEA792B7A84F8542084F8553084F898
:1074B0005660002300930193029303938DF81030DC
:1074C000102206A9684605F095F99DF81620294B6B
:1074D0001B789A4211D19DF81730242B0DD1264DDF
:1074E0006A462946A5F12400FFF749FB854206D0EC
:1074F000002269462046FFF7F3FD0AB070BD1F4D1C
:107500002B685B6A1E49284698472B689E69F7F7E7
:10751000DDFE01462846B0471A4D03685B692946DF
:10752000984703685B691849984703685B6929466F
:10753000984703689B694FF4F371984703685B6948
:107540001249984703685B691149984703685B696A
:107550006946984703685B690E49984703685B6909
:107560000D49984701230D4A69462046FFF788FDDB
:10757000C3E700BF38C10020F43C0308E008012045
:10758000D8E40208E4E40208C0F2020824E5020894
:10759000F4F4020800F5020844E5020838E40208A1
:1075A00008B509780068FFF773FF08BD70B582B0B1
:1075B00004460E46154601A91046FFF75AFAEA7925
:1075C0002B7A84F8542084F8553084F856609DF85E
:1075D00004200C4B1B789A4203D19DF80530242BD4
:1075E0000ED002B070BD002255F8041B2046FFF7F4
:1075F00077FD3220FDF758FF034B9D42F3D1F0E7B2
:10760000024DF9E738C10020F43C0308D03C0308E0
:1076100008B509780068FFF7C9FF08BD10B5044632
:10762000431D00F10A0102E0012203F8012B9942F7
:10763000FAD12046F4F7BEF80A20FDF735FFF8E747
:1076400010B58CB004460B788DF8003051F8083F27
:1076500002935B68083104A898479DF800302370B6
:10766000029B084A0292204640F8083F9B6804A902
:1076700008309847029BDB6804A8984720460CB066
:1076800010BD00BF403C030808B503790BB90020CA
:1076900008BDC06AF1F75CFBFAE730B585B0054676
:1076A000144601A91046FFF79BF9237A643BDBB22D
:1076B000052B01D905B030BDA86C02212830FFF799
:1076C000E3FFF7E708B509780068FFF7E6FF08BDB4
:1076D00030B593B00446334B03600023037243601C
:1076E0003148206061720121E1614FF480612162C3
:1076F0002E49A1642E492160A4F87020A367E36796
:10770000C4F8803004F184052846F9F7E9F9294BDB
:10771000C4F8D830002184F8DC10274BC4F8D830E6
:10772000C4F8E010C4F8E410502204F1E80005F0B9
:1077300075FA224BC4F8D830214B00930294214BA8
:107740006A46282104F58B500830F5F74DF812E011
:10775000009BDB6802A898472046184B40F8D83FAA
:10776000F8F754F82846F8F789F82046F7F7C6FDE9
:1077700003F072F8F9E7009BDB6802A898474FF422
:107780008052002104F5DC50103005F047FA04F572
:1077900000530022C3F8902B83F8942B204613B09B
:1077A00030BD00BF6C20030890250308682503083E
:1077B000E825030858FF02082C3A0308CC250308E3
:1077C000C03C030810F502082DE9F84304460021E7
:1077D00040F8041B502205F021FA04F158084FF438
:1077E000006202214046FFF773FF04F52F56303642
:1077F0004FF4006203213046FFF76AFF04F5AF47FC
:10780000083701213846F7F763FC04F5B1455835D0
:1078100039462846F9F74AFE04F5E043DFF8E8E088
:10782000C3F808E6012283F80C26DFF8E0C0C3F8AD
:1078300008C6002183F80D163148C3F80806C3F8BE
:107840004C8783F8501783F8511783F85027C3F8F3
:1078500054E783F85827C3F854C783F85927C3F867
:107860005407C3F8986883F89C1883F89D1883F828
:107870009C28244AC3F85427C3F8A04804F5F149CA
:1078800009F124092A4602214846FFF79BFA2A46B5
:10789000032104F5F4406C30FFF794FA28E04846E1
:1078A000F5F7D4FA04F5E043164AC3F8542704F573
:1078B000EE405430F5F740F904F5EC400830F5F7A8
:1078C0003BF92846FFF7D9FA3846F7F789FB3046E7
:1078D000F7F7EAFF4046F7F7E7FF206808B1EDF752
:1078E000FBF902F0B9FFDDE7EEE7F0E7F2E7F4E7D6
:1078F00004F5E043002283F8342C2046BDE8F883E9
:10790000F01F0308D43A0308D01F03089CFF0208A5
:107910000A4B1B6813F0010F01D00948704710B5DE
:10792000074C2046FFF750FF044B01221A60054A1E
:107930000549204602F0F6FD014810BD2C29012022
:107940003029012000000020B16E020808B5042093
:1079500002F0BCFE00220260034A0260034A026099
:10796000034A044903F01AFB7C4003082C41030836
:1079700039B102081841030808B513460A46014602
:107980000020FFF7E3FF03689B68012B04D0C36866
:107990008B4204D9C1607047C160016170470369BF
:1079A0008B4200D2016170472DE9F04383B0064657
:1079B00003689B68002B31D17368F360336103B0B7
:1079C000BDE8F0832369DB6804F118009847236859
:1079D0000093174B0193009C9C42F3D157F8093058
:1079E00003E01A68002119601346114A9342F8D146
:1079F00047F809200023C8F804300135B368AB42CA
:107A00000ED977684FEAC50907EBC508D8F80430E6
:107A1000002BF2D057F835300093DAE70025EDE778
:107A2000336800229A60DA601A685A60C4E700BFBF
:107A300030C1002010B50446FFF7B6FF14F51870EA
:107A400013D004F52C7C0BE01A6800211960134652
:107A5000074A9342F8D1CCF800200023CCF8043038
:107A6000604502D05CF8083DF2E7204610BD00BF3B
:107A700030C10020F0B51D4643B193FAA3F6B6FA23
:107A800086F60768CC1B4FF0000C03E01F26F8E7D2
:107A90000CF1010CA44503DA17F80C30302BF7D0A9
:107AA000A4450DDA022D37D007EB0C0317F80C7044
:107AB000303FFFB2AF4207DA17600CF1010E0CE065
:107AC00067440760012026E00360012023E011687D
:107AD000B140194311600EF1010EA64506DA0368A4
:107AE00013F80E30303BDBB2AB42F0DB036873447B
:107AF0000360AEEB0C0006FB00F0022D07D077B15F
:107B0000B7FA87F3183BC3F10803F61A801B202845
:107B1000CCBF00200120F0BDE6460027DDE70823AA
:107B2000F1E70000F0B51D4643B193FAA3F6B6FAAB
:107B300086F60468A1EB040E002102E01F26F8E798
:107B40000131714502DA635C302BF9D071450CDAF2
:107B5000022D37D004EB010C635C1D4CE75CAF4297
:107B600007DA176001F1010C0DE00C4404600120FC
:107B700027E0C0F800C0012023E01368B34023438E
:107B800013600CF1010CF44506DA036813F80C30AD
:107B90000F4CE45CAC42F0DB036863440360ACEB85
:107BA000010006FB00F0022D07D077B1B7FA87F38A
:107BB000183BC3F10803F61A801B2028CCBF002015
:107BC0000120F0BD8C460027DDE70823F1E700BF68
:107BD000403B0308F0B584469E4633B1B3FA83F4C4
:107BE000013CC4F11F04202015E01F24F9E7002701
:107BF000BE4520DB1568AEFB05560EBB2E46156054
:107C000037BB00259B191DD213600DBBDCF800307B
:107C10000133CCF80030DCF800308B4226D01B78E2
:107C2000303BDBB2734523DA001BE0D4156805FB5B
:107C30000E331360EAE71568002DDBD00127D9E782
:107C40000127DBE70125DFE7002000E0002070B11D
:107C5000DCF80020531CCCF800308B42F4D0537871
:107C6000303BDBB27345F1DA0120F0E70120F0BDD3
:107C70000120FCE7F0B584461C463BB1B3FA83F51E
:107C8000013DC5F11F054FF0200E15E01F25F8E757
:107C90000027BC4221DB1368A4FB033616BB1E463B
:107CA00013603FBB002380191ED2106013BBDCF8A9
:107CB00000300133CCF80030DCF800308B4227D0A4
:107CC0001B781548C05CA04224DABEEB050EDFD459
:107CD000136803FB04031360E9E71368002BDAD091
:107CE0000127D8E70127DAE70123DEE7002000E0DB
:107CF000002070B1DCF80020531CCCF800308B421F
:107D0000F4D05378044AD35CA342F1DA0120F0E7BF
:107D10000120F0BD0120FCE7403B0308F0B585B031
:107D20000446019194461D460A9B0022026042606F
:107D3000016061451FD00A782D2A17D00127002243
:107D40000392019E5A1E1A421DD1082B15DC03AA6C
:107D5000614601A8FFF78EFE019BB34221D023604C
:107D600010BB22236360204605B0F0BD01310191B4
:107D70004FF0FF37E3E70127E1E703AA614601A8D7
:107D8000FFF7D0FEE8E70A2B05DC03AA614601A84D
:107D9000FFF720FFE0E703AA614601A8FFF76AFFAB
:107DA000DAE716236360DEE70022039B87FB0331DB
:107DB000B1EBE37F06D10399002905DB72B12223E1
:107DC0006360D0E70122F6E701220FB90022F5E750
:107DD000B7F1FF3FF2D19942F8D0EFE72B60C2E74D
:107DE00070B5AAB004460E46154605A91046FEF722
:107DF0001AFE9DF81420924B1B789A425BD19DF895
:107E0000152023799A4256D1EA792B7A84F85420A6
:107E100084F8553084F856608A490DF11600D8F779
:107E2000FBFA002849D088490DF11600D8F7F4FA7A
:107E3000002800F09A8085490DF11600D8F7ECFA79
:107E4000002800F09D8082490DF11600D8F7E4FA71
:107E5000002800F0A0807F490DF11600D8F7DCFA69
:107E6000002800F0A5807C490DF11600D8F7D4FA5F
:107E7000002800F0AA8079490DF11600D8F7CCFA55
:107E8000002800F0BF8076490DF11600D8F7C4FA3B
:107E9000002800F0FD8073490DF11600D8F7BCFAF8
:107EA000002800F03E8101230DF126020DF116019C
:107EB0002046FFF7E5F82AB070BD03A90DF12600B2
:107EC000F8F724FE0028EED0674B039A5A60674902
:107ED000081F01F0B3FF002800F04581FFF718FDEF
:107EE0006249FFF71BF8624D2B685B6A61492846BF
:107EF00098472B689E69F7F7E9F901462846B0478D
:107F00005D4D03685B692946984703685B695B4977
:107F1000984703685B692946984703689B694FF453
:107F2000E671984703685B695549984703685B6940
:107F30005449984703685B690DF116019847036837
:107F40005B695149984703685B690DF126019847C1
:107F500003685B694D49984700230DF126020DF136
:107F600016012046FFF78CF8A5E703A90DF12600BE
:107F7000F8F7CCFD002896D03B4B039A9A60A6E711
:107F800003A90DF12600F8F7C1FD00288BD0364B70
:107F9000039ADA609BE70DF1260004F0D3FDA0F50B
:107FA0008063B3F57C4FBFF47EAF2F4B18828EE712
:107FB0000DF1260004F0C6FDA0F58063B3F57C4FFB
:107FC000BFF471AF284B588281E70DF12600D8F736
:107FD0002DFA0A23009302AB0DF1260202440DF1A3
:107FE000260103A8FFF79AFE049B002B7FF45BAFEA
:107FF000029B002BFFF657AF022B3FF754AF1A4AF4
:10800000137564E70DF12600D8F710FA0A230093E0
:1080100002AB0DF1260202440DF1260103A8FFF781
:108020007DFE049B002B7FF43EAF029B002BFFF6EE
:108030003AAF022B3FF737AF0B4A537547E700BF04
:1080400038C1002058F4020864F4020870F40208F1
:1080500078F4020884F4020890F402089CF4020800
:1080600018F5020868F50208C0C30120C4C3012046
:10807000E008012074E60208E4E40208C0F2020805
:1080800024E5020874F5020880F5020844E50208B8
:108090000DF12600D8F7CAF90A23009302AB0DF1BF
:1080A000260202440DF1260103A8FFF737FE049BC8
:1080B000002B7FF4F8AE029B012B7FF4F4AE2E4D23
:1080C0002B685B6A2D49284698472B689E69F7F70D
:1080D000FDF801462846B047294D03685B692946EB
:1080E000984703685B692749984703685B69294695
:1080F000984703689B6940F2A511984703685B693C
:108100002149984703685B692049984703685B6980
:108110001F4998473220FDF7C7F900231D4A1A600E
:10812000C1E60DF12600D8F781F90A23009302ABCE
:108130000DF1260202440DF1260103A8FFF7EEFD22
:10814000049B002B7FF4AFAE029B012B7FF4ABAE00
:108150003220FDF7A9F9FFF7DBFB00F52F50303097
:10816000F7F7C6FFB3E603230DF126020DF1160162
:108170002046FEF785FF9EE6E0080120ACEB0208F2
:10818000E4E40208C0F2020824E5020824F502082B
:1081900044E50208EFBEADDE08B509780068FFF7D8
:1081A0001FFE08BD38B505460C460B7803708B687A
:1081B0000C4A41F8082F40F8083F9B680831083006
:1081C0009847236B2B6305F1340E04F1340CBCE8A3
:1081D0000F00AEE80F00DCF80030CEF80030284683
:1081E00038BD00BF303B030808B5FFF7DBFF08BD13
:1081F00038B504460D4606E0204650F8083FDB68D7
:10820000083098474834A542F6D138BD10B5044629
:108210000B4B036000F5C160FEF73AFCD4F8301355
:10822000D4F82C03FFF7E4FFD4F82C33C4F8303330
:1082300004F17800FFF7FEFB024B2360204610BDDF
:108240001C3B0308F80F030810B50446FFF7DEFFD8
:1082500041F63001204602F0DDF9204610BD0368EA
:108260000B6001607047000070B51C461B685BB96D
:1082700005460E4621461068FFF7F1FF736801338B
:1082800073602C60284670BD034B044A40F2ED2118
:10829000034804F07FFA00BF8CF5020894F5020849
:1082A00048F702082DE9F04F97B006460D461746ED
:1082B0004B688A6803EBC2030969544A1592049318
:1082C0000591069203604160826000230373286871
:1082D000836842699A4212D03978AB68B1FBF3F4F3
:1082E00003FB1414D5F8049009EBC408D8F8043043
:1082F00063B1CDF8008059F83430019340E0444B2D
:10830000444A40F21B41444804F044FA434B029370
:108310004FF0000ACDF80CA0FEF7F4FC8346C0F83D
:1083200000A03B780372BB683D4A47F8082F036101
:108330009B6807F1080118309847CDF820805B460C
:1083400008AA414607A8FFF78FFF41462846FFF7D6
:108350001AFB6B68AA6803EBC20359F834200C922D
:108360000993CDF828800B923360C6F80480B26080
:108370000123337310E0009A126800921B68019386
:10838000224C0D94019BA34202D01C7AA142F2D14F
:108390001E4A0E92934203D0304617B0BDE8F08FCC
:1083A0001E4B02934FF00009CDF80C90FEF7AAFC8B
:1083B0000446C0F800903B780372BB68184A47F83F
:1083C000082F03619B6807F1080118309847009F48
:1083D0001097234610AA41460FA8FFF745FF4146D4
:1083E0002846FFF7D0FA3B6800936A68A96802EB59
:1083F000C10214931192CDF8488013933260C6F8ED
:108400000480B36001233373C6E700BF30C100208E
:108410009CF70208A8F7020878F90208056D02081F
:10842000403C0308F0B5A7B0074616468DF8071084
:10843000C4680DF1070221461BA8F3F7F9F9636838
:10844000A26803EBC2022169544B25931E921F912F
:1084500020931D9A9A4214D123685A699B689A42C4
:1084600048D09DF807308DF80830314651F8083B68
:1084700004935B6806A8984702A90EA8FFF7E0F8E6
:1084800070E0474C23685B6A46492046984723685A
:108490009D69F6F71BFF01462046A847424C03683A
:1084A0005B692146984703685B69404998470368C0
:1084B0005B692146984703689B6996219847036842
:1084C0005B693B49984703685B693A499847036889
:1084D0009B693979984703685B693749984703680E
:1084E0009B699DF80710984703685B693349984773
:1084F000052045E02A4C23685B6A2A4920469847B4
:1085000023689D69F6F7E2FE01462046A847264CFF
:1085100003685B692146984703685B69234998476C
:1085200003685B692146984703689B699B219847CC
:1085300003685B691E49984703685B69204998474F
:1085400003689B693979984703685B691D499847B7
:108550003B691968F7F7DAF903685B6917499847C7
:1085600001200DE00EAA214621A8FFF79BFE109BDB
:10857000DB6812A89847049BDB6806A89847002090
:1085800027B0F0BD109BDB6812A89847049BDB68FE
:1085900006A8984702F060F9F8E700BF30C1002054
:1085A000E0080120D8E40208E4E40208C4F9020863
:1085B00024E5020820FA020854FA020874FA0208B4
:1085C00078FA0208A4FA020808B5042002F07EF83E
:1085D00000220260034A0260034A0260034A04491F
:1085E00002F0DCFC7C4003082C41030839B102088E
:1085F0001841030808B50A4601460020FFF7E4FFCA
:1086000070B505460C46064656F8083BDB68304612
:10861000984723682146044A41F8082B2B609B6841
:1086200030469847284670BD303B030870B58AB085
:1086300005460C460B78064606F8083B8B68104A40
:1086400041F8082F00939B68083102A898476946B3
:108650003046FFF7D5FF009BDB6802A89847236BE5
:108660002B6305F1340E04F1340CBCE80F00AEE8C6
:108670000F00DCF80030CEF8003028460AB070BD9C
:10868000303B030830B593B0054601466846FFF716
:1086900089FDA5F1480405E021462846FFF7C6FFFD
:1086A0002546483C236B0C9A9A42F5D369462846E6
:1086B000FFF7BCFF029BDB6804A8984713B030BDEE
:1086C00030B593B005460C4601466846FFF76AFD93
:1086D00021462846FFF7AAFF69462046FFF7A6FF76
:1086E000029BDB6804A8984713B030BD70B50D6BD2
:1086F000146BAC420FD91E6BA64205D8AE4207D907
:108700001946FFF7DDFF70BD1146FFF7D9FFFAE705
:10871000FFF7D6FFF7E71E6BB54205D3B44206D28A
:108720001946FFF7CDFFEEE7FFF7CAFFEBE711466B
:10873000FFF7C6FFE7E770B505460C46164600E0B2
:108740004835296B336B8B42FAD8483C00E0483CF3
:10875000216B8B42FBD3A54205D221462846FFF769
:10876000AFFF4835EDE7284670BD0000F0B583B097
:1087700004460D461646A1EB000C4FEAEC0C0E4BDE
:1087800003FB0CFC0CEBDC7C4FEA6C0C0CEBCC0C14
:1087900000F148078DF80020A1F1480300EBCC025E
:1087A0003946FFF7A3FF3346224629463846FFF7EE
:1087B000C2FF03B0F0BD00BF398EE338F8B50546FF
:1087C0008C4617461E464C1E04EBD47464100BE016
:1087D0000CEBCC0C05EBCC00FFF728FF04F1FF3CC1
:1087E0000CEBDC73A4465C10BC4507DD04EBC40154
:1087F00005EBC1010A6B336B9A42E9D30CEBCC0C4D
:10880000314605EBCC00FFF711FFF8BD2DE9F04331
:1088100097B006468846174699460C460AE005EB8F
:10882000C50104EBC40406EBC10106EBC400FFF76D
:10883000FDFE2C467B1E03EBD373B4EB630F12DA01
:10884000631C5D004FEA031C0CEB430C4FEACC03A6
:1088500006EBCC0C483B3344DCF830201B6B9A42CF
:10886000DDD2013DDBE717F0010F05D1023F07EB39
:10887000D777B4EB670F12D0494602A8FFF792FCF6
:1088800015AB009302AB424621463046FFF796FFF8
:10889000049BDB6806A8984717B0BDE8F083631C0B
:1088A0005D00190101EB4301C900483904EBC40420
:1088B000314406EBC400FFF7B9FE6C1EDCE7000094
:1088C000091A482931DDF0B5A7B005461746C91089
:1088D000164E01FB06F6B41E04EBD474641004E0DB
:1088E000013C049BDB6806A8984704EBC40105EB38
:1088F000C10102A8FFF756FC02A914A8FFF752FC19
:108900003B788DF8003014AB324621462846FFF7FD
:108910007DFF169BDB6818A89847002CE0D1049BCC
:10892000DB6806A8984727B0F0BD7047398EE3385A
:10893000F0B5A7B005460C4616461F46114614A8CA
:10894000FFF730FC29463046FFF770FE641BE41049
:108950000C4B03FB04F414A902A8FFF723FC3B789B
:108960008DF8003002AB224600212846FFF74EFF6B
:10897000049BDB6806A89847169BDB6818A89847F5
:1089800027B0F0BD398EE338F0B583B005460F4609
:1089900016468DF8043001AAFFF792FF3C4600E02E
:1089A0004834B4420AD22B6B226B9A42F8D201AB04
:1089B000224639462846FFF7BBFFF1E703B0F0BD7A
:1089C00070B505460C46164606E0483C334622463E
:1089D00021462846FFF7ACFF611B4829F5DC70BD36
:1089E00030B583B004460D468DF80430DBB2FFF796
:1089F000CBFF01AA29462046FFF7E2FF03B030BDB6
:108A00002DE9F04106460C4615461F46A11BB1F55F
:108A1000906F14DD6DB1013D3A4621463046FFF7B7
:108A2000A5FE80463B462A462146FFF7E9FF44461D
:108A3000ECE73B46224621463046FFF7D1FFBDE832
:108A4000F081000070B50E4615460C1AE410074B75
:108A500003FB04F406E0483E483D31462846FFF754
:108A6000E5FD013C002CF6DC284670BD398EE3386C
:108A7000884227D070B592B005460E4600F14804F2
:108A800005E04FF000012046FFF7FCFD4834B442FA
:108A900016D0226B2B6B9A42F3D221466846FFF721
:108AA00081FB04F1480221462846FFF7CBFF6946C7
:108AB0002846FFF7BBFD029BDB6804A89847E5E763
:108AC00012B070BD704738B50D460B1AB3F5906FF4
:108AD0000EDD00F590642146FFF7CAFF05E04FF078
:108AE00000012046FFF7CEFD4834A542F7D138BD3E
:108AF000FFF7BEFFFBE7000088421BD0F8B5054634
:108B00000E4617460C1AE4100B4B03FB04F47CB121
:108B1000B4FA84F4C4F11F043B466200314628468F
:108B2000FFF76EFF3A4631462846FFF7CCFFF8BD07
:108B30002024EFE7704700BF398EE3382DE9F04776
:108B400092B080460E4691469A4603695C689F68DB
:108B50003DE05A4B1B689C69F6F7B8FB0146574845
:108B6000A04703685B695649984703685B695549A4
:108B7000984703685B695249984703689B69AF212E
:108B8000984703685B695049984703685B694F4998
:108B9000984703689B6998F80410984703685B69D5
:108BA0004B49984703689B693146984703685B695E
:108BB00048499847029BDB6804A89847052012B0F3
:108BC000BDE8F087029BDD6804A8A8474834BC4292
:108BD0000DD021466846FEF7BEF89DF800C0B445AA
:108BE000F0D1364803685B6A3B499847B1E7D8F84B
:108BF00010402268A36861685B1ADB10374901FBEB
:108C000003F39A421AD053464A4631466846FEF765
:108C10008DF86946A068FFF7E7FAA3684833A360B8
:108C2000029BDB6804A89847D8F810304FF0000288
:108C300099685868FFF760FF0020C0E71F4C236861
:108C40005B6A25492046984723689D69F6F73EFBF5
:108C500001462046A8471A4C03685B69214698479D
:108C600003685B691749984703685B692146984721
:108C700003689B69B621984703685B691249984766
:108C800003685B691649984703689B6998F8041064
:108C9000984703685B6913499847D8F810301968FA
:108CA000F6F734FE03685B690A499847012086E7B6
:108CB000029BDB6804A8984701F0CEFDE008012084
:108CC000E4E40208C4F9020824E50208C4FA020830
:108CD00000FB020874FA0208D8E40208398EE3386F
:108CE00020FB0208A4FA0208F0B58BB090F87030AF
:108CF000D3B904469348EAF72FFD934D2846F3F77E
:108D000012FB6B7813B901222A706A708E4B012214
:108D10009A708E4B009302944FF47A736A46002146
:108D20002046FFF70BFF2BE0894C23685B6A8949DB
:108D30002046984723689D69F6F7C8FA0146204601
:108D4000A847854C03685B692146984703685B69BF
:108D50008249984703685B692146984703689B6985
:108D60002F21984703685B697D49984703685B69D1
:108D70007C49984703685B697B499847052587E0EC
:108D8000009BDB6802A89847784B009302944FF44D
:108D90007A736A4601212046FFF7D0FE009BDB680C
:108DA00002A89847724B009302946A46002120461D
:108DB000FFF738FB009BDB6802A898476D4B0093D8
:108DC00002946A464C212046FFF72CFB009BDB688F
:108DD00002A89847684B009302946A4643212046B4
:108DE000FFF720FB009BDB6802A89847634B0093CA
:108DF00002946A4640212046FFF714FB009BDB6883
:108E000002A898475E4B009302946A46412120468F
:108E1000FFF708FB009BDB6802A898472046F2F7A3
:108E200063FC04F5C160FDF7AFF80546002832D1B8
:108E3000474E33685B6A53493046984733689F69A9
:108E4000F6F744FA01463046B847434E03685B697B
:108E50003146984703685B694049984703685B69F6
:108E60003146984703689B695421984703685B69BA
:108E70003B49984703685B694349984703685B69C6
:108E800039499847012384F87030002384F864300E
:108E900028460BB0F0BD2E4C23685B6A2D49204656
:108EA000984723689D69F6F711FA01462046A847BE
:108EB000294C03685B692146984703685B69274929
:108EC000984703685B692146984703689B6951216D
:108ED000984703685B692249984703685B692B4997
:108EE000984703685B69204998470125D0E7009BB4
:108EF000DB6802A8984701F0AFFC009BDB6802A882
:108F0000984701F0A9FC009BDB6802A8984701F094
:108F1000A3FC009BDB6802A8984701F09DFC009B26
:108F2000DB6802A8984701F097FC009BDB6802A869
:108F3000984701F091FC009BDB6802A8984701F07C
:108F40008BFC00BFD8B8002038C10020B03C03081B
:108F5000E0080120D8E40208E4E40208C0F20208B4
:108F600024E5020850FB020844E50208A03C03087F
:108F7000903C0308803C0308703C0308603C0308F5
:108F8000503C030874E6020890FB02087CFB0208D0
:108F900008B5FDF763FE08BD10B50C794CB98868BB
:108FA00098B189891AB10122E4F79AFE09E02246B4
:108FB000FAE7006858B1897B2AB10122FCF783FEE9
:108FC0000446204610BD0022F8E70724F9E70724ED
:108FD000F7E70000F8B5074616460C4D05EB0115FE
:108FE000002404E00A20EFF7A6FF0134E4B2022CCB
:108FF00008D8324629463846FFF7CEFF03460028F8
:10900000F0D100E001231846F8BD00BFF43D03088D
:109010000368002B37D070B50546002412E01C4BC6
:1090200003EB04139E7B012231462868FCF717FEF0
:10903000034630BB002231462868FCF744FE034655
:10904000F8B90134062C12DC114B03EB04131B7925
:10905000012BE4D00E4B03EB04139868B0B10C4B1A
:1090600003EB041300229989E4F73AFEE9E70022B2
:1090700010210848E4F734FE00232B714FF0FF3233
:10908000AA60184670BD0723184670470723F8E703
:10909000F43D03080004024238B50379022B41D0A5
:1090A0000546042B40D0012303714FF0FF3383604A
:1090B000002423E0012210211C48E4F711FE0520C2
:1090C000EFF739FF1EE0012C04D0AC6004232B71B4
:1090D000012026E0002210211448E4F701FEF4E705
:1090E0004FF4FA70EFF727FF002210210F48E4F742
:1090F000F7FD10E00A20EFF71EFF0134062C0DDC0F
:10910000012CD7D00122E1B22846FFF763FF0028E7
:10911000D9D1012CE4D0052CECDDEEE702232B7134
:10912000002038BD0020FCE70120FAE700040242DD
:1091300038B50379BBB1054603230371062400E06B
:10914000013C002C0ADB0022E1B22846FFF742FF77
:10915000002CF5DD0A20EFF7EEFEF1E700232B717E
:109160004FF0FF33AB60002038BD30B587B0856964
:1091700015B303460C46EE4600F1180C9CE80700B8
:109180008EE807000022039204928DF814200DF15E
:109190000C0EBEE803009861CCF80410D2B28CF833
:1091A00008206CB19DF8082042B907221A752246A2
:1091B0009DF808100198A84707B030BD0122F5E7D7
:1091C0009DF8082012B901221A75F0E70722FBE783
:1091D00008B5037D0BB1082B05D10123037590F869
:1091E0002030012B00D008BD0121FFF7BEFFFAE7B8
:1091F000002A00F08F8030B585B084460C461146B9
:109200008269002A40F0888034B9007D821ED2B283
:10921000012A1AD9072818D0012C42D001910293B3
:109220008DF80C4001AB03CBCCF81800CCF81C1027
:10923000E3B28CF820300CF12800002C68D1012119
:10924000FEF722FA002005B030BD344C23685B6A7B
:1092500033492046984723689D69F6F737F8014659
:109260002046A8472F4C03685B692146984703684E
:109270005B692D49984703685B69214698470368F5
:109280009B696921984703685B6928499847036887
:109290005B692749984703685B6926499847052019
:1092A000D1E79CF81420082AB8D84FF4897020FA26
:1092B00002F212F0010FB1D0184C23685B6A184912
:1092C0002046984723689D69F6F700F80146204636
:1092D000A847144C03685B692146984703685B699B
:1092E0001149984703685B692146984703689B6961
:1092F0006F21984703685B690C49984703685B696D
:109300000D49984703685B690A49984705209AE721
:10931000042195E705207047052094E7E008012027
:10932000D8E40208E4E40208E0FB020824E50208AD
:109330001CFC020844E5020858FC0208F8B590F845
:109340002430002B57D10446574D2846EAF704FA3B
:10935000564E4023F360012373723046F4F76AFCE3
:109360002846EAF7F9F9524F3E603846FCF75FFCB1
:109370002846EAF7F1F94F480760FFF749FE28460B
:10938000EAF7EAF904F12800FCF7FEFD054600289B
:109390005DD1494E33685B6A484930469847336827
:1093A0009F69F5F793FF01463046B847444E03687E
:1093B0005B693146984703685B694249984703688F
:1093C0005B693146984703689B694B21984703685E
:1093D0005B693D49984703685B693C499847036866
:1093E0005B693B499847012384F8243000232375A7
:1093F00023722846F8BD304C23685B6A3549204605
:10940000984723689D69F5F761FF01462046A84704
:109410002B4C03685B692146984703685B692949BF
:10942000984703685B692146984703689B69312127
:10943000984703685B692449984703685B69264934
:10944000984703685B69224998470525D1E71A4C7C
:1094500023685B6A1F492046984723689D69F5F792
:1094600035FF01462046A847154C03685B69214635
:10947000984703685B691349984703685B6921460D
:10948000984703689B694821984703685B690E49C0
:10949000984703685B691149984703685B690C4901
:1094A00098470125A5E700BFD8B8002020A60120D5
:1094B000480100203C010020E008012074E6020879
:1094C000E4E40208E0FB020824E50208B4FC020818
:1094D00044E50208D8E4020884FC02087CFB020888
:1094E00038B5FEF715FA00F52F543034FEF710FAB0
:1094F00002461B4D21462846FBF7A4FE194C224686
:109500001949284601F00EF81848194B036000234A
:1095100003724360174A0260174A026003610375D1
:109520008361C36180F8203080F821304362224695
:10953000124900F0F7FF124D2846F5F743F922468D
:109540001049284600F0EEFF0F4B1B6813F0010F87
:1095500005D10D4B01221A600C4B00221A6038BD58
:1095600048A6012000000020D948020820A60120BA
:109570006C200308EC2303081C240308B9DB010852
:10958000F8A501208DE601082CC1002030C1002083
:1095900008B5FFF7A5FF08BD2DE9F84F04460120E7
:1095A000FBF782FF774BD3F8F43013F0804F1FD0D6
:1095B0000120FBF779FF0A20FBF776FF4FF480715B
:1095C0007148F4F783F8714D68720023AB72284636
:1095D000F5F7BAF8FEF79CF96D4E2A4600F5AF4153
:1095E00008313046FBF7DEFC3046FBF767FB44E012
:1095F0006848FFF751FDDBE70122D4F8C8100720C7
:10960000EFF7F8FB051E3DDA50E02046FFF7E0FDDE
:109610003BE000212046FFF7A8FD3EE00021204668
:10962000FFF7A3FD42E05C4D2B685B6A5B4928466F
:1096300098472B689E69F5F749FE01462846B047D2
:10964000574D03685B692946984703685B6955492C
:10965000984703685B692946984703689B69BF215F
:10966000984703685B695049984703685B694F49AD
:10967000984703685B694E49984794F82C30002B53
:10968000BAD1002515F0020FBFD115F0010F04D09B
:10969000237D012BBDD80223237515F0040F05D0BF
:1096A000237D0BB1072BB9D104232375237D072B11
:1096B000E3D801A252F823F027960208D9960208AF
:1096C0008B980208E5980208BD970208B399020832
:1096D000C39902082F9702082F4D2B685B6A2F4908
:1096E000284698472B689E69F5F7F0FD0146284605
:1096F000B0472B4D03685B692946984703685B694F
:109700002849984703685B692946984703689B691D
:10971000C521984703685B692349984703685B69DB
:109720002449984703685B6921499847A5E71A4D82
:109730002B685B6A1949284698472B689E69F5F79C
:10974000C5FD01462846B047154D03685B692946AB
:10975000984703685B691349984703685B69294622
:10976000984703689B69CA21984703685B690E495B
:10977000984703685B691049984703685B690C491F
:1097800098477AE7000C024600000242F8A5012043
:1097900048A601203C010020E008012074E60208F0
:1097A000E4E40208E0FB020824E50208D0FC020819
:1097B00044E50208E0FC0208F0FC0208834D2B6837
:1097C0005B6A8349284698472B689E69F5F77EFDBA
:1097D00001462846B0477F4F03685B693946984782
:1097E000DFF804A203685B695146984703685B6928
:1097F0003946984703689B69D0219847DFF8EC9178
:1098000003685B694946984703685B6972499847F2
:10981000DFF8E08103685B69414698476F48FFF7CE
:109820003BFC06462B685B6A6D49284698472B68C7
:10983000D3F818B0F5F74AFD01462846D847036823
:109840005B693946984703685B69514698470368E6
:109850005B693946984703689B69D221984703683A
:109860005B694946984703685B695E4998470368A6
:109870009B693146984703685B694146984716B92A
:1098800008232375F9E60623FBE7504D2B685B6A36
:109890005349284698472B689E69F5F717FD0146FE
:1098A0002846B0474B4D03685B69294698470368D3
:1098B0005B694D49984703685B6929469847036887
:1098C0009B69E321984703685B69484998470368A7
:1098D0005B694749984703685B6946499847032392
:1098E0002375CAE6394D2B685B6A39492846984783
:1098F0002B689E69F5F7EAFC01462846B047354FCC
:1099000003685B6939469847DFF8DCA003685B6948
:109910005146984703685B693946984703689B69D5
:10992000EB219847DFF8C49003685B694946984784
:1099300003685B6930499847DFF8B88003685B6962
:10994000414698472548FFF7F3FB06462B685B6ABC
:109950002349284698472B68D3F818B0F5F7B6FC8A
:1099600001462846D84703685B693946984703682B
:109970005B695146984703685B69394698470368B5
:109980009B69F021984703685B69494698470368DB
:109990005B691A49984703689B6931469847036891
:1099A0005B694146984716B90523237565E606238A
:1099B000FBE701212046FFF7D8FB6420FBF774FD8D
:1099C0005BE600212046FFF7D0FB56E6E0080120C9
:1099D000ACEB0208E4E4020800FD02083C010020B0
:1099E00074E602080CFD0208E0FB020824E5020808
:1099F00020FD020844E5020830FD02083CFD020893
:109A0000014B00221A607047C0C3012000B500223C
:109A1000026042608260C2600261426102764FF081
:109A2000C00C80F800C0A8214170102282704FF055
:109A30000A0E80F803E080F804C0417182714FF093
:109A4000140E80F807E080F808C041728272E322A9
:109A5000C2726FF029020273382242736FF01F0145
:109A60008173C2730122027442743422427512223D
:109A700082755A22C2756FF05A0202765DF804FBB5
:109A80002DE9F04F89B00D469C4BD3F81520A3F17A
:109A9000C543A3F53713A3F6CC539A4200F0838154
:109AA00001466846FFF7B2FF009A019B02980399AE
:109AB0002A606B60A860E960049A059B2A616B616B
:109AC0009DF818302B768E4C23685B6A8D492046B2
:109AD000984723689E69F5F7F9FB01462046B04791
:109AE000894C03685B692146984703685B6987492D
:109AF000984703685B692146984703689B691D2165
:109B0000984703685B698249984703685B698149A4
:109B1000984703685B6980499847DFF81492784C4E
:109B200023685B6A49462046984723689E69F5F793
:109B3000CDFB01462046B047DFF8CC8103685B6966
:109B40004146984703689B6926219847704F0368F0
:109B50005B693946984703685B69704998470368B1
:109B60009B69A9789847DFF8CCA103685B695146E7
:109B7000984703689B69E9789847674E03685B6973
:109B80003146984723685B6A4946204698472368D0
:109B9000D3F818B0F5F79AFB01462046D84703687A
:109BA0005B694146984703689B692721984703688A
:109BB0005B693946984703685B6959499847036868
:109BC0009B69A979984703685B6951469847036880
:109BD0009B69E979984703685B6931469847236830
:109BE0005B6A4946204698472368D3F818B0F5F7D2
:109BF0006DFB01462046D84703685B69414698479C
:109C000003689B692821984703685B693946984730
:109C100003685B694349984703689B69A97A984739
:109C200003685B695146984703689B69E97A9847DE
:109C300003685B693146984723685B6A494620465A
:109C400098472368D3F818A0F5F740FB0146204653
:109C5000D04703685B694146984703689B6929219F
:109C6000984703685B693946984703685B692E49E2
:109C7000984703689B69A989984703685B693146DF
:109C8000984723685B6A4946204698472368D3F87B
:109C900018A0F5F71BFB01462046D04703685B6917
:109CA0004146984703689B692A21984703685B6986
:109CB0003946984703685B691C49984703689B6964
:109CC000E989984703685B693146984723685B6A6E
:109CD0004946204698472368D3F818A0F5F7F6FAC6
:109CE00001462046D04703685B69414698470368B0
:109CF0009B692B21984703681EE000BF00E007081E
:109D0000E008012074E60208E4E4020850FD0208BD
:109D100024E502088CFD020844E50208DCFD020887
:109D2000E8FD0208F4FD020800FE020810FE020829
:109D3000F4E602080CEC02085B69394698470368B0
:109D40005B693449984703689B69297C9847036895
:109D50005B693146984723685B6A494620469847C5
:109D60002368D3F81890F5F7B1FA01462046C847A2
:109D700003685B694146984703689B692C219847B3
:109D800003685B693946984703685B6922499847CD
:109D900003689B69697C984703685B69314698470B
:109DA00009B0BDE8F08F1D4C0FCC28606960AA6037
:109DB000EB6003CC2861696123782B76184C23680B
:109DC0005B6A18492046984723689E69F5F77EFA32
:109DD00001462046B047144C03685B69214698470A
:109DE00003685B691149984703685B692146984796
:109DF00003689B692321984703685B690C4998476E
:109E000003685B690B49984703685B690A4998478F
:109E100083E600BF1CFE020830FE020800E00708CF
:109E2000E008012074E60208E4E4020850FD02089C
:109E300024E50208B8FD020844E5020870B50446AE
:109E40000D46494A19210068F3F7DEFD0646002851
:109E50002BD1464C23685B6A4549204698472368C6
:109E60009D69F5F733FA01462046A847414C03683F
:109E70005B692146984703685B693F4998470368D7
:109E80005B692146984703689B69372198470368B7
:109E90005B693A49984703685B69394998470368A1
:109EA0005B6938499847304670BD19232A462E49C8
:109EB0002068F3F7F7FD19282BD02C4C23685B6A38
:109EC0002B492046984723689D69F5F7FFF901461D
:109ED0002046A847274C03685B69214698470368DA
:109EE0005B692549984703685B6921469847036881
:109EF0009B694321984703685B6920499847036839
:109F00005B692149984703685B691E4998470026A9
:109F1000C9E7164C23685B6A1C49204698472368AA
:109F20009D69F5F7D3F901462046A847114C03680F
:109F30005B692146984703685B690F499847036846
:109F40005B692146984703689B69472198470368E6
:109F50005B690A49984703685B690D49984703683C
:109F60005B69084998479EE700E00708E008012080
:109F7000D8E40208E4E4020850FD020824E50208DF
:109F800044FE020844E5020858FE020874E602088E
:109F90006CFE020808B5FFF733FD08BD0B680360CF
:109FA00070470B680360704770470B680360704729
:109FB0000B6803607047704710B504462830FCF703
:109FC00067FD204610BD08B50068FFF7E5FA08BD3B
:109FD00008B50068FDF722FB08BD00F5E04393F8E3
:109FE000343C5BBB10B50446FBF7F4FB04F5B14011
:109FF0005830F6F7C7FD04F5EC400830F2F7C6FC20
:10A0000008B1012010BD04F5EE405430F2F7BEFC5B
:10A010000028F6D104F5F1402430F2F7D5FD0028F0
:10A02000EFD104F5F4406C30F2F7CEFD0028E8D112
:10A0300004F5E044012384F8343CE3E7052070474D
:10A0400070B5EEF75BFD224B1B68C31A41F28732F5
:10A05000934237D904461F4D2B685B6A1E49284638
:10A0600098472B689E69F5F731F901462846B047B5
:10A070001A4D03685B692946984703685B6918496C
:10A08000984703685B692946984703689B69532191
:10A09000984703685B691349984703685B691249ED
:10A0A00098470546E9F7F6FC01462846F5F72EFCE9
:10A0B00003685B690D49984703685B690C499847D9
:10A0C000034B1C604FF47A70FBF7EEF970BD00BFD4
:10A0D00080EE0120E008012074E60208E4E40208B2
:10A0E0008CFE020824E50208B4FE0208C0FE020845
:10A0F00044E5020800F1180200F51873026043609D
:10A100000A228260C360036100F130018161C16194
:10A1100000210162416238218162C2620922002A63
:10A120000CDB10B400211960054C1C605960013A29
:10A130000833002AF6DA5DF8044B7047704700BF19
:10A1400030C1002038B55148E9F706FB50480446B5
:10A15000504B44F8043B2146FFF792FCFDF7D8FB37
:10A160002146FCF7DBFEFDF7D3FBFFF736FF0028A7
:10A170002AD0494C23685B6A48492046984723689F
:10A180009D69F5F7A3F801462046A847444C0368AB
:10A190005B692146984703685B69424998470368B1
:10A1A0005B692146984703689B693B219847036890
:10A1B0005B693D49984703685B693C499847036878
:10A1C0005B693B49984738BD3A48FFF7B7F8002824
:10A1D00029D0314C23685B6A304920469847236870
:10A1E0009D69F5F773F801462046A8472C4C036893
:10A1F0005B692146984703685B692A499847036869
:10A200005B692146984703689B693F21984703682B
:10A210005B692549984703685B6927499847036844
:10A220005B69234998472548FEF75EFD002829D041
:10A23000194C23685B6A19492046984723689D6931
:10A24000F5F744F801462046A847154C03685B69BA
:10A250002146984703685B691249984703685B6920
:10A260002146984703689B694221984703685B69C8
:10A270000D49984703685B691149984703685B6912
:10A280000B4998470148E9F767FA9CE7D8B80020DE
:10A29000C0C3012060EE0120E0080120D8E40208DC
:10A2A000E4E402088CFE020824E50208C4FE020869
:10A2B00044E5020810DC0120E0FE0208E0C30120B2
:10A2C000FCFE02082DE9F04393B00446884615468B
:10A2D0001F46F1F7E5FC234B23600026E6622422AB
:10A2E000314604F1300002F099FCDFF87C90C4F8AC
:10A2F0005890C4F8A0604FF48052314604F1A40095
:10A3000002F08CFC4FF4C072314604F585500830E1
:10A3100002F084FCC4F810802B68294641F8089BA1
:10A3200000939B6802A89847694604F15800F2F729
:10A3300045FA009BDB6802A89847394604F10800FB
:10A34000FBF7E4FA09E0A36DDB6804F160009847CD
:10A350002046F0F767FC00F07FFA204613B0BDE816
:10A36000F08300BFF43A03086C10030810B592B0F4
:10A370000446002303758361C36180F8203080F8B0
:10A3800024300B4B009302900A4B6A461821283068
:10A39000FFF798FF05E0009BDB6802A8984700F0F4
:10A3A0005BFA009BDB6802A89847204612B010BDFC
:10A3B000743E030818FF020810B504460A2340F84B
:10A3C000103B6060A0600146FDF712FF6368A36068
:10A3D000204610BD2DE9F04194B004460E4600F130
:10A3E000780700F54A78254B036024220271002586
:10A3F000C0F805504572C760C0F81080042303758B
:10A4000045751F4B40F8183B294602F007FCE563F1
:10A4100025646564A66484F8705013AA12A93846AE
:10A42000FFF768FE4046FFF7C7FF164B0093029404
:10A43000154B6A46182104F5C160FFF743FF14E08D
:10A44000009BDB6802A89847D4F83013D4F82C039B
:10A45000FDF7CEFED4F82C33C4F830333846FDF780
:10A46000E9FA064B236000F0F7F9009BDB6802A8CD
:10A470009847204614B0BDE8F08100BFF80F0308EC
:10A480001C3B0308643E030818FF020870B5174818
:10A49000174B0360002303724360164B0360164B97
:10A4A0000360164C2246164900F03CF8154D28462C
:10A4B000FFF75CFF22461449284600F033F8134E9C
:10A4C00029463046FFF786FF22461149304600F004
:10A4D00029F8104B1B6813F0010F05D10D4B012219
:10A4E0001A600D4B00221A6070BD00BF60EE0120A3
:10A4F0006C2003084C2303089C2303080000002061
:10A50000A5D8010810DC0120B99F0208E0C3012092
:10A510000D8202082CC1002030C1002008B5FFF7D1
:10A52000B5FF08BD0B460146184602F077B97FB566
:10A530000024102315461268CDE902340368CDE9E2
:10A5400000449E696B46B0479DF8043003F0060353
:10A55000062B05BF009B012020462B6004B070BD78
:10A56000009890420CBF062001207047034B10B5A5
:10A570000446036000F0BFFD204610BDBC3E03084A
:10A5800010B50446FFF7F2FF0821204600F042F81C
:10A59000204610BD2DE9F041DDF818801F46064623
:10A5A0001546DDE90834984507D1079900F0A6FD66
:10A5B00018B165710020BDE8F0813946304600F0E1
:10A5C0009DFD0028F6D00123C4F800802571A371F9
:10A5D000F0E738B515461C4600F090FD20B1082381
:10A5E0002560E3600623237138BD2DE9F04105465F
:10A5F0000C4616461F4600F081FD48B9032F07D8C8
:10A6000023683246294620465B69BDE8F041184779
:10A61000BDE8F08100F0A3BD194A50F8081C53684A
:10A6200070B5A0F1080413B16518AB4203D940F826
:10A63000043C546070BD5E681FD11B680B4440E948
:10A640000236F6E71A1D33465E6836B1B542F9D8D0
:10A6500001BF2E686D6889195D6013681D685E19F9
:10A66000B44217BF5B686D1840F8081C40F8043C02
:10A6700016BF13681D605C60DCE70432E4E700BFCE
:10A6800084EE01200830104A082838BF082007301F
:10A6900020F0070352F8040F30B580B10168446818
:10A6A0008B420DD8CD1A072D8DBFC11801602146F0
:10A6B0004C6082BFC550106803600830116030BD27
:10A6C000021D2046E9E700BF84EE012010B500F12D
:10A6D0008004204601F0A4FF034630B92046FFF76E
:10A6E000D1FF034608B900F0F9FB8022002118468B
:10A6F00002F094FA803010BD064B8038D3E9022373
:10A700001344984203D2824201D2FFF785BF01F081
:10A710008FBF00BF84EE012070B50D461946036857
:10A72000049E9D4204D92A4609490A4800F0FCFCCF
:10A730005C1B944228BF14463246A64228BF2246DC
:10A7400022B14068284402F059FA00B9A01B70BD3C
:10A75000E03E0308FA3E03082DE9F0470025394E94
:10A760008CB03948F5604FF00F090DF11008C6E9BB
:10A77000015501F077FE354B044693E803000823AA
:10A780000693334BCDE9073509230993314B0A93DF
:10A79000042388E803000B93B4B90B9B089D402B5E
:10A7A000A8BF4023002D08BF06253E355D43AD0000
:10A7B000F56035B1284601F033FFB06000283CD188
:10A7C000F4600CB0BDE8F08723780F2200214046EA
:10A7D0003A2BCDF8009008BF01342346FFF79CFFC9
:10A7E00028BBE37B2E2B22D110344FF0030A06AF97
:10A7F000BAF1010A1BD03D682346002138462A469B
:10A800000095FFF789FF024610B9635D3D2B01D02B
:10A810000C37EDE7013503A9601901F019FE039C1F
:10A8200023783A2B00D013B9002800DBB86020460B
:10A830003A2101F083FE0446AEE77060C0E900549F
:10A84000BFE700BF84EE01202B3F03089CE2020813
:10A850003C3F0308453F03081EB400F09CF81EBCB3
:10A86000D5F790FD0378472B17D143784E2B14D1A1
:10A870008378552B11D1C378432B0ED10379432B09
:10A880000BD143792B2B08D183792B2B05D1C079A0
:10A8900001288CBF00200120704700207047000075
:10A8A0002DE9F3411D4603780E460246472BC17938
:10A8B00013D143784E2B10D18378552B0DD1C3780B
:10A8C000432B0AD10379462B07D143794F2B04D16F
:10A8D0008379522B01D1002930D01046FFF7C2FFF7
:10A8E00080F001040023E4B2002001904BBB54BB74
:10A8F00001290ABF52F8203CA2F12003783B01292C
:10A900000CBF52F8202C58321C6801922368204654
:10A910009B689847C8B1019B02271B680193336865
:10A9200001AA21463046D3F810800123C04770B1F8
:10A93000019B2B60384602B0BDE8F08101230C4634
:10A94000D2E7044CE2E7044CE0E70127E7E70746DB
:10A95000F0E700BF404003086C40030810B5044610
:10A9600000F040F802462046A4F12001FFF77AFFEC
:10A9700060B154F8043C0133012B44F8043C03D18A
:10A98000936844F8083C9160012010BD9368002B47
:10A99000F9D000F0A3FA10B500F024F8826801465F
:10A9A0000AB900F09BFA02F120042046FFF75AFF93
:10A9B00040B1D369013BD36113B990698860936159
:10A9C000204610BD8860FBE77047000000487047D4
:10A9D0005F3F030810B504460421FFF71BFE204625
:10A9E00010BD00000048704794EE012000231A4675
:10A9F00030B510F8015B05F07F0494400732234323
:10AA00002C06F6D40B6030BD00231A4630B510F882
:10AA1000014B04F07F05954007322B432506F6D401
:10AA20001F2A06D8640642BF4FF0FF3404FA02F230
:10AA300013430B6030BD50282DE9F341064688468C
:10AA400015461F4608D1D01C20F0030050F8044BD7
:10AA50003C6002B0BDE8F08100F00F030C2B2ED853
:10AA6000DFE803F025071D25292D2D2D2D18212583
:10AA7000290001A92846FFF7B9FF019C002CE7D067
:10AA800006F07003102B08BFA8463306444448BFA5
:10AA90002468DDE701A92846FFF7B6FFEDE7284661
:10AAA00030F8024BEAE7284630F9024BE6E7284641
:10AAB00050F8044BE2E7284650F8084BDEE701F077
:10AAC00061FE08B503460846FF2B0DD003F0700366
:10AAD000302B0FD004D8202B08D005D901F052FE1E
:10AAE000402B0BD0502BF9D1002008BDBDE8084009
:10AAF00001F03BBCBDE8084001F034BCBDE80840B3
:10AB000001F020BC70B50C4615461E460146204695
:10AB1000FFF7D7FF334601462A462046BDE870407E
:10AB2000FFF789BF73B50C461546064608B101F01C
:10AB300009FC2246286012F8011BFF291CD02B1D9E
:10AB40003046FFF7DFFF0246104610F8013BFF2BAF
:10AB500014D0102301A92B75FFF748FF019B034474
:10AB6000EB6001A910F8013B6B75FFF73FFF019BFC
:10AB700003442B6102B070BD6860E5E72B750023CC
:10AB8000EEE71FB503AB0A4600930023194600F019
:10AB9000C1FE039805B05DF804FB00002DE9F04FFD
:10ABA000002393B005460C46079300F003031646B6
:10ABB000012B10D0022B03D0002B3BD101073BD53A
:10ABC0003146204601F0A8FB18B1092013B0BDE8BA
:10ABD000F08F0820FAE7020723D5022305F00805C5
:10ABE0000C2230460C941D430CAB009300231946F5
:10ABF00000F0B6FE062D21D1D4F83080B8F1000F58
:10AC0000D4E90A790CBF4FF0010A4FF0030A15F09E
:10AC1000080500F00981BAF1010F40F0018100F050
:10AC20005DF90F6A30460D21FFF7ABFF8742D4D1A3
:10AC30000623D3E701F0A6FD0123CFE7304601F05C
:10AC400087FB81460028BBD00CAA01463046FFF79F
:10AC500069FF9DF844B0314603905846FFF731FF35
:10AC60000F2102900E903046FFF78BFF20F0010875
:10AC7000039A08F1FF38109F974215D800274FF02C
:10AC8000010AB846EB07C2D5BAF1020F98D0079D6A
:10AC90000D213046FFF775FFC4F83080C4E9080580
:10ACA000C4E90A79062091E79DF845A008AB002089
:10ACB0005146FFF727FF09AB024651460020FFF738
:10ACC00021FF0AAB024651460020FFF71BFF0BA9EC
:10ACD000FFF78CFE0C9B089902460B44434551D864
:10ACE00009990B444345C6D9DDF82880B8F1000F17
:10ACF00001D00D9B98440B9B002B3BD0B8F1000F6B
:10AD00003FF45EAF15F0080204923DD04722227056
:10AD10004E2262705522A2704322E27046222271B6
:10AD20004F2262715222A2710022E271013BF81897
:10AD30000023039309A9FFF767FE0AA90590FFF70F
:10AD400063FE099F002F68D042DDBBF1FF0F3BD0AF
:10AD50000BF00703042B3FF66DAF01A252F823F06E
:10AD60009BAD020835AC0208CDAD02089BAD0208D0
:10AD7000C5AD0208B8F1000F3FF422AF00274FF035
:10AD8000020A7FE73A4676E7E279012A0CBF54F8D7
:10AD9000202C04F158020792C8E704220F990BAB4C
:10ADA000584602FB17120299FFF745FE0B9931B185
:10ADB0003CB307AB00222046FFF772FD08B34FF00B
:10ADC000030A5FE70822E9E70022E7E70222E5E756
:10ADD0006FF040420F9BD21B03EB820AC4B104996F
:10ADE000B1B9079BAAF1040A0B935AF8041F002972
:10ADF000E5D00BAB002251442046FFF751FD00285F
:10AE0000F3D00A98002859D0059B0344184691E7CF
:10AE100053F82230002BF4D1D1E701230393F0E75C
:10AE2000002F1FDA00F06AF8BAF1010F02D12046B4
:10AE300000F0B4F9002F15DA0CAA49463046FFF7A6
:10AE400071FE31469DF84400FFF73BFEFA430F9B2D
:10AE500003EB820353F8252052BB0422C4E90A50B5
:10AE6000C4E90C2300230BAD30460B941A46194657
:10AE7000009500F075FD002301223046194600952B
:10AE80000B9700F06DFD0F213046FFF77AFE00F0C2
:10AE9000010000230F2240EA0800009519460B909C
:10AEA000304600F05DFDBAF1020F03D007208DE6B9
:10AEB0000135CFE72046FFF751FDF7E7039B002B55
:10AEC0003FF47EAE5AE700BF08B5804701F05AFC58
:10AED000014BD3E8AF0F70475401002008B5FFF7CE
:10AEE000F7FFFFF7F1FF08B58047FFF7F7FF000016
:10AEF000014BD3E8AF0F70475001002008B5FFF7B2
:10AF0000F7FFFFF7F0FF012810B503D951F8140C33
:10AF1000FFF7DAFFA1F12803D3E8EF2F013AC3E8E6
:10AF2000E02F0028F8D15AB951F81C3C01F158041F
:10AF30000BB1204698472046BDE81040FFF7DCBB28
:10AF400010BD000038B50025044640E91E1240F847
:10AF5000805CFFF7CDFF44F8700CFFF7B9FF472383
:10AF600044F86C0CA4F1800004F8583C4E2304F81B
:10AF7000515C04F8573C552304F8563C432304F82D
:10AF8000553C04F8543C2B2304F8533C04F8523C41
:10AF9000014B44F8503C38BD07AF020808B50446E1
:10AFA0000D461646FFF71EFD43682946324601331B
:10AFB00043602046FFF7C6FF0123044644F8283BC0
:10AFC0002046D5F7CDF9204600F028F9FFF786FF97
:10AFD000012838BF012010B50446204601F020FBAF
:10AFE00000B110BD00F044F908B901F0CBFB804777
:10AFF000F3E70000034B10B504460360FFF7B6FA11
:10B00000204610BDC440030810B50446FFF7F2FF08
:10B010000C212046FFF7FEFA204610BD2DE9F04135
:10B02000DDF8188006460F46154690451C460BD0A5
:10B03000B0682A4639460368CDF818801E6A234650
:10B04000B446BDE8F0416047194600F057F80028C3
:10B05000EED00620BDE8F0812DE9F14F0D461946EE
:10B06000814617469846DDE90A4BDDE90CA600F05B
:10B0700045F890B1002D3460377109DB2C44A245AE
:10B0800014BF01240624B471002001B0BDE8F08F84
:10B090000235F9D10123B371F6E7544506D159467B
:10B0A000484600F02BF808B17771EDE7D9F80800B1
:10B0B0003A4629460368CDE90CA6CDE90A4BDC697E
:10B0C0004346A44601B0BDE8F04F60472DE9F0418A
:10B0D00007460C4615461E46FFF77BFA48B9B86886
:10B0E0002A46214603689F693346BC46BDE8F041C5
:10B0F0006047BDE8F081704700207047814208B585
:10B100000ED0406803782A2B0CD049680B782A2B84
:10B1100008BF0131D5F780F9B0FA80F0400908BDC9
:10B120000120FCE70020FAE70FB408B501F02AFB84
:10B13000004870476E3F0308034B10B50446036098
:10B14000FFF742FC204610BD2C41030810B5044611
:10B15000FFF7F2FF204600F002F8204610BD01F094
:10B1600067BA0378472B17D143784E2B14D18378D5
:10B17000552B11D1C378432B0ED10379432B0BD11F
:10B1800043792B2B08D183792B2B05D1C07901284A
:10B190008CBF0020012070470020704710B5044686
:10B1A00048B100F03BF82046FFF7DBFF18B154F838
:10B1B000140CFFF789FEFFF791FE38B50246FFF742
:10B1C000D0FF044640B152F8184C0025104600F05C
:10B1D00025F81DB1FFF792FE0125F7E72046FFF79E
:10B1E00082FE0378472B17D143784E2B14D18378F6
:10B1F000552B11D1C378432B0ED10379432B0BD19F
:10B2000043792B2B08D183792B2B05D1C0790128C9
:10B210008CBF0020012070470020704738B50446DD
:10B22000FFF7E0FB024605682046A4F12001FFF786
:10B23000D8FF28B90DB1FFF751FE1160284638BD7F
:10B2400054F80C3C2046002BB4BFC3F1010301337A
:10B250008D4244F80C3C536803F1FF3353601CBF2C
:10B2600044F8105C1160656A00F052FBE6E70000EC
:10B27000014BD3E8AF0F7047A0EE01202DE9F04F4E
:10B28000099D0E4604460F46002B47D18A4294463C
:10B29000B2FA82F35AD943B102FA03FCC3F1200295
:10B2A0009F409C4020FA02F217434FEA1C461FFAC7
:10B2B0008CFE220CB7FBF6F106FB117701FB0EF0BA
:10B2C00042EA0742904208D91CEB020201F1FF3723
:10B2D00002D2904200F23C813946121AA4B2B2FB6B
:10B2E000F6F006FB102200FB0EFE44EA0244A645DF
:10B2F00008D91CEB040400F1FF3202D2A64500F28B
:10B300002A81104640EA0140A4EB0E0400211DB141
:10B31000DC400023C5E90043BDE8F08F8B4205D92E
:10B320000DB1C5E9000100210846F5E7B3FA83F144
:10B3300000294FD1B342C0F00281824240F2FF8027
:10B340000846002DE8D0C5E90047E5E7002B40F0AE
:10B35000AF808A1A4FEA1C4E1FFA8CF70121B2FB0C
:10B36000FEF60EFB1620220C42EA004207FB06F016
:10B3700090420FD91CEB020206F1FF382CBF4FF0B0
:10B3800001094FF00009904203D9B9F1000F00F014
:10B39000DC804646121AA4B2B2FBFEF00EFB10226D
:10B3A00000FB07F744EA0244A7420FD91CEB040450
:10B3B00000F1FF322CBF4FF0010E4FF0000EA742FC
:10B3C00003D9BEF1000F00F0C9801046E41B40EA2B
:10B3D00006409CE7C1F120048B4006FA01FC00FA0C
:10B3E00001FE22FA04F7E6408A401F4320FA04F3E4
:10B3F0004FEA174843EA0C031FFA87FC4FEA134948
:10B40000B6FBF8F008FB106649EA064600FB0CF9AB
:10B41000B1450ED9BE1900F1FF3A2CBF4FF0010B18
:10B420004FF0000BB14503D9BBF1000F00F0A28033
:10B430005046A6EB09061FFA83F9B6FBF8F308FBA2
:10B44000136603FB0CFC49EA0646B4450ED9BE1947
:10B4500003F1FF382CBF4FF001094FF00009B4454C
:10B4600003D9B9F1000F00F08280434643EA00405F
:10B47000A6EB0C06A0FB028C66454346E14602D3D0
:10B4800007D1C64505D2B8EB02036CEB070C0138B7
:10B49000E1465DB1BEEB030266EB090606FA04F471
:10B4A00022FA01F3CE401C43C5E90046002133E7F0
:10B4B00002FA03FCC3F1200299409C40D6404FEAB7
:10B4C0001C4E20FA02F21FFA8CF7B6FBFEF00A437C
:10B4D0000EFB1066110C41EA064100FB07F68E4296
:10B4E0000ED91CEB010100F1FF382CBF4FF0010910
:10B4F0004FF000098E4202D9B9F1000F34D0404616
:10B50000891B92B2B1FBFEF60EFB161142EA014214
:10B5100006FB07F191420ED91CEB020206F1FF383F
:10B520002CBF4FF001094FF00009914202D9B9F147
:10B53000000F16D04646521A46EA00410FE7841A19
:10B5400066EB030201201746FBE6023E624421E758
:10B5500002396244C1E664440238D3E664440238E6
:10B5600034E7023E6244E6E702386144C8E7023B42
:10B570003E447BE702383E445BE700BF03685A0065
:10B580004CBF43F0004323F000431844704700BF12
:10B590002DE9F04729B301F1FF3A80469146002595
:10B5A0005646A91948BF0131491008EBC107CC0024
:10B5B0003846FFF7E3FF8A450DD00834484508EBCD
:10B5C00004000AD8FFF7DAFF01384D1C4845E8D3DC
:10B5D0003846BDE8F0874845FAD98D4201F1FF367B
:10B5E000DFD100273846BDE8F08700BF012809D029
:10B5F000022805D00028044B14BF002018467047CD
:10B600000248704702487047D9BC0208E9BC0208EA
:10B61000E1BC0208224B30B5044683B08D1E43B313
:10B6200001A92846AFF30080F0B101992A46FFF73F
:10B63000AFFF0146C0B1FFF7A1FF4B68A064012B2B
:10B640002AD0002B01F1040024DBFFF797FF002331
:10B6500023650368E064002B11DBFFF78FFF0346CF
:10B660000020236103B030BD00230920236103B013
:10B6700030BD0C480C49091AC9100191D6E7C3F333
:10B680000360FFF7B3FF031E0CBF092000202361F6
:10B6900003B030BD0123DBE700230520E1E700BF55
:10B6A00000000000744E03084C5C03080368DA07CE
:10B6B00010B5044606D49B0700F1500009D5D4F715
:10B6C000E7FD2368590709D51A070ED5DB0613D500
:10B6D00010BDD4F7D5FD23685907F5D404F1D8007F
:10B6E000D4F7DEFD23681A07F0D404F5AC70D4F764
:10B6F000DFFD2368DB06EBD404F5EC70BDE81040F9
:10B70000D4F71ABE0346006800B11844704700BF62
:10B71000704700BF70B504460E46316C2046FFF7F7
:10B7200079FF054698B9D6F840C0324623692146CC
:10B730000120C4F814C098470828EED0072806D185
:10B740002846316CFFF7E4FF301DD4F78DFD01F082
:10B7500019F800BF2DE9F04701F1040CADF5787D33
:10B76000C7680646D0F8188014460DF1140E04ADD3
:10B770004FF00009BCE80F00AEE80F00BCE80F0076
:10B78000AEE80F00BCE80F00AEE80F009CE80F0029
:10B790008EE80F00C5F8009023E02B6C4FF4F47294
:10B7A00029467EA8736100F02DFF33697EAA3146D9
:10B7B000504698478C9B2146814603933246039C12
:10B7C00033460120AC64CDE90058B847044628BB95
:10B7D0004FF4F4727EA9284600F014FFB9F1080F67
:10B7E00019D10934296C3046FFF714FF81465FFAFE
:10B7F00084FA0028D1D0AC6B334632464AF01001AF
:10B80000AC640120CDE90058B84738B948460DF579
:10B81000787DBDE8F087B9F1070F06D04FF0090930
:10B8200048460DF5787DBDE8F0872046296CFFF786
:10B830006FFF05A8D4F718FDF0B5CB6BFBB001F195
:10B84000040C0E460B6401AC05464FF0FF37BCE814
:10B850000F000FC4BCE80F000FC4BCE80F000FC4FA
:10B860009CE80F0084E80F00009706E02B696A4609
:10B87000294698470828044608D110992846FFF71A
:10B88000C9FE0028F2D009207BB0F0BD6846FFF762
:10B890000DFF062CF7D131462846FFF73BFF00BFCE
:10B8A00010B4DC6BC1601946826100221C6410BCBC
:10B8B000FFF750BF70B54369C6680B64AEB9036942
:10B8C0000A4604460D46014602209847072805D03F
:10B8D00008280FD129462046FFF71CFF3046296C67
:10B8E000FFF716FF281DD4F7BFFC0122FFF732FF38
:10B8F00000F048FF00F046FFC26832B1D1F83CC00A
:10B900000022C1F840C0FFF725BFFFF795BF00BF79
:10B91000704700BF052915D8DFE801F00A031403BA
:10B92000030501207047436C0020009A13607047A4
:10B9300043B90F2A06D800EB820200205368009A10
:10B94000136070470220704710B584B000230A4688
:10B9500003AC19460094FFF7DDFF039804B010BD57
:10B96000052915D8DFE801F00A03140303050120B7
:10B970007047009B1B6843640020704743B90F2A3F
:10B9800006D8009B00EB820200201B6853607047C2
:10B990000220704710B584B0002303AC03920A461E
:10B9A00019460094FFF7DCFF04B010BDF0B5D36B6F
:10B9B000ADF5117D141D064613640DF15C0C0D46AA
:10B9C0004FF0FF370FCCACE80F000FCCACE80F0006
:10B9D0000FCCACE80F0094E80F008CE80F0016972E
:10B9E00010E0FFF7D7FF294616A8B047034616AA6E
:10B9F0006946082083B9049B9847052804460CD063
:10BA000009280AD026996846FFF704FE03466A46CD
:10BA10000C2116A8002BE4D0092416A8FFF746FE37
:10BA200020460DF5117DF0BD2DE9F04F1646CA6C8C
:10BA300089B00D4652F8041B00F0030C0692002B4F
:10BA40007CD00C0C09048DF81D40E4B20591022154
:10BA500002EB8402BCF1020F8DF81C10296D08BFA7
:10BA6000AA6B11F0010809D005A9304600F0D4FAFC
:10BA700000285BD1082009B0BDE8F08F1768002FBF
:10BA8000F2D000F00801BB469A4667460191CDF816
:10BA90000880BAF1020F4DD0B2F800B002F10409EB
:10BAA000548824F00102AB6C64000F2102EB030800
:10BAB0003046FFF749FF04F002040BF00103804514
:10BAC00043EA04032CD82BF0010B012BC34472D0A2
:10BAD000022B39D053BB17B1834500F2C88009F15E
:10BAE0000402D2F800B0BBF1000FD2D105A9304654
:10BAF000DDF8088000F090FAC0B9B8F1000FB9D0B5
:10BB00000F213046FFF720FF0E2102463046FFF797
:10BB100041FF704A0F213046FFF73CFF072006E047
:10BB2000012B66D0022B25D0002BD8D0092009B0DC
:10BB3000BDE8F08F546802F10809B2E709028DF8F8
:10BB40001D300591032185E7D9F8004024F0004815
:10BB5000B7B9834505D9019B002B64D0B8F1000F1C
:10BB600061D0002C01DA09F1040908F1010309EBA5
:10BB70008302B6E7D9F8004024F00048002FF0D047
:10BB8000D5F820B00D213046FFF7DEFE8345E8D121
:10BB9000AA6A9145E5D100240422C5F82880C5E9A8
:10BBA0000B424A446A63D9F80020A242C0F28D8059
:10BBB00001230293D9E7F7B9834517D9D9F804309F
:10BBC000D9F80020991C4FEAD272AFD005F1580481
:10BBD0000133049472D009F10400FFF793FD04AB24
:10BBE00001462846FEF75CFE002853D109F1080201
:10BBF00077E7002FFAD02C6A0D213046FFF7A4FE1C
:10BC00008442F3D1AB6A9945F0D14846FFF7B6FCC0
:10BC10000F2102463046FFF7BDFE2A46002130467E
:10BC2000FFF7B8FE7AE705F15803039709F1040B13
:10BC300000241F460CE0584600220497FFF762FDDF
:10BC400004AB014628460BF1040BFEF729FE88BB26
:10BC5000444504F10104EED10D213046FFF774FE96
:10BC6000049B024606202A62C5E909395FE7484677
:10BC7000FFF784FC09F1040204462846AA63FEF794
:10BC80006DFE00283FF452AF22460F213046FFF7E9
:10BC900081FE43E704460D213046049EFFF754FE23
:10BCA000022C286202D1EE6205F12C060620C5E9BD
:10BCB00009693CE7039FD9F8004052E730460D215F
:10BCC000FFF742FE26462862F0E708F1010209EB81
:10BCD00082009BE7BBB102080023FFF7A5BE00BFAF
:10BCE0000123FFF7A1BE00BF0223FFF79DBE00BFE7
:10BCF0002DE9F0410546C4B01446052900F2B48090
:10BD0000DFE801F00F29B2698F03836B002C40F04C
:10BD1000AB8053F8042B42648363002044B0BDE839
:10BD2000F081002B40F0A0801FFA84FC806B01267C
:10BD30002F1D06FA03F1024611EA0C0F04D052F847
:10BD4000041B104647F823100133102BF1D1A20435
:10BD5000E3D4A863E1E703F0FB02260CA4B2012AB6
:10BD600040F08280012B06EB040800F0C280B8F19D
:10BD7000200F79D80F2E79D9002CCED002680193EC
:10BD8000530705D522F0040240F8D82BD4F78CFADB
:10BD900002AF64003846D4F787FAA6F11002A96B07
:10BDA000601E019B07EBC202441C101F01EB8402C2
:10BDB00051F8044B914240F8044FF9D1012B00F0A7
:10BDC000CA800F2EA96302D822A8D4F761FA384698
:10BDD000D4F766FAA1E7032B46D11FFA84F8260CA4
:10BDE00008EB1444102C3FD803681F0700F1AB8008
:10BDF00022AF3846D4F77EFAAC6B4FEA480107EB26
:10BE0000C6034A1E41B1E01A013A1958561C43F8BC
:10BE1000041BF9D104EBC8043846AC63D4F748FAE4
:10BE20007BE70BBB102C1FD80368D80600F183807A
:10BE300022AF3846D4F78AFAAE6B394600234FF06A
:10BE4000010C0CFA03F230460133224203D050F8C1
:10BE5000042B06460A60042B01F10401F1D1384697
:10BE6000AE63D4F769FA58E7022057E70268B8F1E1
:10BE7000100F02F0010040F2898058B122F0010257
:10BE80002846019342F0020240F8502BD4F704FAFE
:10BE90002A68019B5107A8F1100800F188800193DE
:10BEA00022AF3846D4F7F8F902A8D4F7FDF9C6F165
:10BEB0001001AA6B07EBC6004900019B0139013153
:10BEC000043802EB810152F8044B914240F8044FD0
:10BED000F9D1B8F1000F4FD04FEA4802102E02AF4F
:10BEE00002F1FF30324638BF1022103A07EBC2028F
:10BEF0005AE7B8F1100FB7D8102EB5D00168CA07AD
:10BF000030D521F003012846019340F8501BD4F7A7
:10BF1000BBF9019B012B25D022AF01933846D4F702
:10BF2000BBF9AA6B74B3019B64004FF0000807EBE8
:10BF3000C600611EC3E723F0100305F5EC702B600B
:10BF4000D4F704FA74E723F0080300F5AC702B6013
:10BF5000D4F7D0F94CE722AF04323846AA63D4F7BD
:10BF60008FF9DAE622AF01933846D4F78DF9AA6B40
:10BF7000019B002CF0D0D7E7012BEDD00F2EA96349
:10BF80003FF6CBAE3846D4F783F9C6E61146002813
:10BF9000C2D0052BB5D122F001022846019342F010
:10BFA000020240F8502BD4F777F9019BB4E722F056
:10BFB00004022846019340F8D82BD4F775F96FE7AF
:10BFC000027A03468AB9427AB2B14168013A4FF027
:10BFD000030C10B442720C1D086883F808C00202FA
:10BFE0005C60000E10BC1A6070470068013A1A725B
:10BFF0000202000E1A607047B020704710B584B07E
:10C0000000230C2203AC19460094FFF783FC03982D
:10C0100004B010BDFFF7F2BF2DE9F0434FF0000868
:10C0200085B006460D462846FFF7CAFFB0280446ED
:10C0300000F01E81070638D500F0F003A02B00F0B9
:10C0400083800CD8802B5ED0902B04D100F00D03A0
:10C050000D2B40F08F80092005B0BDE8F083B02B98
:10C0600068D0C02B3ED1C62800F0EF80C72800F072
:10C07000048100F0F803C02B00F01181C82800F003
:10C080001C81C928E7D12846FFF79AFF020300F078
:10C090000F0002F4702201300243012105233046D3
:10C0A000FFF726FE0028BED0D5E783000DF1080972
:10C0B0000D223046DBB2CDF800901F1D002319463B
:10C0C000FFF728FC029B60064FF00D023046CDF8CA
:10C0D00000904CBFDF1BFF18002302971946FFF7A3
:10C0E0003FFCA0E700F0F803D02BB4D100F007022A
:10C0F000052301213046013242F40022FFF7F8FD0A
:10C10000002890D0A7E724022846FFF759FF2043D4
:10C11000B0F5004F9FD0040100233046A2B219466B
:10C12000FFF7E6FD002896D114F4004F18BF4FF03A
:10C13000010878E7A0F1B103042B00F2DA80DFE810
:10C1400003F07B503D332A00C3434FF47F62010765
:10C1500003F0070342FA03F202F47F6201D542F4CE
:10C160008042002330461946FFF7C2FD00283FF405
:10C170005AAF70E702AF002300F00F0230461946B5
:10C180000097FFF7C7FB00230D22304619460097A2
:10C19000FFF7E6FB47E703AA002330460092194663
:10C1A0000D22FFF7B7FB3EE70023052130461A4674
:10C1B000FFF79EFD00283FF436AF4CE72846FFF717
:10C1C000FFFE0123020300F00F001946013002F4C4
:10C1D000702202433046FFF78BFD00283FF423AF67
:10C1E00039E700230DF108090D2230461946CDF834
:10C1F0000090FFF78FFB2846FFF7E2FE0206029C45
:10C200004FF002070AD500F07F00B840073704441A
:10C2100028460294FFF7D4FE0306F4D4B84004F590
:10C22000017400230D222044CDF80090194602909D
:10C230003046FFF795FBF6E62846FFF7C1FE431EA2
:10C240000246DBB20E2B8CD905E72846FFF7B8FE75
:10C250000323020300F00F001946013002F470229C
:10C2600002433046FFF744FD00283FF4DCAEF2E61F
:10C27000B8F1000F2DD00020EEE62846FFF7A0FE13
:10C28000431E0246DBB20E2B3FF6E5AE002304212F
:10C290003046FFF72DFD00283FF4C5AEDBE600F089
:10C2A0000F02032330460132194642F42022FFF7E1
:10C2B0001FFD00283FF4B7AECDE62846FFF780FE0D
:10C2C00000F0F00200F00F031032013343EA0232B3
:10C2D000E3E602AC434641460E2230460094FFF7A7
:10C2E00019FB0F224346414630460094FFF738FBC6
:10C2F000C1E700F0FC03B42B3FF4ADAE00F0070241
:10C30000012330461A44194642F40022FFF7F0FC9C
:10C3100000283FF488AE9EE6024603230846D26C0E
:10C3200010B584B008328DF80C3001A952F8043CE5
:10C330001C021B0ECDE901428DF80D30FFF76CFE9B
:10C3400004B010BD08B5FFF765FE806C08BD00BFE6
:10C3500008B5FFF75FFEC06CC37900EB83000830BF
:10C3600008BD00BF08B500F00DFA08B5FFF7FAFFE9
:10C370002DE9F04386460D46334E284615F8014B0D
:10C38000375D17F00807F8D12D2C10D12C78012734
:10C39000851C33F0100015D1302C0DD1287800F019
:10C3A000DF00582808D16C78023510230AE02B2CC6
:10C3B00004BF2C78851CECE7002BF6D1302C14BF81
:10C3C0000A2308234FF0FF380026B8FBF3F803FBDD
:10C3D00008F930466FEA0909A4F1300CBCF1090FE5
:10C3E00010D86446A3421EDDB6F1FF3F07D080455A
:10C3F00016D301D1A14513DB00FB0340012615F83C
:10C40000014BE9E7A4F1410CBCF1190F01D8373C0D
:10C41000E8E7A4F1610CBCF1190F04D8573CE1E73F
:10C420004FF0FF36EBE7731C06D122233046CEF8DF
:10C43000003032B9BDE8F08307B14042002AF9D09C
:10C4400006B1691E1160F5E739410308FFF790BF97
:10C4500013460A46014602480068FFF789BF00BF3D
:10C4600058010020044B07B5014601AA186800F0E6
:10C4700005F803B05DF804FB580100202DE9F84FE2
:10C48000DFF86CA006468946174600F0CFFBDAF8C5
:10C49000004034B14B46984613F8012B3AB13D2A7F
:10C4A000F9D1304600F0C8FB0020BDE8F88FA8EBBA
:10C4B0000908A34654F8040B0028F2D04246494626
:10C4C00000F086F90028F4D154F8043C03EB080589
:10C4D00013F808303D2BECD1DAF800303046ABEBE6
:10C4E00003039B103B6000F0A7FB681CDDE700BF67
:10C4F0003000002070B50D4D00260D4C641BA410BB
:10C50000A64209D10B4D00260B4C01F0ABFE641B7B
:10C51000A410A64205D170BD55F8043B01369847DA
:10C52000EEE755F8043B01369847F2E74C5C030808
:10C530004C5C03084C5C03089C5C0308C9B20346CE
:10C54000184613F8012B12B18A42F9D1704700291D
:10C5500018BF002070470000294B1B68834270B54C
:10C5600004464BD0C369ABB1DB686BB10025E3690E
:10C57000DB68595900293BD10435802DF7D1E36997
:10C580002046D96800F05EFBE369196811B12046C6
:10C5900000F058FB616911B1204600F053FBE169DE
:10C5A00011B1204600F04EFB216B11B1204600F086
:10C5B00049FB616B11B1204600F044FBA16B11B146
:10C5C000204600F03FFBA16C11B1204600F03AFB81
:10C5D000616C11B1204600F035FBE16A11B12046D3
:10C5E00000F030FB236A4BB12046BDE8704018478D
:10C5F0000E68204600F026FB3146BBE770BD00BF49
:10C60000580100200A44431E914200D1704710B5E2
:10C6100011F8014B914203F8014FF9D110BD000010
:10C62000024B0146186800F02DB800BF58010020E9
:10C63000024B0146186800F005BB00BF58010020FE
:10C6400070B50F4E0C460546316811B900F090FAEE
:10C6500030602146284600F08BFA431C03D14FF08E
:10C66000FF34204670BDC41C24F00304A042F8D05F
:10C67000211A284600F07CFA0130F2D1EFE700BF22
:10C68000A8EE01202DE9F843CD1C064625F0030550
:10C6900008350C2D38BF0C25002D01DBA94204D92B
:10C6A0000C2333600020BDE8F883DFF8D48000F06D
:10C6B0003DFAD8F800301C4644BB29463046FFF707
:10C6C000BFFF431C044658D1D8F800402746002F2E
:10C6D00043D1002C4BD023683946304604EB030984
:10C6E00000F046FA814542D1216830466D1A29464C
:10C6F000FFF7A6FF01303AD023682B442360D8F817
:10C7000000305A6862BBC8F800700FE02268521B04
:10C7100020D40B2A17D96119A342256018BF59608C
:10C72000636808BFC8F8001062514B60304600F0E3
:10C7300003FA04F10B00231D20F00700C21A1CBFEE
:10C740001B1AA350AFE76268A3420CBFC8F80020D1
:10C750005A60EBE723466468AEE73C467F68B6E77D
:10C760001A465B68A342FBD100235360DEE70C232B
:10C770003046336000F0E0F994E70560D6E700BF8B
:10C78000ACEE0120062008B501F0FAFB0120EEF71F
:10C79000CFF900001FB514461A46094B05461B6821
:10C7A000D8684CB1074B00910749CDE901342B46BD
:10C7B00000F0E6F8FFF7E6FF044B1C46F3E700BF86
:10C7C00058010020803F03088D3F0308BB3F03084A
:10C7D00010B56AB10139841810F8012B11F8013F26
:10C7E0009A4203D1A04201D0002AF5D1D01A10BD3F
:10C7F0001046FCE70139034610B532B111F8014F7C
:10C80000013A03F8014B002CF7D11A44002193425E
:10C8100000D110BD03F8011BF9E7000010B5044674
:10C820000448134620B10A4602202146AFF3008097
:10C8300010BD00BF00000000002310B50446836057
:10C84000818119464366C28108228361C0E90033B1
:10C85000C0E904335C3000F0E1F90D4B24626362FF
:10C860000C4BA3620C4BE3620C4B23630C4B9C42BE
:10C8700006D003F16802944202D0D0339C4205D125
:10C8800004F15800BDE8104000F0ACBA10BD00BF84
:10C89000A1CA0208C7CA0208FFCA020823CB0208BD
:10C8A000B0EE0120024A0349034800F089B900BFF5
:10C8B000A8010020C5DE02085C01002041680C4B85
:10C8C000994210B5044601D001F0FCFAA168094B69
:10C8D000994202D0204601F0F5FAE168064B9942F0
:10C8E00004D02046BDE8104001F0ECBA10BD00BFF6
:10C8F000B0EE012018EF012080EF012010B50B4BA6
:10C9000004210B4C0B4A20461A600022FFF794FFCB
:10C9100004F1680001220921FFF78EFF04F1D00025
:10C9200002221221BDE81040FFF786BFE8EF012088
:10C93000B0EE0120A5C80208014800F054BA00BFBB
:10C94000EEEF0120014800F04FBA00BFEEEF0120EA
:10C9500010B50446FFF7F0FF236A1BB1BDE8104095
:10C96000FFF7F0BF044B2362044B1B68002BF5D18B
:10C97000FFF7C4FFF2E700BFBDC80208E8EF0120DF
:10C980000EB403B503AB0146054853F8042B006809
:10C99000019300F07BFD02B05DF804EB03B070473B
:10C9A000580100200CB4184B30B50C1E9DB01D680A
:10C9B00008DA8B234FF0FF302B601DB0BDE830400C
:10C9C00002B070474FF402730290069002A9ADF8CE
:10C9D000143014BF04F1FF332346209A28460493F1
:10C9E00007934FF6FF73ADF8163021AB019300F0BB
:10C9F00057FA431CBCBF8B232B60002CDDD0029B5D
:10CA000000221A70D9E700BF580100200EB400B50B
:10CA10009CB06FF000411DAB02900690079104910D
:10CA20000848094953F8042B059102A900680193AD
:10CA300000F036FA029B00221A701CB05DF804EB7D
:10CA400003B07047580100200802FFFF0EB430B554
:10CA50009CB04FF401721FACADF81420029054F852
:10CA6000045B0690D3F7E2FC0B4B2A46039002A925
:10CA70000B93002307900F9314934FF6FF7307480F
:10CA8000ADF8163023460068019400F05FFB1CB03F
:10CA9000BDE8304003B07047C3CA02085801002007
:10CAA00010B50C46B1F90E1000F050F80028ABBFDD
:10CAB000636DA3891B1823F48053ACBF6365A38106
:10CAC00010BD002070472DE9F0411F468B890546B7
:10CAD0000C46DB05164605D502230022B1F90E10DF
:10CAE00001F056FAA3893246B4F90E10284623F411
:10CAF0008053A3813B46BDE8F04100F049B810B532
:10CB00000C46B1F90E1001F043FA431CA38915BF7E
:10CB1000606523F4805343F48053A38118BFA3813D
:10CB200010BDB1F90E1001F039B90000014800F054
:10CB30005AB900BFEDEF0120014800F055B900BF20
:10CB4000EDEF01200A22002100F042B938B5044679
:10CB5000064D0846114600222A601A46EDF7EEFF00
:10CB6000431C02D12B6803B1236038BDA4EE012021
:10CB700038B50023054D044608462B60EDF7AAFFA3
:10CB8000431C02D12B6803B1236038BDA4EE012001
:10CB900038B50446064D0846114600222A601A465A
:10CBA000EDF7DCFF431C02D12B6803B1236038BDD5
:10CBB000A4EE0120014B1868704700BF5801002007
:10CBC0002DE9F8430746884614460026D4E9019526
:10CBD000B9F1010905D52468002CF7D13046BDE82C
:10CBE000F883AB89012B07D9B5F90E30013303D097
:10CBF00029463846C04706436835E9E7013902440B
:10CC000010B5904201D1002005E0037811F8014FE2
:10CC1000A34201D0181B10BD0130F2E702440346C5
:10CC2000934200D1704703F8011BF9E7014800F077
:10CC3000DAB800BFECEF0120014800F0D5B800BF22
:10CC4000ECEF012038B50546002941D051F8043CED
:10CC50000C1F002BB8BFE418FFF768FF1D4A1368CC
:10CC600033B9636014602846BDE83840FFF764BFFD
:10CC7000A34208D9206821188B4201BF19685B685C
:10CC800009182160EDE71A465B680BB1A342FAD997
:10CC900011685018A0420BD120680144501811604F
:10CCA0008342E0D118685B68084453601060DAE79B
:10CCB00002D90C232B60D6E7206821188B4202BFD3
:10CCC00019685B680918636008BF21605460CAE78F
:10CCD00038BD00BFACEE0120242B2DE9F04786467D
:10CCE000904601D8012B06D1FFF764FF162303609D
:10CCF0000020BDE8F0870D4633482A4615F8014B61
:10CD0000065D16F00806F8D12D2C10D12C780126DE
:10CD1000951C33F0100215D1302C0DD12A7802F079
:10CD2000DF02582A08D16C78023510230AE02B2C38
:10CD300004BF2C78951CECE7002BF6D1302C14BFE7
:10CD40000A23082306F1004C00220CF1FF3C104698
:10CD5000BCFBF3F903FB19CAA4F13007092F0FD864
:10CD60003C46A3421BDD571C07D0814514D301D19B
:10CD7000A24511DB00FB0340012215F8014BEBE754
:10CD8000A4F14107192F01D8373CEAE7A4F1610764
:10CD9000192F04D8573CE4E74FF0FF32EDE7531C5E
:10CDA00008D122236046CEF80030B8F1000FA0D0A1
:10CDB000691E06E006B14042B8F1000F99D0002A82
:10CDC000F6D1C8F8001094E739410308FFF784BF93
:10CDD00013460A46014602480068FFF77DBF00BFC0
:10CDE000580100207047704770472DE9F0471F46F3
:10CDF0008E6882460C46BE4290460B682DD8B1F92B
:10CE00000C2012F4906F26D06569096905EB450581
:10CE1000A3EB01097B1C05EBD5754B446D109D42BE
:10CE200038BF1D46530527D52946FFF72BFC06467C
:10CE300060B34A462169FFF7E5FBA38923F49063B9
:10CE400043F08003A38126614E446561A5EB09058B
:10CE500026603E46A560BE4200D93E463246414667
:10CE6000206801F0F5F8A36800209B1BA3602368ED
:10CE700033442360BDE8F0872A4601F03AF90646BC
:10CE80000028E0D121695046FFF7DCFE0C234FF06B
:10CE9000FF30CAF80030A38943F04003A381E9E7DB
:10CEA0002DE9F04F98468B899DB007461B060D462D
:10CEB000144610D50B6973B94021FFF7E3FB2860D6
:10CEC000286130B90C233B604FF0FF301DB0BDE846
:10CED000F08F40236B610023CDF80C804FF00109E7
:10CEE000DFF8A081099320238DF8293030238DF8B5
:10CEF0002A3023469A4613F8012B0AB1252AF9D184
:10CF0000BAEB040B0BD05B46224629463846FFF7A6
:10CF10006CFF013000F0A780099A5A4409929AF8F0
:10CF20000030002B00F09F8000234FF0FF320AF109
:10CF3000010A049307938DF853301A93CDE9052322
:10CF4000544605224F4814F8011B00F0E3FF049AF1
:10CF5000D8B9D00644BF20238DF85330110744BF01
:10CF60002B238DF853309AF800302A2B15D0079ACE
:10CF7000544600204FF00A0C214611F8013B303B8B
:10CF8000092B4BD9B0B1079214E0A0EB0803A246DD
:10CF900009FA03F313430493D2E7039B191D1B689B
:10CFA000002B0391BBBF5B4242F002020793079341
:10CFB000B8BF049223782E2B0AD163782A2B32D162
:10CFC000039B02341A1D1B6843EAE3730392059323
:10CFD000DFF8C0A003222178504600F09BFF38B153
:10CFE000A0EB0A004022049B0134824013430493C7
:10CFF00014F8011B062224488DF8281000F08AFF3F
:10D00000002836D0214B1BBB039B073323F00703BB
:10D0100008330393099B334409936AE70CFB0232FC
:10D020000C460120A8E7002301344FF00A0C1946F2
:10D030000593204610F8012B303A092A03D9002B1A
:10D04000C6D00591C4E70CFB012104460123F0E79B
:10D0500003AB2A4604A9384600930D4BAFF300807A
:10D06000421C0646D6D1AB895B063FF52DAF099829
:10D070002CE703AB2A4604A938460093044B00F082
:10D0800023FCEDE7BC3F0308C63F03080000000097
:10D09000EBCD0208C23F030838B54B1C144603D140
:10D0A0004FF0FF35284638BD9389CDB223F02003D9
:10D0B0009381636B52688BB1A36B934208DD236845
:10D0C0005A1E226003F8015C636801336360E9E77C
:10D0D000214600F0D7FF0028F1D0E1E7216923685D
:10D0E00051B1994208D213F8011CA94204D1013B65
:10D0F000013223606260D5E7C4E90F3204F14403D2
:10D1000063630323A363234603F8465F236001237D
:10D11000DCE710B50C46496B69B104F14403994250
:10D1200001D0FFF78FFD0020236C6063636013B1B3
:10D13000E36B236010BD23694FF0FF3023600023B1
:10D140006360A38943F02003A381F3E72DE9F04F47
:10D150000C46ADF5237D002106460DF10408A64FCF
:10D160000093CDF81881CDE94411A449A091A449B8
:10D17000A19192F80090B9F1000F00F0588117F8D2
:10D180000930551C13F0080319D06368002B0FDD1C
:10D1900023681A78BA5C120701D42A46E9E7459A4F
:10D1A00001330132236045926268013A6260ECE724
:10D1B000A19B2146304698470028E9D0EDE7B9F118
:10D1C000250F40F086804193439353782A2B04BF68
:10D1D0001023951C4FF00A0208BF4193AA461AF883
:10D1E000011BA1F13003092B1ED9DFF818B203226D
:10D1F000584600F08FFE38B1A0EB0B000123419A96
:10D20000554683401343419315F8013B782B06D8CC
:10D21000572B10D8252B5CD056D8002B74D0032365
:10D2200047930A23429387E0439B554602FB031131
:10D2300030394391D2E7A3F15802202AEFD801A157
:10D2400051F822F017D302081FD202081FD2020899
:10D2500071D302081FD202081FD202081FD202088F
:10D260001FD202081FD202081FD202081FD20208D2
:10D2700087D302086DD30208CFD20208CFD20208AA
:10D28000CFD202081FD2020829D302081FD20208F7
:10D290001FD202081FD202081FD2020897D3020829
:10D2A00031D302080FD302081FD202081FD202088E
:10D2B00093D302081FD202086DD302081FD20208BE
:10D2C0001FD2020817D30208453B022BA7D805231B
:10D2D00031E06368002B0DDD23681A784A4540F081
:10D2E000A680013362682360013A459B6260013386
:10D2F000459352E7A19B2146304698470028EBD042
:10D300004498002840F08B804FF0FF308BE0419A2A
:10D3100042F020024192419A42F40072419210225E
:10D320006E2B429202D905E000234293032302E0D0
:10D3300008234293042347936368002B3ADD419B03
:10D34000590604D423681A78BA5C120739D4479B6B
:10D35000022B48DC6B46224641A9304600F0D2FB46
:10D36000012864D002287FF418AFC9E70A22D7E762
:10D370002946404600F01EFE419B054643F040030F
:10D3800041930123D7E7419B43F04003419300239E
:10D39000D1E70223CFE74198C3063FF5FEAE009BDD
:10D3A000C007459A03F1040100911B684CBF1A8025
:10D3B0001A60F2E6A19B2146304698470028BED06D
:10D3C0009EE7459A013245926268013A002A6260FE
:10D3D00002DD01332360B5E7A19B21463046984723
:10D3E0000028AFD08CE7042B0EDC6B46224641A907
:10D3F000304600F0E1FBB3E73941030899D0020859
:10D4000013D10208C23F03080A4B002B3FF4C5AEFC
:10D410006B46224641A93046AFF30080A0E7A389BE
:10D420005B063FF571AF0DF5237DBDE8F08F4498A5
:10D43000F9E700BF000000009368013B002B9360F8
:10D4400010B408DA9469A34201DB0A2903D15DF81C
:10D45000044B00F033B91368581C1060084619706B
:10D460005DF8044B7047F8B506460F461446D518CC
:10D47000AC4201D1002007E03A4614F8011B3046C7
:10D48000FFF7DAFF431CF3D1F8BD00002DE9F04FA0
:10D490000D469DB014469846064618B1036A0BB96E
:10D4A000FFF756FA6B6ED90705D4AB899A0502D4FB
:10D4B000A86DFFF798FCAB891B0701D52B699BB9B9
:10D4C0002946304600F038F970B16B6EDC0704D5A0
:10D4D0004FF0FF301DB0BDE8F08FAB899805F7D451
:10D4E000A86DFFF781FCF3E70023CDF80C804FF027
:10D4F0000109DFF8B481099320238DF82930302306
:10D500008DF82A3023469A4613F8012B0AB1252AB2
:10D51000F9D1BAEB040B0BD05B46224629463046C4
:10D52000FFF7A1FF013000F0A780099A5A44099241
:10D530009AF80030002B00F09F8000234FF0FF325C
:10D540000AF1010A049307938DF853301A93CDE939
:10D55000052354460522544814F8011B00F0DAFC58
:10D56000049AD8B9D10644BF20238DF8533013074D
:10D5700044BF2B238DF853309AF800302A2B15D056
:10D58000079A544600204FF00A0C214611F8013B3F
:10D59000303B092B4BD9B0B1079214E0A0EB080344
:10D5A000A24609FA03F313430493D2E7039B191D20
:10D5B0001B68002B0391BBBF5B4242F00202079342
:10D5C0000793B8BF049223782E2B0AD163782A2BB5
:10D5D00032D1039B02341A1D1B6843EAE3730392A2
:10D5E0000593DFF8D4A003222178504600F092FC86
:10D5F00038B1A0EB0A004022049B0134824013435F
:10D60000049314F8011B062228488DF8281000F016
:10D6100081FC00283FD0264B1BBB039B073323F024
:10D62000070308330393099B3B4409936AE70CFB08
:10D6300002320C460120A8E7002301344FF00A0C07
:10D6400019460593204610F8012B303A092A03D9D0
:10D65000002BC6D00591C4E70CFB01210446012331
:10D66000F0E703AB2A4604A930460093114BAFF311
:10D6700000800746781CD6D16B6ED90705D4AB89DC
:10D680009A0502D4A86DFFF7AFFBAB895B063FF5A7
:10D690001FAF09981EE703AB2A4604A93046009342
:10D6A000044B00F011F9E4E7BC3F0308C63F030850
:10D6B0000000000067D40208C23F0308F8B50E4618
:10D6C0001446054618B1036A0BB9FFF741F9A3697F
:10D6D000A360A3891A0701D5236943B921462846C7
:10D6E00000F02AF818B14FF0FF373846F8BD23682C
:10D6F000F6B222693746981A6369834205DC2146EF
:10D70000284600F0DFFB0028EDD1A368013BA360B1
:10D7100023685A1C22601E70431C62699A4204D01E
:10D72000A389DB07E1D50A2EDFD12146284600F088
:10D73000C9FB0028D9D0D6E738B5294B05460C4699
:10D74000186818B1036A0BB9FFF702F9B4F90C3085
:10D75000190722D4DA0607D409222A6043F04003CD
:10D760004FF0FF30A38133E0580712D5616B41B110
:10D7700004F14403994202D02846FFF763FA0023DC
:10D780006363A38923F02403A381002363602369D7
:10D790002360A38943F00803A38123694BB9A389BC
:10D7A00003F42073B3F5007F03D02146284600F030
:10D7B000F3FCB4F90C3013F001020AD00022A2608D
:10D7C00062695242A261226942B913F08000C5D158
:10D7D00038BD990758BF6269A260F4E70020F7E7F7
:10D7E000580100202DE9F047164698468A680746FA
:10D7F0000B690C46DDF820909342B8BF13463360A6
:10D8000091F843200AB1013333602368990642BF7F
:10D81000336802333360256815F0060506D104F13C
:10D82000190AE36832689B1AAB422BDC94F8433048
:10D830002268003B18BF0123920630D404F1430252
:10D8400041463846C847013023D023681A3454F87B
:10D850000A2C03F00603042B0ABF54F80E5C0025C3
:10D8600033684FF0000608BFED1A54F8123C08BFA9
:10D8700025EAE5759342C4BF9B1AED18B5421AD14B
:10D88000002008E00123524641463846C84701308F
:10D8900003D14FF0FF30BDE8F0870135C1E7E11853
:10D8A0005A1C30200233224481F8430094F845107A
:10D8B00082F84310C2E70123224641463846C84752
:10D8C0000130E6D00136D9E72DE9FF470F7E9146BA
:10D8D00080460C46782F9A460C9E01F1430207D8E9
:10D8E000622F0AD8002F00F0D180582F00F0B880A6
:10D8F00004F1420684F842703AE0A7F16303152B65
:10D90000F6D801A151F823F061D9020875D90208AF
:10D91000F1D80208F1D80208F1D80208F1D80208BB
:10D9200075D90208F1D80208F1D80208F1D8020826
:10D93000F1D8020873DA02089FD902082DDA02082A
:10D94000F1D80208F1D8020895DA0208F1D80208E5
:10D950009FD90208F1D80208F1D8020835DA020886
:10D9600033681A1D1B68326004F1420684F84230A5
:10D9700001239CE033682068191D3160060601D53B
:10D980001D6803E04506FBD5B3F90050002D03DA0E
:10D990002D236D4284F8433058480A2311E0216852
:10D9A0003368080653F8045B02D4490648BFADB299
:10D9B0006F2F3360514814BF0A230823002184F8D5
:10D9C00043106668002EA66005DB21682E4321F017
:10D9D000040121604BD01646B5FBF3F103FB115750
:10D9E000C75D06F8017D2F460D46BB42F4D9082BD2
:10D9F0000BD12368DF0708D5236961689942DEBF30
:10DA0000302306F8013C06F1FF36921B22614B469B
:10DA100003AA21464046CDF800A0FFF7E3FE0130FF
:10DA20004AD14FF0FF3004B0BDE8F087236843F0DF
:10DA30002003236078273248236884F845701F0646
:10DA4000316851F8045B02D45F0648BFADB2316063
:10DA5000D90744BF43F0200323601DB11023ADE775
:10DA60002648E9E7236823F020032360F6E71646FB
:10DA7000BDE733682568181D616930602E061B6894
:10DA800001D5196002E06806FBD51980002316460F
:10DA90002361BCE7336800211A1D32601E6862688A
:10DAA000304600F037FA08B1801B6060636823617C
:10DAB000002384F84330AAE72369324649464046AA
:10DAC000D0470130ADD023689B0713D4E068039B97
:10DAD0009842B8BF1846A6E7012332464946404659
:10DAE000D04701309DD00135E36803995B1AAB4202
:10DAF000F2DCEBE7002504F11906F5E7CD3F03085A
:10DB0000DE3F03082DE9F84315468A6880460C4637
:10DB100032B98A69002A14BF4FF0FF3201228A60AD
:10DB200022680027DFF88C90D1065FBF1A68111DAC
:10DB300019601668A06988B1012807D12B681A7886
:10DB400063699B5C53B9002F31D022E0022820D1B9
:10DB50002B681B7819F803301B071AD42368013788
:10DB6000DA065EBF2B681B7806F8013B2A686B68F3
:10DB70000132013B2A60A2686B60013AA26042B1A7
:10DB8000002BD7DCD4F8803129464046984700283E
:10DB9000D0D0236813F0100305D1E2680132E260AF
:10DBA000A26902B13370236900203B442361BDE8C0
:10DBB000F88300BF394103082DE9F04F984687B03C
:10DBC000724B0C468246164627464FF0000B93E8F0
:10DBD000070003AB83E807006D4BA1696D4A032979
:10DBE00008BF1A46A36801925A1EB2F5AE7F89BFDC
:10DBF0006FF4AE754FF0000903EB050940F25D13B9
:10DC000088BFA36057F81C3B43F450633D46236034
:10DC1000316803AB0222097853F82B0000F07AF93F
:10DC200028B3BBF1010F59D162682AB922680821D3
:10DC300042F4007261602260226822F4A0622260D5
:10DC4000A268511EA16092B13268511C31601278F5
:10DC500005F8012B7268013A002A726007DCD4F8DB
:10DC60008021314650469047002840F085800BF1D6
:10DC7000010BBBF1030FCBD163680BB90A236360BF
:10DC800063684FF0000B44496069C91A00F092F9CB
:10DC9000A3682268002B3DD03168606991F800C00C
:10DCA00010F80C00002835D0BCF1300F24D110053D
:10DCB00022D50BF1010BB9F1000F03D0013309F1AB
:10DCC000FF39A3607368013B002B73601BDD336871
:10DCD00001333360A368013BA360D9E7BBF1020FB6
:10DCE000AED1226802F4C061B1F5007FBFD110212E
:10DCF00042F480726160A2E722F4106222600B7825
:10DD000005F8013BDEE7D4F88031314650469847AC
:10DD10000028DFD02368D9050DD5BD4209D905F10A
:10DD2000FF3915F8011CD4F87C3132464D46504677
:10DD30009847BD4228D0226812F0100213D12A70F1
:10DD4000394663685046019EB047D8F800302168D4
:10DD50001A1D11F0200FC8F800201B680FD01860A2
:10DD6000E3680133E360ED1B236900205D442B442D
:10DD7000236107B0BDE8F08F4FF0000BCAE7CA0778
:10DD80004CBF18801860EBE70120F2E7A4E202081C
:10DD9000CDCD02084DC40208FF3F030838B500236B
:10DDA000054D044608462B60ECF7E6FE431C02D105
:10DDB0002B6803B1236038BDA4EE0120B1F90C201B
:10DDC0002DE9F041160705460C4654D44B68002B4C
:10DDD00002DC0B6C002B48DDE66A002E45D00023E8
:10DDE00012F480522F68216A2B6030D0626DA389B3
:10DDF000590705D56368D21A636B0BB1236CD21A2D
:10DE00000023E66A216A2846B047431CA38906D14D
:10DE100029681D292BD82A4ACA40D60727D50022AF
:10DE2000D90462602269226004D5421C01D12B68AA
:10DE300003B96065616B2F60B9B104F14403994285
:10DE400002D02846FEF7FEFE002363630DE00123A7
:10DE50002846B0470246501CC9D12B68002BC6D0BB
:10DE60001D2B01D0162B1DD12F60002021E043F087
:10DE700040031BB21AE00F69002FF6D093070E681B
:10DE80000F600CBF4B690023A6EB07088B60B8F14D
:10DE9000000FEADD43463A46216A2846A66AB047A3
:10DEA000002808DCB4F90C3043F040034FF0FF3099
:10DEB000A381BDE8F0810744A8EB0008E7E700BFB5
:10DEC0000100402038B50B6905460C4613B9002502
:10DED000284638BD18B1036A0BB9FEF739FDB4F90D
:10DEE0000C30002BF3D0626ED00704D4990502D415
:10DEF000A06DFEF778FF28462146FFF75FFF636EAF
:10DF00000546DA07E4D4A3899B05E1D4A06DFEF7AA
:10DF10006BFFDDE7C9B20346024410B593421846D1
:10DF200001D1002003E0047801338C42F6D110BD0A
:10DF30001F2938B505460C4604D9162303604FF057
:10DF4000FF3038BDC26B12B152F821304BB92846B0
:10DF500000F07CF8224601462846BDE8384000F033
:10DF600063B8012B0AD0591C03D11623036001208A
:10DF7000E7E70021204642F8241098470020E0E718
:10DF8000024B01461868FFF7D3BF00BF58010020BD
:10DF900038B50446064D0846114600222A601A4646
:10DFA000ECF7F4FD431C02D12B6803B1236038BDAC
:10DFB000A4EE012070B50B78044601385E2B04F105
:10DFC000FF0513BF4A1C8A1C4B78002108BF0121A2
:10DFD00000F8011FA842FBD10BB9501E70BD81F0A3
:10DFE00001011046E154024612F8015B2D2D05D0C7
:10DFF0005D2D16D0002DF1D02B46F2E746785D2E30
:10E00000FAD0B342F8DC02301A4601329642A154EB
:10E01000FBDCF21A5D1C013AB342A8BF0022AB1828
:10E02000E1E71046DAE7000038B50023064D044664
:10E03000084611462B60ECF773FD431C02D12B6898
:10E0400003B1236038BD00BFA4EE0120ECF766BD2C
:10E05000884210B501EB020402D98442234607D856
:10E06000431EA14208D011F8012B03F8012FF8E755
:10E07000024401468A4200D110BD13F8014D02F856
:10E08000014DF7E72DE9F0410C46496B04F14403DB
:10E0900099421AD14FF48061FEF7F4FA18B94FF0A3
:10E0A000FF30BDE8F0814FF48063606300F2FD3023
:10E0B000A36394F84630837094F84530437094F825
:10E0C0004430037020600020EBE7A66B77003A46EF
:10E0D00000F00FF805460028E1D000EB06080146E5
:10E0E00032464046FEF78EFAC4F80080C4E90D5768
:10E0F000E9E72DE9F041074614460D4621B91146DE
:10E10000BDE8F041FEF7BEBA2AB92546FEF79AFDF2
:10E110002846BDE8F08100F09DF88442064602D80A
:10E12000B4EB500FF4D821463846FEF7ABFA8046E0
:10E1300008B94546ECE7B4422246294628BF324694
:10E14000FEF760FA29463846FEF77CFDF1E770B528
:10E150000C46B1F90E1096B0154600291E460CDA91
:10E16000A389002113F0800F14BF40234FF4806374
:10E17000002031602B6016B070BD6A4600F048F890
:10E180000028EDDB019901F47041A1F500535942DB
:10E1900059414FF48063EBE78B89F7B59D0706463D
:10E1A0000C4607D504F14703236023610123636113
:10E1B00003B0F0BD01AB6A46FFF7C9FF009F0546FB
:10E1C00030463946FEF75EFA48B9B4F90C309A0584
:10E1D000EED423F0030343F00203A381E2E7A38913
:10E1E000206043F08003A381019BC4E904075BB175
:10E1F000B4F90E10304600F01DF828B1A38923F0C1
:10E20000030343F00103A381A3891D43A581CFE745
:10E2100038B50023064D0446084611462B60ECF73E
:10E22000AEFC431C02D12B6803B1236038BD00BF94
:10E23000A4EE012038B50023054D044608462B60A6
:10E24000ECF7A2FC431C02D12B6803B1236038BD5C
:10E25000A4EE012051F8043C181F002BBCBF0B5842
:10E26000C0187047F8B500BFF8BC08BC9E467047A0
:0CE27000F8B500BFF8BC08BC9E46704723
:10E27C0049444C4500000000546D722053766300F5
:10E28C00546D7251000000000000000000000000FE
:10E29C000F0000004F3F030801400308044003082F
:10E2AC000740030800000000000000000102030406
:10E2BC00060708090000000001020304006CDC02E0
:10E2CC0000366E010024F400001BB70000093D006D
:10E2DC0080841E00504B140040420F0000E02E00C2
:10E2EC000070170000A00F0000B80B00801A060089
:10E2FC00400D030088070200A086010000000242C6
:10E30C000100000000000242030000000000024275
:10E31C00060000000004024201000000000402425A
:10E32C000A0000000008024202000000000C024239
:10E33C000D000000000C0242020000000008024226
:10E34C000A00000000040242000000000008024223
:10E35C000C00000000040242030000000004024212
:10E36C0004000000001002420000000000100242F5
:10E37C000200000000100242030000000100020035
:10E38C000400060008000A000C00100020004000E9
:10E39C0080000001010101030701000008040204D0
:10E3AC0008010101370000002A2A2A204C617374ED
:10E3BC002072657365743A20575744472028737947
:10E3CC007374656D2068616E6729202A2A2A0D0AEC
:10E3DC00000000002A2A2A204C6173742072657395
:10E3EC0065743A2049574447202A2A2A0D0A00000E
:10E3FC004C6173742072657365743A20536F667444
:10E40C00776172650D0A00004C617374207265733C
:10E41C0065743A2042726F776E6F75742028706F36
:10E42C00776572206973737565290D0A0000000009
:10E43C004C6173742072657365743A2050494E2098
:10E44C0072657365740D0A004C6173742072657388
:10E45C0065743A204F7074696F6E20627974652010
:10E46C006C6F616465720D0A000000006465666182
:10E47C00756C745461736B0050432020203D203028
:10E48C00782530386C58200D0A4C522020203D2025
:10E49C0030782530386C580D0A43465352203D20B5
:10E4AC0030782530386C580D0A48465352203D20A0
:10E4BC0030782530386C580D0A42464152203D20A8
:10E4CC0030782530386C580D0A0000000D1B5B3974
:10E4DC00316D7C4552524F527C0000004C69627287
:10E4EC0061726965732F4472697665722F4D61761E
:10E4FC006C696E6B2F5372632F6472697665725FF1
:10E50C006D61766C696E6B5F636F6D706F6E656E4F
:10E51C00742E6370700000007C2000004D61766CDE
:10E52C00696E6B206D616E61676572206F70656ED0
:10E53C00206661696C0000001B5B306D0A000000F6
:10E54C004C69627261726965732F44726976657287
:10E55C002F4D61766C696E6B2F5372632F647269E9
:10E56C007665725F6D61766C696E6B5F6D616E6105
:10E57C006765722E6370700043616E6E6F742061FC
:10E58C006464206D61766C696E6B20636F6D706F67
:10E59C006E656E740000000054727920746F2072E6
:10E5AC00656D6F7665206E6F6E2065786973746526
:10E5BC006E74206D61766C696E6B20636F6D706F1D
:10E5CC006E656E74206174204D41565F434F4D5003
:10E5DC005F7B307D0000000054727920746F2061E5
:10E5EC006464206E6577206D61766C696E6B204378
:10E5FC004F4D20706F727420746F20616C72656166
:10E60C006479206578697374656E7420706F7274A8
:10E61C00206174204D41564C494E4B5F434F4D4D3C
:10E62C005F7B307D0000000054727920746F207283
:10E63C00656D6F7665206E6F6E2065786973746595
:10E64C006E74206D61766C696E6B20434F4D20703B
:10E65C006F7274206174204D41564C494E4B5F4390
:10E66C004F4D4D5F7B307D000D1B5B306D7C494EFB
:10E67C00464F7C005458205175657565204F706568
:10E68C006E204661696C20005458205461736B20D5
:10E69C004F70656E204661696C2000004D617820DA
:10E6AC006D61766C696E6B20726F75746573207218
:10E6BC00656163686564000043616E6E6F74206110
:10E6CC006C6C6F63617465206D656D6F727920661B
:10E6DC006F72206E6577206D61766C696E6B20723F
:10E6EC006F757465000000000D1B5B33326D7C4947
:10E6FC004E464F7C00000000686561727462656173
:10E70C00742066726F6D3A200000000020706F72EA
:10E71C00743A20004D616E616765725458000000B8
:10E72C0054585155455545004C6962726172696582
:10E73C00732F4472697665722F4D61766C696E6BBE
:10E74C002F5372632F6472697665725F6D61766C9C
:10E75C00696E6B5F73657269616C5F636F6D5F701F
:10E76C006F72742E63707000547279696E672074C6
:10E77C006F206F70656E20616E20616C72656164D4
:10E78C0079206F70656E20434F4D20706F7274004E
:10E79C00547279696E6720746F206F70656E20619A
:10E7AC006E20756E696E697469616C697A65642036
:10E7BC00434F4D20706F72740000000054727969E1
:10E7CC006E6720746F20636C6F736520616E2061BF
:10E7DC006C726561647920636C6F73656420434F60
:10E7EC004D20706F727400004C69627261726965C1
:10E7FC00732F4472697665722F4D61766C696E6BFE
:10E80C002F5372632F6472697665725F6D61766CDB
:10E81C00696E6B5F7564705F636F6D5F706F727440
:10E82C002E63707000000000547279696E6720745A
:10E83C006F206F70656E20436F6D20706F72742047
:10E84C0062617365206661696C00000052656769DE
:10E85C007374657220554450205265636569766502
:10E86C0072204661696C0000434D444C494E450092
:10E87C002D2D2D2D2D2D2D2D2D2D2D2D2D2D2D2DBC
:10E88C002D2D2D2D2D2D2D2D2D2D2D2D2D2D2D2DAC
:10E89C002D2D2D2D2D2D0A00436F6D70616E793A43
:10E8AC00204772656D73790A000000004175746829
:10E8BC006F723A20204669726D77617265205465DB
:10E8CC00616D0A0056657273696F6E3A20312E3095
:10E8DC002E300A00506C6174666F726D3A2053745E
:10E8EC006D3332483778780A0000000025642E25F5
:10E8FC0064000000256400004C4F47004C6F6720FB
:10E90C006B686F6E6720686F2074726F20747275FD
:10E91C0079656E20756172742071756120646D610A
:10E92C00212043616E2063616920646174207478D6
:10E93C0020646D612064652073752064756E672E8C
:10E94C000A00000050414745300000005041474547
:10E95C00310000005041474532000000504147450E
:10E96C0033000000504147453400000050414745FA
:10E97C0035000000504147453600000050414745E6
:10E98C0037000000504147453800000050414745D2
:10E99C003900000050414745313000005041474597
:10E9AC003131000053504932000000004144435FB4
:10E9BC0043485F4E4F4E45004144435F4E4F4E45DA
:10E9CC00000000004932435F4E4F4E4500000000EE
:10E9DC0049324331000000005541525431000000CF
:10E9EC00554152543300000055415254340000003C
:10E9FC0054494D45350000005F4556540000000059
:10EA0C00556172742069643A20000000206E6F74A6
:10EA1C00206F70656E6564002043616E6E6F7420AC
:10EA2C004F70656E205F74785461736B000000004A
:10EA3C00554152545B0000005D206572726F72206C
:10EA4C0068616E646C65642C20636F64653D0000C6
:10EA5C005D206572726F7220636F64653D0000000B
:10EA6C00553320230000000020636E74446D613D1B
:10EA7C000000000020636E743D0000002070747272
:10EA8C004F6C643D00000000206E3D0020737461EB
:10EA9C0074653D00206572723D00000025303258CF
:10EAAC0020000000554152545B325D205258202802
:10EABC00000000004229204845583A200000000080
:10EACC00554152545B325D205258205354523A20D7
:10EADC00000000004C69627261726965732F4861B5
:10EAEC007264776172652F53746D333255352F53C1
:10EAFC0072632F68617264776172655F75355F70E0
:10EB0C0065726970686572616C5F756172742E6391
:10EB1C007070000049443A20000000002020205F63
:10EB2C00747853747265616D427566206E6F7420D3
:10EB3C006F70656E20313233210A000052657365A7
:10EB4C007420554152545B004C6962726172696564
:10EB5C00732F4D6F64756C65732F454E4332384A75
:10EB6C0036302F656E6332386A36302E6370700023
:10EB7C00526561644275666665724D656D206661AD
:10EB8C00696C2073697A653D200000007265742001
:10EB9C000000000025642E25642E25642E256400BB
:10EBAC000D1B5B39356D7C5741524E7C00000000CB
:10EBBC004C69627261726965732F4D6F64756C6517
:10EBCC00732F45746865726E65745F434F4D2F45A6
:10EBDC00746865726E65745F434F4D2E6370700080
:10EBEC004F776E204950206E6F74207365742C2003
:10EBFC007573696E672064656661756C743A200084
:10EC0C002E000000496E697469616C697A696E67DF
:10EC1C002045746865726E657420434F4D2077698A
:10EC2C0074682049503A20004661696C6564207410
:10EC3C006F20696E697469616C697A6520454E4311
:10EC4C0032384A3630000000454E4332384A3630AE
:10EC5C0020696E697469616C697A65642073756387
:10EC6C006365737366756C6C79000000506F727419
:10EC7C002000000020616C72656164792072656708
:10EC8C00697374657265643A200000005544502025
:10EC9C007265636569766572207461626C65206665
:10ECAC00756C6C0065746865726E657420636F6D4D
:10ECBC00207461736B000000494D555F49434D341E
:10ECCC003236383800000000705350492C20435322
:10ECDC00204F72204E616D65206E6F7420736574C9
:10ECEC0074696E67210A000043532050696E206ED0
:10ECFC006F742073657474696E67210A00000000DC
:10ED0C0020436C6F736564210A00000020436C6F14
:10ED1C00736520646F6E65210A00000020436869EA
:10ED2C00702049443A20000020636F6E66696720AA
:10ED3C0053504920736C657720726174652E0A00FC
:10ED4C0020616363656C2072616E67653A20000018
:10ED5C00470A000020616363656C206F75747075E1
:10ED6C0074206461746120726174653A2000000043
:10ED7C00487A0A0020616363656C20636F6E666974
:10ED8C006720646F6E65210A0000000020616363D8
:10ED9C00656C20636F6E666967206572726F722195
:10EDAC000A000000206779726F2072616E67653A05
:10EDBC00200000006470730A000000002067797264
:10EDCC006F206F757470757420646174612072614A
:10EDDC0074653A2000000000206779726F20636F21
:10EDEC006E66696720646F6E65210A002067797210
:10EDFC006F20636F6E666967206572726F72210A8D
:10EE0C000000000020636F6E666967206779726F7F
:10EE1C00202D20616363656C2066696C74657220BB
:10EE2C0062616E6477696474682E0A0020636F6E89
:10EE3C006669672074656D706572617475726520A2
:10EE4C0066696C7465722062616E6477696474685B
:10EE5C002E0A000020636F6E66696720616363652C
:10EE6C006C2066696C7465722E0A000020666966F7
:10EE7C006F206D6F64653A2073747265616D2074D8
:10EE8C006F206669666F2E0A0000000020666966B6
:10EE9C006F207374727563742031362062797465D7
:10EEAC003A20686561646572287831292C20616389
:10EEBC0063656C287836292C206779726F28783630
:10EECC00292C2074656D706572287831292C20747A
:10EEDC00696D65287832292E0A000000204F706574
:10EEEC006E6564210A00000069636D20737461749F
:10EEFC00652069646C65210A0000000050524F5473
:10EF0C004F434F4C5F4D41564C494E4B5F56320070
:10EF1C0053797374656D49442C20436F6D7049446B
:10EF2C00206E6F742073657474696E67210A00001B
:10EF3C00206368616E6E656C206F7574206F66203F
:10EF4C0072616E6765210A00206F70656E656421C1
:10EF5C000A000000204368616E6E656C3A20000068
:10EF6C002C2057726974654275666653697A653AE6
:10EF7C0020000000206F70656E20646F6E65210AA2
:10EF8C006E00000053797374656D49442C20436FF7
:10EF9C006D704944206F72204E616D65206E6F74E8
:10EFAC002073657474696E67210A000020636C6FAE
:10EFBC00736564210A00000020636C6F7365206424
:10EFCC006F6E65210A000000204C6F737420636F14
:10EFDC006E6E656374696F6E210A00002052656362
:10EFEC006F6E6E656374696F6E210A0053656E7384
:10EFFC006F7253747265616D00000000205458519B
:10F00C0075657565204F70656E204661696C210AC7
:10F01C00000000002054585461736B204F70656ED3
:10F02C00204661696C210A00494D552049434D34F5
:10F03C0032363838204F70656E204661696C21205D
:10F04C0052657420436F6465203D2000494D552066
:10F05C0049434D3432363838204F70656E204F4B53
:10F06C00212043686970204944203D2000000000A5
:10F07C0053656E735458510053656E7354580000A9
:10F08C004C69627261726965732F52544F532F43EE
:10F09C004D5349535F4F535F56322F5372632F7248
:10F0AC00746F735F636D7369735F6F735F76325FD9
:10F0BC007461736B2E637070000000005461736B8D
:10F0CC00206C6F6F70206B686F6E672063616920B6
:10F0DC006461742064756F63C3A16461736461734C
:10F0EC0064210A0D000000000D1B632000000000CD
:10F0FC005761726E696E673A20436F6D6D616E6415
:10F10C00206C696E65206B686F6E67207375206468
:10F11C00756E672064756F632E204D756F6E20635E
:10F12C006861792064756F6320636F6D6D616E64C7
:10F13C00206C696E652078696E20656E61626C6505
:10F14C00207561727420727820646D61206D6F641B
:10F15C00652063697263756C61720A0D00000000B2
:10F16C005761726E696E673A205065726970686596
:10F17C0072616C2074696D65206B686F6E672073AB
:10F18C00752064756E672064756F632E204D756FE6
:10F19C006E20636861792064756F63207065726995
:10F1AC0070686572616C2074696D652078696E2079
:10F1BC006361702063686F20504552495048455236
:10F1CC00414C5F54494D4520676961207472692038
:10F1DC0074696D652068616E646C650A0D000000D1
:10F1EC000A0A00002D2D2D2D2D2D2D2D2D2D2D2DE3
:10F1FC002D2D2D2D2D2D2D2D2D2D2D2D2D2D2D2D33
:10F20C002D2D2D0A0D00000020436F6D70616E795D
:10F21C003A204752454D5359200A0D002041757430
:10F22C00686F723A204772656D7379204669726D0A
:10F23C0077617265205465616D200A0D0000000035
:10F24C002056657273696F6E3A2000000A0D00003B
:10F25C0020446174653A20004175672032342032B5
:10F26C00303236004C4F4F50000000004C69627237
:10F27C0061726965732F6772656D73795F6D616912
:10F28C006E2E6370700000005461736B206C6F6F96
:10F29C0070206B686F6E67206361692064617420F5
:10F2AC0064756F63210A0D00486561702073697A7B
:10F2BC00653A20004578616D706C652F4461742F40
:10F2CC00536C6565704D6F64652F557365722F4D6A
:10F2DC0061766C696E6B48616E646C65722F4D6102
:10F2EC00766C696E6B48616E646C65722E637070BF
:10F2FC0000000000547279696E6720746F20636C93
:10F30C006F736520616E20616C7265616479206336
:10F31C006C6F736564206D61766C696E6B207461C3
:10F32C00736B00004D61696E207461736B20436CCC
:10F33C006F7365204641494C000000002866616CE3
:10F34C0073652900636861722A2065746C3A3A69A6
:10F35C00706F6F6C3A3A616C6C6F636174655F6966
:10F36C0074656D28290000004578616D706C652FFF
:10F37C004461742F536C6565704D6F64652F2E2E30
:10F38C002F2E2E2F2E2E2F5375626D6F64756C657C
:10F39C002F65746C2F696E636C7564652F65746C66
:10F3AC002F69706F6F6C2E6800000000542A206566
:10F3BC00746C3A3A69706F6F6C3A3A616C6C6F634B
:10F3CC006174652829205B776974682054203D207E
:10F3DC0065746C3A3A69756E6F7264657265645FD8
:10F3EC006D61703C756E7369676E656420636861EE
:10F3FC00722C207374646578743A3A696E706C611F
:10F40C0063655F66756E6374696F6E3C766F696475
:10F41C00286D61766C696E6B5F6368616E6E656C8E
:10F42C005F742C20636F6E7374205F5F6D61766CFC
:10F43C00696E6B5F6D65737361676526293E203E4F
:10F44C003A3A6E6F64655F745D00000044524F4E33
:10F45C00455F4950000000004445564943455F490B
:10F46C00500000004F574E5F4950000044524F4E21
:10F47C00455F504F525400004445564943455F5038
:10F48C004F5254005544505F4D4F44455F44520019
:10F49C005544505F4D4F44455F4456004772656D6F
:10F4AC0073790000536C6565704D6F6465000000E6
:10F4BC0025642E25642E25640000000052656365CA
:10F4CC0069766564206F666620636F6D6D616E642E
:10F4DC00000000005265636569766564206F6E20DC
:10F4EC00636F6D6D616E6400506172616D20696453
:10F4FC003A2000002072657175657374204641498D
:10F50C004C000000556172745478000054455354FB
:10F51C005F57574447000000544553545F575744B6
:10F52C00472074726967676572656421204465724F
:10F53C0065666572656E63696E67206E756C6C705E
:10F54C00747220746F2074726967676572204861E9
:10F55C0072644661756C742E2E2E00005245534514
:10F56C00545F554152540000506172616D20494402
:10F57C003A2000002056616C75653A2000000000AE
:10F58C0066616C736500000065746C3A3A696E7460
:10F59C007275736976655F666F72776172645F6CA2
:10F5AC006973743C5456616C75652C20544C696EAF
:10F5BC006B3E3A3A6974657261746F722065746C53
:10F5CC003A3A696E747275736976655F666F7277B5
:10F5DC006172645F6C6973743C5456616C75652C14
:10F5EC0020544C696E6B3E3A3A696E736572745F67
:10F5FC006166746572286974657261746F722C200F
:10F60C0076616C75655F747970652629205B776906
:10F61C007468205456616C7565203D2065746C3A95
:10F62C003A69756E6F7264657265645F6D61703C8A
:10F63C00756E7369676E656420636861722C2073E4
:10F64C0074646578743A3A696E706C6163655F6670
:10F65C00756E6374696F6E3C766F6964286D617644
:10F66C006C696E6B5F6368616E6E656C5F742C2089
:10F67C00636F6E7374205F5F6D61766C696E6B5F28
:10F68C006D65737361676526293E203E3A3A6E6F4D
:10F69C0064655F743B20544C696E6B203D2065742F
:10F6AC006C3A3A666F72776172645F6C696E6B3C30
:10F6BC00303E3B2076616C75655F74797065203DDA
:10F6CC002065746C3A3A69756E6F72646572656424
:10F6DC005F6D61703C756E7369676E6564206368FD
:10F6EC0061722C207374646578743A3A696E706C2C
:10F6FC006163655F66756E6374696F6E3C766F6986
:10F70C0064286D61766C696E6B5F6368616E6E65A3
:10F71C006C5F742C20636F6E7374205F5F6D617609
:10F72C006C696E6B5F6D65737361676526293E202E
:10F73C003E3A3A6E6F64655F745D00004578616DAA
:10F74C00706C652F4461742F536C6565704D6F64DC
:10F75C00652F2E2E2F2E2E2F2E2E2F5375626D6F62
:10F76C0064756C652F65746C2F696E636C7564655C
:10F77C002F65746C2F696E747275736976655F662C
:10F78C006F72776172645F6C6973742E680000002D
:10F79C00282166756C6C2829290000007374643A62
:10F7AC003A706169723C65746C3A3A69756E6F7245
:10F7BC0064657265645F6D61703C544B65792C2097
:10F7CC00542C2054486173682C20544B6579457136
:10F7DC0075616C3E3A3A6974657261746F722C2073
:10F7EC00626F6F6C3E2065746C3A3A69756E6F721D
:10F7FC0064657265645F6D61703C544B65792C2057
:10F80C00542C2054486173682C20544B65794571F5
:10F81C0075616C3E3A3A696E7365727428727661E2
:10F82C006C75655F7265666572656E636529205BD4
:10F83C007769746820544B6579203D20756E736927
:10F84C00676E656420636861723B2054203D2073B1
:10F85C0074646578743A3A696E706C6163655F665E
:10F86C00756E6374696F6E3C766F6964286D617632
:10F87C006C696E6B5F6368616E6E656C5F742C2077
:10F88C00636F6E7374205F5F6D61766C696E6B5F16
:10F89C006D65737361676526293E3B20544861731F
:10F8AC0068203D2065746C3A3A686173683C756EEB
:10F8BC007369676E656420636861723E3B20544BCC
:10F8CC006579457175616C203D2065746C3A3A65BB
:10F8DC007175616C5F746F3C756E7369676E65648E
:10F8EC0020636861723E3B207276616C75655F7255
:10F8FC0065666572656E6365203D207374643A3A83
:10F90C00706169723C636F6E737420756E73696796
:10F91C006E656420636861722C20737464657874FE
:10F92C003A3A696E706C6163655F66756E63746993
:10F93C006F6E3C766F6964286D61766C696E6B5F77
:10F94C006368616E6E656C5F742C20636F6E73748C
:10F95C00205F5F6D61766C696E6B5F6D6573736153
:10F96C00676526293E203E26265D00004578616DA0
:10F97C00706C652F4461742F536C6565704D6F64AA
:10F98C00652F2E2E2F2E2E2F2E2E2F5375626D6F30
:10F99C0064756C652F65746C2F696E636C7564652A
:10F9AC002F65746C2F756E6F7264657265645F6D14
:10F9BC0061702E68000000004578616D706C652FD9
:10F9CC004461742F536C6565704D6F64652F2E2EDA
:10F9DC002F2E2E2F2E2E2F4C696272617269657339
:10F9EC002F4472697665722F4D61766C696E6B2F40
:10F9FC00496E632F6472697665725F6D61766C69AE
:10FA0C006E6B5F636F6D706F6E656E742E68707069
:10FA1C000000000054727920746F20616464206EC1
:10FA2C006577206D61766C696E6B206D73672063F2
:10FA3C00616C6C6261636B20666F7220636F6D70BA
:10FA4C006F6E656E74207B007D20746F20616C720C
:10FA5C0065616479206578697374656E74206D7363
:10FA6C00676964207B2000007D0000004D61766C8E
:10FA7C00696E6B206D73672063616C6C6261636B84
:10FA8C00207461626C65206F6620636F6D706F6EA1
:10FA9C00656E74207B0000007D2069732066756C98
:10FAAC006C2E2043757272656E7420636170616395
:10FABC00697479207B00000054727920746F206186
:10FACC006464206E6577206D61766C696E6B207056
:10FADC006572696F6469632073656E64206D73670A
:10FAEC0020666F7220636F6D706F6E656E74207B15
:10FAFC00000000007D20746F20616C726561647978
:10FB0C00206578697374656E74206D736769642001
:10FB1C007B0000004D61766C696E6B2070657269BC
:10FB2C006F6469632073656E64206D736720746104
:10FB3C00626C65206F6620636F6D706F6E656E749E
:10FB4C00207B0000547279696E6720746F206F708F
:10FB5C00656E20616E20616C7265616479206F70D6
:10FB6C00656E206D61766C696E6B207461736B00D1
:10FB7C004D61696E207461736B204F70656E204609
:10FB8C0041494C004D61766C696E6B206D61696EFC
:10FB9C00207461736B204F70656E000047494D42B5
:10FBAC00414C00003132565F534F4D003132565F9D
:10FBBC00535953003356335F5359530035565F43F3
:10FBCC00414D00003156345F43414D003156385F92
:10FBDC00535953004578616D706C652F4461742FD7
:10FBEC00536C6565704D6F64652F557365722F533B
:10FBFC006C6565704D6F64655F436F6D2F536C65FD
:10FC0C0065704D6F64655F436F6D2E63707000009F
:10FC1C0052657175657374506F7765723A20536CC9
:10FC2C006565702072657175657374207768696C91
:10FC3C006520616C726561647920736C65657069AF
:10FC4C006E67206F72206F666600000052657175DA
:10FC5C00657374506F7765723A2057616B652072CB
:10FC6C00657175657374207768696C6520616C7259
:10FC7C0065616479206F6E00547279696E672074C7
:10FC8C006F206F70656E20616E20616C72656164AF
:10FC9C0079206F70656E20736C656570206D6F6474
:10FCAC0065207461736B0000536C656570206D6F1B
:10FCBC006465206D61696E207461736B204F706593
:10FCCC006E000000534F4D2073746174652069649D
:10FCDC006C650000534F4D207374617465206F6E1A
:10FCEC0000000000534F4D207374617465206F66E3
:10FCFC00660000005057204F4E20534F4D0000001F
:10FD0C00506F7765724F6E20726573756C743A2004
:10FD1C0000000000536F6D20737461746520736C68
:10FD2C00656570005057204F464620534F4D0000DC
:10FD3C00506F7765724F666620726573756C743A96
:10FD4C00200000004578616D706C652F4461742F44
:10FD5C00536C6565704D6F64652F557365722F53C9
:10FD6C00746F72616765506172616D2F53746F723D
:10FD7C00616765506172616D2E63707000000000E8
:10FD8C00466C61736820656D7074792C207573698D
:10FD9C006E672064656661756C74206E6574776F30
:10FDAC00726B20636F6E6669670000004E65747736
:10FDBC006F726B20636F6E666967206C6F61646530
:10FDCC00642066726F6D20666C61736800000000C1
:10FDDC0044726F6E652049503A200000534F4D20FD
:10FDEC0049503A20000000004F776E2049503A20CD
:10FDFC000000000044726F6E6520506F72743A20E0
:10FE0C0000000000534F4D20506F72743A200000D8
:10FE1C00554450204D6F64652044726F6E653A20D6
:10FE2C0000000000554450204D6F646520446576F9
:10FE3C006963653A20000000466C61736820657246
:10FE4C00617365206661696C65640000466C617362
:10FE5C0068207772697465206661696C656400005E
:10FE6C004E6574776F726B20636F6E666967207373
:10FE7C006176656420746F20666C617368000000A5
:10FE8C004578616D706C652F4461742F536C65659A
:10FE9C00704D6F64652F557365722F70726F67723A
:10FEAC00616D2E637070000048656170204672654C
:10FEBC00653A200020420000434F4D20706F727451
:10FECC00206D616E61676572204F70656E204661B2
:10FEDC00696C0000536C656570204D6F6465204340
:10FEEC006F6D204F70656E204661696C00000000DC
:10FEFC004D61766C696E6B2048616E646C65722026
:10FF0C004F70656E204661696C0000006D61766C07
:10FF1C00696E6B20636F6D207461736B0000000061
:10FF2C0078E402080000000000000000000000005F
:10FF3C00000000000002000018000000000000009B
:10FF4C00000000000000000000000000E5AB01080C
:10FF5C0009AC0108F5AB0108F9AB0108FDAB0108D0
:10FF6C00000000000000000025AC010859AC01089D
:10FF7C00F5AB0108F9AB0108FDAB010801AC0108B8
:10FF8C0005AC010807AC01080000000000000000EF
:10FF9C0000000000000000000000000095AE010809
:10FFAC00A9AE010885B6010800000000320909005D
:10FFBC0000000000010000007C1F2B00000000006E
:10FFCC0002000000890C0C0000000000040000007E
:10FFDC00ED0E0E030C0D000005000000D91C1C01D9
:10FFEC000000000006000000680303000000000091
:04FFFC0007000000FA
:020000040803EF
:100000007720200000000000080000007524240074
:10001000000000000B00000059060601040000006B
:1000200014000000D61414030203000015000000A1
:100030009F0202030001000016000000DC191900F5
:100040000000000017000000A817170304050000B7
:1000500018000000181E3400000000001900000005
:1000600017656500000000001A000000AA161800BD
:10007000000000001B000000901A1D00000000009E
:100080001C00000043101000000000001D000000D4
:10009000730E1000000000001E000000271C1C0052
:1000A000000000001F000000F620300000000000EB
:1000B00020000000B91C1C0000000000210000000E
:1000C000681C1C000000000022000000ED16160055
:1000D0000000000023000000F416160000000000DD
:1000E00024000000DE1525000000000025000000AF
:1000F000D4060703040500002600000009060703D4
:100100000405000027000000FE2526032021000032
:1001100028000000E6040503020300002900000097
:100120001C040403020300002A0000001C02120049
:10013000000000002B000000840203030001000007
:100140002C000000DD040903020300002D00000064
:10015000E8020303000100002E0000000B02020071
:10016000000000002F0000009903080300010000B8
:1001700030000000290D15010C00000031000000C6
:10018000270C140000000000320000004E2525035B
:100190001213000033000000C40405030203000032
:1001A000360000000F1B1B03181900003700000069
:1001B00003191900000000003D000000A748480096
:1001C000000000003E000000B71A1A000000000006
:1001D0003F00000077B5B5000000000040000000BF
:1001E000BFE1E1000000000041000000762A2A0083
:1001F0000000000042000000940606030203000015
:100200004300000015040400000000004500000049
:10021000F30B1E010A000000460000007C122603BA
:1002200010110000490000002625260320210000AF
:100230004A00000014141400000000004B000000ED
:100240009E2323031E1F00004C0000009821210361
:100250001E1F00004D0000008F030A030809000064
:10026000500000000E0404030203000051000000CF
:100270006A16160000000000520000003127330308
:100280002425000053000000162525000000000072
:10029000540000008F353503323300005500000054
:1002A0008C33330000000000560000000535350394
:1002B0003233000057000000963333000000000086
:1002C00059000000E71C1C00000000005A0000005C
:1002D000B7383800000000005B0000003F2A2A0009
:1002E000000000005C00000036212100000000003A
:1002F0005D0000002F51510000000000640000006C
:10030000AF1A2200000000006500000066207500A2
:1003100000000000660000009E2075000000000044
:1003200067000000D01439000000000068000000E1
:100330003820740000000000690000005D3E3F00AE
:10034000000000006A0000008A2C2C000000000061
:100350006B0000006C404100000000006C000000D9
:1003600020545C00000000006D000000B909090085
:10037000000000006E00000054FEFE0301020000B9
:100380006F00000022101203101100007000000026
:10039000AE0C0C0000000000710000007C2427005F
:1003A0000000000072000000ED2C2C000000000096
:1003B00073000000044040000000000074000000D2
:1003C0004C161800000000007500000080060603AF
:1003D0000405000076000000380E0E00000000004A
:1003E00077000000740C0C030A0B0000780000007A
:1003F000866161000000000079000000ED02020348
:10040000000100007A000000CB020203000100009E
:100410007B000000FA717103000100007C00000005
:1004200057233900000000007D000000CB060600C5
:10043000000000007E000000DC4F51034F50000020
:100440007F0000001923230000000000800000004E
:10045000E223230000000000810000002E16180097
:1004600000000000820000001D0D0D0000000000D3
:1004700083000000DFFFFF00000000008400000098
:10048000550E270000000000850000000612120033
:100490000000000086000000E52B2B00000000009B
:1004A00087000000CB080800000000008800000062
:1004B000011616000000000089000000C30E1000A5
:1004C000000000008A0000006D2478000000000099
:1004D0008B000000A82B2B03292A00008C000000B1
:1004E000B5292900000000008D0000002F20200009
:1004F000000000008E00000048F3F3000000000040
:100500008F000000830E100000000000900000002B
:100510007F5D5D00000000009200000067646400E1
:1005200000000000930000009A2436000000000044
:1005300094000000B23C4E00000000009500000056
:10054000C81E3C000000000096000000862A2A0019
:100550000000000097000000DB0808030607000009
:1005600098000000D004080000000000990000007E
:10057000BC0C0C00000000009A000000540F0F0398
:10058000060700009B000000160D0D030405000087
:100590009C00000013060603000100009D000000FF
:1005A000150F0F030C0D00009E000000860E0F03B8
:1005B0000C0D0000A00000004E0C0C030809000008
:1005C000A10000004403030300010000A20000009A
:1005D000BD08090000000000A30000007F1C1C00F3
:1005E00000000000A40000009A2C2C000000000075
:1005F000A50000001503030000000000A600000095
:100600001509090000000000A70000009016160060
:1006100000000000A8000000010C0C000000000019
:10062000A9000000EA12120000000000AA00000069
:100630004922220000000000AB000000B542420049
:1006400000000000AC000000166262000000000024
:10065000AD0000005308080000000000AE000000DC
:10066000A730300000000000AF0000008A13130321
:100670000E0F0000B0000000EA03030300010000B9
:10068000B1000000F014140000000000B2000000EF
:100690002F18180000000000B3000000BD1D1D0150
:1006A0001A000000B4000000342D2F012A000000C1
:1006B000B5000000AE04040000000000B600000019
:1006C000E528280000000000B700000055020203E2
:1006D00000010000B80000009FCECE03040500001A
:1006E000B9000000BA07070304050000BA000000C3
:1006F000481D1D0300010000BF0000005C1B1B0023
:1007000000000000C0000000242C360000000000A3
:10071000C100000047161A0000000000C2000000DF
:100720006219210000000000C300000078252500A8
:1007300000000000C8000000862A2A0328290000C3
:10074000C9000000CD0E0E030C0D0000D600000005
:100750004508080306070000D700000065030300F2
:1007600000000000D8000000320303030001000075
:10077000D9000000CA06060000000000DA000000F0
:100780001107070300010000DB000000A2020200C5
:1007900000000000E1000000D0414900000000001E
:1007A000E2000000CF08080000000000E6000000A2
:1007B000A32A2A0000000000E700000069282800A2
:1007C00000000000E8000000973F4100000000002A
:1007D000E900000023B6B60000000000EA000000B7
:1007E0009628280000000000EB000000B32A2A0031
:1007F00000000000F10000005A202000000000006E
:10080000F200000068343C0000000000F30000002B
:1008100055353D0134000000F40000005F0606007D
:1008200000000000F500000082020200000000004D
:10083000F6000000B826260000000000F7000000C7
:100840005113130000000000F800000008FEFE0332
:1008500003040000F9000000CC2424000000000084
:10086000FA000000311E1E0000000000FB00000026
:10087000AA12120000000000FC0000002C1212005E
:1008800000000000FD0000005333360000000000AF
:10089000FE0000002E090900000000000001000019
:1008A000472A2A0308090000010100008309090002
:1008B0000000000002010000BB20E803000100006E
:1008C000030100005CEBED000000000004010000EB
:1008D00092050E000000000005010000B31B3D0062
:1008E00000000000060100000C12170000000000CC
:1008F0000701000085FFFF00000000000801000064
:10090000311C200000000000090100001A10140032
:10091000000000000A010000C1FFFF030203000005
:100920000B01000023FFFF03020300000C01000085
:100930000E040403020300000D0100006DD5D70072
:10094000000000000E0100003B1314000000000036
:100950000F010000163435000000000013010000F4
:100960007E1F200000000000140100001231320040
:1009700000000000150100003E1E1E0000000000E7
:1009800018010000462121000000000019010000AC
:10099000300D0D00000000001A0100007B2323032E
:1009A000202100001B0100004A909500000000007B
:1009B0001C010000632020031E1F00001D01000019
:1009C00089283103262700001E010000D235390393
:1009D000323300001F010000011717031415000037
:1009E0002001000014171703141500002201000055
:1009F000FB2E2E0000000000230100000A39390000
:100A00000000000027010000EA0C0C0000000000BC
:100A1000280100009E292903242500002B01000045
:100A200013606200000000002C010000D9161600BF
:100A3000000000002D010000F33A3A000000000021
:100A4000360100001C1111000000000037010000F9
:100A50005F7474000000000040010000F3141403F0
:100A600002030000410100005802020300010000DF
:100A700042010000F39595000000000043010000D2
:100A80004E93930300010000440100008492920001
:100A9000000000004A010000179EA70000000000AF
:100AA0004B0100005BE6E900000000004C01000083
:100AB000ECEFEF00000000004D010000E76D6D005D
:100AC000000000004E010000480A35000000000050
:100AD0004F010000E1181800000000005001000064
:100AE000F55454000000000053010000C705050044
:100AF00000000000540100006346460000000000B2
:100B000059010000D1151503020300005E01000029
:100B1000E814FC0000000000680100000B19190037
:100B200000000000690100005D21210000000000BC
:100B3000720100004B576D000000000073010000BF
:100B40000A1A1A0000000000740100001A8C8C00C0
:100B50000000000075010000752A2A000000000056
:100B600077010000FB8C8C00000000007801000081
:100B7000C7080800000000007C010000E814140011
:100B8000000000008101000093858503020300003E
:100B9000820100008410100304050000830100009E
:100BA00004484803040500008401000008252503CB
:100BB00020210000860100009CEEF00000000000F3
:100BC0008B01000000D4D400000000008C01000064
:100BD00032A0A000000000008D010000B66C6C0087
:100BE00000000000900100006EFEFE0304050000FE
:100BF00091010000B7060603040500009A010000F9
:100C0000A0353500000000009B0100006A030300CE
:100C1000000000009C0100002106060304050000FE
:100C20009D0100004D07070304050000B30100000B
:100C3000862E2E0000000000B4010000C10909004A
:100C400000000000B50100001E01010000000000CE
:100C5000B801000042232300000000002823000008
:100C600071898900000000002D23000075222200F8
:100C70000000000011270000D11414000000000043
:100C800012270000BA2929000000000013270000E5
:100C9000040101000000000014270000850909007C
:100CA000000000001527000067090900000000008F
:100CB00016270000C10404000000000017270000F0
:100CC000471111000000000018270000F00E0E0070
:100CD00000000000A7270000C355550000000000D9
:100CE000F82A00008633340304050000F92A0000C6
:100CF0000F87880000000000FA2A0000EAB3B4035E
:100D000004050000FB2A000040050500000000006B
:100D1000FC2A00000BE8E80308090000FD2A000097
:100D20005DE6E60000000000022B00002E313100DD
:100D300000000000032B00006A2C2C0000000000C3
:100D40000C2B0000CD10100000000000162B00003E
:100D5000902C2C0000000000172B0000852C2C008C
:100D600000000000182B0000552C2C000000000093
:100D7000192B0000C3252503101100001A2B0000B9
:100D80004F050500000000001B2B00008008080331
:100D9000040500001C2B0000B1222200000000000E
:100DA0001D2B0000821C1C00000000001E2B0000F8
:100DB0002F262600000000001F2B00008E090900CE
:100DC00000000000202B0000842C2C0000000000FC
:100DD000212B0000D02C2C0000000000222B000052
:100DE000C92C2C0000000000232B0000C12C2C007B
:100DF00000000000242B0000BD2C2C00000000008F
:100E0000342B0000A24E4E000000000064320000AF
:100E1000722C2C030001000065320000FE3B3B03F6
:100E20001E1F0000663200008C35350304050000EB
:100E300067320000F92E2E03000100006832000026
:100E40004D3636031C1D000069320000312B2B0388
:100E500000010000733200005EF9F9030001000098
:100E6000763200008B333300000000007732000040
:100E7000071212031011000078320000140505005B
:100E80000000000010A40000E301010000000000C9
:100E900011A40000EF2E2E000000000051C300003E
:100EA000F62020000000000052C30000B5F6F60056
:100EB0000000000053C300003E13130000000000B8
:100EC00054C30000F00A0A030809000055C30000DB
:100ED000980606030405000020CB00000D646400A2
:100EE0000000000021CB0000EF0101000000000025
:100EF000982F8A4291443771CFFBC0B5A5DBB5E985
:100F00005BC25639F111F159A4823F92D55E1CABF8
:100F100098AA07D8015B8312BE853124C37D0C5586
:100F2000745DBE72FEB1DE80A706DC9B74F19BC1CE
:100F3000C1699BE48647BEEFC69DC10FCCA10C24BE
:100F40006F2CE92DAA84744ADCA9B05CDA88F976A2
:100F500052513E986DC631A8C82703B0C77F59BF0C
:100F6000F30BE0C64791A7D55163CA066729291438
:100F7000850AB72738211B2EFC6D2C4D130D3853D5
:100F800054730A65BB0A6A762EC9C281852C729297
:100F9000A1E8BFA24B661AA8708B4BC2A3516CC7C5
:100FA00019E892D1240699D685350EF470A06A10FE
:100FB00016C1A419086C371E4C774827B5BCB0344D
:100FC000B30C1C394AAAD84E4FCA9C5BF36F2E68EB
:100FD000EE828F746F63A5781478C8840802C78C7A
:100FE000FAFFBE90EB6C50A4F7A3F9BEF27871C67D
:100FF00000000000000000000000000000000000F1
:1010000000000000E9B601089DB7010800000000DB
:101010000000000049B9010849BB0108F5AB01080F
:10102000F9AB0108FDAB0108000000000000000062
:101030000DBC01082DBC0108FDB90108CDBB01089C
:10104000FDAB010801AC010805AC010807AC0108C3
:10105000000000000000000065B9010871BB010834
:10106000A9B90108A1BB0108FDAB0108B1C701087E
:1010700097B9010899B901089BB901087FC7010810
:1010800089B901088FB9010895B90108000000006D
:101090003209090000000000010000007C1F2B0045
:1010A0000000000002000000890C0C00000000009D
:1010B00004000000ED0E0E030C0D00000500000002
:1010C000D91C1C010000000006000000680303009A
:1010D0000000000007000000772020000000000052
:1010E0000800000075242400000000000B00000030
:1010F000590606010400000014000000D614140371
:1011000002030000150000009F020203000100001E
:1011100016000000DC191900000000001700000094
:10112000A81717030405000018000000181E34005B
:1011300000000000190000001765650000000000B5
:101140001A000000AA161800000000001B00000092
:10115000901A1D00000000001C0000004310100049
:10116000000000001D000000730E100000000000D1
:101170001E000000271C1C00000000001F000000D3
:10118000F62030000000000020000000B91C1C0008
:101190000000000021000000681C1C00000000008E
:1011A00022000000ED1616000000000023000000E1
:1011B000F41616000000000024000000DE152500D3
:1011C0000000000025000000D4060703040500000D
:1011D00026000000090607030405000027000000A0
:1011E000FE2526032021000028000000E604050358
:1011F00002030000290000001C0404030203000095
:101200002A0000001C021200000000002B00000059
:1012100084020303000100002C000000DD04090328
:10122000020300002D000000E8020303000100009B
:101230002E0000000B020200000000002F00000042
:10124000990308030001000030000000290D15017A
:101250000C00000031000000270C1400000000000A
:10126000320000004E252503121300003300000059
:10127000C404050302030000360000000F1B1B031B
:1012800018190000370000000319190000000000C1
:101290003D000000A7484800000000003E0000009C
:1012A000B71A1A00000000003F00000077B5B50033
:1012B0000000000040000000BFE1E100000000006D
:1012C00041000000762A2A000000000042000000D1
:1012D0009406060302030000430000001504040006
:1012E0000000000045000000F30B1E010A00000092
:1012F000460000007C122603101100004900000087
:1013000026252603202100004A00000014141400A2
:10131000000000004B0000009E2323031E1F00005E
:101320004C000000982121031E1F00004D0000000A
:101330008F030A0308090000500000000E04040394
:1013400002030000510000006A16160000000000B1
:101350005200000031273303242500005300000011
:101360001625250000000000540000008F353503CD
:1013700032330000550000008C33330000000000C1
:1013800056000000053535033233000057000000D9
:10139000963333000000000059000000E71C1C00D9
:1013A000000000005A000000B738380000000000BC
:1013B0005B0000003F2A2A00000000005C000000E3
:1013C00036212100000000005D0000002F51510077
:1013D0000000000064000000AF1A220000000000BE
:1013E0006500000066207500000000006600000037
:1013F0009E2075000000000067000000D014390036
:1014000000000000680000003820740000000000A8
:10141000690000005D3E3F00000000006A0000001F
:101420008A2C2C00000000006B0000006C40410082
:10143000000000006C00000020545C000000000070
:101440006D000000B9090900000000006E000000F6
:1014500054FEFE03010200006F0000002210120380
:101460001011000070000000AE0C0C000000000025
:10147000710000007C2427000000000072000000C2
:10148000ED2C2C0000000000730000000440400020
:1014900000000000740000004C161800000000005E
:1014A00075000000800606030405000076000000B9
:1014B000380E0E000000000077000000740C0C03D2
:1014C0000A0B000078000000866161000000000047
:1014D00079000000ED020203000100007A00000024
:1014E000CB020203000100007B000000FA717103CF
:1014F000000100007C0000005723390000000000BC
:101500007D000000CB060600000000007E00000009
:10151000DC4F51034F5000007F00000019232300CF
:101520000000000080000000E22323000000000013
:10153000810000002E16180000000000820000004C
:101540001D0D0D000000000083000000DFFFFF0004
:101550000000000084000000550E2700000000007D
:101560008500000006121200000000008600000046
:10157000E52B2B000000000087000000CB080800CE
:1015800000000000880000000116160000000000A6
:1015900089000000C30E1000000000008A00000057
:1015A0006D247800000000008B000000A82B2B03A6
:1015B000292A00008C000000B52929000000000045
:1015C0008D0000002F202000000000008E00000091
:1015D00048F3F300000000008F000000830E1000AD
:1015E00000000000900000007F5D5D000000000032
:1015F0009200000067646400000000009300000097
:101600009A2436000000000094000000B23C4E0016
:101610000000000095000000C81E3C000000000013
:1016200096000000862A2A000000000097000000B3
:10163000DB0808030607000098000000D00408003B
:101640000000000099000000BC0C0C00000000002D
:101650009A000000540F0F03060700009B000000D3
:10166000160D0D03040500009C0000001306060380
:10167000000100009D000000150F0F030C0D00007D
:101680009E000000860E0F030C0D0000A00000005D
:101690004E0C0C0308090000A100000044030303E2
:1016A00000010000A2000000BD08090000000000C9
:1016B000A30000007F1C1C0000000000A40000002C
:1016C0009A2C2C0000000000A50000001503030068
:1016D00000000000A600000015090900000000003D
:1016E000A70000009016160000000000A8000000EF
:1016F000010C0C0000000000A9000000EA1212001A
:1017000000000000AA0000004922220000000000A2
:10171000AB000000B542420000000000AC00000039
:101720001662620000000000AD00000053080800CF
:1017300000000000AE000000A730300000000000F4
:10174000AF0000008A1313030E0F0000B00000006A
:10175000EA03030300010000B1000000F0141400CC
:1017600000000000B20000002F1818000000000068
:10177000B3000000BD1D1D011A000000B4000000F0
:10178000342D2F012A000000B5000000AE04040033
:1017900000000000B6000000E5282800000000005E
:1017A000B70000005502020300010000B80000006D
:1017B0009FCECE0304050000B9000000BA0707035E
:1017C00004050000BA000000481D1D0300010000D0
:1017D000BF0000005C1B1B0000000000C0000000F8
:1017E000242C360000000000C100000047161A003B
:1017F00000000000C200000062192100000000008B
:10180000C30000007825250000000000C80000008B
:10181000862A2A0328290000C9000000CD0E0E03E5
:101820000C0D0000D6000000450808030607000064
:10183000D70000006503030000000000D80000008E
:101840003203030300010000D9000000CA060600AD
:1018500000000000DA00000011070703000100008B
:10186000DB000000A202020000000000E100000016
:10187000D041490000000000E2000000CF0808004D
:1018800000000000E6000000A32A2A00000000007B
:10189000E70000006928280000000000E8000000C0
:1018A000973F410000000000E900000023B6B600A9
:1018B00000000000EA000000962828000000000058
:1018C000EB000000B32A2A0000000000F100000035
:1018D0005A20200000000000F200000068343C00A4
:1018E00000000000F300000055353D013400000009
:1018F000F40000005F06060000000000F500000094
:101900008202020000000000F6000000B826260057
:1019100000000000F7000000511313000000000059
:10192000F800000008FEFE0303040000F9000000B8
:10193000CC24240000000000FA000000311E1E002C
:1019400000000000FB000000AA12120000000000CE
:10195000FC0000002C12120000000000FD0000003E
:101960005333360000000000FE0000002E0909007D
:101970000000000000010000472A2A0308090000B7
:1019800001010000830909000000000002010000BD
:10199000BB20E80300010000030100005CEBED0048
:1019A000000000000401000092050E00000000008D
:1019B00005010000B31B3D0000000000060100000F
:1019C0000C121700000000000701000085FFFF0057
:1019D0000000000008010000311C20000000000091
:1019E000090100001A101400000000000A010000A4
:1019F000C1FFFF03020300000B01000023FFFF03F0
:101A0000020300000C0100000E04040302030000A6
:101A10000D0100006DD5D700000000000E01000090
:101A20003B131400000000000F01000016343500C5
:101A300000000000130100007E1F200000000000D5
:101A400014010000123132000000000015010000F6
:101A50003E1E1E000000000018010000462121006B
:101A60000000000019010000300D0D000000000012
:101A70001A0100007B232303202100001B0100002A
:101A80004A909500000000001C0100006320200324
:101A90001E1F00001D0100008928310326270000B9
:101AA0001E010000D2353903323300001F0100004F
:101AB0000117170314150000200100001417170365
:101AC0001415000022010000FB2E2E000000000073
:101AD000230100000A39390000000000270100003E
:101AE000EA0C0C0000000000280100009E292903D8
:101AF000242500002B01000013606200000000009C
:101B00002C010000D9161600000000002D01000075
:101B1000F33A3A0000000000360100001C111100E9
:101B200000000000370100005F7474000000000036
:101B300040010000F31414030203000041010000FF
:101B4000580202030001000042010000F3959500D5
:101B500000000000430100004E93930300010000C9
:101B60004401000084929200000000004A0100003D
:101B7000179EA700000000004B0100005BE6E90093
:101B8000000000004C010000ECEFEF00000000003E
:101B90004D010000E76D6D00000000004E010000E7
:101BA000480A3500000000004F010000E11818004D
:101BB0000000000050010000F55454000000000037
:101BC00053010000C705050000000000540100009B
:101BD000634646000000000059010000D1151503BE
:101BE000020300005E010000E814FC000000000099
:101BF000680100000B1919000000000069010000D5
:101C00005D21210000000000720100004B576D00B3
:101C100000000000730100000A1A1A000000000012
:101C2000740100001A8C8C00000000007501000097
:101C3000752A2A000000000077010000FB8C8C0050
:101C40000000000078010000C70808000000000044
:101C50007C010000E8141400000000008101000075
:101C600093858503020300008201000084101003A5
:101C70000405000083010000044848030405000037
:101C800084010000082525032021000086010000B2
:101C90009CEEF000000000008B01000000D4D40096
:101CA000000000008C01000032A0A0000000000035
:101CB0008D010000B66C6C00000000009001000077
:101CC0006EFEFE030405000091010000B706060346
:101CD000040500009A010000A03535000000000056
:101CE0009B0100006A030300000000009C0100004B
:101CF00021060603040500009D0100004D070703AF
:101D000004050000B3010000862E2E000000000034
:101D1000B4010000C109090000000000B501000085
:101D20001E01010000000000B80100004223230052
:101D300000000000282300007189890000000000D5
:101D40002D23000075222200000000001127000052
:101D5000D11414000000000012270000BA29290045
:101D60000000000013270000040101000000000033
:101D70001427000085090900000000001527000055
:101D8000670909000000000016270000C1040400D4
:101D9000000000001727000047111100000000009C
:101DA00018270000F00E0E0000000000A72700001A
:101DB000C355550000000000F82A000086333403A4
:101DC00004050000F92A00000F87880000000000C9
:101DD000FA2A0000EAB3B40304050000FB2A00005D
:101DE0004005050000000000FC2A00000BE8E803A5
:101DF00008090000FD2A00005DE6E6000000000082
:101E0000022B00002E31310000000000032B0000E7
:101E10006A2C2C00000000000C2B0000CD101000DC
:101E200000000000162B0000902C2C000000000089
:101E3000172B0000852C2C0000000000182B000040
:101E4000552C2C0000000000192B0000C325250391
:101E5000101100001A2B00004F05050000000000C3
:101E60001B2B000080080803040500001C2B000049
:101E7000B1222200000000001D2B0000821C1C006B
:101E8000000000001E2B00002F262600000000008E
:101E90001F2B00008E09090000000000202B00000D
:101EA000842C2C0000000000212B0000D02C2C00E2
:101EB00000000000222B0000C92C2C0000000000B4
:101EC000232B0000C12C2C0000000000242B00005C
:101ED000BD2C2C0000000000342B0000A24E4E0050
:101EE0000000000064320000722C2C03000100008E
:101EF00065320000FE3B3B031E1F000066320000FF
:101F00008C3535030405000067320000F92E2E03DE
:101F100000010000683200004D3636031C1D000031
:101F200069320000312B2B030001000073320000E6
:101F30005EF9F90300010000763200008B333300B4
:101F40000000000077320000071212031011000099
:101F500078320000140505000000000010A4000005
:101F6000E30101000000000011A40000EF2E2E008C
:101F70000000000051C30000F62020000000000017
:101F800052C30000B5F6F6000000000053C3000085
:101F90003E1313000000000054C30000F00A0A03BF
:101FA0000809000055C30000980606030405000058
:101FB00020CB00000D6464000000000021CB000075
:101FC000EF01010000000000000000000000000020
:101FD0000000000000000000000000003DC90108F2
:101FE00041C9010845C901080000000000000000C7
:101FF00065CB010839CB010887CB01088DC90108E1
:10200000ADCA010885B6010871C901087DC901087A
:1020100083C9010889C90108000000000000000010
:1020200000000000000000000000000000000000B0
:102030000000000019CE01084DCE010899CE01081C
:10204000C9CB010889CD010885B601089DCB0108DF
:10205000BCFEFFFF0000000091CE0108AFCE0108DA
:10206000BFCB01080000000000000000EDD2010815
:1020700009D50108FDD2010801D3010805D30108E3
:10208000000000000000000011D30108E5D40108A1
:10209000FDD2010801D3010805D3010809D30108C5
:1020A0000BD301080DD3010829D301082DD3010852
:1020B00031D30108000000000000000099D301089E
:1020C000B9D40108FDD2010801D3010805D30108E4
:1020D00033D301088DD4010839D40108B9D30108DC
:1020E00009D4010841D30108D4E902080000000026
:1020F00000000000000000000000000050E902089D
:1021000000000000000000080020000000000000A7
:1021100058E902080100000000200008002000002B
:102120000100000060E90208020000000040000811
:10213000002000000200000068E90208030000001F
:1021400000600008002000000300000070E90208A1
:1021500004000000008000080020000004000000CF
:1021600078E902080500000000A000080020000037
:102170000500000080E902080600000000C0000819
:10218000002000000600000088E9020807000000A7
:1021900000E00008002000000700000090E90208AD
:1021A00008000000000001080020000008000000F6
:1021B00098E9020809000000002001080020000042
:1021C00009000000A0E902080A0000000040010820
:1021D000002000000A000000A8E902080B0000002F
:1021E00000600108002000000B000000000000005B
:1021F000000000000000001000000020000000307F
:10220000000000400000005000000060000000706E
:1022100000000000000000000000000100000000BD
:1022200000000000000000020000000007000000A5
:102230000F000000D4E902080000000000000000C8
:10224000000000000000000000000000000000008E
:1022500000000000B0E9020874B100200000000096
:10226000000000000000000000000000000000006E
:1022700000000000D0E9020800000000000000009B
:10228000000000000000000000000000DCE902087F
:1022900000B000200000000000000000000000006E
:1022A000000000000000000000000000001000001E
:1022B00000000000002000000000000000040000FA
:1022C00000060000D4E90208000000000000000041
:1022D000000000000000000000000000E4E9020827
:1022E00048B70020000000000000000000000000CF
:1022F00000000000ECE9020880B6002000000000A9
:10230000000000000000000000000000F4E90208E6
:1023100010B80020000000000000000000000000D5
:10232000000000000100020004000800100020006E
:10233000400080000001000200040008001000209E
:102340000040008000000000000000008DD801085F
:10235000E5D90108FDD2010801D3010805D3010820
:1023600039D701083DD7010841D7010845D70108F1
:1023700049D701084DD7010851D7010855D70108A1
:1023800059D701085DD7010861D7010865D7010851
:1023900069D701080000000000000000A5D801086E
:1023A000B9D901083DD801086DD8010805D3010845
:1023B000C5D801082FD8010805D901089BD9010803
:1023C0006DD7010885D701089DD70108B3D701084B
:1023D000C9D70108FFD701080BD8010817D8010891
:1023E00023D801080000000000000000A1DB010864
:1023F00031DE0108FDD2010801D3010805D301082F
:1024000065DB010869DB01086DDB010871DB010890
:1024100075DB01080000000000000000B9DB0108C6
:1024200005DE010835DC010895DD010805D301084A
:1024300071E0010827E10108CBE0010883E1010810
:10244000D9DB0108000000000000000075E601086B
:10245000ADE60108FDD2010801D3010805D301084A
:1024600069E601086DE6010871E601080000000058
:10247000000000008DE60108D1E6010849E70108E7
:10248000A9E7010805D30108FDE6010815E70108E1
:1024900031E701080000000000000000F9E7010832
:1024A000C9E80108F5AB0108F9AB0108FDAB01086B
:1024B000F1E70108F5E70108000000000000000056
:1024C00079EF0108CDEF0108FDD2010801D3010821
:1024D00005D30108A1E80108D9F1010815E80108B0
:1024E00019E801081DE801082BE801082FE8010898
:1024F00033E8010837E801083BE801083FE8010834
:1025000041E8010843E8010845E8010847E80108F7
:102510000000000000000000E1EF010855F0010894
:1025200089EB0108BDEA010805D30108A1E801080B
:10253000D9F1010863ED0108B9ED010803EE0108C6
:102540007FEE0108C9EE010863EA010837E80108D7
:10255000F1E8010805ED010859ED0108FBE9010862
:1025600007EA010811E901089DF101089BE801084B
:102570009DE801089FE80108E80300000100000051
:1025800040420F00010000000000000000000000B9
:10259000FDF20108A1F70108FDD2010801D30108ED
:1025A00005D3010801F40108E3F30108A9010208B9
:1025B000C5F3010855F3010859F301085DF301085B
:1025C00063F30108000000000000000035F8010876
:1025D00049F801081FF4010823530208FDAB010864
:1025E0000000000000000000A9F80108E1F801085F
:1025F00065F40108EDF6010805D3010801F40108AE
:10260000E3F30108A9010208C5F30108AD000208BF
:10261000D100020869F301086FF30108000000000F
:102620000000000099090208C10902088B0902088C
:102630008F09020893090208000000000000000052
:10264000F1090208C90A0208510A0208110A02081F
:10265000FDAB010801AC010805AC010807AC01089D
:10266000C5100208D5090208DB090208E1090208C1
:102670000000000000000000051B0208BD1B02084E
:102680008B0902088F09020893090208151902082C
:10269000F7180208D9180208BB18020859150208D1
:1026A0005F15020863150208671502086D15020818
:1026B000731502087F150208D115020823160208B7
:1026C000811802084D160208F11702088F17020838
:1026D000711602080000000000000000D51B02086F
:1026E000051C02082527020835190208930902086B
:1026F00015190208F7180208D9180208BB180208B1
:10270000591502085F1502086315020867150208CB
:102710006D150208731502087F150208D11502080D
:1027200061170208471802084D160208F11702083F
:102730008F170208711602086000000000000040B8
:10274000000080464000000000008040000000467D
:102750002000000000000041000080450000000053
:102760000000804100000045E000000000007A41C8
:1027700033130345C00000000000FA4133138344C3
:10278000A000000000007A423313034480000000E0
:102790000000FA42000083436000000000007A431A
:1027A00000000343400000000000FA4300008342A1
:1027B0002000000000007A44333303420000000090
:1027C0000000FA44333383410000000000000000A1
:1027D00065420208DD4202088B0902088F090208DF
:1027E00093090208BB3C0208A33C0208853C02088E
:1027F000673C0208493C02082B3C02080D3C0208D9
:102800000D30020811300208CB4102083F42020895
:102810007F4102081B4202081730020845410208A6
:102820005130020885300208B9300208E33002084E
:102830000D3102080000000000000000F54202080F
:1028400009430208D93C0208613F020893090208C3
:10285000BB3C0208A33C0208853C0208673C020816
:10286000493C02082B3C02080D3C02089D48020826
:1028700011300208CB4102083F4202087F410208A2
:102880001B42020817300208454102085130020875
:1028900085300208B9300208E33002080D31020821
:1028A00000000000320909000000000001000000E3
:1028B0007C1F2B000000000002000000890C0C00AF
:1028C0000000000004000000ED0E0E030C0D0000DF
:1028D00005000000D91C1C010000000006000000DB
:1028E00068030300000000000700000077202000BC
:1028F0000000000008000000752424000000000013
:102900000B0000005906060104000000140000003E
:10291000D614140302030000150000009F020203F6
:102920000001000016000000DC1919000000000082
:1029300017000000A8171703040500001800000086
:10294000181E340000000000190000001765650023
:10295000000000001A000000AA1618000000000085
:102960001B000000901A1D00000000001C00000069
:1029700043101000000000001D000000730E100046
:10298000000000001E000000271C1C0000000000CA
:102990001F000000F62030000000000020000000B2
:1029A000B91C1C000000000021000000681C1C0075
:1029B0000000000022000000ED16160000000000DC
:1029C00023000000F41616000000000024000000A0
:1029D000DE1525000000000025000000D4060703D6
:1029E0000405000026000000090607030405000096
:1029F00027000000FE2526032021000028000000FB
:102A0000E604050302030000290000001C0404037F
:102A1000020300002A0000001C0212000000000057
:102A20002B00000084020303000100002C000000C2
:102A3000DD040903020300002D000000E802030387
:102A4000000100002E0000000B0202000000000048
:102A50002F0000009903080300010000300000006F
:102A6000290D15010C00000031000000270C140096
:102A700000000000320000004E2525031213000064
:102A800033000000C4040503020300003600000008
:102A90000F1B1B0318190000370000000319190051
:102AA000000000003D000000A748480000000000B2
:102AB0003E000000B71A1A00000000003F000000AE
:102AC00077B5B5000000000040000000BFE1E10064
:102AD0000000000041000000762A2A0000000000EB
:102AE00042000000940606030203000043000000B9
:102AF000150404000000000045000000F30B1E0157
:102B00000A000000460000007C122603101100009D
:102B10004900000026252603202100004A0000006D
:102B200014141400000000004B0000009E23230337
:102B30001E1F00004C000000982121031E1F0000F2
:102B40004D0000008F030A03080900005000000038
:102B50000E04040302030000510000006A16160070
:102B6000000000005200000031273303242500003C
:102B7000530000001625250000000000540000004E
:102B80008F35350332330000550000008C3333009D
:102B90000000000056000000053535033233000008
:102BA0005700000096333300000000005900000079
:102BB000E71C1C00000000005A000000B738380075
:102BC000000000005B0000003F2A2A000000000017
:102BD0005C00000036212100000000005D000000C4
:102BE0002F5151000000000064000000AF1A2200C5
:102BF0000000000065000000662075000000000075
:102C0000660000009E2075000000000067000000C4
:102C1000D014390000000000680000003820740063
:102C200000000000690000005D3E3F000000000061
:102C30006A0000008A2C2C00000000006B000000DD
:102C40006C404100000000006C00000020545C005B
:102C5000000000006D000000B9090900000000003C
:102C60006E00000054FEFE03010200006F00000031
:102C7000221012031011000070000000AE0C0C00B6
:102C800000000000710000007C242700000000000C
:102C900072000000ED2C2C0000000000730000000A
:102CA0000440400000000000740000004C161800B2
:102CB0000000000075000000800606030405000007
:102CC00076000000380E0E000000000077000000C3
:102CD000740C0C030A0B0000780000008661610090
:102CE0000000000079000000ED0202030001000076
:102CF0007A000000CB020203000100007B0000000C
:102D0000FA717103000100007C00000057233900B4
:102D1000000000007D000000CB060600000000005F
:102D20007E000000DC4F51034F5000007F00000088
:102D3000192323000000000080000000E22323008C
:102D400000000000810000002E16180000000000A6
:102D5000820000001D0D0D00000000008300000037
:102D6000DFFFFF000000000084000000550E270078
:102D700000000000850000000612120000000000A4
:102D800086000000E52B2B000000000087000000FB
:102D9000CB080800000000008800000001161600A3
:102DA0000000000089000000C30E100000000000B9
:102DB0008A0000006D247800000000008B000000F5
:102DC000A82B2B03292A00008C000000B52929001C
:102DD000000000008D0000002F20200000000000F7
:102DE0008E00000048F3F300000000008F00000098
:102DF000830E100000000000900000007F5D5D0069
:102E00000000000092000000676464000000000001
:102E1000930000009A243600000000009400000097
:102E2000B23C4E000000000095000000C81E3C00AF
:102E30000000000096000000862A2A000000000022
:102E400097000000DB080803060700009800000058
:102E5000D00408000000000099000000BC0C0C0029
:102E6000000000009A000000540F0F030607000046
:102E70009B000000160D0D03040500009C000000DF
:102E800013060603000100009D000000150F0F034C
:102E90000C0D00009E000000860E0F030C0D0000BC
:102EA000A00000004E0C0C0308090000A100000067
:102EB0004403030300010000A2000000BD08090054
:102EC00000000000A30000007F1C1C0000000000A8
:102ED000A40000009A2C2C0000000000A5000000B7
:102EE0001503030000000000A600000015090900FA
:102EF00000000000A700000090161600000000006F
:102F0000A8000000010C0C0000000000A900000057
:102F1000EA12120000000000AA000000492222006C
:102F200000000000AB000000B542420000000000BD
:102F3000AC0000001662620000000000AD0000005E
:102F40005308080000000000AE000000A730300069
:102F500000000000AF0000008A1313030E0F0000F2
:102F6000B0000000EA03030300010000B10000000C
:102F7000F014140000000000B20000002F18180028
:102F800000000000B3000000BD1D1D011A0000007C
:102F9000B4000000342D2F012A000000B50000000D
:102FA000AE04040000000000B6000000E528280080
:102FB00000000000B70000005502020300010000FD
:102FC000B80000009FCECE0304050000B900000049
:102FD000BA07070304050000BA000000481D1D03DE
:102FE00000010000BF0000005C1B1B00000000008F
:102FF000C0000000242C360000000000C1000000CA
:1030000047161A0000000000C200000062192100EB
:1030100000000000C300000078252500000000002B
:10302000C8000000862A2A0328290000C9000000E1
:10303000CD0E0E030C0D0000D6000000450808035D
:1030400006070000D7000000650303000000000031
:10305000D80000003203030300010000D900000083
:10306000CA06060000000000DA000000110707038E
:1030700000010000DB000000A202020000000000CE
:10308000E1000000D041490000000000E200000023
:10309000CF08080000000000E6000000A32A2A0074
:1030A00000000000E7000000692828000000000080
:1030B000E8000000973F410000000000E900000028
:1030C00023B6B60000000000EA00000096282800A1
:1030D00000000000EB000000B32A2A0000000000FE
:1030E000F10000005A20200000000000F200000063
:1030F00068343C0000000000F300000055353D013D
:1031000034000000F40000005F060600000000002C
:10311000F50000008202020000000000F60000003E
:10312000B826260000000000F7000000511313002D
:1031300000000000F800000008FEFE030304000089
:10314000F9000000CC24240000000000FA00000078
:10315000311E1E0000000000FB000000AA12120039
:1031600000000000FC0000002C1212000000000013
:10317000FD0000005333360000000000FE00000098
:103180002E0909000000000000010000472A2A0360
:103190000809000001010000830909000000000087
:1031A00002010000BB20E803000100000301000051
:1031B0005CEBED00000000000401000092050E0031
:1031C0000000000005010000B31B3D0000000000EE
:1031D000060100000C1217000000000007010000AB
:1031E00085FFFF000000000008010000311C2000E6
:1031F00000000000090100001A1014000000000087
:103200000A010000C1FFFF03020300000B010000E0
:1032100023FFFF03020300000C0100000E0404035F
:10322000020300000D0100006DD5D7000000000072
:103230000E0100003B131400000000000F0100000D
:103240001634350000000000130100007E1F20002E
:1032500000000000140100001231320000000000E4
:10326000150100003E1E1E000000000018010000B5
:10327000462121000000000019010000300D0D0062
:10328000000000001A0100007B232303202100001E
:103290001B0100004A909500000000001C01000086
:1032A000632020031E1F00001D0100008928310338
:1032B000262700001E010000D235390332330000FA
:1032C0001F01000001171703141500002001000062
:1032D000141717031415000022010000FB2E2E0006
:1032E00000000000230100000A393900000000003E
:1032F00027010000EA0C0C0000000000280100007B
:103300009E292903242500002B0100001360620080
:10331000000000002C010000D9161600000000007B
:103320002D010000F33A3A000000000036010000D1
:103330001C11110000000000370100005F747400D0
:103340000000000040010000F31414030203000019
:103350004101000058020203000100004201000088
:10336000F395950000000000430100004E93930385
:10337000000100004401000084929200000000005F
:103380004A010000179EA700000000004B0100004A
:103390005BE6E900000000004C010000ECEFEF00EC
:1033A000000000004D010000E76D6D00000000000E
:1033B0004E010000480A3500000000004F010000E7
:1033C000E11818000000000050010000F5545400FE
:1033D0000000000053010000C705050000000000C8
:1033E000540100006346460000000000590100003F
:1033F000D1151503020300005E010000E814FC0073
:1034000000000000680100000B1919000000000016
:10341000690100005D212100000000007201000030
:103420004B576D0000000000730100000A1A1A00DB
:1034300000000000740100001A8C8C0000000000E5
:1034400075010000752A2A000000000077010000C5
:10345000FB8C8C000000000078010000C708080009
:10346000000000007C010000E814140000000000CF
:1034700081010000938585030203000082010000A2
:103480008410100304050000830100000448480371
:103490000405000084010000082525032021000008
:1034A000860100009CEEF000000000008B0100008F
:1034B00000D4D400000000008C01000032A0A00065
:1034C000000000008D010000B66C6C0000000000E0
:1034D000900100006EFEFE03040500009101000053
:1034E000B7060603040500009A010000A035350068
:1034F000000000009B0100006A03030000000000C0
:103500009C01000021060603040500009D01000047
:103510004D07070304050000B3010000862E2E00AE
:1035200000000000B4010000C10909000000000013
:10353000B50100001E01010000000000B8010000FC
:103540004223230000000000282300007189890025
:10355000000000002D230000752222000000000062
:1035600011270000D11414000000000012270000F1
:10357000BA292900000000001327000004010100FF
:103580000000000014270000850909000000000069
:103590001527000067090900000000001627000039
:1035A000C1040400000000001727000047111100AB
:1035B0000000000018270000F00E0E0000000000C0
:1035C000A7270000C355550000000000F82A00009E
:1035D0008633340304050000F92A00000F878800B1
:1035E00000000000FA2A0000EAB3B403040500005A
:1035F000FB2A00004005050000000000FC2A000036
:103600000BE8E80308090000FD2A00005DE6E6007B
:1036100000000000022B00002E31310000000000ED
:10362000032B00006A2C2C00000000000C2B000073
:10363000CD10100000000000162B0000902C2C0074
:1036400000000000172B0000852C2C00000000005B
:10365000182B0000552C2C0000000000192B000036
:10366000C3252503101100001A2B00004F0505008B
:10367000000000001B2B0000800808030405000068
:103680001C2B0000B1222200000000001D2B0000B6
:10369000821C1C00000000001E2B00002F262600AC
:1036A000000000001F2B00008E0909000000000030
:1036B000202B0000842C2C0000000000212B000097
:1036C000D02C2C0000000000222B0000C92C2C0064
:1036D00000000000232B0000C12C2C000000000083
:1036E000242B0000BD2C2C0000000000342B000017
:1036F000A24E4E000000000064320000722C2C0329
:103700000001000065320000FE3B3B031E1F00006D
:10371000663200008C353503040500006732000076
:10372000F92E2E0300010000683200004D363603EA
:103730001C1D000069320000312B2B03000100002A
:10374000733200005EF9F9030001000076320000D8
:103750008B333300000000007732000007121203A1
:103760001011000078320000140505000000000070
:1037700010A40000E30101000000000011A40000FB
:10378000EF2E2E000000000051C30000F6202000A4
:103790000000000052C30000B5F6F6000000000073
:1037A00053C300003E1313000000000054C3000088
:1037B000F00A0A030809000055C300009806060332
:1037C0000405000020CB00000D6464000000000030
:1037D00021CB0000EF01010000000000982F8A4279
:1037E00091443771CFFBC0B5A5DBB5E95BC2563953
:1037F000F111F159A4823F92D55E1CAB98AA07D86B
:10380000015B8312BE853124C37D0C55745DBE728D
:10381000FEB1DE80A706DC9B74F19BC1C1699BE40D
:103820008647BEEFC69DC10FCCA10C246F2CE92D9D
:10383000AA84744ADCA9B05CDA88F97652513E98C1
:103840006DC631A8C82703B0C77F59BFF30BE0C6C8
:103850004791A7D55163CA0667292914850AB72756
:1038600038211B2EFC6D2C4D130D385354730A65F3
:10387000BB0A6A762EC9C281852C7292A1E8BFA2CA
:103880004B661AA8708B4BC2A3516CC719E892D132
:10389000240699D685350EF470A06A1016C1A419B5
:1038A000086C371E4C774827B5BCB034B30C1C39B4
:1038B0004AAAD84E4FCA9C5BF36F2E68EE828F7473
:1038C0006F63A5781478C8840802C78CFAFFBE908D
:1038D000EB6C50A4F7A3F9BEF27871C600000000AB
:1038E00000000000A5480208294902089B49020877
:1038F0006F490208FDAB0108000000000000000055
:10390000D948020859490208BD4C0208ED4902088D
:10391000930902083D520208C9480208CF4802082C
:10392000D548020800316253C4F5A697B988DBEA8E
:103930007D4C1F2E4372211087B6E5D4FACB98A98F
:103940003E0F5C6D86B7E4D5427320113F0E5D6C6F
:10395000FBCA99A8C5F4A796013063527C4D1E2F6F
:10396000B889DAEB3D0C5F6EF9C89BAA84B5E6D73F
:10397000407122137E4F1C2DBA8BD8E9C7F6A5944F
:1039800003326150BB8AD9E87F4E1D2C023360514F
:10399000C6F7A495F8C99AAB3C0D5E6F417023122F
:1039A00085B4E7D67A4B1829BE8FDCEDC3F2A1901F
:1039B0000736655439085B6AFDCC9FAE80B1E2D30F
:1039C00044752617FCCD9EAF38095A6B45742716EF
:1039D00081B0E3D2BF8EDDEC7B4A192806376455EF
:1039E000C2F3A0914776251483B2E1D0FECF9CADFF
:1039F0003A0B586904356657C0F1A293BD8CDFEECF
:103A000079481B2AE1D083B22514477658693A0BCE
:103A10009CADFECFA293C0F1665704351B2A7948AE
:103A2000DFEEBD8C00000000000000000DF8010872
:103A300069F80108F5AB010823530208FDAB010842
:103A40000000000000000000B95402086D55020893
:103A50000D55020841550208FDAB0108E554020866
:103A6000F754020800000000000000007DF8010883
:103A7000F7F80108B955020891560208FDAB010894
:103A800001AC0108A5550208AF550208000000006E
:103A9000000000006DAC0108A5AC0108DD5602086D
:103AA0006B570208FDAB010801AC0108C9560208BA
:103AB000D3560208382E302E302E3230323630387F
:103AC0003132303834333032000000000000000062
:103AD000000000008B6B0208916D0208A56D0208C2
:103AE0008DC90108ADCA010885B6010800000000B3
:103AF00000000000916A0208B16A0208895F0208AA
:103B000005600208FDAB010801AC010805AC010825
:103B100007AC01080000000000000000FD5E020884
:103B20000D82020849820208E98C020845600208F9
:103B3000F5850208815F0208835F0208855F02083D
:103B40007F7F7F7F7F7F7F7F7F7F7F7F7F7F7F7F85
:103B50007F7F7F7F7F7F7F7F7F7F7F7F7F7F7F7F75
:103B60007F7F7F7F7F7F7F7F7F7F7F7F7F7F7F7F65
:103B7000000102030405060708097F7F7F7F7F7F1E
:103B80007F0A0B0C0D0E0F101112131415161718B7
:103B9000191A1B1C1D1E1F202122237F7F7F7F7F60
:103BA0007F0A0B0C0D0E0F10111213141516171897
:103BB000191A1B1C1D1E1F202122237F7F7F7F7F40
:103BC0007F7F7F7F7F7F7F7F7F7F7F7F7F7F7F7F05
:103BD0007F7F7F7F7F7F7F7F7F7F7F7F7F7F7F7FF5
:103BE0007F7F7F7F7F7F7F7F7F7F7F7F7F7F7F7FE5
:103BF0007F7F7F7F7F7F7F7F7F7F7F7F7F7F7F7FD5
:103C00007F7F7F7F7F7F7F7F7F7F7F7F7F7F7F7FC4
:103C10007F7F7F7F7F7F7F7F7F7F7F7F7F7F7F7FB4
:103C20007F7F7F7F7F7F7F7F7F7F7F7F7F7F7F7FA4
:103C30007F7F7F7F7F7F7F7F7F7F7F7F7F7F7F7F94
:103C4000797902086F5F0208715F0208735F0208EA
:103C500011760208615F0208675F02086D5F020863
:103C6000A1750208535F0208595F02085F5F0208EE
:103C700099810208455F02084B5F0208515F020804
:103C800085740208375F02083D5F0208435F02083F
:103C9000C5760208295F02082F5F0208355F020817
:103CA000097002081B5F0208215F0208275F0208F3
:103CB000AD6F02080D5F0208135F0208195F02086A
:103CC000C76A0208FF5E0208055F02080B5F020870
:103CD00058F4020864F4020870F4020878F4020848
:103CE00084F4020890F402089CF4020818F5020813
:103CF00068F50208982F8A4291443771CFFBC0B50E
:103D0000A5DBB5E95BC25639F111F159A4823F92A6
:103D1000D55E1CAB98AA07D8015B8312BE853124FF
:103D2000C37D0C55745DBE72FEB1DE80A706DC9BC0
:103D300074F19BC1C1699BE48647BEEFC69DC10F6C
:103D4000CCA10C246F2CE92DAA84744ADCA9B05CA8
:103D5000DA88F97652513E986DC631A8C82703B06B
:103D6000C77F59BFF30BE0C64791A7D55163CA0679
:103D700067292914850AB72738211B2EFC6D2C4D85
:103D8000130D385354730A65BB0A6A762EC9C28173
:103D9000852C7292A1E8BFA24B661AA8708B4BC209
:103DA000A3516CC719E892D1240699D685350EF433
:103DB00070A06A1016C1A419086C371E4C774827EA
:103DC000B5BCB034B30C1C394AAAD84E4FCA9C5B60
:103DD000F36F2E68EE828F746F63A5781478C884B1
:103DE0000802C78CFAFFBE90EB6C50A4F7A3F9BE93
:103DF000F27871C6A8FB0208000000000000024231
:103E000000100000B0FB02080000000000040242A5
:103E100008000000B8FB02080100000000000000DC
:103E200000000100C0FB0208000000000008024280
:103E300000400000C8FB0208010000000000000074
:103E400000000200D0FB020801000000000000009A
:103E500000000300D8FB0208010000000000000081
:103E600000000000D19F0208AB9F0208B19F02082A
:103E7000B79F0208C79F02089D9F0208A39F0208E0
:103E8000A99F02084E31305F5F637878616269767E
:103E90003131375F5F636C6173735F747970655F35
:103EA000696E666F45000000C4400308843E030845
:103EB000F840030800000000A83E03086DA50208B2
:103EC00081A50208F9B00208F9B00208EBA50208C2
:103ED0002FA50208D3A5020895A5020861A502082E
:103EE00062617369635F737472696E675F76696537
:103EF000773A3A7375627374720025733A205F5F84
:103F0000706F732028776869636820697320257A49
:103F10007529203E205F5F73697A6520287768697C
:103F2000636820697320257A752900474C4942430C
:103F300058585F54554E41424C4553006F626A5F7A
:103F400073697A65006F626A5F636F756E7400678C
:103F50006C69626378782E65685F706F6F6C007350
:103F600074643A3A657863657074696F6E00626173
:103F7000645F66756E6374696F6E5F63616C6C001D
:103F80002C2066756E6374696F6E3A2000617373DE
:103F9000657274696F6E2022257322206661696CD8
:103FA00065643A2066696C6520222573222C206C9A
:103FB000696E65202564257325730A00232D302B37
:103FC0002000686C4C00656667454647003031321A
:103FD0003334353637383941424344454600303171
:103FE000323334353637383961626364656600418F
:103FF0002D46612D66383930313233343536375DF0
:10400000002B2D00303000785800537439657863E8
:10401000657074696F6E0000BC3E03080A400308B7
:104020004E31305F5F637878616269763131355F38
:104030005F666F726365645F756E77696E64450075
:10404000BC3E0308204003084E31305F5F63787840
:10405000616269763131395F5F666F726569676E7B
:104060005F657863657074696F6E4500BC3E0308D8
:10407000484003080000000018400308C9A90208CE
:10408000D5A90208CDA902084E31305F5F63787868
:10409000616269763132305F5F73695F636C61734F
:1040A000735F747970655F696E666F45000000002C
:1040B000C440030888400308A83E0308000000002D
:1040C000B0400308F5AF020809B00208F9B00208D1
:1040D000F9B00208EBA502082FA50208CDB002082E
:1040E00059B002081DB00208537439747970655FC5
:1040F000696E666F00000000BC3E0308E8400308DC
:10410000537431376261645F66756E6374696F6E94
:104110005F63616C6C000000C44003080041030849
:1041200018400308000000001841030839B10208D4
:104130004DB1020831B102080020202020202020AB
:104140002020282828282820202020202020202047
:104150002020202020202020208810101010101057
:1041600010101010101010101004040404040404A3
:10417000040404101010101010104141414141413D
:10418000010101010101010101010101010101011F
:10419000010101011010101010104242424242422F
:1041A00002020202020202020202020202020202EF
:1041B0000202020210101010200000000000000097
:1041C00000000000000000000000000000000000EF
:1041D00000000000000000000000000000000000DF
:1041E00000000000000000000000000000000000CF
:1041F00000000000000000000000000000000000BF
:1042000000000000000000000000000000000000AE
:10421000000000000000000000000000000000009E
:10422000000000000000000000000000000000008E
:0942300000000000000000000085
:10423C006169FF7FB0B0A800FFFF010008B10181E8
:10424C00B0B000840000000008B10181B0B000845F
:10425C000000000008B10181B0B000840000000033
:10426C0008B10181B0B00084000000002569FF7F17
:10427C00B0B0A800FFFF01001969FF7FB0B0A80023
:10428C00FFFF01081A0420002C0400000569FF7FC1
:10429C00B0B0A800FFFF01082A0430004004000061
:1042AC0008B10181B0B000840000000008B10181A8
:1042BC00B0B000840000000008B10181B0B00084EF
:1042CC000000000008B10181B0B0008400000000C3
:1042DC0008B10181B0B0008400000000B568FF7F18
:1042EC00B0B0AA00FFFF0100A968FF7FB0AD1200BB
:1042FC00FFFF010E0E0400007A04800100900104FF
:10430C00000000008D68FF7FB0A91200FFFF010CB8
:10431C0026043E0038044A00460E000008B1018114
:10432C00B0B00084000000006968FF7FB0A90A00EB
:10433C00FFFF0115209E010000D20102F20100E4F2
:10434C0001020000FA010400000000004568FF7F34
:10435C00B0B0A800FFFF01003968FF7FB0B0A80023
:10436C00FFFF010008B10181B0B000840000000023
:10437C0008B10181B0B000840000000008B10181D7
:10438C00B0B000840000000008B10181B0B000841E
:10439C000000000008B10181B0B0008400000000F2
:1043AC0008B10181B0B000840000000008B10181A7
:1043BC00B0B000840000000008B10181B0B00084EE
:1043CC000000000008B10181B0B0008400000000C2
:1043DC0008B10181B0B000840000000008B1018177
:1043EC00B0B000840000000008B10181B0B00084BE
:1043FC00000000009D67FF7FA908B100FFFF0100CE
:10440C0008B10181B0B000840000000008B1018146
:10441C00B0B000840000000008B10181B0B000848D
:10442C000000000008B10181B0B000840000000061
:10443C0008B10181B0B000840000000008B1018116
:10444C00B0B000840000000008B10181B0B000845D
:10445C000000000008B10181B0B000840000000031
:10446C0008B10181B0B00084000000002567FF7F17
:10447C00B0AC0300FFFF010C260400003E044C000E
:10448C00520400000D67FF7FB0AB0200FFFF010C70
:10449C001E0400003204400046040000F566FF7F55
:1044AC00B0AA0300FFFF010C2404000036267200A2
:1044BC0078040000DD66FF7FB0AB0200FFFF010C4B
:1044CC00120400002A04400046040000C566FF7F69
:1044DC00B0AC0100FFFF011026040000341E6C007C
:1044EC0064046C0072040000A966FF7FA908B10087
:1044FC00FFFF01009D66FF7FB0B0A800FFFF010029
:10450C009166FF7FB0B0A800FFFF010814041A00E9
:10451C002404000008B10181B0B000840000000048
:10452C0008B10181B0B000840000000008B1018125
:10453C00B0B000840000000008B10181B0B000846C
:10454C00000000004D66FF7FB0B0AA00FFFF010025
:10455C004166FF7FB0A80900FFFF01003566FF7FB1
:10456C00A908B100FFFF01002966FF7FB0B0A800C9
:10457C00FFFF010008B10181B0B000840000000011
:10458C0008B10181B0B000840000000008B10181C5
:10459C00B0B0008400000000F965FF7FB0A80900EE
:1045AC00FFFF010008B10181B0B0008400000000E1
:1045BC0008B10181B0B000840000000008B1018195
:1045CC00B0B0008400000000C965FF7FB0AA0100F4
:1045DC00FFFF010E0C04000016688801008E010418
:1045EC000000000008B10181B0B0008400000000A0
:1045FC00A165FF7FB0AB0200FFFF010F0E040000AE
:10460C00169801CA0100D001040000008565FF7FE7
:10461C00B0AD0200FFFF010F160400001AB401E454
:10462C000100EA01040000006965FF7FA908B100E0
:10463C00FFFF010008B10181B0B000840000000050
:10464C005165FF7FB0B0A800FFFF01004565FF7FFB
:10465C00B0AB0200FFFF010C140400003A04480048
:10466C004E04000008B10181B0B0008400000000CD
:10467C0008B10181B0B00084000000001565FF7F17
:10468C00B0AF0400FFFF010F20040000EC0104D2C6
:10469C000200D80204000000F964FF7FB0AD1200E4
:1046AC00FFFF010E0E0400007A048001009001044B
:1046BC0000000000DD64FF7FB0A91200FFFF0114B1
:1046CC001404360026045A00300442003E04000054
:1046DC0056040000BD64FF7FB0AA0300FFFF012158
:1046EC0034660000A80102A20300B601AC01000070
:1046FC00F0020C9803008E0302A203009E030E002E
:10470C00000000008D64FF7FB0B0AA00FFFF010025
:10471C008164FF7FB0AB2C00FFFF019702166E0087
:10472C000092011E9C1400C2013E00008E0202B0D9
:10473C001400A4022A0000DC021EA614009003023E
:10474C00B01400A803440000FA0302C41400880447
:10475C002A0000C0040CBA1400800516C41400AC66
:10476C00054A0000840620CE1400B8063C000082E6
:10477C00070CD81400A407420000F40702EC140044
:10478C0082082A0000BA080CE214008C0916EC14FA
:10479C0000B8094A0000900A20F61400C40A3C0034
:1047AC00008E0B0C801500AC0B3E0000F80B029435
:1047BC001500860C2A0000BE0C0C8A1500DA0C02BF
:1047CC00941500EE0C3E0000BA0D02A81500FE0D6B
:1047DC002A0000B60E0C9E1500D20E02A81500E69B
:1047EC000E3E0000B20F02BC1500C00F2A0000F8EC
:1047FC000F0CB21500941002BC1500A8103E00005E
:10480C00F41002D0150082112A0000BA110CC61542
:10481C0000D61102D01500EA11B6010000AE130C3F
:10482C00DA1500CE132A000086140CE41500A2142D
:10483C00CC0100005D63FF7FB0AA0300FFFF011BEA
:10484C0032400000A20102C60300B001AE0100001C
:10485C00EC020CBC03008C034400000008B1018185
:10486C00B0B00084000000002963FF7FB0AA0500EF
:10487C00FFFF012D3C84010000CE0102CA0400DCC4
:10488C0001AC01000096030CB60400B6032A00002C
:10489C00EE030CC004008C0422CA0400BC041800F3
:1048AC0000000000ED62FF7FB0AA0500FFFF012AA7
:1048BC00224200007202AE030080016C0000FA017B
:1048CC000C9A03009A022A0000D2020CA40300F0F6
:1048DC000222AE0300A0031800000000B562FF7FA7
:1048EC00B0AA0300FFFF011B1A9E020000C6020CB7
:1048FC00B40400E4027E0000F0030CBE0400920439
:10490C003600000008B10181B0B000840000000046
:10491C0008B10181B0B00084000000007562FF7F17
:10492C00B0AA0300FFFF011F145600007802F20129
:10493C000086012A0000BE010CE80100DC0102F235
:10494C000100EE010E0000004962FF7FB0B0A8002C
:10495C00FFFF010814041A00200400003562FF7FD9
:10496C00B0B0A800FFFF010E04040000503082011B
:10497C0000880104000000001962FF7FB0AC050044
:10498C00FFFF012B143C00005E02BC05006C2A00EA
:10499C0000A4010CB20500C80102BC0500DA01EA52
:1049AC00010000D2030CC60500FC03D4010000007A
:1049BC00E161FF7FB0B0A800FFFF01082A043000BE
:1049CC004004000008B10181B0B000840000000078
:1049DC0008B10181B0B000840000000008B1018171
:1049EC00B0B000840000000008B10181B0B00084B8
:1049FC00000000009D61FF7FB0AB1200FFFF0117AC
:104A0C000A0400002A049801004204680062049021
:104A1C0001008C010400000008B10181B0B00084D9
:104A2C000000000008B10181B0B00084000000005B
:104A3C006161FF7FB0AC0100FFFF01101214000098
:104A4C002E046C004E0400007204000008B10181B9
:104A5C00B0B000840000000008B10181B0B0008447
:104A6C000000000008B10181B0B00084000000001B
:104A7C0008B10181B0B000840000000008B10181D0
:104A8C00B0B000840000000008B10181B0B0008417
:104A9C000000000008B10181B0B0008400000000EB
:104AAC0008B10181B0B000840000000008B10181A0
:104ABC00B0B000840000000008B10181B0B00084E7
:104ACC000000000008B10181B0B0008400000000BB
:104ADC0008B10181B0B000840000000008B1018170
:104AEC00B0B000840000000008B10181B0B00084B7
:104AFC000000000008B10181B0B00084000000008B
:104B0C0008B10181B0B000840000000008B101813F
:104B1C00B0B000840000000008B10181B0B0008486
:104B2C00000000006D60FF7FB0B0A800FFFF010027
:104B3C0008B10181B0B00084000000005560FF7F17
:104B4C00B0B0A800FFFF010C040400001004160014
:104B5C001C04000008B10181B0B00084000000000A
:104B6C003160FF7FB0B0A800FFFF01083C04420099
:104B7C00560400001D60FF7FB0B0A800FFFF0100CD
:104B8C001160FF7FB0B0A800FFFF010008B10181E8
:104B9C00B0B000840000000008B10181B0B0008406
:104BAC000000000008B10181B0B0008400000000DA
:104BBC0008B10181B0B000840000000008B101818F
:104BCC00B0B000840000000008B10181B0B00084D6
:104BDC0000000000BD5FFF7FB0A80B00FFFF0104C9
:104BEC001802000008B10181B0B000840000000080
:104BFC0008B10181B0B0008400000000955FFF7F18
:104C0C00B0A91200FFFF010F3A04A401007A04803E
:104C1C000100A00104000000795FFF7FAD08B10026
:104C2C00FFFF01251E04A602003004A402003E046E
:104C3C00A202004C04A00200C201049E0200D0019A
:104C4C0004D601009A0204000000000008B10181A2
:104C5C00B0B000840000000008B10181B0B0008445
:104C6C00000000002D5FFF7FB0AD0200FFFF0100D0
:104C7C0008B10181B0B0008400000000155FFF7F17
:104C8C00A908B100FFFF0100095FFF7FA908B1006F
:104C9C00FFFF0100FD5EFF7FB0AF1600FFFF010EAE
:104CAC0064140000A2016A0000B6020400000000B7
:104CBC00E15EFF7FB0AB2600FFFF0119520200003E
:104CCC005804F4020068D4010000C60204E002009B
:104CDC00F00204000000000008B10181B0B00084B3
:104CEC000000000008B10181B0B000840000000099
:104CFC00A15EFF7FB0B0AA00FFFF0100955EFF7FB1
:104D0C00B0AA0900FFFF0100895EFF7FB0A9120065
:104D1C00FFFF01007D5EFF7FB0A91200FFFF0100C5
:104D2C00715EFF7FB0AD1600FFFF0100655EFF7F77
:104D3C00B0AB2600FFFF0100595EFF7FB0AB260031
:104D4C00FFFF01004D5EFF7FB0AA1100FFFF0100C5
:104D5C00415EFF7FB0AE1100FFFF011F1C5CF4022F
:104D6C00009A01040000AE0102F40200D20104001A
:104D7C00008A02660000FC0204000000155EFF7F42
:104D8C00B0AB0A00FFFF015A0E0C00003A04860477
:104D9C00004A4A0000B00104920400C801049E04B9
:104DAC0000E00104AA0400F80104B6040090020417
:104DBC00C20400A80204CE0400B602CC0100008E8E
:104DCC00040400009A04040000A604040000B204C9
:104DDC00040000BE04040000CA04040000D604044D
:104DEC000000000008B10181B0B000840000000098
:104DFC0008B10181B0B000840000000008B101814D
:104E0C00B0B0008400000000895DFF7FB0AD1200DF
:104E1C00FFFF010E0E0400007C04820100920104CD
:104E2C00000000006D5DFF7FB0A81100FFFF0108BE
:104E3C0024042A0032040000595DFF7FB0AC13003B
:104E4C00FFFF010966046C009201040000000000E1
:104E5C0008B10181B0B000840000000008B10181EC
:084E6C00B0B00084000000005A
:104E7400A4B5FC7F01000000A85DFE7FBCF3FF7FAA
:104E8400D45DFE7F010000000860FE7FB8F3FF7F61
:104E94001460FE7FBCF3FF7F1C60FE7F01000000F6
:104EA4003863FE7FB0AD02805467FE7FB0A90280F4
:104EB400D067FE7FB0AB02800C68FE7F010000006B
:104EC4002468FE7FB0AB0280D068FE7F90F3FF7F42
:104ED400E068FE7FB0AD02805469FE7F01000000EF
:104EE400B069FE7FB0AA0980F869FE7F0100000066
:104EF400A86AFE7F74F3FF7FAC6AFE7FB0B0A8801F
:104F0400706BFE7F01000000946CFE7FB0B0A8803F
:104F1400F86CFE7F60F3FF7F106DFE7F01000000E0
:104F24007C6DFE7F5CF3FF7FC46DFE7FB0A90480BF
:104F3400846EFE7FB0B0AA802070FE7FA908B18085
:104F44000471FE7FAB08B180E472FE7F01000000B3
:104F5400D273FE7FA908B180F473FE7F38F3FF7F1C
:104F64004074FE7FA83F09806E74FE7F0084028037
:104F74009074FE7FAB08B180B074FE7FB0AF068042
:104F84002477FE7FB0AB02807277FE7F1CF3FF7F35
:104F94008277FE7FAA3F0B80DA77FE7F18F3FF7FCC
:104FA400DA77FE7F1CF3FF7FD877FE7F20F3FF7F45
:104FB400FC77FE7F24F3FF7F0078FE7F28F3FF7FDA
:104FC4002478FE7F2CF3FF7FC078FE7F40F3FF7FC1
:104FD4002079FE7F010000007479FE7FB0A8018073
:104FE4008C79FE7F40F3FF7F9079FE7F0100000003
:104FF4009879FE7F3CF3FF7FB07AFE7FA908B180E9
:10500400347BFE7F50F3FF7F587BFE7F0084028059
:10501400727BFE7F01000000807BFE7F00840280A3
:105024009A7BFE7FB0B0B0809C7BFE7FAB08B180E2
:10503400547DFE7FA908B180DC7DFE7F008404805E
:10504400087EFE7F1CF3FF7F447EFE7F010000008C
:10505400B87FFE7F18F3FF7FF87FFE7F1CF3FF7F8E
:105064003080FE7F010000006080FE7FAF08B180C9
:10507400E481FE7FB0B0A8807082FE7F0100000052
:10508400AE82FE7FB0B0A880B482FE7FA908B18052
:105094000483FE7F010000001C83FE7FB0B0A88063
:1050A4006483FE7FA908B1807883FE7FD8F2FF7FF6
:1050B4008483FE7FA908B180FC83FE7F0100000089
:1050C4006884FE7FB0B0A8804485FE7F01000000A4
:1050D400F085FE7FBCF2FF7FF085FE7F01000000BB
:1050E4008886FE7FB0A80180DC86FE7F0100000078
:1050F4000A87FE7FB0B0A8803287FE7F01000000DF
:10510400C087FE7FB0A80580F887FE7FB0AD04801D
:105114008688FE7FAB08B1809C88FE7F010000007A
:10512400E488FE7FB0A803807889FE7FAB08B18055
:10513400308AFE7F010000009C8AFE7FB0B0A88008
:10514400F08AFE7FA908B180E48BFE7FB0B0A8800E
:10515400FE8BFE7F48F2FF7F068CFE7F4CF2FF7FC2
:105164000E8CFE7F50F2FF7F168CFE7F54F2FF7F81
:10517400208CFE7FB0B0AA80888CFE7F01000000E6
:10518400D08CFE7FB0B0A880288DFE7F008406807E
:10519400488DFE7FB0A80380648DFE7F008402806A
:1051A400B48DFE7FB0A801801A8EFE7FA908B1805D
:1051B400848EFE7FB0A80180B48EFE7F10F2FF7F44
:1051C400D08EFE7FB0A80180FE8EFE7F0CF2FF7FA2
:1051D4001A8FFE7FA908B1804A8FFE7F08F2FF7FF5
:1051E400668FFE7FA908B180968FFE7F04F2FF7F51
:1051F400B48FFE7F01000000C88FFE7FA908B18034
:105204003890FE7F010000006090FE7FF0F1FF7F88
:105214007490FE7F01000000E094FE7FECF1FF7FBC
:10522400F094FE7FF0F1FF7F0495FE7FF4F1FF7FA1
:105234001495FE7FB0B0AA806C95FE7FB0B0A880B4
:105244008095FE7F010000002496FE7FE0F1FF7F41
:105254002C96FE7FE4F1FF7F3496FE7FE8F1FF7F1A
:105264003696FE7F010000003496FE7FB0B0A88021
:105274005496FE7F010000007496FE7FB0B0A880B3
:105284007697FE7FCCF1FF7F7A97FE7FB0B0AA803D
:10529400CE97FE7FB0B0AC80EC98FE7FAB08B180B7
:1052A400189AFE7FB0A80180589AFE7FB0F1FF7F64
:1052B4005A9AFE7FB0A801809C9AFE7FACF1FF7FD2
:1052C4009E9AFE7FB0F1FF7FEC9AFE7FC0F1FF7FD4
:1052D4002E9BFE7FD0F1FF7FA29BFE7FE0F1FF7F3C
:1052E400E49BFE7FF0F1FF7F549CFE7FB0B0A8806A
:1052F400849CFE7FFCF1FF7FD09CFE7F01000000B8
:10530400DC9CFE7FF8F1FF7F489DFE7F01000000DA
:10531400589DFE7FF4F1FF7FB49DFE7FB0B0AA805C
:10532400309EFE7FF8F1FF7F349EFE7FFCF1FF7F0D
:105334003C9EFE7F00F2FF7F609EFE7F04F2FF7FB3
:10534400689EFE7F08F2FF7F8C9EFE7F0CF2FF7F3B
:10535400B89EFE7F01000000849FFE7FB0B0A8804D
:10536400989FFE7F00F2FF7FE89FFE7F0100000010
:1053740050A0FE7FB0B0A880A2A0FE7FB0A9048098
:10538400E0A0FE7FAB08B18060A3FE7FB0B0AA802E
:105394000CA4FE7F0100000070A4FE7FD4F1FF7F07
:1053A40090A4FE7F0100000060A5FE7FA908B180E3
:1053B40084A5FE7F01000000F0A5FE7FB0AE3F8013
:1053C400A4ABFE7FB8F1FF7FA2ABFE7FBCF1FF7FF1
:1053D400C0ABFE7FC0F1FF7FC8ABFE7FB0B0AA8038
:1053E40090ACFE7FB0A80180C0ACFE7F0084028038
:1053F400FCACFE7FB0B0AA80ACADFE7FA4F1FF7F11
:10540400D8ADFE7FA8F1FF7FE2ADFE7F008402806D
:1054140010AEFE7FA4F1FF7F16AEFE7F01000000F8
:1054240070AEFE7FA908B18098AEFE7F0084028032
:10543400CCAEFE7F00840480F4AEFE7F0100000049
:10544400FCAEFE7F80F1FF7F0CAFFE7FB0B0AA8080
:1054540080AFFE7FAB08B18076B0FE7FB0B0AA808B
:105464008CB0FE7F6CF1FF7F1CB1FE7FB0B0AA80D0
:1054740040B1FE7FB0B0AC8014B2FE7FB0B0A88063
:105484003CB2FE7F68F1FF7F40B2FE7FA908B18085
:1054940030B3FE7F64F1FF7F00B4FE7F78F1FF7FBD
:1054A400E6B4FE7F01000000ECB4FE7F84F1FF7FD0
:1054B4000CB5FE7F0100000026B5FE7F80F1FF7F62
:1054C4002CB5FE7F84F1FF7F44B5FE7FB0B0A88089
:1054D400F4B5FE7F0100000004B6FE7FB0B0A880E2
:1054E40028B6FE7F0100000098B6FE7FAB08B180AD
:1054F400D8B8FE7F60F1FF7F28B9FE7F010000006D
:10550400E4B9FE7FAB08B18000BBFE7FA908B1807F
:1055140064BBFE7FB0B0A880A0BBFE7F50F1FF7FCC
:10552400A0BBFE7F54F1FF7FA0BBFE7F58F1FF7F3D
:1055340000BDFE7FB0B0AC8050BEFE7F0100000015
:10554400C4BEFE7F5CF1FF7F60BFFE7F70F1FF7F12
:1055540004C0FE7F0100000022C0FE7FB0B0AC801A
:10556400BEC0FE7FB0A90280E0C0FE7FB0A801806B
:10557400FCC0FE7F01000000E4C1FE7FB0A90280F0
:105584000AC2FE7FB0AE018064C2FE7FB0AD02806D
:10559400B2C2FE7FAD08B1801EC3FE7FB0B0A8804A
:1055A40090C3FE7F38F1FF7F58C5FE7F60F1FF7F17
:1055B40008C6FE7F0100000060C6FE7F5CF1FF7F2D
:1055C40060D1FE7F78F2FF7F48D3FE7FB0AA0D80C2
:1055D40058D5FE7FAB08B180FCD7FE7F88F2FF7FF1
:1055E400FED7FE7F0100000078E1FE7FB0AD0280AF
:1055F40094E5FE7FB0A9028010E6FE7FB0B0A880DB
:10560400D4E6FE7F6CF2FF7F54E9FE7FA0F2FF7FB9
:1056140030EBFE7FAB08B18062EBFE7FB0B0AC80B4
:10562400F6EBFE7FB0A8018038ECFE7F010000009D
:10563400F4ECFE7FB0B0AA8036EDFE7FB0B0A88057
:1056440050EDFE7FB0B0AA80F2EDFE7FB0B0AC802A
:1056540068EEFE7FB0AD068014EFFE7F88F2FF7F18
:1056640074F1FE7FA8F2FF7F72F1FE7FB0A904807F
:10567400D6F1FE7FB0B0AA8020F2FE7F9CF2FF7FBD
:1056840020F2FE7F01000000E2F2FE7FB0B0A880AD
:1056940058F3FE7F90F2FF7F68F4FE7FB0A902808A
:1056A400E4F4FE7FACF2FF7F10F5FE7FB8F2FF7FDB
:1056B400D0F5FE7FB0B0A88000F6FE7FC4F2FF7F75
:1056C400E0F8FE7F010000000CF9FE7FECF2FF7FA2
:1056D40058F9FE7FF8F2FF7F68F9FE7FB0AA1380C5
:1056E400D8F9FE7FB0AA0780D0FAFE7FECF2FF7FE4
:1056F400E0FAFE7FB0A8138038FBFE7FE8F2FF7F5C
:1057040038FBFE7FECF2FF7F38FBFE7FF0F2FF7F79
:10571400F0FBFE7F0CF3FF7FF6FBFE7F10F3FF7FB1
:10572400FEFBFE7FB0B0A88024FCFE7F0CF3FF7F5D
:1057340092FCFE7FB0AB0280DCFCFE7F18F3FF7F9F
:10574400DCFCFE7F1CF3FF7FDCFCFE7F20F3FF7F8D
:10575400DCFCFE7F24F3FF7FDCFCFE7FB0B0A8807E
:10576400ECFCFE7F20F3FF7FECFCFE7FA908B180F8
:1057740010FDFE7F010000002CFDFE7F14F3FF7F6F
:105784002CFDFE7F18F3FF7F2CFDFE7F010000003F
:1057940050FDFE7F14F3FF7F5AFDFE7F18F3FF7F59
:1057A40068FDFE7FB0B0A880C0FDFE7F0100000050
:1057B400F0FDFE7F0CF3FF7FF2FDFE7F10F3FF7F11
:1057C400F4FDFE7FA908B180C4FEFE7FB0B0A880BE
:1057D400F4FEFE7F04F3FF7FF6FEFE7F08F3FF7FF7
:1057E400F8FEFE7FA908B1807EFFFE7FB0B0A880DE
:1057F400C6FFFE7FFCF2FF7FC8FFFE7F00F3FF7F42
:10580400D0FFFE7FB0B0A8800600FF7F010000003B
:105814003600FF7FB0AC01807000FF7FB0AA01802A
:105824008E00FF7FB0B0A880A400FF7FA908B180DC
:10583400D800FF7FB0B0AA80F800FF7FAD08B18028
:105844004401FF7FC4F2FF7F4401FF7FC8F2FF7F62
:105854004401FF7F010000006001FF7FB0B0AA8017
:105864004403FF7F010000006003FF7FB0B0AA8003
:10587400BA03FF7FB0A80180E203FF7FB0AA0180D2
:10588400AC04FF7F01000000E806FF7F94F2FF7F75
:10589400EC06FF7F01000000EC06FF7FB0B0A8809B
:1058A400A007FF7FA908B1808808FF7F01000000DE
:1058B400DC11FF7F78F2FF7FF411FF7F010000000D
:1058C4000212FF7F74F2FF7F0412FF7F01000000C9
:1058D400B612FF7FB0A90280FC12FF7F68F2FF7F3F
:1058E4007813FF7F01000000B813FF7FB0B0A880D9
:1058F4001014FF7F68F2FF7F3014FF7FA908B18086
:105904008C14FF7F01000000B814FF7F5CF2FF7F5E
:105914003415FF7FA908B1805E15FF7F60F2FF7F19
:105924008C15FF7F64F2FF7FF015FF7FB0B0AA8073
:105934002C16FF7FA93F0E807016FF7F58F2FF7F61
:105944007416FF7FAA3F1580BC16FF7F54F2FF7FB9
:10595400C016FF7FA93F0E801017FF7F50F2FF7F14
:105964001C17FF7FAC3F2F807417FF7FAA13B280F0
:10597400F018FF7FAA3F33805019FF7FB0AA098037
:10598400001BFF7F34F2FF7F041BFF7FB0AA098056
:105994000C1CFF7F30F2FF7F101CFF7FB0AA018038
:1059A4006C1CFF7F2CF2FF7F701CFF7FB0B0A880BF
:1059B4008C1CFF7F28F2FF7FCC1CFF7F30F2FF7F1F
:1059C400D61CFF7FB0A90480F81CFF7F2CF2FF7F58
:1059D400FC1CFF7F30F2FF7FEC1DFF7F44F2FF7F52
:1059E4002C1FFF7FB0B0A880601FFF7F68F2FF7F8D
:1059F400841FFF7F6CF2FF7F8A1FFF7F010000007E
:105A0400A41FFF7F68F2FF7F2820FF7F01000000B2
:105A1400CC23FF7FB0AA29807C27FF7F5CF2FF7F25
:105A24008027FF7F60F2FF7FBC27FF7F010000001B
:105A3400BC27FF7F5CF2FF7FD027FF7F01000000BF
:105A44002428FF7FB0B0AA805828FF7F50F2FF7F40
:105A5400D029FF7F64F2FF7F6C2BFF7F84F2FF7FEE
:105A6400902BFF7F88F2FF7F942BFF7F8CF2FF7FC8
:105A7400B82BFF7F90F2FF7F082CFF7F94F2FF7F0B
:105A84003C2CFF7F98F2FF7F602CFF7F0100000019
:105A9400782DFF7F94F2FF7F242EFF7F98F2FF7F03
:105AA4008C2EFF7F9CF2FF7FDC2EFF7F0100000025
:105AB400BC2FFF7F98F2FF7F0A30FF7F01000000B8
:105AC4007830FF7F94F2FF7F1C32FF7FB8F2FF7FB4
:105AD400BC34FF7F01000000BC34FF7FB0B0A8805D
:105AE400F034FF7FAB08B1802435FF7FB0B0AA80CB
:105AF400A435FF7FA908B1806E36FF7FB0A9068068
:105B0400CC36FF7FE8F2FF7FE436FF7FB0A9048044
:105B14002838FF7FAB08B180C439FF7F0100000043
:105B2400743AFF7FAF08B180D43EFF7F01000000CC
:105B34004C3FFF7FB0AF08800043FF7FB0B0AA8026
:105B44005044FF7F010000007A44FF7FACF2FF7FE6
:105B54007C44FF7FB0F2FF7F7E44FF7FB0B0A8801B
:105B6400DC44FF7FB0B0AA808845FF7F01000000BD
:105B7400D045FF7FA908B1804847FF7F94F2FF7F9B
:105B8400E847FF7FA8F2FF7F2C48FF7F0100000059
:105B94004048FF7FACF2FF7FF048FF7F0100000028
:105BA400705AFF7FB0A90280005BFF7FB0B0A8806D
:105BB400505BFF7F01000000585BFF7FB0B0AA80FC
:105BC400905BFF7FAE77B2806C5CFF7FAB3F3A8027
:105BD400CC5CFF7F01000000D85CFF7FB0B0AA80DE
:105BE400145DFF7F01000000C05DFF7FAB10B28039
:105BF400345EFF7FB0AF0880DC60FF7F01000000EF
:105C0400EC60FF7FAC3F0380B463FF7F01000000C2
:105C1400E863FF7FB0A80380F863FF7F0100000002
:105C2400F463FF7FB0AD0480EC66FF7FB0A803800F
:105C34001067FF7F24F2FF7F1467FF7F28F2FF7F46
:085C44002067FF7F0100000052
:105C4C00A9040008E5B8010835C90108D5CE01083A
:105C5C00FDCE010825CF01084DCF010875CF0108F5
:105C6C009DCF0108C5CF0108EDCF01089FE20108C7
:105C7C003302020875020208A95B0208918F020820
:105C8C0091950208959F02081DA5020859A70208C4
:045C9C008104000877
:105CA0000000000000093D0010000000010000009D
:105CB00000000000000000000000000000000000E4
:105CC000010000000000000000000000AAAAAAAA2B
:105CD000C4B900200000024200040242000802424F
:105CE000000C0242001002420000000000180242B4
:105CF000001C024200000000000000000000000044
:105D00000000000000000000000000000000000093
:105D1000000000000001020304050700C0A810E312
:105D2000001722EDA50100000E0000000000C83F92
:105D30000AD7233F0D000000000048400AD7A33EC9
:105D40000C0000000000C8400AD7233E0B000000F2
:105D5000000048410AD7A33D0A0000000000C841E6
:105D60000AD7233D09000000000048420AD7A33C9F
:105D7000080000000000C8420AD7233C07000000CA
:105D8000000048430AD7A33B0F0000000000FA437D
:105D90006F12033B0600000000007A446F12833A42
:105DA000050000000000FA446F12033A04000000EE
:105DB00000007A456F128339030000000000FA45A5
:105DC0006F1203390200000000007A460AD7233A16
:105DD000010000000000FA466F12033800000000C6
:105DE00000000000FFFFFFFF000000004000000077
:105DF000DDAE020885C702085C010020000000003B
:105E0000B0EE012018EF012080EF0120000000001B
:105E10000000000000000000000000000000000082
:105E20000000000000000000000000000000000072
:105E30000000000000000000000000000000000062
:105E4000000000000000000000000000030000004F
:045E5000B0EE01208F
:040000050801AB91B2
:00000001FF
