:020000040800F2
:1000000000000420F5B50108C1B20108C3B201081F
:10001000D7B20108D9B20108DBB2010845B6010820
:100020000000000000000000000000003D940108F6
:10003000DDB2010800000000F193010855940108A9
:10004000E1B2010845B6010845B6010845B6010808
:1000500045B6010845B6010845B6010845B6010890
:1000600045B6010845B6010845B601084DF101083D
:1000700089F10108C5F1010801F201083DF201080A
:1000800079F20108B5F20108F1F201082DF3010837
:1000900069F30108A5F30108E1F301081DF4010863
:1000A00059F4010895F40108D1F4010845B6010896
:1000B00000000000F1B2010801B3010811B301080A
:1000C00021B3010831B3010841B3010851B301085C
:1000D00061B3010871B3010845B6010845B60108CE
:1000E00045B6010845B6010845B6010845B6010800
:1000F00045B6010845B6010845B6010845B60108F0
:1001000081B3010891B3010845B6010845B601085D
:1001100045B6010845B6010845B60108A1B3010876
:10012000B1B3010845B6010845B6010845B6010856
:10013000C1B30108D1B3010800000000E1B3010818
:10014000F1B3010845B6010845B6010845B60108F6
:1001500045B6010845B6010845B6010845B601088F
:1001600045B6010845B6010845B601080000000083
:1001700045B6010845B6010845B601080000000073
:1001800045B6010845B6010845B6010845B601085F
:1001900045B6010845B6010845B6010845B601084F
:1001A00045B6010845B6010845B601080000000043
:1001B00045B601080000000045B6010845B6010833
:1001C00045B601080000000045B6010845B6010823
:1001D00045B6010845B6010845B6010845B601080F
:1001E00000000000000000000000000045B601080B
:1001F000000000000000000045B6010845B60108F7
:1002000045B6010845B6010845B6010845B60108DE
:1002100045B6010845B601080000000045B60108D2
:1002200000000000000000000000000045B60108CA
:0802300045B6010845B60108BE
:1002380053B94AB9002908BF00281CBF4FF0FF3145
:100248004FF0FF3000F0E2B8ADF1080C6DE904CED4
:100258002CF02EF9DDF804E0DDE9022304B0704744
:1002680000F1340191E838009C46A6464CF8045D3C
:1002780090E8FF0FE54600BD90EC210B704700BFEA
:1002880080EC210B704700BF90EC200B704700BF3B
:1002980080EC200B704700BFD0EC200B704700BFEC
:1002A800C0EC200B704700BFF0EC0201F0EC02112B
:1002B800F0EC0221F0EC0231F0EC0241F0EC0251DA
:1002C800F0EC0261F0EC0271F0EC0281F0EC0291CA
:1002D800F0EC02A1F0EC02B1F0EC02C1F0EC02D1BA
:1002E800F0EC02E1F0EC02F1704700BFE0EC020133
:1002F800E0EC0211E0EC0221E0EC0231E0EC02411A
:10030800E0EC0251E0EC0261E0EC0271E0EC028109
:10031800E0EC0291E0EC02A1E0EC02B1E0EC02C1F9
:10032800E0EC02D1E0EC02E1E0EC02F1704700BF42
:10033800B0FC0181B0FC0191B0FC01A1B0FC01B19D
:10034800704700BFA0FC0181A0FC0191A0FC01A1A5
:10035800A0FC01B1704700BFEC4600B52DE9005084
:100368002DE9FF1F4FF000032DE90C0001A92CF027
:100378007DFBDDF840E012B0704700BFEC4600B5E9
:100388002DE900502DE9FF1F4FF000032DE90C0067
:1003980001A92CF0A9FBDDF840E012B0704700BFBE
:1003A800EC4600B52DE900502DE9FF1F4FF0000382
:1003B8002DE90C0001A92CF0B9FBDDF840E012B0E2
:1003C800704700BFEC4600B52DE900502DE9FF1F2E
:1003D8004FF000032DE90C0001AB2CF07BFBDDF89E
:1003E80040E012B0704700BFEC4600B52DE9005060
:1003F8002DE9FF1F4FF000032DE90C0001AA2CF096
:10040800EFFBDDF840E012B0704700BF704700BF57
:1004180010F8012B11F8013B012A28BF9A42F7D0A6
:10042800D01A7047034613F8012B002AFBD1181A7B
:10043800013870470348044B834202D0034B03B191
:1004480018477047A8010020A801002000000000FC
:10045800064B0749C91A891048BF0131491003D012
:10046800044B0BB101481847704700BFA801002092
:10047800A80100200000000010B5064C237843B9FD
:10048800FFF7D8FF044B13B10448AFF300800123F2
:10049800237010BDA801002000000000A0F402088D
:1004A80008B5054B1BB105490548AFF30080BDE809
:1004B8000840FFF7CDBF00BF00000000AC010020DE
:1004C800A0F4020880B400AF184BD3F88830174A5C
:1004D80043F47003C2F88830154B01221A60144B9C
:1004E8000022DA61124B00221A62114B00225A6272
:1004F8000F4B1B680E4A23F0A85323F410231360F4
:100508000B4B00229A620A4B1B68094A23F480238A
:100518001360074B00221A65044B4FF000629A6083
:1005280000BFBD465DF8047B704700BF00ED00E0EA
:10053800000C024680B582B000AF78607B68002B63
:1005480001D1012354E07B6893F83D30DBB2002BE6
:1005580011D17B68002283F83C20786800F022FFE4
:100568007B68DB6C002B02D17B68234ADA647B68EA
:10057800DB6C786898477B68022283F83D207B68AB
:100588001A687B6804331946104600F00DFD7B6835
:10059800012283F848207B68012283F83E207B688B
:1005A800012283F83F207B68012283F840207B6882
:1005B800012283F841207B68012283F842207B686E
:1005C800012283F843207B68012283F844207B685A
:1005D800012283F845207B68012283F846207B6846
:1005E800012283F847207B68012283F83D200023FD
:1005F80018460837BD4680BDC9AA010880B485B031
:1006080000AF78607B6893F83D30DBB2012B01D0F6
:10061800012372E07B68022283F83D207B681B6817
:10062800DA687B681B6842F00102DA607B681B6845
:10063800354A934240D07B681B68344A93423BD08A
:100648007B681B68B3F1804F36D07B681B68B3F1B9
:10065800A04F31D07B681B682D4A93422CD07B6811
:100668001B682C4A934227D07B681B682A4A93420E
:1006780022D07B681B68294A93421DD07B681B687F
:10068800274A934218D07B681B68264A934213D0A6
:100698007B681B68244A93420ED07B681B68234AF8
:1006A800934209D07B681B68214A934204D07B6837
:1006B8001B68204A934215D17B681B689A681E4BB9
:1006C8001340FB60FB68062B15D0FB68B3F5803F31
:1006D80011D07B681B681A687B681B6842F00102AE
:1006E8001A6008E07B681B681A687B681B6842F020
:1006F80001021A6000E000BF002318461437BD4607
:100708005DF8047B704700BF002C0140002C0150AD
:100718000004004000040050000800400008005099
:10072800000C0040000C005000340140003401501F
:1007380000400140004001500700010080B584B02E
:1007480000AF78607B681B68DB68FB607B681B68B0
:100758001B69BB60BB6803F00203002B26D0FB6853
:1007680003F00203002B21D07B681B686FF00202A4
:100778001A617B6801221A777B681B689B6903F002
:100788000303002B05D07B68D3F89430786898472A
:1007980009E07B68D3F89C30786898477B68D3F881
:1007A800A030786898477B6800221A77BB6803F006
:1007B8000403002B26D0FB6803F00403002B21D090
:1007C8007B681B686FF004021A617B6802221A7743
:1007D8007B681B689B6903F44073002B05D07B681A
:1007E800D3F894307868984709E07B68D3F89C3050
:1007F800786898477B68D3F8A030786898477B6812
:1008080000221A77BB6803F00803002B26D0FB6888
:1008180003F00803002B21D07B681B686FF00802E7
:100828001A617B6804221A777B681B68DB6903F00E
:100838000303002B05D07B68D3F894307868984779
:1008480009E07B68D3F89C30786898477B68D3F8D0
:10085800A030786898477B6800221A77BB6803F055
:100868001003002B26D0FB6803F01003002B21D0C7
:100878007B681B686FF010021A617B6808221A7780
:100888007B681B68DB6903F44073002B05D07B6829
:10089800D3F894307868984709E07B68D3F89C309F
:1008A800786898477B68D3F8A030786898477B6861
:1008B80000221A77BB6803F00103002B0ED0FB68F7
:1008C80003F00103002B09D07B681B686FF001025D
:1008D8001A617B68D3F8843078689847BB6803F05E
:1008E8008003002B04D1BB6803F40053002B0ED007
:1008F800FB6803F08003002B09D07B681B686FF44A
:1009080002521A617B68D3F8B43078689847BB689C
:1009180003F48073002B0ED0FB6803F08003002BD8
:1009280009D07B681B686FF480721A617B68D3F802
:10093800B83078689847BB6803F04003002B0ED0A6
:10094800FB6803F04003002B09D07B681B686FF03D
:1009580040021A617B68D3F88C3078689847BB6886
:1009680003F02003002B0ED0FB6803F02003002BBC
:1009780009D07B681B686FF020021A617B68D3F886
:10098800AC3078689847BB6803F48013002B0ED00E
:10099800FB6803F48013002B09D07B681B686FF495
:1009A80080121A617B68D3F8BC3078689847BB68B6
:1009B80003F40013002B0ED0FB6803F40013002B84
:1009C80009D07B681B686FF400121A617B68D3F842
:1009D800C03078689847BB6803F48003002B0ED0BA
:1009E800FB6803F48003002B09D07B681B686FF455
:1009F80080021A617B68D3F8C43078689847BB686E
:100A080003F40003002B0ED0FB6803F40003002B53
:100A180009D07B681B686FF400021A617B68D3F801
:100A2800C8307868984700BF1037BD4680BD0000C1
:100A380080B584B000AF786039600023FB737B68B1
:100A480093F83C30012B01D10223E6E07B680122B8
:100A580083F83C207B68022283F83D207B681B6872
:100A68009B68BB60BB6823F4441323F07703BB6027
:100A7800BB6823F47F43BB607B681B68BA689A60D5
:100A88003B681B68674A934200F0B180654A93420D
:100A980000F2B680644A934200F0A980624A934209
:100AA80000F2AE80614A934200F0A1805F4A93420F
:100AB80000F2A6805E4A934200F099805C4A934215
:100AC80000F29E80B3F1101F00F09180B3F1101F67
:100AD80000F29680B3F5801F00F08980B3F5801F7F
:100AE80000F28E80B3F5005F3ED0B3F5005F00F2F0
:100AF8008780B3F5805F00F08680B3F5805F7FD88C
:100B0800702B1AD0702B7BD8602B50D0602B77D8E5
:100B1800502B3CD0502B73D8402B58D0402B6FD83B
:100B2800302B64D0302B6BD8202B60D0202B67D88B
:100B3800002B5CD0102B5AD062E07B6818683B68A9
:100B480099683B685A683B68DB6800F00AFC7B6878
:100B58001B689B68BB60BB6843F07703BB607B681E
:100B68001B68BA689A604FE07B6818683B689968A8
:100B78003B685A683B68DB6800F0F3FB7B681B68DE
:100B88009A687B681B6842F480429A603CE07B6804
:100B980018683B6859683B68DB681A4600F004FB34
:100BA8007B681B685021184600F0BEFB2CE07B6870
:100BB80018683B6859683B68DB681A4600F066FBB2
:100BC8007B681B686021184600F0AEFB1CE07B6860
:100BD80018683B6859683B68DB681A4600F0E4FA15
:100BE8007B681B684021184600F09EFB0CE07B6880
:100BF8001A683B681B681946104600F095FB03E02D
:100C08000123FB7300E000BF7B68012283F83D20CD
:100C18007B68002283F83C20FB7B18461037BD46D2
:100C280080BD00BF700010004000100030001000B0
:100C38002000100080B483B000AF786000BF0C378C
:100C4800BD465DF8047B704780B483B000AF786020
:100C580000BF0C37BD465DF8047B704780B483B095
:100C680000AF786000BF0C37BD465DF8047B704765
:100C780080B483B000AF786000BF0C37BD465DF824
:100C8800047B704780B483B000AF786000BF0C3736
:100C9800BD465DF8047B704780B483B000AF7860D0
:100CA80000BF0C37BD465DF8047B704780B483B045
:100CB80000AF786000BF0C37BD465DF8047B704715
:100CC80080B483B000AF786000BF0C37BD465DF8D4
:100CD800047B704780B483B000AF786000BF0C37E6
:100CE800BD465DF8047B704780B487B000AFF860FC
:100CF8000B467A60FB720023FB757B68002B01D1E1
:100D080001234AE1FB6893F83D30DBB2012B40F048
:100D1800DD80FB7A1F2B00F2D68001A252F823F067
:100D2800A90D0008B10D0008B90D0008C10D000893
:100D3800C90D0008D10D0008D90D0008E10D000803
:100D4800E90D0008F10D0008F90D0008010E000872
:100D5800090E0008110E00081B0E0008250E0008D9
:100D68002F0E0008390E0008430E00084D0E00082B
:100D7800570E0008610E00086B0E0008750E00087B
:100D88007F0E0008890E0008930E00089D0E0008CB
:100D9800A70E0008B10E0008BB0E0008C50E00081B
:100DA800FB687A68DA64F7E0FB687A681A65F3E04A
:100DB800FB687A685A65EFE0FB687A689A65EBE049
:100DC800FB687A68DA65E7E0FB687A681A66E3E048
:100DD800FB687A685A66DFE0FB687A689A66DBE047
:100DE800FB687A68DA66D7E0FB687A681A67D3E046
:100DF800FB687A685A67CFE0FB687A689A67CBE045
:100E0800FB687A68DA67C7E0FB687A68C3F880200D
:100E1800C2E0FB687A68C3F88420BDE0FB687A68A2
:100E2800C3F88820B8E0FB687A68C3F88C20B3E080
:100E3800FB687A68C3F89020AEE0FB687A68C3F86C
:100E48009420A9E0FB687A68C3F89820A4E0FB68BE
:100E58007A68C3F89C209FE0FB687A68C3F8A020F2
:100E68009AE0FB687A68C3F8A42095E0FB687A6882
:100E7800C3F8A82090E0FB687A68C3F8AC208BE040
:100E8800FB687A68C3F8B02086E0FB687A68C3F824
:100E9800B42081E0FB687A68C3F8B8207CE0FB687E
:100EA8007A68C3F8BC2077E0FB687A68C3F8C0208A
:100EB80072E0FB687A68C3F8C4206DE0FB687A6862
:100EC800C3F8C82068E00123FB7565E0FB6893F868
:100ED8003D30DBB2002B5DD1FB7A0D2B57D801A238
:100EE80052F823F0250F00082D0F0008350F0008D1
:100EF8003D0F0008450F00084D0F0008550F00086A
:100F08005D0F0008650F00086D0F0008750F0008D9
:100F18007D0F0008850F00088D0F0008FB687A68B0
:100F2800DA6439E0FB687A681A6535E0FB687A6844
:100F38005A6531E0FB687A689A652DE0FB687A6843
:100F4800DA6529E0FB687A681A6625E0FB687A6842
:100F58005A6621E0FB687A689A661DE0FB687A6841
:100F6800DA6619E0FB687A681A6715E0FB687A6840
:100F78005A6711E0FB687A689A670DE0FB687A683F
:100F8800DA6709E0FB687A68C3F8802004E0012387
:100F9800FB7501E00123FB75FB7D18461C37BD4638
:100FA8005DF8047B704700BF80B485B000AF7860FF
:100FB80039607B681B68FB607B686B4A93422BD067
:100FC8007B686A4A934227D07B68B3F1804F23D06D
:100FD8007B68B3F1A04F1FD07B68654A93421BD052
:100FE8007B68644A934217D07B68634A934213D064
:100FF8007B68624A93420FD07B68614A93420BD068
:101008007B68604A934207D07B685F4A934203D06B
:101018007B685E4A934208D1FB6823F07003FB604B
:101028003B685B68FA681343FB607B684E4A9342EF
:1010380043D07B684D4A93423FD07B68B3F1804FE1
:101048003BD07B68B3F1A04F37D07B68484A9342C6
:1010580033D07B68474A93422FD07B68464A9342F5
:101068002BD07B68454A934227D07B68444A9342F9
:1010780023D07B68434A93421FD07B68424A9342FD
:101088001BD07B68414A934217D07B68404A934201
:1010980013D07B683F4A93420FD07B683E4A934205
:1010A8000BD07B683D4A934207D07B683C4A934209
:1010B80003D07B683B4A934208D1FB6823F4407312
:1010C800FB603B68DB68FA681343FB60FB6823F04E
:1010D80080023B685B691343FB603B689A687B68E6
:1010E800DA623B681A687B689A627B681E4A934298
:1010F80023D07B681D4A93421FD07B68224A9342C3
:101108001BD07B68214A934217D07B68204A9342C0
:1011180013D07B681F4A93420FD07B681E4A9342C4
:101128000BD07B681D4A934207D07B681C4A9342C8
:1011380003D07B681B4A934203D13B681A697B68DA
:101148001A637B681B6843F004027B681A607B683B
:1011580001225A617B68FA681A6000BF1437BD46DD
:101168005DF8047B704700BF002C0140002C015043
:10117800000400400004005000080040000800502F
:10118800000C0040000C00500034014000340150B5
:10119800004001400040015000440140004401501B
:1011A800004801400048015080B487B000AFF860A3
:1011B800B9607A60FB681B6A7B61FB681B6A23F075
:1011C8000102FB681A62FB68264A934223D0FB6837
:1011D800254A93421FD0FB68244A93421BD0FB68E0
:1011E800234A934217D0FB68224A934213D0FB68E4
:1011F800214A93420FD0FB68204A93420BD0FB68E8
:101208001F4A934207D0FB681E4A934203D0FB68EB
:101218001D4A934205D1FB681B6A23F00402FB6850
:101228001A62FB689B693B613B6923F0F0033B61F1
:101238007B681B013A6913433B617B6923F00A030E
:101248007B617A69BB6813437B61FB683A699A6181
:10125800FB687A691A6200BF1C37BD465DF8047BDB
:10126800704700BF002C0140002C015000340140A1
:10127800003401500040014000400150004401404A
:1012880000440150004801400048015080B487B034
:1012980000AFF860B9607A60FB681B6A7B61FB6825
:1012A8001B6A23F01002FB681A62FB681A4A934211
:1012B8000BD0FB68194A934207D0FB68184A93423F
:1012C80003D0FB68174A934205D1FB681B6A23F0D9
:1012D8004002FB681A62FB689B693B613B6923F427
:1012E80070433B617B681B033A6913433B617B692D
:1012F80023F0A0037B61BB681B017A6913437B6100
:10130800FB683A699A61FB687A691A6200BF1C3700
:10131800BD465DF8047B7047002C0140002C01504D
:10132800003401400034015080B485B000AF7860CB
:1013380039607B689B68FB60FB6823F4401323F0EB
:101348007003FB603A68FB68134343F00703FB60D4
:101358007B68FA689A6000BF1437BD465DF8047B65
:10136800704780B487B000AFF860B9607A603B60BE
:10137800FB689B687B617B6923F47F437B613B68E7
:101388001A027B681A43BB6813437A6913437B616B
:10139800FB687A699A6000BF1C37BD465DF8047B1C
:1013A8007047000080B483B000AF78607B68264A3D
:1013B800C3F884207B68254AC3F888207B68244AC0
:1013C800C3F88C207B68234AC3F890207B68224AA4
:1013D800C3F894207B68214AC3F898207B68204A88
:1013E800C3F89C207B681F4AC3F8A0207B681E4A6C
:1013F800C3F8A4207B681D4AC3F8A8207B681C4A50
:10140800C3F8AC207B681B4AC3F8B0207B681A4A33
:10141800C3F8B4207B68194AC3F8B8207B68184A17
:10142800C3F8BC207B68174AC3F8C0207B68164AFB
:10143800C3F8C4207B68154AC3F8C82000BF0C371E
:10144800BD465DF8047B704711A201083D0C0008F9
:10145800B50C0008C90C0008650C0008790C0008D8
:10146800510C00088D0C0008A10C0008DD0C0008C8
:101478001D16000831160008451600085916000800
:101488006D1600088116000895160008A9160008B0
:1014980080B485B000AF786039607B6893F83C30E1
:1014A800012B01D1022397E07B68012283F83C20BD
:1014B8007B68022283F83D207B681B685B68FB60C1
:1014C8007B681B689B68BB607B681B68454A9342C6
:1014D8000ED07B681B68444A934209D07B681B681E
:1014E800424A934204D07B681B68414A934208D120
:1014F800FB6823F47003FB603B685B68FA6813437E
:10150800FB60FB6823F0007323F07003FB603B680B
:101518001B68FA681343FB607B681B68FA685A60AB
:101528007B681B682F4A934240D07B681B682E4A11
:1015380093423BD07B681B68B3F1804F36D07B6801
:101548001B68B3F1A04F31D07B681B68294A9342CE
:101558002CD07B681B68284A934227D07B681B687D
:10156800264A934222D07B681B68254A93421DD0A5
:101578007B681B68234A934218D07B681B68224A01
:10158800934213D07B681B68184A93420ED07B683D
:101598001B68174A934209D07B681B681B4A934211
:1015A80004D07B681B681A4A93420CD1BB6823F0AD
:1015B8008003BB603B689B68BA681343BB607B6869
:1015C8001B68BA689A607B68012283F83D207B68B3
:1015D800002283F83C20002318461437BD465DF8E6
:1015E800047B7047002C0140002C0150003401405E
:1015F800003401500004004000040050000800407E
:1016080000080050000C0040000C00500040014051
:101618000040015080B483B000AF786000BF0C3741
:10162800BD465DF8047B704780B483B000AF786036
:1016380000BF0C37BD465DF8047B704780B483B0AB
:1016480000AF786000BF0C37BD465DF8047B70477B
:1016580080B483B000AF786000BF0C37BD465DF83A
:10166800047B704780B483B000AF786000BF0C374C
:10167800BD465DF8047B704780B483B000AF7860E6
:1016880000BF0C37BD465DF8047B704780B483B05B
:1016980000AF786000BF0C37BD465DF8047B70472B
:1016A80080B483B000AF786000BF0C37BD465DF8EA
:1016B800047B704780B483B000AF786039607B6882
:1016C8001B6823F470123B681A437B681A6000BFDA
:1016D8000C37BD465DF8047B704780B483B000AF1B
:1016E800786039607B681B6823F0E0723B681A43B6
:1016F8007B681A6000BF0C37BD465DF8047B7047F5
:1017080080B483B000AF78607B681B6803F0E07337
:1017180018460C37BD465DF8047B704780B485B029
:1017280000AF786039603B68FB607B680A4A934287
:1017380004D1FB68013B03F00C03FB607B68DB68AA
:1017480023F00C02FB681A437B68DA6000BF143789
:10175800BD465DF8047B70470010024680B487B030
:1017680000AFF860B9607A603B60FB6860331A4686
:10177800BB689B0013447B617B691B6803F0E062D4
:101788007B685B0003F078413B680B431A437B6935
:101798001A6000BF1C37BD465DF8047B704780B4F3
:1017A80085B000AF786039607B6860331A463B6863
:1017B8009B001344FB60FB681B68DB0E03F01F03F0
:1017C800BB60BB68092B07D8BB689A060121BB68B8
:1017D80001FA03F3134308E0BB689A060121BB68CA
:1017E80001FA03F3134343F0007318461437BD4658
:1017F8005DF8047B704780B487B000AFF860B960CB
:101808007A60FB6860331A46BB689B0013447B61AF
:101818007B691B6823F080727B681A437B691A60B6
:1018280000BF1C37BD465DF8047B704780B487B0A5
:1018380000AFF860B9607A60FB6860331A46BB682D
:101848009B0013447B617B691B6823F080627B6883
:101858001A437B691A6000BF1C37BD465DF8047BDC
:10186800704780B487B000AFF860B9607A60FB68F1
:1018780060331A46BB689B0013447B617B691B6815
:1018880023F000727B681A437B691A6000BF1C371B
:10189800BD465DF8047B704780B483B000AF7860C4
:1018A80039607B681B6F23F47F5323F03F033A684A
:1018B8001A437B681A677B681B6F23F000433A68FA
:1018C800002A02D04FF0004200E000221A437B6851
:1018D8001A6700BF0C37BD465DF8047B704780B4BB
:1018E80085B000AFF860B9607A60FB685A69BB6878
:1018F80003F00403072101FA03F3DB431A40BB6832
:1019080003F00403796801FA03F31A43FB685A6188
:1019180000BF1437BD465DF8047B704780B483B0C0
:1019280000AF78607B68DB6803F44063002B01D16B
:10193800012300E0002318460C37BD465DF8047B00
:101948007047000080B489B000AFF860B9607A6071
:10195800FB682B4A934220D0FB6830331A46BB6899
:101968001B0A9B0003F00C031344FB61FB691A6814
:10197800BB6803F01F031F2101FA03F3DB431A407E
:101988007B689B0E03F01F01BB6803F01F0301FA7D
:1019980003F31A43FB691A602BE0FB689A6ABB6879
:1019A80003F01F030F2101FA03F3DB431A407B689E
:1019B80023F07F43002B04D17B689B0E03F01F03A9
:1019C80010E07B687B617B6993FAA3F33B613B6919
:1019D800BB61BB69002B01D1202303E0BB69B3FACB
:1019E80083F3DBB2B96801F01F018B401A43FB682F
:1019F8009A6200BF2437BD465DF8047B704700BF7C
:101A08000010024680B487B000AF786039603B6848
:101A180023F07F43002B07D13B689B0E03F01F0385
:101A2800012202FA03F315E03B683B613B6993FA34
:101A3800A3F3FB60FB687B617B69002B01D120234A
:101A480003E07B69B3FA83F3DBB203F01F030122DF
:101A580002FA03F37A68926A1A437B689A6200BFB3
:101A68001C37BD465DF8047B704780B483B000AF77
:101A7800786039607B689A6A3B689B0E03F01F03A5
:101A8800012101FA03F3DB431A407B689A6200BF25
:101A98000C37BD465DF8047B704780B483B000AF57
:101AA80078607B68DB6803F0030318460C37BD4693
:101AB8005DF8047B704780B483B000AF78607B68C2
:101AC800DB6C03F4C073002B01D1012300E0002379
:101AD80018460C37BD465DF8047B704780B48BB060
:101AE80000AFF860B9607A60FB682D4A934242D033
:101AF800BB6823F07F43002B04D1BB689B0E03F027
:101B08001F0211E0BB68BB61BB6993FAA3F37B6159
:101B18007B69FB61FB69002B01D1202303E0FB6992
:101B2800B3FA83F3DBB21A46BB685B0E03F001011C
:101B38000B469B000B445B00D21A13465B00134410
:101B48007B62FB6814331A46BB685B0E9B0003F08C
:101B5800040313443B623B6A1A6807217B6A01FA53
:101B680003F3DB431A4079687B6A01FA03F31A43EB
:101B78003B6A1A600EE0FB685A69BB681B02DB43CC
:101B88001A40BB6819027B680B4023F0FF031A4315
:101B9800FB685A6100BF2C37BD465DF8047B70476F
:101BA8000010024680B485B000AFF860B9607A6072
:101BB800FB68D3F8C020BB6823F07F43DB431A409F
:101BC8007B6803F018030849D940BB680B4023F031
:101BD8007F431A43FB68C3F8C02000BF1437BD46D3
:101BE8005DF8047B704700BFFFFF0F0080B483B02F
:101BF80000AF78607B689B6823F0204323F03F03A5
:101C08007A68936000BF0C37BD465DF8047B704767
:101C180080B483B000AF78607B689B6803F00053A2
:101C2800B3F1005F01D1012300E0002318460C370F
:101C3800BD465DF8047B704780B483B000AF786020
:101C48007B689B6823F0104323F03F0343F08052E6
:101C58007B689A6000BF0C37BD465DF8047B70470F
:101C680080B483B000AF78607B689B6803F08053D2
:101C7800B3F1805F01D1012300E0002318460C373F
:101C8800BD465DF8047B704780B483B000AF7860D0
:101C98007B689B6823F0004323F03F0343F0010275
:101CA8007B689A6000BF0C37BD465DF8047B7047BF
:101CB80080B483B000AF78607B689B6823F00043F2
:101CC80023F03F0343F002027B689A6000BF0C37A1
:101CD800BD465DF8047B704780B483B000AF786080
:101CE8007B689B6803F00103012B01D1012300E00D
:101CF800002318460C37BD465DF8047B704780B456
:101D080083B000AF78607B689B6803F00203022B06
:101D180001D1012300E0002318460C37BD465DF8C9
:101D2800047B704780B483B000AF78607B689B68A1
:101D380023F0004323F03F0343F004027B689A60DA
:101D480000BF0C37BD465DF8047B704780B483B094
:101D580000AF78607B689B6823F0004323F03F0363
:101D680043F010027B689A6000BF0C37BD465DF8EF
:101D7800047B704780B483B000AF78607B689B6851
:101D880003F00403042B01D1012300E000231846CB
:101D98000C37BD465DF8047B704780B483B000AF54
:101DA80078607B689B6823F0004323F03F0343F08F
:101DB80020027B689A6000BF0C37BD465DF8047B43
:101DC800704780B483B000AF78607B689B6803F08D
:101DD8000803082B01D1012300E0002318460C3723
:101DE800BD465DF8047B704780B58AB000AF786067
:101DF800002387F8273000233B620023FB617B68C0
:101E0800002B01D10123B3E27B681B69002B03D0AF
:101E18007B681B688B4A93427B689B6F002B09D1B8
:101E2800786818F0A3FB7B680022DA677B680022D9
:101E380083F874207B681B681846FFF7E9FE0346A1
:101E4800002B04D07B681B681846FFF7CFFE7B6821
:101E58001B681846FFF704FF0346002B15D17B6863
:101E68001B681846FFF7E8FE774B1B689B09774A03
:101E7800A2FB03239B0901335B00FB6002E0FB68C4
:101E8800013BFB60FB68002BF9D17B681B68184697
:101E9800FFF7E6FE0346002B0ED17B689B6F43F0ED
:101EA80010027B689A677B68DB6F43F001027B68EE
:101EB800DA67012387F827307B681B681846FFF725
:101EC80059FFB8617B689B6F03F01003002B40F04B
:101ED8004482BB69002B40F040827B689B6F23F4EF
:101EE800817343F002027B689A677B681B68184617
:101EF800FFF7F2FE0346002B40D17B681B68514A6E
:101F0800934228D07B681B68514A934209D15048B4
:101F1800FFF7E2FE0346002B0CBF01230023DBB2D0
:101F280008E04848FFF7D8FE0346002B0CBF012302
:101F38000023DBB2002B21D07B681B68444A934204
:101F480001D1444A00E0444A7B685B681946104660
:101F5800FFF7B0FB12E07B681A687B689B6819463C
:101F68001046FFF7DBFB3C4B1B6823F470127B68C1
:101F78005B6803F47013384913430B607B681B6874
:101F8800304A934210D07B6893F824305A037B6818
:101F98005B6C1A437B689B681A437B6893F82C3008
:101FA8001B0413433B6230E07B681B7F9A037B680A
:101FB80093F824305B0313437A68526C002A02D0EA
:101FC8004FF4805200E000221A437B685B691A4391
:101FD8007B681B69002B04DA7B681B6923F00043CC
:101FE80001E04FF400131A437B681B6818498B42C1
:101FF80003D17B6893F8403003E07B6893F8403066
:102008005B0013433A6A13433B627B6893F82C30B6
:10201800012B2FD17B681B680A4A934207D07B6843
:102028001B6B013B5B043A6A13433B6222E07B680B
:1020380093F82430002B11D13B6A43F480333B6280
:1020480018E000BF0010024604000020632D3E0582
:102058000080024208830242081302467B689B6F95
:1020680043F020027B689A677B68DB6F43F00102CC
:102078007B68DA677B681B68924A934218D07B6852
:102088005B6B002B09D07B685B6B03F478727B6811
:102098009B6B13433A6A13433B627B681B68DA689D
:1020A800894B13407A681268396A0B43D36031E070
:1020B8007B685B6B002B09D07B685B6B03F4E07279
:1020C8007B689B6B13433A6A13433B627B681B68CC
:1020D800DA687E4B13407A681268396A0B43D3601A
:1020E8007B681B6A002B08D07B681B68596C7B686F
:1020F8001A6A7B681B680A435A647B68DB6E002B8C
:1021080008D07B681B68596C7B68DA6E7B681B6833
:102118000A435A647B681B686A4A934200F09380BA
:102128007B681B681846FFF725FE78617B681B688B
:102138001846FFF746FE38617B69002B61D13B6981
:10214800002B5ED17B681B7F9A037B681B68604904
:102158008B4202D17B68DB6B02E07B68DB6B5B0048
:1021680013433B627B681B68DB6823F4804323F0DE
:1021780003037A681268396A0B43D3607B68DB68AB
:10218800002B07D07B681A687B68DB681946104605
:10219800FFF782FB7B6893F85430012B1ED17B68D4
:1021A8005B6B002B7B681B681A694A4B13407A6883
:1021B800926D11047A68D26D11437A68126E1143D8
:1021C8007A68526E11437A68926E92080A431A43EB
:1021D8007B681B6842F001021A6107E07B681B6894
:1021E8001A697B681B6822F001021A617B681B6808
:1021F8001B6923F070417B681A6D7B681B680A4372
:102208001A617B681B69012B0CD17B681B681B6BEF
:1022180023F00F017B689B6A5A1E7B681B680A4380
:102228001A6307E07B681B681A6B7B681B6822F0DF
:102238000F021A637B689B6F23F0030343F00102CC
:102248007B689A6792E07B6893F85430012B11D130
:102258007B689A6D7B68DB6D1A437B681B6E1A433B
:102268007B689B6E1343FA691343FB61FB6943F078
:102278000103FB617B681B681A69174B13407A6876
:102288001268F9690B4313617B6818687B689B6C5B
:102298001A460021FFF723FB7B6818687B68DB6C14
:1022A8001A466FF0FB01FFF71AFB7B681B69002BCE
:1022B80014D17B681B689A6A7B681B6862F00F02FE
:1022C8009A6224E00010024613C0F0FF0D80DEFF82
:1022D800008002421EF800FC02FCFFF77B681B69C5
:1022E800B3F5001F13D17B681B689B6A7B689B6AE8
:1022F800013B9B0003F01C036FF00F0202FA03F18D
:102308007B68D3F888207B681B680A439A627B68DD
:102318001B68DA68184B13403A6A9A420BD17B68FB
:102328000022DA677B689B6F23F0030343F0010206
:102338007B689A671AE07B689B6F23F0120343F06F
:1023480010027B689A677B68DB6F43F001027B6849
:10235800DA67012387F8273008E07B689B6F43F032
:1023680010027B689A67012387F8273097F827308F
:1023780018462837BD4680BDF3FF3F8380B584B03B
:1023880000AF78607B681B681846FFF7F3FC0346CC
:10239800002B5DD17B6893F87430012B01D10223A7
:1023A80059E07B68012283F87420786801F03CFBCF
:1023B8000346FB73FB7B002B45D17B689B6F23F4A3
:1023C800706323F0010343F480727B689A677B682B
:1023D8001B68234A934211D07B689B6F03F4805398
:1023E800B3F5805F06D17B68DB6F23F006027B685C
:1023F800DA6706E07B680022DA6702E07B68002281
:10240800DA677B681B681C221A607B68002283F8E5
:1024180074207B681B68124A93420ED07B681B6845
:10242800DB6803F00073002B07D07B689B6F23F4F5
:10243800405343F480527B689A677B681B68184650
:10244800FFF770FC06E07B68002283F8742001E047
:102458000223FB73FB7B18461037BD4680BD00BFC7
:102468000010024680B584B000AF78607B6893F8AE
:102478007430012B01D1022323E07B68012283F809
:1024880074200321786801F013FA0346FB73FB7B81
:10249800002B11D1786801F037FB0346FB73FB7BF7
:1024A800002B09D17B689B6F23F4885323F0010329
:1024B80043F001027B689A677B68002283F87420E6
:1024C800FB7B18461037BD4680BD000080B586B03E
:1024D80000AF786039607B689B69082B02D10823BC
:1024E8007B6127E07B681B686A4A934211D07B684E
:1024F8001B68DB6803F00103002B07D07B689B6F28
:1025080043F020027B689A670123BEE004237B61C5
:1025180010E07B681B68DB6803F00103002B07D021
:102528007B689B6F43F020027B689A670123ACE0CD
:1025380004237B6103F052FC386121E03B68B3F16E
:10254800FF3F1DD003F04AFC02463B69D31A3A68A4
:102558009A4202D33B68002B12D17B681B681A6829
:102568007B691340002B0BD17B689B6F43F00402FF
:102578007B689A677B68002283F87420032384E0D1
:102588007B681B681A687B691340002BD6D07B6870
:102598009B6F43F400727B689A677B681B681846D8
:1025A800FFF7BCF90346002B6ED07B6893F8243004
:1025B800002B69D17B681B68364A93422ED07B6812
:1025C8001B681B6803F00803082B11D17B689B6FFD
:1025D80023F480727B689A677B689B6F03F480534F
:1025E800002B05D17B689B6F43F001027B689A67DB
:1025F8007B681B68DB68FB607B69082B04D17B6800
:102608001B6808221A603FE0FB6803F48043002B34
:102618003AD17B681B680C221A6035E07B681B681E
:102628001B6803F00803082B26D17B681B68184633
:10263800FFF7A0FB0346002B12D17B681B685A6882
:102648007B681B6822F00C025A607B689B6F23F43E
:10265800807323F0010343F001027B689A670BE063
:102668007B689B6F43F020027B689A677B68DB6F0F
:1026780043F001027B68DA677B681B7F002B03D17C
:102688007B681B680C221A60002318461837BD4661
:1026980080BD00BF0010024680B483B000AF7860F0
:1026A8007B681B681B6C18460C37BD465DF8047BBD
:1026B8007047000080B588B000AF78600023FB61E8
:1026C8007B681B681B68BB617B681B685B687B61F8
:1026D800BB6903F00203002B17D07B6903F00203E8
:1026E800002B12D07B689B6F03F01003002B05D1E1
:1026F8007B689B6F43F400627B689A67786801F097
:1027080015FC7B681B6802221A60BB6903F004038E
:10271800002B04D07B6903F00403002B0BD1BB69A9
:1027280003F00803002B00F0A4807B6903F0080382
:10273800002B00F09E807B689B6F03F01003002B3A
:1027480005D17B689B6F43F400727B689A677B684E
:102758001B683D4A934247D07B681B681846FFF7C1
:10276800DDF80346002B7DD07B681B68DB683B6186
:102778003B6903F40053002B74D17B681B681B680A
:1027880003F00803082B6DD17B681B681846FFF718
:10279800F1FA0346002B1AD17B681B685A687B68DC
:1027A8001B6822F00C025A607B689B6F23F48072CE
:1027B8007B689A677B689B6F03F48053002B51D129
:1027C8007B689B6F43F001027B689A674AE07B68ED
:1027D8009B6F43F010027B689A677B68DB6F43F05E
:1027E80001027B68DA673DE07B681B681846FFF7E3
:1027F80095F80346002B35D07B6893F82430002BDE
:1028080030D17B681B681B6803F00803082B29D1AB
:102818007B681B681846FFF7ADFA0346002B15D1F5
:102828007B681B685A687B681B6822F00C025A6038
:102838007B689B6F23F4807323F0010343F001024C
:102848007B689A670EE000BF001002467B689B6FAA
:1028580043F020027B689A677B68DB6F43F00102D4
:102868007B68DA67786800F057F97B681B680C2288
:102878001A607B681B686D4A93426FD0BB6903F08E
:102888002003002B04D07B6903F02003002B09D11F
:10289800BB6903F04003002B60D07B6903F0400361
:1028A800002B5BD07B689B6F03F01003002B05D1D6
:1028B8007B689B6F43F400527B689A677B681B6850
:1028C8001846FFF7F8F8F8607B681B681846FFF7AA
:1028D80025F8B8607B681B68DB683B61FB68002BE8
:1028E80035D03B6903F00073002B07D0BB68002B81
:1028F8002DD03B6903F40053002B28D17B681B685B
:102908001B6803F04003402B21D17B681B681846E5
:10291800FFF757FA0346002B19D17B681B685A68E2
:102928007B681B6822F060025A607B689B6F23F407
:1029380080527B689A677B689B6F03F48073002BD7
:1029480005D17B689B6F43F001027B689A677868C2
:1029580001F0CEFA7B681B6860221A60BB6903F03D
:102968008003002B11D07B6903F08003002B0CD06F
:102978007B689B6F43F480327B689A67786800F0C5
:10298800D5F87B681B6880221A60BB6903F48073E2
:10299800002B12D07B6903F48073002B0DD07B6869
:1029A8009B6F43F400327B689A67786801F0AAFA53
:1029B8007B681B684FF480721A60BB6903F400736C
:1029C800002B12D07B6903F40073002B0DD07B68B9
:1029D8009B6F43F480227B689A67786801F09CFAC1
:1029E8007B681B684FF400721A60BB6903F0100320
:1029F800002B3DD07B6903F01003002B38D07B6897
:102A08005B6C002B02D10123FB611BE07B681B6818
:102A1800064A93420CD07B681B68DB6803F003030B
:102A2800002B0FD00123FB610CE000BF0010024611
:102A38007B681B681846FFF730F80346002B01D067
:102A48000123FB61FB69012B0ED17B689B6F43F46B
:102A580080627B689A677B68DB6F43F002027B6861
:102A6800DA67786800F06CF87B681B6810221A60D7
:102A7800BB6903F00103002B1BD07B6903F0010342
:102A8800002B16D07B689B6F03F01003002B05D139
:102A98007B689B6F43F001027B689A67786800F057
:102AA8006DF87B681B685A687B681B6822F0010216
:102AB8005A607B681B68174A934226D1BB6903F4A6
:102AC8000063002B0CD07B6903F40063002B07D054
:102AD800786800F03FF87B681B684FF400621A6062
:102AE800BB6903F48053002B0FD07B6903F4805338
:102AF800002B0AD0786800F037F87B681B685A68A2
:102B08007B681B6822F480525A6000BF2037BD469C
:102B180080BD00BF0010024680B483B000AF78606B
:102B280000BF0C37BD465DF8047B704780B483B0A6
:102B380000AF786000BF0C37BD465DF8047B704776
:102B480080B483B000AF786000BF0C37BD465DF835
:102B5800047B704780B483B000AF786000BF0C3747
:102B6800BD465DF8047B704780B483B000AF7860E1
:102B780000BF0C37BD465DF8047B704780B483B056
:102B880000AF786000BF0C37BD465DF8047B704726
:102B980080B5BCB000AF78603960002387F8EF30AB
:102BA8000023BB607B681B68A84A934203D17B68FB
:102BB8001B69B3F1004F7B6893F87430012B02D185
:102BC800022300F06DBE7B68012283F874207B68C5
:102BD8001B681846FFF7CEF80346002B40F04D86D9
:102BE8007B681B68994A934200F0EA833B681B683C
:102BF80023F07F43002B08D13B681B689B0E03F032
:102C08001F03012202FA03F31DE03B681B68C7F8A3
:102C1800D030D7F8D03093FAA3F3C7F8CC30D7F830
:102C2800CC30C7F8D430D7F8D430002B01D12023CA
:102C380004E0D7F8D430B3FA83F3DBB203F01F0310
:102C4800012202FA03F37A681268D1697A68126875
:102C58000B43D3617B6818683B6859683B681B68FD
:102C68001A46FEF76FFE7B681B681846FFF782F866
:102C7800C7F8E0007B681B681846FFF7A2F8C7F89A
:102C8800DC00D7F8E030002B40F0ED81D7F8DC30DD
:102C9800002B40F0E8817B6818683B6819683B683E
:102CA8009B681A46FEF71AFF3B685A697B681B68DF
:102CB800DB689B0803F003035B0002FA03F3C7F821
:102CC800D8303B681B69042B46D07B6818683B6882
:102CD80019693B681A68D7F8D830FEF73FFD7B685A
:102CE80018683B6819693B68DB691A46FEF783FD7B
:102CF8003B689B7E012B1ED17B6818683B6819696D
:102D08003B685B7E002B02D14FF0007300E000238C
:102D18001A46FEF7A6FD7B6818683B6819693B6888
:102D28005B7E012B02D14FF0806300E000231A463E
:102D3800FEF77CFD97E17B6818683B681B690022F9
:102D48001946FEF78EFD7B6818683B681B690022F0
:102D58001946FEF76BFD86E17B681B680021184663
:102D6800FEF71DFD034623F07F43002B0AD17B6845
:102D78001B6800211846FEF712FD03469B0E03F060
:102D88001F021EE07B681B6800211846FEF707FD3E
:102D98000346C7F8C430D7F8C43093FAA3F3C7F88A
:102DA800C030D7F8C030C7F8C830D7F8C830002BC3
:102DB80001D1202304E0D7F8C830B3FA83F3DBB29B
:102DC8001A463B681B6823F07F43002B05D13B68FC
:102DD8001B689B0E03F01F0318E03B681B68C7F8CD
:102DE800B830D7F8B83093FAA3F3C7F8B430D7F8A7
:102DF800B430C7F8BC30D7F8BC30002B01D1202341
:102E080004E0D7F8BC30B3FA83F3DBB29A4207D1B7
:102E18007B6818683B681A6800230021FEF79EFC4F
:102E28007B681B6801211846FEF7B9FC034623F0AE
:102E38007F43002B0CD17B681B6801211846FEF7E5
:102E4800AEFC03469B0E03F01F0220E00010024672
:102E58007B681B6801211846FEF7A1FC0346C7F8EA
:102E6800AC30D7F8AC3093FAA3F3C7F8A830D7F84A
:102E7800A830C7F8B030D7F8B030002B01D12023E4
:102E880004E0D7F8B030B3FA83F3DBB21A463B68F4
:102E98001B6823F07F43002B05D13B681B689B0E02
:102EA80003F01F0318E03B681B68C7F8A030D7F889
:102EB800A03093FAA3F3C7F89C30D7F89C30C7F832
:102EC800A430D7F8A430002B01D1202304E0D7F890
:102ED800A430B3FA83F3DBB29A4207D17B6818684F
:102EE8003B681A6800230121FEF738FC7B681B68E1
:102EF80002211846FEF753FC034623F07F43002BBC
:102F08000AD17B681B6802211846FEF748FC034675
:102F18009B0E03F01F021EE07B681B680221184607
:102F2800FEF73DFC0346C7F89430D7F8943093FA7F
:102F3800A3F3C7F89030D7F89030C7F89830D7F88F
:102F48009830002B01D1202304E0D7F89830B3FA49
:102F580083F3DBB21A463B681B6823F07F43002BE0
:102F680005D13B681B689B0E03F01F0318E03B6804
:102F78001B68C7F88830D7F8883093FAA3F3C7F8E6
:102F88008430D7F88430C7F88C30D7F88C30002BD1
:102F980001D1202304E0D7F88C30B3FA83F3DBB2F5
:102FA8009A4207D17B6818683B681A680023022197
:102FB800FEF7D4FB7B681B6803211846FEF7EFFB7E
:102FC800034623F07F43002B0AD17B681B6803214B
:102FD8001846FEF7E4FB03469B0E03F01F021AE0B7
:102FE8007B681B6803211846FEF7D9FB0346FB677D
:102FF800FB6F93FAA3F3BB67BB6FC7F88030D7F8B2
:103008008030002B01D1202304E0D7F88030B3FAB8
:1030180083F3DBB21A463B681B6823F07F43002B1F
:1030280005D13B681B689B0E03F01F0311E03B684A
:103038001B683B673B6F93FAA3F3FB66FB6E7B67EA
:103048007B6F002B01D1202303E07B6FB3FA83F35E
:10305800DBB29A4207D17B6818683B681A6800237C
:103068000321FEF77BFB7B681B681846FEF734FEDE
:103078000346002B40F00E847B6818683B6819688B
:103088003B68DB681A46FEF78DFD3B68DB6813F585
:10309800803F40F0D6803B681B6823F07F43002BBD
:1030A8000BD13B681B689B0E013303F01F03092BF0
:1030B80094BF01230023DBB219E03B681B687B66E1
:1030C8007B6E93FAA3F33B663B6EBB66BB6E002B2D
:1030D80001D1202303E0BB6EB3FA83F3DBB20133E3
:1030E80003F01F03092B94BF01230023DBB2002B3D
:1030F8004DD03B681B6823F07F43002B07D13B680A
:103108001B689B0E01339B0603F0F84215E03B68F1
:103118001B68BB65BB6D93FAA3F37B657B6DFB6591
:10312800FB6D002B01D1202303E0FB6DB3FA83F381
:10313800DBB201339B0603F0F8423B681B6823F0BF
:103148007F43002B09D13B681B689B0E013303F0BA
:103158001F03012101FA03F317E03B681B68FB64B6
:10316800FB6C93FAA3F3BB64BB6C3B653B6D002B14
:1031780001D1202303E03B6DB3FA83F3DBB20133C3
:1031880003F01F03012101FA03F313434EE03B68E8
:103198001B6823F07F43002B07D13B681B689B0EFD
:1031A80001339B0603F0F84215E03B681B683B645B
:1031B8003B6C93FAA3F3FB63FB6B7B647B6C002B88
:1031C80001D1202303E07B6CB3FA83F3DBB2013334
:1031D8009B0603F0F8423B681B6823F07F43002BF3
:1031E80009D13B681B689B0E013303F01F030121C3
:1031F80001FA03F317E03B681B687B637B6B93FA68
:10320800A3F33B633B6BBB63BB6B002B01D1202358
:1032180003E0BB6BB3FA83F3DBB2013303F01F03A4
:10322800012101FA03F3134343F00073C7F8E830B0
:103238007B6818683B689B681A46D7F8E810FEF761
:103248004DFC3B681B68002B80F224837B681B685D
:10325800994A934201D1994B00E0994B1846FEF7E1
:103268004FFAC7F8E4007B681B68934A934209D178
:103278009148FEF731FD0346002B0CBF01230023C4
:10328800DBB208E08F48FEF727FD0346002B0CBF92
:1032980001230023DBB2002B00F088803B681B6809
:1032A800894A934232D1D7F8E43003F40003002B63
:1032B8002CD17B681B68804A934205D07B681B68C9
:1032C800804A934240F0E3827B681B687A4A9342C3
:1032D80001D17A4A00E07A4AD7F8E43043F400038F
:1032E80019461046FEF7F9F9784B1B689B09784A8E
:1032F800A2FB03239B0901335B00BB6002E0BB68B0
:10330800013BBB60BB68002BF9D1C0E23B681B687E
:10331800704A934221D1D7F8E43003F08073002B30
:103328001BD17B681B68644A934205D07B681B6885
:10333800644A934240F0AD827B681B685E4A9342C0
:1033480001D15E4A00E05E4AD7F8E43043F080736A
:1033580019461046FEF7C1F99BE23B681B685E4AB6
:10336800934240F09782D7F8E43003F48003002BAF
:1033780040F090827B681B684F4A934205D07B6877
:103388001B68504A934240F085827B681B684A4A12
:10339800934201D1494A00E0494AD7F8E43043F45E
:1033A800800319461046FEF798F973E27B689B6F15
:1033B80043F020027B689A67012387F8EF3069E2BF
:1033C8003B681B68C7F8E8303B685B68022B00F075
:1033D80091817B681B69B3F1004F04D07B681B693E
:1033E8003E4A934207D17B681B68D7F8E810184615
:1033F800FEF708FBB0E07B68D3F888203B685B6881
:1034080003F01F030F2101FA03F3DB431A40D7F837
:10341800E83023F07F43002B05D1D7F8E8309B0E26
:1034280003F01F0311E0D7F8E830BB62BB6A93FAD8
:10343800A3F37B627B6AFB62FB6A002B01D120232A
:1034480003E0FB6AB3FA83F3DBB23968496801F039
:103458001F018B401A437B68C3F888203B685B6870
:103468009B085A1C7B689B6A9A4275D802F0E6FC56
:103478000346B3F5805F66D8D7F8E83023F07F437A
:10348800002B0AD1D7F8E8309B0E03F01F03132B4B
:103498008CBF01230023DBB22BE0D7F8E830FB61B7
:1034A800FB6993FAA3F3BB61BB693B623B6A002BE0
:1034B80016D1202318E000BF008002420883024290
:1034C8000813024600100246000008CE040000203F
:1034D800632D3E05000004CA010000801000008032
:1034E8003B6AB3FA83F3DBB2132B8CBF01230023AF
:1034F800DBB2002B27D0D7F8E83023F07F43002B2E
:1035080009D1D7F8E8309B0E03F01F03093B0122CD
:1035180002FA03F315E0D7F8E8303B613B6993FA08
:10352800A3F3FB60FB687B617B69002B01D120233F
:1035380003E07B69B3FA83F3DBB2093B012202FAA9
:1035480003F3C7F8E8307B6818683B685B68D7F80E
:10355800E8201946FEF7F6F97B6818683B689B680F
:103568001A46D7F8E810FEF7B9FA3B681B68002B33
:1035780080F290817B681B68974A934201D1974BF0
:1035880000E0974B1846FEF7BBF8C7F8E4003B6825
:103598001B68944A934226D1D7F8E43003F4000319
:1035A800002B20D17B681B688B4A934201D18B4A40
:1035B80000E08B4AD7F8E43043F40003194610467C
:1035C800FEF78BF8884B1B689B09884AA2FB0323EC
:1035D8009B095B00BB6002E0BB68013BBB60BB684A
:1035E800002BF9D167E03B681B68814A934216D1EA
:1035F800D7F8E43003F08073002B10D17B681B6888
:10360800754A934201D1754A00E0754AD7F8E4300B
:1036180043F0807319461046FEF75FF84BE03B68AD
:103628001B68744A934216D1D7F8E43003F4800338
:10363800002B10D17B681B68674A934201D1674A07
:1036480000E0674AD7F8E43043F48003194610468F
:10365800FEF743F82FE03B681B68674A93422AD17C
:10366800D7F8E43003F48003002B24D17B681B686F
:10367800624A93421FD17B681B68574A934201D123
:10368800564A00E0564AD7F8E43043F48003194616
:103698001046FEF722F802F0D1FB0346B3F5805F2F
:1036A80009D87B681B68D3F8D0207B681B6842F078
:1036B8000102C3F8D02002F0C1FB0346B3F5005F56
:1036C80040F0E8803B681B684D4A934240F0E28036
:1036D800D7F8E43003F48003002B40F0DB807B68EC
:1036E8001B68D3F8D0207B681B6842F00102C3F83E
:1036F800D020CFE07B681B69B3F1004F04D07B6812
:103708001B69404A934206D17B681B68D7F8E810CA
:103718001846FEF7AAF93B681B68002B80F2BA80AE
:103728007B681B682C4A934201D12C4B00E02C4B40
:103738001846FDF7E5FFC7F8E4003B681B68324A06
:10374800934210D17B681B68234A934201D1234AD4
:1037580000E0234AD7F8E43023F400031946104662
:10376800FDF7BBFF6DE03B681B68284A934210D108
:103778007B681B68184A934201D1184A00E0184A2E
:10378800D7F8E43023F0807319461046FDF7A5FFFB
:1037980057E03B681B68174A934210D17B681B6847
:1037A8000D4A934201D10D4A00E00D4AD7F8E430A2
:1037B80023F4800319461046FDF78FFF41E03B686C
:1037C8001B680D4A93423CD17B681B68024A9342AE
:1037D8001ED1024A1DE000BF008002420883024257
:1037E80008130246002000B604000020632D3E05A1
:1037F800004000BA01000080001000B2001002462C
:10380800000020D710000080000008CE000004CA85
:10381800254AD7F8E43023F4800319461046FDF70B
:103828005CFF02F00BFB0346B3F5805F09D87B68A9
:103838001B68D3F8D0207B681B6842F00102C3F8EC
:10384800D02002F0FBFA0346B3F5005F22D13B68B3
:103858001B68164A93421DD1D7F8E43003F480035D
:10386800002B17D17B681B68D3F8D0207B681B68B6
:1038780042F00102C3F8D0200CE07B689B6F43F054
:1038880020027B689A67012387F8EF3002E000BFC7
:1038980000E000BF7B68002283F8742097F8EF30BF
:1038A8001846F037BD4680BD08130246000020D7F1
:1038B80080B588B000AF786039600023FB613B6851
:1038C800BB617B681B681846FEF754FA38617B6851
:1038D8001B681846FEF775FAF8603B69002B03D1A0
:1038E800FB68002B00F099807B681B68DB6803F09D
:1038F8000073002B2BD07B6893F82430012B26D142
:103908007B681B7F012B22D10123BB6114E0FB697B
:10391800444A93420DD97B689B6F43F010027B6841
:103928009A677B68DB6F43F001027B68DA670123E3
:1039380074E0FB690133FB617B681B681B6803F05B
:103948004003402BE3D17B681B6840221A60BB69A7
:10395800022B14D07B681B681846FEF70BFA034647
:10396800002B0CD07B681B681846FEF7C8F9034685
:10397800002B04D17B681B681846FEF7E7F9BB6982
:10398800012B14D07B681B681846FEF71AFA034609
:10399800002B0CD07B681B681846FEF7B0F903466D
:1039A800002B04D17B681B681846FEF7F6F9BB6943
:1039B800022B05D0BB69032B05D10C237B6105E0E5
:1039C80008237B6102E004237B6100BF02F006FA52
:1039D800B8601BE002F002FA0246BB68D31A052B56
:1039E80014D97B681B689A687B691340002B0DD03B
:1039F8007B689B6F43F010027B689A677B68DB6F7C
:103A080043F001027B68DA67012307E07B681B68E3
:103A18009A687B691340002BDCD1002318462037B5
:103A2800BD4680BDFFDB0C0080B584B000AF786078
:103A38007B681B681846FEF74FF90346002B5AD1DE
:103A48007B681B689A682E4B1340002B0DD07B684F
:103A58009B6F43F010027B689A677B68DB6F43F0CB
:103A680001027B68DA67012346E07B681B68012254
:103A78001A607B681B681846FEF706F97B681B6AA4
:103A8800002B04D07B681B681E4A934233D002F097
:103A9800A5F9F86028E07B681B681846FEF71CF952
:103AA8000346002B04D17B681B681846FEF7ECF828
:103AB80002F094F90246FB68D31A022B14D97B68EA
:103AC8001B681B6803F00103012B0DD07B689B6FFB
:103AD80043F010027B689A677B68DB6F43F0010252
:103AE8007B68DA67012307E07B681B681B6803F0C3
:103AF8000103012BCFD1002318461037BD4680BDE6
:103B08003F0000800010024680B584B000AF7860A6
:103B18007B681B681846FEF7F2F8F8607B681B683C
:103B28001846FEF7D9F80346002B47D0FB68002B50
:103B380044D17B681B689B6803F00D03012B0CD1F3
:103B48007B681B681846FEF7B3F87B681B6803227E
:103B58001A6002F043F9B86029E07B689B6F43F074
:103B680010027B689A677B68DB6F43F001027B6811
:103B7800DA67012323E002F031F90246BB68D31A61
:103B8800022B14D97B681B689B6803F00103002B88
:103B98000DD07B689B6F43F010027B689A677B6847
:103BA800DB6F43F001027B68DA67012307E07B687B
:103BB8001B689B6803F00103002BDCD10023184627
:103BC8001037BD4680BD000080B483B000AF786078
:103BD80039607B680F4A93420CD07B689A680E4B19
:103BE80013403A6802F48032134343F000427B6882
:103BF8009A6009E07B689B6823F0004323F03F0349
:103C080043F000427B689A6000BF0C37BD465DF800
:103C1800047B704700100246C0FFFE7F80B483B06B
:103C280000AF78607B689B6803F00043B3F1004FF6
:103C380001D1012300E0002318460C37BD465DF88A
:103C4800047B704780B58AB000AFF860B9607A60CD
:103C580000233B61FB6893F87430012B01D10223E8
:103C680038E1FB68012283F87420F868FFF74CFFFD
:103C7800034687F8273097F82730002B40F01E813D
:103C8800FB689B6F23F4885323F0020343F002027E
:103C9800FB689A67FB681B68904A934250D1FB689F
:103CA8001B685B6C03F00103BB61FB681B68DB6886
:103CB80003F003037B61FB681B68DA68FB681B6819
:103CC80022F00302DA60FB681B685A6CFB681B6809
:103CD80022F001025A64FB681B6800211846FFF7AE
:103CE80073FF14E03B6901333B613B697C4A9342B3
:103CF8000DD9FB689B6F23F0120343F01002FB6899
:103D08009A67FB68002283F874200123E2E0FB68CD
:103D18001B681846FFF782FF0346002BE2D1FB68B9
:103D28001B68D968FB681B687A690A43DA60FB6814
:103D38001B68596CFB681B68BA690A435A64B4E08B
:103D4800684B1B68C3F30B033B62664B1B681B0C79
:103D58009BB2FB613B6A40F25542934212D03B6AE8
:103D680040F2764293420DD03B6A40F28142934240
:103D780004D03B6A40F28242934272D1FB69B3F5A8
:103D8800405F6ED3F868FFF74FFE034687F8273089
:103D980097F82730002B40F08880FB681B689B68E9
:103DA80023F07062FB681B6842F010629A60BFF3F0
:103DB8005F8F00BFFB681B68D3F8C830D9B2FB68B7
:103DC8001A68494B0B43C2F8C830BFF35F8F00BF76
:103DD800FB681B68D3F8C420FB681B6842F080723C
:103DE800C3F8C420F868FFF78FFE034687F827302A
:103DF800BB68B3F1011F09D1FB681B689A683B4B8C
:103E08001340FA68126843F480339360FB681B68B8
:103E18009B6823F0004323F03F03FA68126843F0DD
:103E28000043936014E03B6901333B613B692C4AD2
:103E380093420DD9FB689B6F23F0120343F01002E5
:103E4800FB689A67FB68002283F87420012341E02D
:103E5800FB681B681846FFF7E1FE0346002BE2D11A
:103E680023E0FB681B68B9681846FFF7ADFE14E04D
:103E78003B6901333B613B69194A93420DD9FB68A1
:103E88009B6F23F0120343F01002FB689A67FB68EC
:103E9800002283F8742001231CE0FB681B68184685
:103EA800FFF7BCFE0346002BE2D1FB689B6F23F0B3
:103EB800030343F00102FB689A6705E0FB689B6F08
:103EC80043F01002FB689A67FB68002283F87420AD
:103ED80097F8273018462837BD4680BD001002469F
:103EE8007F6B2B02004004E000110203C0FFFE7F3D
:103EF80080B483B000AF786000BF0C37BD465DF872
:103F0800047B704780B483B000AF786000BF0C3783
:103F1800BD465DF8047B704780B483B000AF78601D
:103F280000BF0C37BD465DF8047B704780B483B092
:103F380000AF786000BF0C37BD465DF8047B704762
:103F480080B584B000AF786001F048FFF8607B6806
:103F5800002B01D10123F0E07B681B68794A93426A
:103F680000F09F807B681B68774A934200F0998035
:103F78007B681B68754A934200F093807B681B68D6
:103F8800734A934200F08D807B681B68714A9342A4
:103F980000F087807B681B686F4A934200F081803D
:103FA8007B681B686D4A93427BD07B681B686C4AB0
:103FB800934276D07B681B686A4A934271D07B68CB
:103FC8001B68694A93426CD07B681B68674A9342B6
:103FD80067D07B681B68664A934262D07B681B681F
:103FE800644A93425DD07B681B68634A934258D009
:103FF8007B681B68614A934253D07B681B68604AA0
:1040080093424ED07B681B685E4A934249D07B68D6
:104018001B685D4A934244D07B681B685B4A9342A5
:104028003FD07B681B685A4A93423AD07B681B682A
:10403800584A934235D07B681B68574A934230D020
:104048007B681B68554A93422BD07B681B68544A8F
:10405800934226D07B681B68524A934221D07B68E2
:104068001B68514A93421CD07B681B684F4A934295
:1040780017D07B681B684E4A934212D07B681B6836
:104088004C4A93420DD07B681B684B4A934208D038
:104098007B681B68494A934203D07B681B68484A7F
:1040A80093427B68002283F84C207B6893F8543055
:1040B800DBB2002B0ED17B6800221A667B680022D7
:1040C8005A667B6800229A667B680022DA667B68FB
:1040D80000221A677B68022283F854207B681B68D9
:1040E8005A697B681B6842F006025A610FE001F0CA
:1040F80075FE0246FB68D31A052B08D97B68102287
:104108009A657B68032283F85420012315E07B68B5
:104118001B685B6903F00103002BE8D1786800F0A5
:104128000DFC7B685A6B7B681A657B6800229A6570
:104138007B68012283F85420002318461037BD46B7
:1041480080BD00BF5000024050000250D000024025
:10415800D00002505001024050010250D0010240EC
:10416800D00102505002024050020250D0020240D8
:10417800D00202505003024050030250D0030240C4
:10418800D00302505004024050040250D0040240B0
:10419800D00402505005024050050250D00502409C
:1041A800D00502505006024050060250D006024088
:1041B800D00602505007024050070250D007024074
:1041C800D007025080B584B000AF786001F006FED9
:1041D800F8607B68002B01D10123B9E07B681B687C
:1041E80023F47F6323F00F03BB607B681B685A6965
:1041F8007B681B6842F006025A610FE001F0EEFD91
:104208000246FB68D31A052B08D97B6810229A65E9
:104218007B68032283F85420012399E07B681B689C
:104228005B6903F00103002BE8D17B681B6800225F
:104238001A607B681B6800225A617B681B68002231
:104248001A647B681B6800225A647B681B6800221A
:104258009A647B681B680022DA647B681B6800220A
:104268001A657B681B680022DA677B681B683A4A14
:10427800934222D07B681B68384A93421DD07B68E2
:104288001B68374A934218D07B681B68354A9342AB
:1042980013D07B681B68344A93420ED07B681B6836
:1042A800324A934209D07B681B68314A934204D052
:1042B8007B681B682F4A934201D1012300E0002349
:1042C800002B07D07B681B6800225A657B681B6837
:1042D80000229A65BB685A687B681B68C3F30B03A6
:1042E800503BDB0903F01F03012101FA03F3DB4311
:1042F8001A40BB685A607B681B684FF4FE42DA605C
:104308007B6800221A667B6800225A667B68002256
:104318009A667B680022DA667B6800221A677B68E7
:1043280000225A677B68DB6D002B02D07B68002275
:10433800DA657B6800221A657B6800229A657B68CB
:10434800002283F854207B68002283F84C20002345
:1043580018461037BD4680BD500602405006025030
:10436800D0060240D00602505007024050070250C3
:10437800D0070240D007025080B584B000AFF86083
:10438800B9607A603B60FB68002B01D101234FE0E4
:10439800FB6893F84C30012B01D1022348E0FB68FD
:1043A800012283F84C20FB6893F85430DBB2012BD0
:1043B80036D1FB68022283F85420FB6800229A65F4
:1043C8003B687A68B968F86800F092FAFB681B687D
:1043D8005A69FB681B6842F4BA425A61FB685B6E13
:1043E800002B07D0FB681B685A69FB681B6842F4FE
:1043F80000725A61FB681B6F002B07D0FB681B68B3
:104408005A69FB681B6842F400525A61FB681B68D2
:104418005A69FB681B6842F001025A61002307E0F1
:10442800FB6840229A65FB68002283F84C20012330
:1044380018461037BD4680BD80B584B000AF78609F
:1044480001F0CCFCF8607B68002B01D101236BE004
:104458007B6893F85430DBB2022B08D07B682022AB
:104468009A657B68002283F84C2001235CE07B6816
:104478001B685A697B681B6842F004025A617B68B2
:10448800052283F8542020E001F0A8FC0246FB68CE
:10449800D31A052B19D97B689B6D43F010027B68F2
:1044A8009A657B68032283F854207B681B6D03F0B0
:1044B8008003002B03D07B685B6F01221A737B6833
:1044C800002283F84C2001232EE07B681B681B69BF
:1044D80003F40053002BD7D07B681B685A697B68AC
:1044E8001B6842F002025A617B68042283F8542058
:1044F8007B681B684FF4FE42DA607B68012283F810
:1045080054207B681B6D03F08003002B07D07B6869
:104518005B6F01221A737B681B6800229A647B68B0
:10452800002283F84C20002318461037BD4680BD72
:1045380080B483B000AF78607B68002B01D1012381
:1045480019E07B6893F85430DBB2022B04D07B6807
:1045580020229A6501230EE07B68042283F8542008
:104568007B681B685B697A68126843F4005343F000
:1045780004035361002318460C37BD465DF8047BDD
:10458800704780B586B000AF78607B681B6823F4FD
:104598007F6323F00F037B617B681B68C3F30B0306
:1045A800503BDB0903F01F03012202FA03F33B61CE
:1045B8007B69DB683A691340FB60FB68002B00F0FD
:1045C8003B817B681B681B6903F48063002B11D057
:1045D8007B681B685B6903F48063002B0AD07B68E7
:1045E8001B684FF48062DA607B689B6D43F00102C0
:1045F8007B689A657B681B681B6903F40063002B62
:1046080011D07B681B685B6903F40063002B0AD038
:104618007B681B684FF40062DA607B689B6D43F02F
:1046280002027B689A657B681B681B6903F48053E8
:10463800002B11D07B681B685B6903F48053002B47
:104648000AD07B681B684FF48052DA607B689B6DE8
:1046580043F004027B689A657B681B681B6903F456
:104668008043002B11D07B681B685B6903F480438F
:10467800002B0AD07B681B684FF48042DA607B68A5
:104688009B6D43F008027B689A657B681B681B6911
:1046980003F40073002B13D07B681B685B6903F479
:1046A8000073002B0CD07B681B684FF40072DA6033
:1046B8007B685B6E002B03D07B685B6E78689847DD
:1046C8007B681B681B6903F40053002B4CD07B6884
:1046D8001B685B6903F40053002B45D07B681B689B
:1046E8004FF40052DA607B6893F85430DBB2042B45
:1046F8002ED17B681B685A697B681B6822F40052BC
:104708005A617B681B685A697B681B6842F0020221
:104718005A617B68012283F854207B681B6D03F083
:104728008003002B07D07B685B6F01221A737B68BC
:104738001B6800229A647B68002283F84C207B68FF
:10474800DB6E002B7AD07B68DB6E7868984775E063
:104758007B68052283F854207B681B6F002B03D0ED
:104768007B681B6F786898477B681B681B6903F434
:104778008073002B39D07B681B685B6903F48073F6
:10478800002B32D07B681B6D03F08003002B12D006
:104798007B681B68DB6F002B16D17B681B689B6CE2
:1047A800002B11D17B68012283F854207B685B6F52
:1047B80001221A7308E07B681B689B6C002B03D1ED
:1047C8007B68012283F854207B681B684FF4407291
:1047D800DA607B68002283F84C207B681B6E002B14
:1047E80003D07B681B6E786898477B689B6D002BAD
:1047F80025D07B681B685A697B681B6842F00202F7
:104808005A617B68012283F854207B681B6D03F092
:104818008003002B03D07B685B6F01221A737B68CF
:10482800002283F84C207B689B6E002B07D07B68A6
:104838009B6E7868984702E000BF00E000BF183719
:10484800BD4680BD80B483B000AF78607B6893F8C4
:104858005430DBB218460C37BD465DF8047B704710
:1048680080B483B000AF78607B689B6D18460C37C6
:10487800BD465DF8047B704780B485B000AF7860B2
:1048880039607B68002B01D101232BE07B681B6812
:1048980023F47F6323F00F03FB607B681B68C3F37B
:1048A8000B03503BDB0903F01F03012202FA03F359
:1048B800BB603B6803F01003002B12D03B6803F089
:1048C8001103112B06D1FB685A68BB681A43FB68B1
:1048D8005A6006E0FB685A68BB68DB431A40FB680D
:1048E8005A60002318461437BD465DF8047B7047AC
:1048F80080B485B000AFF860B9607A603B60FB684F
:104908001B689B6C1B0C1B043A6891B2FA6812680E
:104918000B439364FB681B684FF4FE42DA60FB6844
:104928001B68BA68DA64FB681B687A681A6500BF96
:104938001437BD465DF8047B7047000080B485B02D
:1049480000AF78607B681B6AFB607B681B685B69EB
:1049580023F443017B681B68FA680A435A617B6841
:104968005A697B68DB691A437B681B691A437B6851
:104978009B691343FB607B681B68534A934200F0B2
:10498800A0807B681B68514A934200F09A807B683C
:104998001B684F4A934200F094807B681B684D4A1D
:1049A800934200F08E807B681B684B4A934200F06C
:1049B80088807B681B68494A934200F082807B6844
:1049C8001B68474A93427CD07B681B68454A9342E0
:1049D80077D07B681B68444A934272D07B681B6817
:1049E800424A93426DD07B681B68414A934268D023
:1049F8007B681B683F4A934263D07B681B683E4ACA
:104A080093425ED07B681B683C4A934259D07B68CE
:104A18001B683B4A934254D07B681B68394A9342CF
:104A28004FD07B681B68384A93424AD07B681B6822
:104A3800364A934245D07B681B68354A934240D03A
:104A48007B681B68334A93423BD07B681B68324AB9
:104A5800934236D07B681B68304A934231D07B68DA
:104A68001B682F4A93422CD07B681B682D4A9342BF
:104A780027D07B681B682C4A934222D07B681B682E
:104A88002A4A93421DD07B681B68294A934218D052
:104A98007B681B68274A934213D07B681B68264AA9
:104AA80093420ED07B681B68244A934209D07B68E6
:104AB8001B68234A934204D07B681B68214A9342AF
:104AC80042D1012341E000BF500002405000025093
:104AD800D0000240D0000250500102405001025064
:104AE800D0010240D0010250500202405002025050
:104AF800D0020240D002025050030240500302503C
:104B0800D0030240D0030250500402405004025027
:104B1800D0040240D0040250500502405005025013
:104B2800D0050240D00502505006024050060250FF
:104B3800D0060240D00602505007024050070250EB
:104B4800D0070240D00702500023002B12D07B6808
:104B5800DA6A7B689B6A013B1B0503F07C731A4386
:104B68007B685B6A013B1B0103F47C731343FA689F
:104B78001343FB607B681B681B6C03F080217B6818
:104B88001B68FA680A431A647B689A687B685B68E2
:104B980003F07F031A437B681B6B1343FB607B683E
:104BA800DB68B3F5806F40F0B0807B681B68824A91
:104BB800934200F0A0807B681B68804A934200F013
:104BC8009A807B681B687E4A934200F094807B68D9
:104BD8001B687C4A934200F08E807B681B687A4A87
:104BE800934200F088807B681B68784A934200F003
:104BF80082807B681B68764A93427CD07B681B68FE
:104C0800744A934277D07B681B68734A934272D088
:104C18007B681B68714A93426DD07B681B68704A39
:104C2800934268D07B681B686E4A934263D07B6866
:104C38001B686D4A93425ED07B681B686B4A93423F
:104C480059D07B681B686A4A934254D07B681B68BA
:104C5800684A93424FD07B681B68674A93424AD0A0
:104C68007B681B68654A934245D07B681B68644A29
:104C7800934240D07B681B68624A93423BD07B6872
:104C88001B68614A934236D07B681B685F4A93422F
:104C980031D07B681B685E4A93422CD07B681B68C6
:104CA8005C4A934227D07B681B685B4A934222D0B8
:104CB8007B681B68594A93421DD07B681B68584A19
:104CC800934218D07B681B68564A934213D07B687E
:104CD8001B68554A93420ED07B681B68534A93421F
:104CE80009D07B681B68524A934204D07B681B68D2
:104CF800504A934201D1012300E00023002B0DD03C
:104D0800FB6843F48063FB6008E07B68DB68B3F50D
:104D1800007F03D1FB6843F40073FB607B681B686A
:104D28005A6C454B13407A681268F9680B43536410
:104D38007B681B6800229A647B681B68364A93422A
:104D480022D07B681B68354A93421DD07B681B685C
:104D5800334A934218D07B681B68324A934213D077
:104D68007B681B68304A93420ED07B681B682F4AC9
:104D7800934209D07B681B682D4A934204D07B6814
:104D88001B682C4A934201D1012300E00023002B29
:104D980007D07B681B6800225A657B681B68002265
:104DA8009A657B681B680022DA6700BF1437BD4626
:104DB8005DF8047B704700BF50000240500002506D
:104DC800D0000240D0000250500102405001025071
:104DD800D0010240D001025050020240500202505D
:104DE800D0020240D0020250500302405003025049
:104DF800D0030240D0030250500402405004025035
:104E0800D0040240D0040250500502405005025020
:104E1800D0050240D005025050060240500602500C
:104E2800D0060240D00602505007024050070250F8
:104E3800D0070240D00702508031C03C80B584B012
:104E480000AF786000F0CAFFF8607B68002B01D1E2
:104E58000123DBE07B681B686E4A934200F09F8069
:104E68007B681B686C4A934200F099807B681B68DA
:104E78006A4A934200F093807B681B68684A9342B1
:104E880000F08D807B681B68664A934200F087803B
:104E98007B681B68644A934200F081807B681B68CA
:104EA800624A93427BD07B681B68614A934276D002
:104EB8007B681B685F4A934271D07B681B685E4AB7
:104EC80093426CD07B681B685C4A934267D07B68CE
:104ED8001B685B4A934262D07B681B68594A9342BD
:104EE8005DD07B681B68584A934258D07B681B6822
:104EF800564A934253D07B681B68554A93424ED01A
:104F08007B681B68534A934249D07B681B68524AA6
:104F1800934244D07B681B68504A93423FD07B68D9
:104F28001B684F4A93423AD07B681B684D4A9342AC
:104F380035D07B681B684C4A934230D07B681B682D
:104F48004A4A93422BD07B681B68494A934226D031
:104F58007B681B68474A934221D07B681B68464A96
:104F680093421CD07B681B68444A934217D07B68E5
:104F78001B68434A934212D07B681B68414A93429C
:104F88000DD07B681B68404A934208D07B681B6839
:104F98003E4A934203D07B681B683D4A93427B6834
:104FA800002283F84C207B68022283F854207B6817
:104FB8001B685A697B681B6842F006025A610FE059
:104FC80000F00CFF0246FB68D31A052B08D97B6852
:104FD80010229A657B68032283F85420012315E088
:104FE8007B681B685B6903F00103002BE8D17868D4
:104FF80000F0CAFA7B689A6C7B681A657B680022A5
:105008009A657B68012283F85420002318461037DC
:10501800BD4680BD5000024050000250D000024002
:10502800D00002505001024050010250D00102400D
:10503800D00102505002024050020250D0020240F9
:10504800D00202505003024050030250D0030240E5
:10505800D00302505004024050040250D0040240D1
:10506800D00402505005024050050250D0050240BD
:10507800D00502505006024050060250D0060240A9
:10508800D00602505007024050070250D007024095
:10509800D007025080B586B000AF78607B68002BDF
:1050A80003D07B685B6F002B01D1012382E07B6812
:1050B80093F85430FB757B681B685B6903F4803395
:1050C8003B61FB7D012B05D0FB7D022B6AD13B693F
:1050D800002B67D07B6893F85430DBB2012B57D193
:1050E8007B6893F84C30012B01D1022362E07B6886
:1050F800012283F84C207B68022283F854207B68C5
:105108005B6F02221A737B6800229A657B685B6F6B
:1051180000221A617B681B685A697B681B6842F425
:10512800BA425A617B685B6E002B07D07B681B68AC
:105138005A697B681B6842F400725A617B681B6F6E
:10514800002B07D07B681B685A697B681B6842F490
:1051580000525A617B685B6F1B6807F10C010022E3
:10516800184600F027FD7B685B6F1B6819467B6853
:105178001A680B0C1B0413607B685B6F1B681A466C
:105188004FF6FC731340F9687A6812680B43D367CB
:105198007B681B685A697B681B6842F001025A6188
:1051A800002307E07B6840229A657B68002283F829
:1051B8004C20012318461837BD4680BD80B582B003
:1051C80000AF786039607B68002B02D03B68002B09
:1051D80001D1012304E03968786800F02DFB002331
:1051E80018460837BD4680BD80B58CB000AFF86062
:1051F800B9607A60FB68002B02D07B68002B01D174
:105208000123B6E0FB685B69012B04D1FB6804222B
:105218001A610123ADE0FB681B687A68B968184613
:1052280000F05CFC0346002B04D0FB6805221A61E1
:1052380001239EE0FB681B687A68B968184600F08D
:105248007DFC0346002B04D0FB6804221A6101236D
:105258008FE0FB6802221A73FB6800221A6107F1CB
:10526800280207F12C031946786800F0A3FCFB68B4
:105278001B68002B1AD1BB68002B06D1FB687A6823
:105288001A60FB6801229A606CE0FB68BA681A60D1
:105298007A684FF6FC731340F96ABA6A1943BB6817
:1052A80043F82210FB6802229A605BE0BB68002B7F
:1052B8000FD1FB681B681A464FF6FC731340F96A56
:1052C800BA6A19437B6843F82210FB687A681A6047
:1052D80043E0BB6A7B6107F114031A46B968F868B2
:1052E80000F098FC0346002B32D1FA69FB689B68F2
:1052F8009A421AD1FB685B68002B0BD0FB685B688D
:105308001A464FF6FC731340F96ABA6A19437B6868
:1053180043F822107A684FF6FC731340F96ABA6AA8
:105328001943BB6843F8221017E0B96ABA6ABB6828
:1053380053F821107B6843F822107A684FF6FC7303
:105348001340F96ABA6A1943BB6843F8221004E0AB
:10535800FB6806221A6101230BE0FB689B685A1C54
:10536800FB689A60FB6800221A61FB6801221A73C5
:10537800002318463037BD4680BD80B58AB000AFDF
:1053880078607B68002B01D1012352E07B681B68A1
:10539800002B04D17B6802221A61012349E07B6853
:1053A8005B68002B0CD07B685A687B681B689A4244
:1053B80001D100233DE07B6804221A61012338E013
:1053C8007B685B69012B04D17B6804221A61012385
:1053D8002FE07B6802221A737B6800221A617B68BF
:1053E8001B6807F1200207F12401184600F0E2FBD0
:1053F8003B6AFB6007F10C031A460021786800F04D
:1054080009FC7B681B681A464FF6FC731340796ADF
:10541800BA6910463A6A0B4340F822307B681A682A
:105428007B685A607B6800221A617B6801221A73C4
:10543800002318462837BD4680BD000080B485B0DB
:1054480000AF786039607B68002B02D03B68002B86
:1054580001D1012372E07B6893F85430FB737B68B9
:1054680093F85430DBB2022B02D0FB7B052B08D11A
:105478007B6840229A657B68002283F84C200123D0
:105488005CE03B681B7BDBB2022B04D13B6801224A
:105498001A61012352E07B681B682B4A934222D091
:1054A8007B681B68294A93421DD07B681B68284A81
:1054B800934218D07B681B68264A934213D07B68B6
:1054C8001B68254A93420ED07B681B68234A934287
:1054D80009D07B681B68224A934204D07B681B680A
:1054E800204A934201D1012300E00023002B0BD175
:1054F8003B681B681B6A03F00203002B04D03B685F
:1055080003221A61012319E07B681B6D812B08D1E6
:105518003B685B68002B0DD13B6804221A610123AC
:105528000CE03B685B68002B04D03B6804221A61DE
:10553800012303E07B683A685A670023184614374A
:10554800BD465DF8047B7047500602405006025085
:10555800D0060240D00602505007024050070250C1
:10556800D0070240D007025080B483B000AF786003
:105578007B681B681B691B0CDBB218460C37BD46E1
:105588005DF8047B7047000080B485B000AF786098
:105598007B689A6B7B68DB6B1343FB607B681B68DB
:1055A800854A934200F0A0807B681B68834A934237
:1055B80000F09A807B681B68814A934200F09480CF
:1055C8007B681B687F4A934200F08E807B681B686B
:1055D8007D4A934200F088807B681B687B4A93422F
:1055E80000F082807B681B68794A93427CD07B6894
:1055F8001B68784A934277D07B681B68764A934247
:1056080072D07B681B68754A93426DD07B681B68B3
:10561800734A934268D07B681B68724A934263D08E
:105628007B681B68704A93425ED07B681B686F4A30
:10563800934259D07B681B686D4A934254D07B686B
:105648001B686C4A93424FD07B681B686A4A934236
:105658004AD07B681B68694A934245D07B681B68BF
:10566800674A934240D07B681B68664A93423BD0A6
:105678007B681B68644A934236D07B681B68634A20
:10568800934231D07B681B68614A93422CD07B6877
:105698001B68604A934227D07B681B685E4A934226
:1056A80022D07B681B685D4A93421DD07B681B68CB
:1056B8005B4A934218D07B681B685A4A934213D0BE
:1056C8007B681B68584A93420ED07B681B68574A10
:1056D800934209D07B681B68554A934204D07B6883
:1056E8001B68544A934201D1012300E00023002B98
:1056F80004D07B681B6CFA681343FB607B681B68EB
:105708005B6923F443017B681B68FA680A435A61A2
:105718007B681B6800221A647B681B687A68526C75
:105728005A647B681B6800229A647B681B680022A5
:10573800DA647B681B6800221A657B681B68364A36
:10574800934222D07B681B68344A93421DD07B6801
:105758001B68334A934218D07B681B68314A9342CE
:1057680013D07B681B68304A93420ED07B681B6855
:105778002E4A934209D07B681B682D4A934204D075
:105788007B681B682B4A934201D1012300E0002368
:10579800002B07D07B681B6800225A657B681B6852
:1057A80000229A657B681B680022DA6700BF1437FD
:1057B800BD465DF8047B704750000240500002501F
:1057C800D0000240D0000250500102405001025067
:1057D800D0010240D0010250500202405002025053
:1057E800D0020240D002025050030240500302503F
:1057F800D0030240D003025050040240500402502B
:10580800D0040240D0040250500502405005025016
:10581800D0050240D0050250500602405006025002
:10582800D0060240D00602505007024050070250EE
:10583800D0070240D007025080B485B000AF78602E
:1058480039607B685A697B68DB691A437B68DB6B64
:105858001A437B681B691A437B689B691A433B6838
:105868001A607B681B6803F02003002B17D03B6885
:105878001A687B68D96A7B689B6B19437B689B6A4B
:10588800013B1B0503F07C7319437B685B6A013B92
:105898001B0103F47C730B431A433B681A607B6853
:1058A8001A6B7B68596840F27F230B401A433B68A8
:1058B8005A607B68DB68B3F5806F0CD17B681B6826
:1058C80003F02003002B11D03B685B6843F480622F
:1058D8003B685A600AE07B68DB68B3F5007F05D156
:1058E8003B685B6843F400723B685A607B685B6C9A
:1058F800002B0FD03B685A687B68196C7B685B6C1F
:1059080019437B689B6C1B0403F47C130B431A43F9
:105918003B685A607B689B6E9AB23B689A607B686A
:105928001B6803F00203002B4ED03B689A687B6823
:10593800DB6C013B1904674B0B401A433B689A60C8
:105948007B681B6D002B06DA3B689B6843F080522E
:105958003B689A6005E03B689B6823F080523B688F
:105968009A607B685B6D002B06DA3B689B6843F0A6
:1059780000523B689A6005E03B689B6823F0005240
:105988003B689A607B689B6D002B06DA3B689B68D6
:1059980043F080423B689A6005E03B689B6823F0CF
:1059A80080423B689A607B68DB6D002B06DA3B68B7
:1059B8009B6843F000423B689A6005E03B689B683F
:1059C80023F000423B689A607B681A6E3B68DA6095
:1059D8007B685A6E3B681A617B681B6803F0020398
:1059E800002B59D07B681B6D002B09DA7B681B6D77
:1059F8005B42FB60FB68C3F30C023B685A6105E03D
:105A08007B681B6DC3F30C023B685A617B685B6D56
:105A1800002B0DDA7B685B6D5B42FB603B685A6963
:105A2800FB6819042C4B0B401A433B685A6109E088
:105A38003B685A697B685B6D1904274B0B401A4316
:105A48003B685A617B689B6D002B08DA7B689B6D0D
:105A58005B42FB60FB689AB23B689A6104E07B6832
:105A68009B6D9AB23B689A617B68DB6D002B0BDA01
:105A78007B68DB6D5B42FB603B689A69FB681B04D3
:105A88001A433B689A6107E03B689A697B68DB6D5B
:105A98001B041A433B689A617B681A683B681A6260
:105AA8007B681B6803F00203002B06D03B681B6A67
:105AB80043F4E0623B681A6205E03B681B6A43F402
:105AC800A0623B681A6200BF1437BD465DF8047BCC
:105AD800704700BF0000FF070000FF1F80B487B0B9
:105AE80000AFF860B9607A60FA68BB681A437B68EF
:105AF80013431B0C1B043B6100237B61FB68002BD9
:105B080002D0FB687B610AE0BB68002B02D0BB684F
:105B18007B6104E07B68002B01D07B687B617B693B
:105B28001B0C1B043A699A4201D0012300E00023B0
:105B380018461C37BD465DF8047B704780B487B0B3
:105B480000AFF860B9607A6000237B61FB68002BC6
:105B580004D0FB681B6ADBB27B610EE0BB68002BDC
:105B680004D0BB681B6ADBB27B6106E07B68002B54
:105B780003D07B681B6ADBB27B61BB68002B07D054
:105B8800BB681B6ADBB27A699A4201D002230BE038
:105B98007B68002B07D07B681B6ADBB27A699A4264
:105BA80001D0032300E0002318461C37BD465DF8EA
:105BB800047B704780B485B000AFF860B9607A6044
:105BC800FB681B6A03F00203002B0CD0BB68002B98
:105BD80002D0BB680D4A1A607B68002B0FD07B6827
:105BE80007221A600BE0BB68002B02D0BB68084A8A
:105BF8001A607B68002B02D07B6805221A6000BF00
:105C08001437BD465DF8047B704700BF000001FEF5
:105C1800000001F880B489B000AFF860B9607A601C
:105C28000023FB610023BB6100237B617B681B6849
:105C38003B61BB68002B42D11DE0FB69002B07D1FB
:105C4800FB681B681A464FF6FC731340BB610FE0F4
:105C5800BB697B61FB681B681B0C1B04BA69134496
:105C68001A463B6952F823204FF6FC731340BB6178
:105C7800FB690133FB61FB689B68FA699A42DCD3D4
:105C880029E0FB69002B07D1FB681B681A464FF611
:105C9800FC731340BB610FE0BB697B61FB681B6849
:105CA8001B0C1B04BA6913441A463B6952F823209B
:105CB8004FF6FC731340BB61FB690133FB61FB6862
:105CC8009B68FA699A4206D2BA684FF6FC73134089
:105CD800BA699A42D5D1BB68002B08D0BA684FF68A
:105CE800FC731340BA699A4201D001232BE07B6808
:105CF800FA699A60FB681B681B0C1B047A691A43D3
:105D08007B685A60FB681B681B0C1B04BA691A4342
:105D18007B68DA607B68DB681A463B6952F8233097
:105D2800002B0FD07B68DB681A463B6952F823309A
:105D38004FF6FC721A40FB681B681B0C1B041A43C5
:105D48007B681A61002318462437BD465DF8047B3A
:105D58007047000080B500AF124B1B68114A43F42E
:105D680080731360032007F084FF05F019F90246D9
:105D78000D4B1B6A03F00F030C49CB5C22FA03F3AB
:105D88000B4A1360042007F0B5FF0F2015F07EFBC7
:105D98000346002B01D0012302E015F057FB002336
:105DA800184680BD00200240000C0246ECF40208B0
:105DB8000400002080B400AF064B1B781A46064B3F
:105DC8001B681344044A136000BFBD465DF8047B9A
:105DD800704700BF0C000020C401002080B400AF51
:105DE800034B1B681846BD465DF8047B704700BF2F
:105DF800C401002080B584B000AF7860FFF7EEFFE3
:105E0800B8607B68FB60FB68B3F1FF3F05D00A4BC5
:105E18001B781A46FB681344FB6000BFFFF7DEFFE0
:105E28000246BB68D31AFA689A42F7D800BF00BF87
:105E38001037BD4680BD00BF0C00002080B400AF05
:105E4800044B1B681B0C9BB21846BD465DF8047BCF
:105E5800704700BF004004E080B582B000AF7860B2
:105E68007B68002B01D10123B3E07B6893F84130B4
:105E7800DBB2002B2CD17B68002283F840207B68A2
:105E8800564A5A657B68564A9A657B68554ADA6568
:105E98007B68554A1A667B68544A5A667B68544A36
:105EA8009A667B68534ADA667B68534A1A677B6846
:105EB800524A5A677B68524A9A677B68DB6F002BA5
:105EC80002D17B684F4ADA677B68DB6F786898474E
:105ED8007B68242283F841207B681B681A687B68EA
:105EE8001B6822F001021A607B685A687B681B688D
:105EF80022F070621A617B681B689A687B681B686D
:105F080022F400429A607B68DB68012B07D17B682A
:105F18009A687B681B6842F400429A6006E07B68D6
:105F28009A687B681B6842F404429A607B68DB6865
:105F3800022B08D17B681B685A687B681B6842F48F
:105F480000625A6007E07B681B685A687B681B68B8
:105F580022F400625A607B681B685B687A68126882
:105F680043F0007343F4004353607B681B68DA68AE
:105F78007B681B6822F40042DA607B681A697B68D8
:105F88005B6942EA03017B689B691A027B681B68AC
:105F98000A43DA607B68D9697B681A6A7B681B6880
:105FA8000A431A607B681B681A687B681B6842F0A2
:105FB80001021A607B6800225A647B68202283F8F9
:105FC80041207B6800221A637B68002283F8422004
:105FD800002318460837BD4680BD00BF9F7A0008D9
:105FE800B37A0008C77A0008DB7A00080B7B000840
:105FF8001F7B0008337B0008477B00085B7B000899
:10600800EF7A000825A7010880B582B000AF786054
:106018007B68002B01D101232CE07B68242283F8C4
:1060280041207B681B681A687B681B6822F00102A4
:106038001A607B68D3F88030002B03D17B680F4A45
:10604800C3F880207B68D3F88030786898477B68ED
:1060580000225A647B68002283F841207B68002272
:106068001A637B68002283F842207B68002283F849
:106078004020002318460837BD4680BDDDA701082B
:1060880080B487B000AFF8600B467A60FB720023DB
:10609800FB757B68002B07D1FB685B6C43F480724F
:1060A800FB685A6401237EE0FB6893F84130DBB259
:1060B800202B51D1FB7A0A2B45D801A252F823F0A4
:1060C800F5600008FD600008056100080D61000822
:1060D800156100081D610008256100082D61000890
:1060E800356100083D61000845610008FB687A6871
:1060F8005A6557E0FB687A689A6553E0FB687A68E6
:10610800DA654FE0FB687A681A664BE0FB687A68E4
:106118005A6647E0FB687A689A6643E0FB687A68E3
:10612800DA663FE0FB687A681A673BE0FB687A68E2
:106138005A6737E0FB687A68DA6733E0FB687A68A1
:10614800C3F880202EE0FB685B6C43F48072FB6828
:106158005A640123FB7525E0FB6893F84130DBB2F4
:10616800002B17D1FB7A092B02D00A2B04D008E0A8
:10617800FB687A68DA6715E0FB687A68C3F88020FC
:1061880010E0FB685B6C43F48072FB685A6401237F
:10619800FB7507E0FB685B6C43F48072FB685A642C
:1061A8000123FB75FB7D18461C37BD465DF8047B53
:1061B800704700BF80B485B000AF78600B46FB70B5
:1061C8000023FB737B6893F84130DBB2202B51D15D
:1061D800FB780A2B45D801A252F823F01162000877
:1061E800196200082162000829620008316200086B
:1061F80039620008416200084962000851620008DB
:1062080059620008616200087B68314A5A6557E0A4
:106218007B68304A9A6553E07B682F4ADA654FE01D
:106228007B682E4A1A664BE07B682D4A5A6647E01F
:106238007B682C4A9A6643E07B682B4ADA663FE023
:106248007B682A4A1A673BE07B68294A5A6737E025
:106258007B68284ADA6733E07B68274AC3F88020DE
:106268002EE07B685B6C43F480727B685A64012380
:10627800FB7325E07B6893F84130DBB2002B17D124
:10628800FB78092B02D00A2B04D008E07B68194A56
:10629800DA6715E07B68184AC3F8802010E07B684D
:1062A8005B6C43F480727B685A640123FB7307E0DC
:1062B8007B685B6C43F480727B685A640123FB73D0
:1062C800FB7B18461437BD465DF8047B704700BF5A
:1062D8009F7A0008B37A0008C77A0008DB7A0008BA
:1062E8000B7B00081F7B0008337B0008477B0008F6
:1062F8005B7B000825A70108DDA7010880B588B0E9
:1063080002AFF8607A601A460B467B8113463B81E0
:10631800FB6893F84130DBB2202B40F0DA80FB6851
:1063280093F84030012B01D10223D3E0FB6801220E
:1063380083F84020FFF752FD78617B6900931923A9
:1063480001224FF40041F86803F060F90346002B7E
:1063580001D00123BEE0FB68212283F84120FB68BD
:10636800102283F84220FB6800225A64FB687A688E
:106378005A62FB683A895A85FB6800225A63FB68AF
:106388005B8D9BB2FF2B0ED9FB68FF221A85FB6839
:106398001B8DDAB27989514B00934FF08073F868FE
:1063A80003F084FB6CE0FB685B8D9AB2FB681A858E
:1063B800FB681B8DDAB27989484B00934FF0007364
:1063C800F86803F073FB5BE07A69396AF86803F0F0
:1063D80076F90346002B01D001237BE0FB685B6A5A
:1063E8001A78FB681B689A62FB685B6A5A1CFB6830
:1063F8005A62FB685B8D9BB2013B9AB2FB685A8577
:10640800FB681B8D013B9AB2FB681A85FB685B8DA4
:106418009BB2002B34D0FB681B8D002B30D17B69DD
:1064280000933B6A00228021F86803F0EFF80346E6
:10643800002B01D001234DE0FB685B8D9BB2FF2B45
:106448000ED9FB68FF221A85FB681B8DDAB27989A1
:10645800002300934FF08073F86803F027FB0FE0E8
:10646800FB685B8D9AB2FB681A85FB681B8DDAB2F4
:106478007989002300934FF00073F86803F016FB46
:10648800FB685B8D9BB2002B9ED17A69396AF868EC
:1064980003F05CF90346002B01D001231AE0FB68E6
:1064A8001B682022DA61FB681B685968FB681A6858
:1064B8000B4B0B405360FB68202283F84120FB689C
:1064C800002283F84220FB68002283F84020002342
:1064D80000E0022318461837BD4680BD0020008022
:1064E80000E800FE80B588B002AFF8607A601A460E
:1064F8000B467B8113463B81FB6893F84130DBB246
:10650800202B40F0DB80FB6893F84030012B01D151
:106518000223D4E0FB68012283F84020FFF75EFCE9
:1065280078617B690093192301224FF40041F868D0
:1065380003F06CF80346002B01D00123BFE0FB6891
:10654800222283F84120FB68102283F84220FB684E
:1065580000225A64FB687A685A62FB683A895A854D
:10656800FB6800225A63FB685B8D9BB2FF2B0ED938
:10657800FB68FF221A85FB681B8DDAB27989524BBA
:1065880000934FF08073F86803F090FA6DE0FB68B1
:106598005B8D9AB2FB681A85FB681B8DDAB2798924
:1065A800494B00934FF00073F86803F07FFA5CE002
:1065B8007A69396AF86803F00DF90346002B01D0AF
:1065C80001237CE0FB681B685A6AFB685B6AD2B2ED
:1065D8001A70FB685B6A5A1CFB685A62FB681B8D61
:1065E800013B9AB2FB681A85FB685B8D9BB2013B45
:1065F8009AB2FB685A85FB685B8D9BB2002B34D03E
:10660800FB681B8D002B30D17B6900933B6A00220D
:106618008021F86802F0FAFF0346002B01D001231D
:106628004DE0FB685B8D9BB2FF2B0ED9FB68FF2208
:106638001A85FB681B8DDAB27989002300934FF025
:106648008073F86803F032FA0FE0FB685B8D9AB24A
:10665800FB681A85FB681B8DDAB2798900230093E1
:106668004FF00073F86803F021FAFB685B8D9BB26A
:10667800002B9DD17A69396AF86803F067F80346F8
:10668800002B01D001231AE0FB681B682022DA6185
:10669800FB681B685968FB681A680C4B0B40536011
:1066A800FB68202283F84120FB68002283F84220FF
:1066B800FB68002283F84020002300E002231846EC
:1066C8001837BD4680BD00BF0024008000E800FEEA
:1066D80080B588B002AFF8607A601A460B467B81B5
:1066E80013463B81FB6893F84130DBB2202B67D11E
:1066F800FB681B689B6903F40043B3F5004F01D1A5
:1067080002235EE0FB6893F84030012B01D102239D
:1067180057E0FB68012283F84020FB68212283F8B8
:106728004120FB68102283F84220FB6800225A644B
:10673800FB687A685A62FB683A895A85FB68234A7B
:10674800DA62FB68224A5A63FB685B8D9BB2FF2BB7
:1067580006D9FB68FF221A854FF080737B6107E03A
:10676800FB685B8D9AB2FB681A854FF000737B61FA
:10677800FB681B68DB6A03F40013B3F5001F0BD139
:10678800FB681B8DDAB279894FF0004300937B696F
:10679800F86803F08BF909E0FB681B8DDAB2798998
:1067A8000C4B00937B69F86803F080F9FB680022C2
:1067B80083F840200121F86803F0AAF9002300E0DB
:1067C800022318461837BD4680BD00BF0000FFFFF2
:1067D8006F7B00080020008080B588B002AFF860A9
:1067E8007A601A460B467B8113463B81FB6893F817
:1067F8004130DBB2202B66D1FB681B689B6903F430
:106808000043B3F5004F01D102235DE0FB6893F824
:106818004030012B01D1022356E0FB68012283F8A6
:106828004020FB68222283F84120FB68102283F86D
:106838004220FB6800225A64FB687A685A62FB6847
:106848003A895A85FB68224ADA62FB68214A5A6308
:10685800FB685B8D9BB2FF2B06D9FB68FF221A856C
:106868004FF080737B6107E0FB685B8D9AB2FB6831
:106878001A854FF000737B61FB681B68DB6A03F4C1
:106888000013B3F5001F0AD1FB681B8DDAB27989B2
:10689800114B00937B69F86803F008F909E0FB687D
:1068A8001B8DDAB279890D4B00937B69F86803F088
:1068B800FDF8FB68002283F840200221F86803F005
:1068C80027F9002300E0022318461837BD4680BD8B
:1068D8000000FFFF6F7B0008000400800024008098
:1068E80080B588B002AFF8607A601A460B467B81A3
:1068F80013463B81FB6893F84130DBB2202B40F014
:106908002081FB681B689B6903F40043B3F5004FC3
:1069180001D1022316E1FB6893F84030012B01D125
:1069280002230FE1FB68012283F84020FB68212243
:1069380083F84120FB68102283F84220FB6800227C
:106948005A64FB687A685A62FB683A895A85FB6818
:106958007E4ADA62FB687E4A5A63FB685B8D9BB2AB
:10696800FF2B06D9FB68FF221A854FF080737B61E5
:1069780007E0FB685B8D9AB2FB681A854FF00073DD
:106988007B61FB681B8D002B00F0C380FB689B6B51
:10699800002B5BD0FB689B6B6E4A1A66FB689B6B8F
:1069A8006D4A9A66FB689B6B00225A66FB689B6B74
:1069B8000022DA66FB689B6B1B6D03F08003002BDB
:1069C80036D0FB689B6B5B6F002B1DD0FB681A8D64
:1069D800FB689B6B5B6F1B689A60FB689B6B5B6FCC
:1069E8001B687A68DA60FB681B6803F12802FB6899
:1069F8009B6B5B6F1B681A61FB689B6B1846FEF705
:106A080049FB0346FB7435E0FB68202283F84120EC
:106A1800FB68002283F84220FB685B6C43F080022D
:106A2800FB685A64FB68002283F84020012389E050
:106A3800FB68986B7968FB681B6828331A46FB6803
:106A48001B8DFDF799FC0346FB7413E0FB682022BD
:106A580083F84120FB68002283F84220FB685B6CC6
:106A680043F08002FB685A64FB68002283F84020E8
:106A7800012367E0FB7C002B37D1FB681B68DB6ACE
:106A880003F40013B3F5001F0BD1FB681B8DDAB2BA
:106A980079894FF0004300937B69F86803F006F8A2
:106AA80009E0FB681B8DDAB279892C4B00937B696E
:106AB800F86802F0FBFFFB685B8D9AB2FB681B8DE0
:106AC800D31A9AB2FB685A85FB68002283F84020E3
:106AD8001021F86803F01CF8FB681B681A68FB684B
:106AE8001B6842F480421A6029E0FB68202283F880
:106AF8004120FB68002283F84220FB685B6C43F06E
:106B08001002FB685A64FB68002283F840200123C6
:106B180018E0FB68124A5A63FB681B8DDAB2798960
:106B28000E4B00934FF00073F86802F0BFFFFB684C
:106B3800002283F840200121F86802F0E9FF0023D1
:106B480000E0022318461837BD4680BD0000FFFF4D
:106B58002D820008AF930008AB9500080020008044
:106B68006F7B000880B588B002AFF8607A601A467B
:106B78000B467B8113463B81FB6893F84130DBB2BF
:106B8800202B40F01F81FB681B689B6903F40043BE
:106B9800B3F5004F01D1022315E1FB6893F84030AB
:106BA800012B01D102230EE1FB68012283F840206A
:106BB800FB68222283F84120FB68102283F84220D8
:106BC800FB6800225A64FB687A685A62FB683A8953
:106BD8005A85FB687E4ADA62FB687E4A5A63FB681C
:106BE8005B8D9BB2FF2B06D9FB68FF221A854FF0FD
:106BF80080737B6107E0FB685B8D9AB2FB681A853E
:106C08004FF000737B61FB681B8D002B00F0C28086
:106C1800FB68DB6B002B5BD0FB68DB6B6E4A1A668C
:106C2800FB68DB6B6D4A9A66FB68DB6B00225A6671
:106C3800FB68DB6B0022DA66FB68DB6B1B6D03F01D
:106C48008003002B36D0FB68DB6B5B6F002B1DD0FD
:106C5800FB681A8DFB68DB6B5B6F1B689A60FB68CF
:106C68001B6803F12402FB68DB6B5B6F1B68DA604F
:106C7800FB68DB6B5B6F1B687A681A61FB68DB6B10
:106C88001846FEF707FA0346FB7435E0FB68202236
:106C980083F84120FB68002283F84220FB685B6C84
:106CA80043F08002FB685A64FB68002283F84020A6
:106CB800012388E0FB68D86BFB681B6824331946FE
:106CC8007A68FB681B8DFDF757FB0346FB7413E0DE
:106CD800FB68202283F84120FB68002283F84220C9
:106CE800FB685B6C43F08002FB685A64FB68002217
:106CF80083F84020012366E0FB7C002B36D1FB683B
:106D08001B68DB6A03F40013B3F5001F0AD1FB68A4
:106D18001B8DDAB27989324B00937B69F86802F0EF
:106D2800C5FE09E0FB681B8DDAB279892D4B00930B
:106D38007B69F86802F0BAFEFB685B8D9AB2FB6863
:106D48001B8DD31A9AB2FB685A85FB68002283F818
:106D580040201021F86802F0DBFEFB681B681A6807
:106D6800FB681B6842F400421A6029E0FB68202295
:106D780083F84120FB68002283F84220FB685B6CA3
:106D880043F01002FB685A64FB68002283F8402035
:106D9800012318E0FB68144A5A63FB681B8DDAB2BA
:106DA8007989104B00934FF00073F86802F07EFE6B
:106DB800FB68002283F840200221F86802F0A8FE50
:106DC800002300E0022318461837BD4680BD00BFE7
:106DD8000000FFFF2D820008AD940008AB95000865
:106DE80000040080002400806F7B000880B588B014
:106DF80002AFF860084611461A4603467B810B46E7
:106E08003B811346FB80FB6893F84130DBB2202BB3
:106E180040F0F9803B6A002B02D0BB8C002B05D1D7
:106E2800FB684FF400725A640123EDE0FB6893F8A5
:106E38004030012B01D10223E6E0FB68012283F8F0
:106E48004020FEF7CBFF78617B690093192301226C
:106E58004FF40041F86802F0D9FB0346002B01D03B
:106E68000123D1E0FB68212283F84120FB684022FE
:106E780083F84220FB6800225A64FB683A6A5A6227
:106E8800FB68BA8C5A85FB6800225A63F8883A89ED
:106E980079897B690193BB6A00930346F86801F01E
:106EA800D7FC0346002B05D0FB68002283F840205E
:106EB8000123A9E0FB685B8D9BB2FF2B0ED9FB6811
:106EC800FF221A85FB681B8DDAB2798900230093AB
:106ED8004FF08073F86802F0E9FD0FE0FB685B8D06
:106EE8009AB2FB681A85FB681B8DDAB27989002390
:106EF80000934FF00073F86802F0D8FD7A69B96A18
:106F0800F86802F0DCFB0346002B01D001237BE08C
:106F1800FB685B6A1A78FB681B689A62FB685B6AA5
:106F28005A1CFB685A62FB685B8D9BB2013B9AB2A4
:106F3800FB685A85FB681B8D013B9AB2FB681A8572
:106F4800FB685B8D9BB2002B34D0FB681B8D002B3C
:106F580030D17B690093BB6A00228021F86802F077
:106F680055FB0346002B01D001234DE0FB685B8DE8
:106F78009BB2FF2B0ED9FB68FF221A85FB681B8D7D
:106F8800DAB27989002300934FF08073F86802F031
:106F98008DFD0FE0FB685B8D9AB2FB681A85FB6874
:106FA8001B8DDAB27989002300934FF00073F868DB
:106FB80002F07CFDFB685B8D9BB2002B9ED17A6949
:106FC800B96AF86802F0C2FB0346002B01D001231E
:106FD8001AE0FB681B682022DA61FB681B685968A5
:106FE800FB681A680A4B0B405360FB68202283F841
:106FF8004120FB68002283F84220FB68002283F8C6
:107008004020002300E0022318461837BD4680BD03
:1070180000E800FE80B588B002AFF8600846114667
:107028001A4603467B810B463B811346FB80FB686F
:1070380093F84130DBB2202B40F0FD803B6A002BF7
:1070480002D0BB8C002B05D1FB684FF400725A6448
:107058000123F1E0FB6893F84030012B01D10223B2
:10706800EAE0FB68012283F84020FEF7B7FE78616A
:107078007B690093192301224FF40041F86802F05C
:10708800C5FA0346002B01D00123D5E0FB68222274
:1070980083F84120FB68402283F84220FB680022E5
:1070A8005A64FB683A6A5A62FB68BA8C5A85FB686C
:1070B80000225A63F8883A8979897B690193BB6A07
:1070C80000930346F86801F017FC0346002B05D02F
:1070D800FB68002283F840200123ADE0FB685B8D4C
:1070E8009BB2FF2B0ED9FB68FF221A85FB681B8D0C
:1070F800DAB27989524B00934FF08073F86802F046
:10710800D5FC0FE0FB685B8D9AB2FB681A85FB68BB
:107118001B8DDAB279894A4B00934FF00073F868F7
:1071280002F0C4FC7B690093BB6A00220421F86862
:1071380002F06CFA0346002B01D001237CE0FB68C7
:107148001B685A6AFB685B6AD2B21A70FB685B6A92
:107158005A1CFB685A62FB681B8D013B9AB2FB689C
:107168001A85FB685B8D9BB2013B9AB2FB685A8516
:10717800FB685B8D9BB2002B34D0FB681B8D002B0A
:1071880030D17B690093BB6A00228021F86802F045
:107198003DFA0346002B01D001234DE0FB685B8DCF
:1071A8009BB2FF2B0ED9FB68FF221A85FB681B8D4B
:1071B800DAB27989002300934FF08073F86802F0FF
:1071C80075FC0FE0FB685B8D9AB2FB681A85FB685B
:1071D8001B8DDAB27989002300934FF00073F868A9
:1071E80002F064FCFB685B8D9BB2002B9AD17A6934
:1071F800B96AF86802F0AAFA0346002B01D0012305
:107208001AE0FB681B682022DA61FB681B68596872
:10721800FB681A680B4B0B405360FB68202283F80D
:107228004120FB68002283F84220FB68002283F893
:107238004020002300E0022318461837BD4680BDD1
:107248000024008000E800FE80B586B002AFF86038
:10725800084611461A4603467B810B463B81134676
:10726800FB80FB6893F84130DBB2202B6AD1BB6905
:10727800002B02D0BB8B002B05D1FB684FF40072AA
:107288005A6401235FE0FB681B689B6903F40043B1
:10729800B3F5004F01D1022355E0FB6893F8403065
:1072A800012B01D102234EE0FB68012283F8402024
:1072B800FB68212283F84120FB68402283F84220A2
:1072C800FB6800225A64FB6800221A85FB68BA69C9
:1072D8005A62FB68BA8B5A85FB681D4ADA62FB68FA
:1072E8001C4A5A637A89FB68DA64FB88012B09D146
:1072F8003B89DAB2FB681B689A62FB684FF0FF3281
:107308001A650BE03B891B0A9BB2DAB2FB681B6863
:107318009A623B89DBB21A46FB681A65FB88DAB2C7
:1073280079890D4B00934FF08073F86802F0BEFB2B
:10733800FB68002283F840200121F86802F0E8FB8E
:10734800002300E0022318461037BD4680BD00BF69
:107358000000FFFFC17D00080020008080B586B0D6
:1073680002AFF860084611461A4603467B810B4671
:107378003B811346FB80FB6893F84130DBB2202B3E
:1073880066D1BB69002B02D0BB8B002B05D1FB68F3
:107398004FF400725A6401235BE0FB681B689B6929
:1073A80003F40043B3F5004F01D1022351E0FB6819
:1073B80093F84030012B01D102234AE0FB680122F7
:1073C80083F84020FB68222283F84120FB68402292
:1073D80083F84220FB6800225A64FB68BA695A6243
:1073E800FB68BA8B5A85FB681C4ADA62FB681C4A40
:1073F8005A637A89FB68DA64FB88012B09D13B89D7
:10740800DAB2FB681B689A62FB684FF0FF321A65B4
:107418000BE03B891B0A9BB2DAB2FB681B689A62D5
:107428003B89DBB21A46FB681A65FB88DAB27989B0
:107438000C4B00930023F86802F038FBFB6800222D
:1074480083F840200121F86802F062FB002300E085
:10745800022318461037BD4680BD00BF0000FFFF5D
:10746800C17D00080020008080B588B002AFF860B8
:10747800084611461A4603467B810B463B81134654
:10748800FB80FB6893F84130DBB2202B40F0018190
:107498003B6A002B02D0BB8C002B05D1FB684FF454
:1074A80000725A640123F5E0FB681B689B6903F4CA
:1074B8000043B3F5004F01D10223EBE0FB6893F8DA
:1074C8004030012B01D10223E4E0FB68012283F85C
:1074D8004020FB68212283F84120FB68402283F882
:1074E8004220FB6800225A64FB683A6A5A62FB68C9
:1074F800BA8C5A85FB68694ADA62FB68684A5A633B
:107508007A89FB68DA64FB685B8D9BB2FF2B03D931
:10751800FB68FF221A8504E0FB685B8D9AB2FB6862
:107528001A85FB88012B09D13B89DAB2FB681B68F5
:107538009A62FB684FF0FF321A650BE03B891B0A21
:107548009BB2DAB2FB681B689A623B89DBB21A46C7
:10755800FB681A65FB689B6B002B5BD0FB689B6B19
:10756800504A1A66FB689B6B4F4A9A66FB689B6B8E
:1075780000225A66FB689B6B0022DA66FB689B6BED
:107588001B6D03F08003002B36D0FB689B6B5B6F91
:10759800002B1DD0FB681A8DFB689B6B5B6F1B680B
:1075A8009A60FB689B6B5B6F1B683A6ADA60FB68E2
:1075B8001B6803F12802FB689B6B5B6F1B681A61F1
:1075C800FB689B6B1846FDF765FD0346FB7535E0C8
:1075D800FB68202283F84120FB68002283F84220C0
:1075E800FB685B6C43F08002FB685A64FB6800220E
:1075F80083F8402001234DE0FB68986B396AFB68EB
:107608001B6828331A46FB681B8DFCF7B5FE03463A
:10761800FB7513E0FB68202283F84120FB680022F9
:1076280083F84220FB685B6C43F08002FB685A6475
:10763800FB68002283F8402001232BE0FB7D002B10
:1076480013D1FB88DAB27989184B00934FF0807315
:10765800F86802F02BFAFB68002283F84020012129
:10766800F86802F055FA002314E0FB68202283F83A
:107678004120FB68002283F84220FB685B6C43F0E2
:107688001002FB685A64FB68002283F8402001233B
:1076980000E0022318461837BD4680BD0000FFFFF2
:1076A80015840008AF930008AB95000800200080FF
:1076B80080B588B002AFF860084611461A460346FE
:1076C8007B810B463B811346FB80FB6893F8413076
:1076D800DBB2202B40F000813B6A002B02D0BB8C30
:1076E800002B05D1FB684FF400725A640123F4E0C3
:1076F800FB681B689B6903F40043B3F5004F01D195
:107708000223EAE0FB6893F84030012B01D1022301
:10771800E3E0FB68012283F84020FB68222283F81B
:107728004120FB68402283F84220FB6800225A640B
:10773800FB683A6A5A62FB68BA8C5A85FB68694AE0
:10774800DA62FB68684A5A637A89FB68DA64FB681C
:107758005B8D9BB2FF2B03D9FB68FF221A8504E0DF
:10776800FB685B8D9AB2FB681A85FB88012B09D1EF
:107778003B89DAB2FB681B689A62FB684FF0FF32FC
:107788001A650BE03B891B0A9BB2DAB2FB681B68DF
:107798009A623B89DBB21A46FB681A65FB68DB6BA9
:1077A800002B5BD0FB68DB6B504A1A66FB68DB6B0F
:1077B8004F4A9A66FB68DB6B00225A66FB68DB6BF4
:1077C8000022DA66FB68DB6B1B6D03F08003002B7D
:1077D80036D0FB68DB6B5B6F002B1DD0FB681A8D06
:1077E800FB68DB6B5B6F1B689A60FB681B6803F1C7
:1077F8002402FB68DB6B5B6F1B68DA60FB68DB6B82
:107808005B6F1B683A6A1A61FB68DB6B1846FDF709
:1078180041FC0346FB7535E0FB68202283F84120D4
:10782800FB68002283F84220FB685B6C43F080020F
:10783800FB685A64FB68002283F8402001234CE06F
:10784800FB68D86BFB681B68243319463A6AFB68E7
:107858001B8DFCF791FD0346FB7513E0FB682022A6
:1078680083F84120FB68002283F84220FB685B6CA8
:1078780043F08002FB685A64FB68002283F84020CA
:1078880001232AE0FB7D002B12D1FB88DAB279892B
:10789800184B00930023F86802F008F9FB680022EF
:1078A80083F840200121F86802F032F9002314E03F
:1078B800FB68202283F84120FB68002283F84220DD
:1078C800FB685B6C43F01002FB685A64FB6800229B
:1078D80083F84020012300E0022318461837BD46EC
:1078E80080BD00BF0000FFFF15840008AD940008AC
:1078F800AB9500080020008080B586B002AF7860A4
:107908000B467B807B6893F84230FB73FB7B102B24
:1079180002D0FB7B402B3CD17B6893F84030012B95
:1079280001D1022336E07B68012283F840207B687E
:1079380093F84130DBB2212B07D10121786802F09E
:107948006BF97B6811221A630CE07B6893F841306D
:10795800DBB2222B06D10221786802F05DF97B6840
:1079680012221A637B68602283F8412079880B4BC6
:1079780000934FF000730122786802F097F87B6853
:10798800002283F840202021786802F0C1F8002303
:1079980000E0012318461037BD4680BD0040008036
:1079A80080B584B000AF78607B681B689B69FB601A
:1079B8007B681B681B68BB607B685B6B002B05D012
:1079C8007B685B6BBA68F9687868984700BF1037BE
:1079D800BD4680BD80B586B000AF78607B681B6807
:1079E8009B697B617B681B681B683B617B691B0A21
:1079F80003F00103002B10D03B69DB0903F00103FE
:107A0800002B0AD07B685B6C43F001027B685A64E8
:107A18007B681B684FF48072DA617B699B0A03F00C
:107A28000103002B10D03B69DB0903F00103002B95
:107A38000AD07B685B6C43F008027B685A647B68F9
:107A48001B684FF48062DA617B695B0A03F001030B
:107A5800002B10D03B69DB0903F00103002B0AD08F
:107A68007B685B6C43F002027B685A647B681B6826
:107A78004FF40072DA617B685B6CFB60FB6803F0B3
:107A88000B03002B03D0F968786801F04FFB00BFA7
:107A98001837BD4680BD80B483B000AF786000BFA2
:107AA8000C37BD465DF8047B704780B483B000AFE7
:107AB800786000BF0C37BD465DF8047B704780B422
:107AC80083B000AF786000BF0C37BD465DF8047B1B
:107AD800704780B483B000AF786000BF0C37BD46F4
:107AE8005DF8047B704780B483B000AF78600B46C4
:107AF800FB7013463B8000BF0C37BD465DF8047B26
:107B0800704780B483B000AF786000BF0C37BD46C3
:107B18005DF8047B704780B483B000AF786000BF25
:107B28000C37BD465DF8047B704780B483B000AF66
:107B3800786000BF0C37BD465DF8047B704780B4A1
:107B480083B000AF786000BF0C37BD465DF8047B9A
:107B5800704780B483B000AF786000BF0C37BD4673
:107B68005DF8047B704780B588B002AFF860B960F3
:107B78007A60BB687B61FB6893F84030012B01D1C8
:107B8800022314E1FB68012283F840207B691B096A
:107B980003F00103002B13D07B681B0903F00103DA
:107BA800002B0DD0FB681B681022DA61FB685B6C48
:107BB80043F00402FB685A64F86801F0D0FBE1E086
:107BC8007B699B0803F00103002B23D07B689B088B
:107BD80003F00103002B1DD07B6923F004037B61B4
:107BE800FB681B685A6AFB685B6AD2B21A70FB684A
:107BF8005B6A5A1CFB685A62FB681B8D013B9AB290
:107C0800FB681A85FB685B8D9BB2013B9AB2FB68E7
:107C18005A85B7E07B695B0803F00103002B1ED08F
:107C28007B685B0803F00103002B18D0FB685B6AD4
:107C38001A78FB681B689A62FB685B6A5A1CFB68C7
:107C48005A62FB681B8D013B9AB2FB681A85FB6878
:107C58005B8D9BB2013B9AB2FB685A8592E07B69C7
:107C6800DB0903F00103002B5DD07B689B0903F05F
:107C78000103002B57D0FB685B8D9BB2002B40D0D3
:107C8800FB681B8D002B3CD1FB681B685B689BB2B3
:107C9800C3F309037B82FB685B8D9BB2FF2B0ED974
:107CA800FB68FF221A85FB681B8DDAB2798A0023EC
:107CB80000934FF08073F86801F0F8FE32E0FB683B
:107CC8005B8D9AB2FB681A85FB68DB6A13F5803F07
:107CD8000BD0FB681B8DDAB2FB68DB6A798A00205F
:107CE8000090F86801F0E2FE1CE0FB681B8DDAB238
:107CF800798A002300934FF00073F86801F0D6FEEC
:107D080010E0FB681B685B6803F00073B3F1007F49
:107D180003D0F86800F0C8FE34E04021F86801F0AC
:107D280005FA2FE02EE07B699B0903F00103002B85
:107D380028D07B689B0903F00103002B22D0FB6845
:107D48005B8D9BB2002B19D1FB681B685B6803F045
:107D58000073B3F1007F15D0FB68DB6A13F5803F31
:107D680008D1FB681B685A68FB681B6842F48042AC
:107D78005A6007E0F86800F097FE03E04021F868D1
:107D880001F0D4F97B695B0903F00103002B09D0EA
:107D98007B685B0903F00103002B03D07969F8685D
:107DA80000F022FFFB68002283F8402000231846D9
:107DB8001837BD4680BD000080B588B002AFF860B6
:107DC800B9607A60934B7B61BB683B61FB6893F851
:107DD8004030012B01D1022318E1FB68012283F80E
:107DE80040203B691B0903F00103002B13D07B687B
:107DF8001B0903F00103002B0DD0FB681B68102240
:107E0800DA61FB685B6C43F00402FB685A64F8684B
:107E180001F0A5FAE5E03B699B0803F00103002B9C
:107E280023D07B689B0803F00103002B1DD03B691E
:107E380023F004033B61FB681B685A6AFB685B6AB2
:107E4800D2B21A70FB685B6A5A1CFB685A62FB68FC
:107E58001B8D013B9AB2FB681A85FB685B8D9BB250
:107E6800013B9AB2FB685A85BBE03B695B0803F0AB
:107E78000103002B2DD07B685B0803F00103002B66
:107E880027D0FB681B6DB3F1FF3F18D1FB685B6A15
:107E98001A78FB681B689A62FB685B6A5A1CFB6865
:107EA8005A62FB681B8D013B9AB2FB681A85FB6816
:107EB8005B8D9BB2013B9AB2FB685A8591E0FB68E7
:107EC8001B68FA68126D9A62FB684FF0FF321A65F8
:107ED80087E03B69DB0903F00103002B3DD07B6899
:107EE8009B0903F00103002B37D0FB685B8D9BB225
:107EF800002B2CD0FB681B8D002B28D1FB685B8DD9
:107F08009BB2FF2B10D9FB68FF221A85FB68DB6C3C
:107F180099B2FB681B8DDAB2002300934FF080738F
:107F2800F86801F0C3FD17E0FB685B8D9AB2FB6847
:107F38001A85FB68DB6C99B2FB681B8DDAB20023EB
:107F480000934FF00073F86801F0B0FD04E04021A1
:107F5800F86801F0EBF844E043E03B699B0903F063
:107F68000103002B3DD07B689B0903F00103002B24
:107F780037D00121F86801F04FFE0221F86801F0BE
:107F8800C7FDFB6893F84130DBB2222B01D1224BAD
:107F98007B61FB685B8D9BB2FF2B10D9FB68FF22CE
:107FA8001A85FB68DB6C99B2FB681B8DDAB27B69BA
:107FB80000934FF08073F86801F078FD11E0FB68DA
:107FC8005B8D9AB2FB681A85FB68DB6C99B2FB681B
:107FD8001B8DDAB27B6900934FF00073F86801F0EB
:107FE80065FD3B695B0903F00103002B09D07B6841
:107FF8005B0903F00103002B03D03969F86800F02E
:10800800F3FDFB68002283F8402000231846183748
:10801800BD4680BD002000800024008080B586B069
:1080280000AFF860B9607A60FB68DB6A7B61BB68A7
:108038003B61FB6893F84030012B01D10223EDE04E
:10804800FB68012283F840203B695B0903F00103C8
:10805800002B0AD07B685B0903F00103002B04D0D6
:108068003969F86800F08EFED3E03B691B0903F01C
:108078000103002B4DD07B681B0903F00103002B83
:1080880047D0FB685B8D9BB2002B28D1FB6893F827
:108098004130DBB2282B08D17B69B3F1007F04D1D2
:1080A8003969F86800F0ECFF32E0FB6893F841307A
:1080B800DBB2292B0ED17B6913F5803F0AD0FB6810
:1080C8001B681022DA61F86801F049F9F86800F0D5
:1080D8002AFD1DE0FB681B681022DA6196E0FB6848
:1080E8001B681022DA61FB685B6C43F00402FB68D2
:1080F8005A647B69002B04D07B69B3F1807F40F020
:108108008580FB685B6C1946F86801F00FF87DE024
:108118007CE03B699B0803F00103002B30D07B68AF
:108128009B0803F00103002B2AD0FB685B8D9BB2F0
:10813800002B18D0FB681B685A6AFB685B6AD2B2CE
:108148001A70FB685B6A5A1CFB685A62FB681B8DD5
:10815800013B9AB2FB681A85FB685B8D9BB2013BB9
:108168009AB2FB685A85FB685B8D9BB2002B4FD196
:108178007B6913F5803F4BD0F86800F0D4FC47E0EA
:108188003B69DB0803F00103002B0AD07B68DB089E
:1081980003F00103002B04D03969F86800F000FCF3
:1081A80037E03B695B0803F00103002B31D07B68A3
:1081B8005B0803F00103002B2BD0FB685B8D9BB29F
:1081C800002B18D0FB685B6A1A78FB681B689A62F8
:1081D800FB685B6A5A1CFB685A62FB685B8D9BB242
:1081E800013B9AB2FB685A85FB681B8D013B9AB22A
:1081F800FB681A850DE07B69B3F1807F02D07B694B
:10820800002B06D1F86800F08EFC02E000BF00E009
:1082180000BFFB68002283F8402000231846183767
:10822800BD4680BD80B588B002AFF860B9607A609D
:10823800FB6893F84030012B01D10223E1E0FB6891
:10824800012283F84020BB681B0903F00103002BBF
:1082580017D07B681B0903F00103002B11D0FB68C2
:108268001B681022DA61FB685B6C43F00402FB6850
:108278005A642021F86801F04BFCF86801F06FF8A7
:10828800BAE0BB68DB0903F00103002B72D07B68FE
:108298009B0903F00103002B6CD0FB681B681A686C
:1082A800FB681B6822F040021A60FB685B8D9BB27A
:1082B800002B4ED0FB681B685B689BB2C3F30903B5
:1082C8007B82FB685B8D9BB2FF2B06D9FB68FF2284
:1082D8001A854FF080737B6110E0FB685B8D9AB262
:1082E800FB681A85FB68DB6A13F5803F03D0FB68DF
:1082F800DB6A7B6102E04FF000737B61FB681B8DDA
:10830800DAB2798A002300937B69F86801F0CEFB22
:10831800FB685B8D9AB2FB681B8DD31A9AB2FB6817
:108328005A85FB6893F84130DBB2222B08D1FB68F1
:108338001B681A68FB681B6842F400421A605BE01D
:10834800FB681B681A68FB681B6842F480421A6065
:1083580052E0FB681B685B6803F00073B3F1007FB1
:1083680003D0F86800F0A0FB46E04021F86800F070
:10837800DDFE41E0BB689B0903F00103002B29D017
:108388007B689B0903F00103002B23D0FB685B8DFE
:108398009BB2002B19D1FB681B685B6803F0007364
:1083A800B3F1007F27D0FB68DB6A13F5803F08D163
:1083B800FB681B685A68FB681B6842F480425A6075
:1083C80019E0F86800F070FB15E04021F86800F04B
:1083D800ADFE10E0BB685B0903F00103002B0BD076
:1083E8007B685B0903F00103002B05D0B968F868C6
:1083F80000F0FAFB00E000BFFB68002283F8402091
:10840800002318461837BD4680BD000080B588B0E7
:1084180002AFF860B9607A60924B7B61FB6893F8B1
:108428004030012B01D1022318E1FB68012283F8B7
:108438004020BB681B0903F00103002B17D07B68A1
:108448001B0903F00103002B11D0FB681B681022E5
:10845800DA61FB685B6C43F00402FB685A64202114
:10846800F86801F055FBF86800F079FFF1E0BB68A7
:108478005B0803F00103002B0FD07B685B0803F057
:108488000103002B09D0FB681B68FA68126D9A6219
:10849800FB684FF0FF321A65DBE0BB68DB0903F0CD
:1084A8000103002B60D07B689B0903F00103002BBC
:1084B8005AD00121F86801F0AFFB1021F86801F0EB
:1084C80027FBFB685B8D9BB2002B48D0FB685B8D5C
:1084D8009BB2FF2B10D9FB68FF221A85FB68DB6C67
:1084E80099B2FB681B8DDAB2002300934FF08073BA
:1084F800F86801F0DBFA11E0FB685B8D9AB2FB6863
:108508001A85FB68DB6C99B2FB681B8DDAB2002315
:1085180000934FF00073F86801F0C8FAFB685B8DB0
:108528009AB2FB681B8DD31A9AB2FB685A85FB680E
:1085380093F84130DBB2222B08D1FB681B681A681C
:10854800FB681B6842F400421A6082E0FB681B6803
:108558001A68FB681B6842F480421A6079E040217F
:10856800F86800F0E3FD74E0BB689B0903F00103C1
:10857800002B5ED07B689B0903F00103002B58D0C9
:108588000121F86801F048FB1021F86801F0C0FAF1
:10859800FB6893F84130DBB2222B01D1324B7B616F
:1085A800FB685B8D9BB2FF2B10D9FB68FF221A85F5
:1085B800FB68DB6C99B2FB681B8DDAB27B690093B0
:1085C8004FF08073F86801F071FA11E0FB685B8D79
:1085D8009AB2FB681A85FB68DB6C99B2FB681B8D45
:1085E800DAB27B6900934FF00073F86801F05EFA25
:1085F800FB685B8D9AB2FB681B8DD31A9AB2FB6835
:108608005A85FB6893F84130DBB2222B08D1FB680E
:108618001B681A68FB681B6842F400421A6018E07D
:10862800FB681B681A68FB681B6842F480421A6082
:108638000FE0BB685B0903F00103002B09D07B68DE
:108648005B0903F00103002B03D0B968F86800F058
:10865800CBFAFB68002283F840200023184618371D
:10866800BD4680BD002000800024008090B589B000
:1086780000AFF860B9607A60FB68DB6ABB61002311
:10868800FB61FB6893F84030012B01D10223DBE04A
:10869800FB68012283F84020BB685B0903F00103F3
:1086A800002B0AD07B685B0903F00103002B04D080
:1086B800B968F86800F066FBC1E0BB681B0903F005
:1086C8000103002B00F0AB807B681B0903F001035A
:1086D800002B00F0A4807B689B0B03F00103002BA8
:1086E80006D17B68DB0B03F00103002B00F09080C0
:1086F800FB68DB6B002B15D07B68DB0B03F00103F9
:10870800002B0FD0FB68DB6B1B689B6C9CB2FB6873
:10871800DB6B1846FCF728FF03462344002B01D1E6
:108728000123FB61FB689B6B002B15D07B689B0BBF
:1087380003F00103002B0FD0FB689B6B1B689B6C3D
:108748009CB2FB689B6B1846FCF70EFF034623445C
:10875800002B01D10123FB61FB69012B28D1FB68A8
:1087680093F84130DBB2282B08D1BB69B3F1007F05
:1087780004D1B968F86800F083FC48E0FB6893F816
:108788004130DBB2292B0ED1BB6913F5803F0AD0EB
:10879800FB681B681022DA61F86800F0E0FDF868F1
:1087A80000F0C1F933E0FB681B681022DA6134E09D
:1087B800FB681B681022DA61FB685B6C43F00402FB
:1087C800FB685A64FB6893F84130FB75BB69002B62
:1087D80003D0BB69B3F1807F1FD1FB7D212B02D071
:1087E800FB7D292B03D1FB6821221A6308E0FB7D5E
:1087F800222B02D0FB7D2A2B02D1FB6822221A638E
:10880800FB685B6C1946F86800F090FC05E004E032
:10881800FB681B681022DA6111E000BF0FE0BB683B
:10882800DB0803F00103002B09D07B68DB0803F0A9
:108838000103002B03D0B968F86800F0B1F8FB68B1
:10884800002283F84020002318462437BD4690BDF7
:1088580080B586B002AFF860084611461A4603464E
:108868007B810B463B811346FB80FB88DAB2798912
:10887800204B00934FF08073F86801F017F9FA69FC
:10888800B969F86800F01BFF0346002B01D00123EB
:108898002CE0FB88012B05D13B89DAB2FB681B6809
:1088A8009A6215E03B891B0A9BB2DAB2FB681B6827
:1088B8009A62FA69B969F86800F001FF0346002B6B
:1088C80001D0012312E03B89DAB2FB681B689A6287
:1088D800FB690093BB6900228021F86800F096FECE
:1088E8000346002B01D0012300E00023184610376F
:1088F800BD4680BD0020008080B586B002AFF8601C
:10890800084611461A4603467B810B463B811346AF
:10891800FB80FB88DAB27989204B00930023F86842
:1089280001F0C4F8FA69B969F86800F0C8FE0346AE
:10893800002B01D001232CE0FB88012B05D13B89BA
:10894800DAB2FB681B689A6215E03B891B0A9BB286
:10895800DAB2FB681B689A62FA69B969F86800F0CC
:10896800AEFE0346002B01D0012312E03B89DAB2A8
:10897800FB681B689A62FB690093BB69002240216F
:10898800F86800F043FE0346002B01D0012300E005
:10899800002318461037BD4680BD00BF0020008068
:1089A80080B584B000AF786039607B6893F8413057
:1089B800DBB203F02803282B6AD17B681B689B690C
:1089C8001B0CDBB203F00103FB737B681B689B691C
:1089D8001B0C9BB203F0FE03BB817B681B689B6882
:1089E8009BB2C3F309037B817B681B68DB689BB27E
:1089F80003F0FE033B817B68DB68022B38D17B895F
:108A0800DB099AB2BB8953409BB203F00603002BE3
:108A18001CD17B89BB817B689B6C5A1C7B689A64E0
:108A28007B689B6C022B3BD17B6800229A647B6835
:108A38001B680822DA617B68002283F840207B6883
:108A48009B6FBA89F97B7868984729E03B89BB8195
:108A58004FF40041786801F0DFF87B68002283F862
:108A680040207B689B6FBA89F97B7868984717E044
:108A78004FF40041786801F0CFF87B68002283F852
:108A880040207B689B6FBA89F97B7868984707E034
:108A98007B681B680822DA617B68002283F8402023
:108AA80000BF1037BD4680BD80B582B000AF78608A
:108AB8007B68002283F842207B6893F84130DBB260
:108AC800212B16D17B68202283F841207B68112254
:108AD8001A637B6800225A630121786801F09CF8C8
:108AE8007B68002283F840207B685B6D7868984734
:108AF80015E07B68202283F841207B6812221A63E4
:108B08007B6800225A630221786801F085F87B6847
:108B1800002283F840207B689B6D7868984700BFE7
:108B28000837BD4680BD80B584B000AF78607B68EB
:108B38001B681B68FB607B68002283F84220FB6887
:108B48009B0B03F00103002B08D07B681B681A6895
:108B58007B681B6822F480421A600DE0FB68DB0B1F
:108B680003F00103002B07D07B681B681A687B6839
:108B78001B6822F400421A607B6893F84130DBB22C
:108B8800292B13D17B68282283F841207B68212276
:108B98001A630121786801F03FF87B68002283F8A6
:108BA80040207B68DB6D7868984718E07B6893F80D
:108BB8004130DBB22A2B12D17B68282283F841206E
:108BC8007B6822221A630221786801F025F87B6805
:108BD800002283F840207B681B6E7868984700BFA6
:108BE8001037BD4680BD000080B586B000AF786004
:108BF80039603B687B617B681B682022DA617B688F
:108C080093F84130DBB2212B07D10121786801F0BC
:108C180003F87B6811221A630CE07B6893F84130F3
:108C2800DBB2222B06D10221786800F0F5FF7B68C1
:108C380012221A637B681B6859687B681A684F4B55
:108C48000B4053607B6800225A637B684C4ADA62A7
:108C58007B691B0903F00103002B09D07B681B68A3
:108C68001022DA617B685B6C43F004027B685A640B
:108C78007B6893F84130DBB2602B0BD17B699B0892
:108C880003F00103002B05D07B681B685B6ADBB22D
:108C9800FB60FB68786800F062FB7B685B6C3B619B
:108CA8007B6893F84130DBB2602B02D03B69002B24
:108CB80006D07B685B6C1946786800F037FA58E094
:108CC8007B6893F84130DBB2212B26D17B682022C8
:108CD80083F841207B6800221A637B6893F842304E
:108CE800DBB2402B0CD17B68002283F842207B68E2
:108CF800002283F840207B689B6E7868984738E0AC
:108D08007B68002283F842207B68002283F8402099
:108D18007B685B6D786898472BE07B6893F84130F7
:108D2800DBB2222B25D17B68202283F841207B6887
:108D380000221A637B6893F84230DBB2402B0CD1D7
:108D48007B68002283F842207B68002283F8402059
:108D58007B68DB6E786898470BE07B68002283F8B5
:108D680042207B68002283F840207B689B6D7868EE
:108D7800984700BF1837BD4680BD00BF00E800FE19
:108D88000000FFFF90B587B000AF786039607B685E
:108D98001B681B683B613B687B617B68DB6AFB6027
:108DA8007B6893F84130FB727B681B682022DA618C
:108DB800FB7A212B02D0FB7A292B08D148F201013A
:108DC800786800F029FF7B6821221A6319E0FB7A92
:108DD800222B02D0FB7A2A2B08D148F202017868AC
:108DE80000F01AFF7B6822221A630AE0FB7A282B1C
:108DF80007D148F20301786800F00EFF7B68002273
:108E08001A637B681B685A687B681B6842F40042D7
:108E18005A607B681B6859687B681A68964B0B40D8
:108E28005360786800F09BFA3B699B0B03F00103E1
:108E3800002B1CD07B681B681A687B681B6822F4AF
:108E480080421A607B689B6B002B32D07B689B6BDF
:108E58001B689B6C9CB27B689B6B1846FCF784FB79
:108E680003469BB223449AB27B685A8521E03B694A
:108E7800DB0B03F00103002B1BD07B681B681A680F
:108E88007B681B6822F400421A607B68DB6B002B4E
:108E98000FD07B68DB6B1B689B6C9CB27B68DB6BC1
:108EA8001846FCF761FB03469BB223449AB27B68E1
:108EB8005A857B699B0803F00103002B20D07B694E
:108EC80023F004037B617B681B685A6A7B685B6AD2
:108ED800D2B21A707B685B6A5A1C7B685A627B68DC
:108EE8001B8D002B0CD07B681B8D013B9AB27B68D5
:108EF8001A857B685B8D9BB2013B9AB27B685A8569
:108F08007B685B8D9BB2002B05D07B685B6C43F064
:108F180004027B685A647B691B0903F00103002B78
:108F28004AD03B691B0903F00103002B44D07B683E
:108F38005B8D9BB2002B28D17B6893F84130DBB264
:108F4800282B08D1FB68B3F1007F04D179697868D0
:108F580000F096F830E07B6893F84130DBB2292BBB
:108F68000ED1FB6813F5803F0AD07B681B6810227E
:108F7800DA61786800F0F3F97868FFF7D4FD1BE050
:108F88007B681B681022DA6116E07B681B68102278
:108F9800DA617B685B6C43F004027B685A64FB68A7
:108FA800002B03D0FB68B3F1807F05D17B685B6C35
:108FB8001946786800F0BAF87B68002283F84220E6
:108FC8007B6800225A637B685B6C002B10D07B683F
:108FD8005B6C1946786800F0A9F87B6893F8413013
:108FE800DBB2282B44D17969786800F049F83FE072
:108FF8007B68DB6A13F5803F15D07868FFF793FD2F
:109008007B681E4ADA627B68202283F841207B68ED
:1090180000221A637B68002283F840207B685B6E1D
:109028007868984724E07B6893F84130DBB2222BBC
:109038000FD17B68202283F841207B6800221A63C5
:109048007B68002283F840207B681B6E786898470D
:109058000EE07B68202283F841207B6800221A6397
:109068007B68002283F840207B68DB6D786898472E
:1090780000BF1C37BD4690BD00E800FE0000FFFFA2
:1090880080B582B000AF786039607B68264ADA62C2
:109098007B6800221A637B68202283F841207B6862
:1090A800002283F842207B6800225A633B689B08B1
:1090B80003F00103002B22D07B681B685A6A7B6887
:1090C8005B6AD2B21A707B685B6A5A1C7B685A6208
:1090D8007B681B8D002B12D07B681B8D013B9AB2DD
:1090E8007B681A857B685B8D9BB2013B9AB27B6873
:1090F8005A857B685B6C43F004027B685A6448F2CB
:109108000301786800F088FD7B681B681022DA612B
:109118007B68002283F840207B685B6E78689847FC
:1091280000BF0837BD4680BD0000FFFF80B584B092
:1091380000AF786039607B6893F84130FB737B68D7
:10914800002283F842207B686D4ADA627B6800223D
:109158005A857B685A6C3B681A437B685A64FB7B68
:10916800282B05D0FB7B292B02D0FB7B2A2B0BD18C
:109178000321786800F050FD7B68282283F841209D
:109188007B68604A5A6330E048F20301786800F06F
:1091980043FD786800F0E3F87B6893F84130DBB270
:1091A800602B1FD07B68202283F841207B681B68D6
:1091B8009B6903F02003202B14D17B681B689B69F3
:1091C80003F01003102B09D17B681B681022DA61A9
:1091D8007B685B6C43F004027B685A647B681B689D
:1091E8002022DA617B6800225A637B681B6BBB60B4
:1091F8007B689B6B002B39D0BB68112B02D0BB68F6
:10920800212B33D17B681B681B6803F48043B3F5BB
:10921800804F07D17B681B681A687B681B6822F43B
:1092280080421A607B689B6B1846FBF70BFB034672
:10923800012B17D07B689B6B334ADA667B68002268
:1092480083F840207B689B6B1846FBF771F903464F
:10925800002B4DD07B689B6BDB6E7A68926B104657
:10926800984745E0786800F051F841E07B68DB6B8F
:10927800002B39D0BB68122B02D0BB68222B33D10C
:109288007B681B681B6803F40043B3F5004F07D1E4
:109298007B681B681A687B681B6822F400421A60A6
:1092A8007B68DB6B1846FBF7CDFA0346012B17D01A
:1092B8007B68DB6B144ADA667B68002283F84020FF
:1092C8007B68DB6B1846FBF733F90346002B11D09C
:1092D8007B68DB6BDB6E7A68D26B1046984709E0D7
:1092E800786800F013F805E0786800F00FF802E0FD
:1092F80000BF00E000BF00BF1037BD4680BD00BF03
:109308000000FFFF25800008D995000880B582B0CD
:1093180000AF78607B6893F84130DBB2602B0FD1E7
:109328007B68202283F841207B6800221A637B68CF
:10933800002283F840207B685B6F786898470AE0D2
:109348007B6800221A637B68002283F840207B68D0
:109358001B6F7868984700BF0837BD4680BD80B44A
:1093680083B000AF78607B681B689B6903F00203D9
:10937800022B03D17B681B6800229A627B681B68FA
:109388009B6903F00103012B07D07B681B689A696E
:109398007B681B6842F001029A6100BF0C37BD462A
:1093A8005DF8047B704780B584B000AF7860002317
:1093B800FB737B68DB6DBB60BB681B681A68BB68A6
:1093C8001B6822F480421A60BB685B8D9BB2002B3D
:1093D80004D12021B86800F09BFB5FE0BB685B6AA2
:1093E800BA68128D1A44BB685A62BB685B8D9BB21F
:1093F800FF2B03D9BB68FF221A8504E0BB685B8D8D
:109408009AB2BB681A85BB689B6B1B6D03F080031F
:10941800002B28D0BB689B6B5B6F002B1ED0BB68F2
:109428001A8DBB689B6B5B6F1B689A60BB685A6A36
:10943800BB689B6B5B6F1B68DA60BB681B6803F1DA
:109448002802BB689B6B5B6F1B681A61BB689B6BD0
:109458001846FBF71FFE0346FB7313E01021B8689C
:10946800FFF764FE0EE0BB68986BBB685B6A194641
:10947800BB681B6828331A46BB681B8DFAF77CFF4C
:109488000346FB73FB7B002B04D01021B868FFF761
:109498004DFE03E04021B86800F03AFB00BF1037EA
:1094A800BD4680BD80B584B000AF78600023FB73F3
:1094B8007B68DB6DBB60BB681B681A68BB681B6890
:1094C80022F400421A60BB685B8D9BB2002B04D16A
:1094D8002021B86800F01CFB5FE0BB685B6ABA68D3
:1094E800128D1A44BB685A62BB685B8D9BB2FF2B16
:1094F80003D9BB68FF221A8504E0BB685B8D9AB26A
:10950800BB681A85BB68DB6B1B6D03F08003002BFF
:1095180028D0BB68DB6B5B6F002B1ED0BB681A8D35
:10952800BB68DB6B5B6F1B689A60BB681B6803F1E9
:109538002402BB68DB6B5B6F1B68DA60BB685A6A26
:10954800BB68DB6B5B6F1B681A61BB68DB6B18461B
:10955800FBF7A0FD0346FB7313E01021B868FFF783
:10956800E5FD0EE0BB68D86BBB681B682433194661
:10957800BB685B6A1A46BB681B8DFAF7FDFE03469B
:10958800FB73FB7B002B04D01021B868FFF7CEFDDE
:1095980003E04021B86800F0BBFA00BF1037BD46B1
:1095A80080BD80B584B000AF78607B68DB6DFB6000
:1095B800FB681B685A68FB681B6842F400425A60E3
:1095C8001021F868FFF7B2FD00BF1037BD4680BD17
:1095D80080B584B000AF78607B68DB6DFB60FB68AA
:1095E8009B6B002B03D0FB689B6B0022DA66FB6841
:1095F800DB6B002B03D0FB68DB6B0022DA66F868B4
:10960800FFF784FE00BF1037BD4680BD80B584B02B
:1096180000AFF860B9603B601346FB713BE0BA6984
:109628003968F86800F062F90346002B01D001237D
:1096380041E03B68B3F1FF3F2DD0FCF7CFFB02467A
:10964800BB69D31A3A689A4202D33B68002B22D1ED
:10965800FB681B689A69BB681340BA689A420CBFDA
:1096680001230023DBB21A46FB799A4213D1FB6827
:109678005B6C43F02002FB685A64FB68202283F885
:109688004120FB68002283F84220FB68002283F80F
:10969800402001230FE0FB681B689A69BB681340F0
:1096A800BA689A420CBF01230023DBB21A46FB7941
:1096B8009A42B4D0002318461037BD4680BD80B505
:1096C80084B000AFF860B9607A6033E07A68B9684E
:1096D800F86800F00BF90346002B01D0012331E0B4
:1096E800BB68B3F1FF3F25D0FCF778FB02467B68E7
:1096F800D31ABA689A4202D3BB68002B1AD1FB6806
:109708001B689B6903F00203022B13D0FB685B6C98
:1097180043F02002FB685A64FB68202283F841204A
:10972800FB68002283F84220FB68002283F840206F
:10973800012307E0FB681B689B6903F00203022B07
:10974800C4D1002318461037BD4680BD80B584B00B
:1097580000AFF860B9607A602FE07A68B968F86895
:1097680000F0C4F80346002B01D001232DE0FCF7DC
:1097780035FB02467B68D31ABA689A4202D3BB68A3
:10978800002B1AD1FB681B689B6903F02003202B70
:1097980013D0FB685B6C43F02002FB685A64FB68DB
:1097A800202283F84120FB68002283F84220FB68CE
:1097B800002283F84020012307E0FB681B689B69AF
:1097C80003F02003202BC8D1002318461037BD46CC
:1097D80080BD000080B586B000AFF860B9607A60DF
:1097E8000023FB7571E07A68B968F86800F07EF8C4
:1097F8000346002B01D00123FB75FB681B689B699E
:1098080003F02003202B3BD1FB7D002B38D1FB68D4
:109818001B689B6903F00403042B05D1FB681B8DAF
:10982800002B01D00023FB75FB681B689B6903F0C4
:109838001003102B21D1FB681B681022DA61FB682A
:1098480004225A64FB681B682022DA61FB681B68E3
:109858005968FB681A68244B0B405360FB68202248
:1098680083F84120FB68002283F84220FB6800222D
:1098780083F840200123FB7502E0FB6800225A644C
:10988800FCF7ACFA02467B68D31ABA689A4202D34C
:10989800BB68002B19D1FB7D002B16D1FB681B6818
:1098A8009B6903F00403042B0FD0FB685B6C43F047
:1098B8002002FB685A64FB68202283F84120FB6879
:1098C800002283F840200123FB75FB681B689B6915
:1098D80003F00403042B02D0FB7D002B83D0FB7D17
:1098E80018461837BD4680BD00E800FE80B58AB02E
:1098F80000AFF860B9607A60002387F82730FB680A
:109908001B689B69BB6100233B627B68FB61BB6989
:1099180003F01003002B68D0FB681B681022DA6183
:1099280049E0BB68B3F1FF3F45D0FCF757FA024660
:10993800FB69D31ABA689A4202D3BB68002B3AD1A2
:10994800FB681B685B6803F480437B61FB6893F8E2
:109958004230FB74FB681B689B6903F40043B3F552
:10996800004F21D17B69B3F5804F1DD0FB7C202BA4
:109978001AD0FB681B685A68FB681B6842F480426F
:109988005A60FCF72BFAF8610EE0FCF727FA02465A
:10999800FB69D31A192B07D93B6A43F020033B62B2
:1099A800012387F8273006E0FB681B689B6903F0F2
:1099B8002003202BE9D1FB681B689B6903F0200377
:1099C800202B03D097F82730002BAAD097F8273000
:1099D800002B03D1FB681B682022DA613B6A43F045
:1099E80004033B62012387F82730FB681B689B69E7
:1099F800BB61BB6903F48073002B0BD03B6A43F057
:109A080001033B62FB681B684FF48072DA61012333
:109A180087F82730BB6903F48063002B0BD03B6ABF
:109A280043F008033B62FB681B684FF48062DA610D
:109A3800012387F82730BB6903F40073002B0BD090
:109A48003B6A43F002033B62FB681B684FF40072F9
:109A5800DA61012387F8273097F82730002B1CD0CC
:109A6800F868FFF77CFCFB681B685968FB681A6894
:109A78000D4B0B405360FB685A6C3B6A1A43FB68FA
:109A88005A64FB68202283F84120FB68002283F88F
:109A98004220FB68002283F8402097F827301846B8
:109AA8002837BD4680BD00BF00E800FE80B487B0FF
:109AB80000AFF8607B600B467B8113467B727B8925
:109AC800C3F309027B7A1B0403F47F031A437B6800
:109AD8001A433B6A134323F000437B61FB681B680E
:109AE8005A683B6A5B0D03F48061084B0B43DB4308
:109AF80002EA0301FB681B687A690A435A6000BFDF
:109B08001C37BD465DF8047B704700BFFF63FF0349
:109B180080B485B000AF78600B467B800023FB6083
:109B28007B685B6B394A934232D07B685B6B384AFF
:109B380093422DD07B685B6B364A934228D0B7F9A5
:109B48000230002B03DAFB6843F0B803FB607B8824
:109B580003F00103002B03D0FB6843F0F203FB6022
:109B68007B8803F00203002B03D0FB6843F0F40367
:109B7800FB607B88102B03D1FB6843F09003FB60EC
:109B88007B88202B33D1FB6843F02003FB602EE059
:109B9800B7F90230002B03DAFB6843F0B803FB6027
:109BA8007B8803F00103002B03D0FB6843F0F2032A
:109BB800FB607B8803F00203002B03D0FB6843F0B3
:109BC800F403FB607B88102B03D1FB6843F0900300
:109BD800FB607B88202B03D1FB6843F06003FB60AC
:109BE8007B88402B03D1FB6843F04003FB607B6814
:109BF8001B6819687B681B68FA680A431A6000BF0B
:109C08001437BD465DF8047B704700BF2D820008FD
:109C1800758600081584000880B485B000AF7860A8
:109C28000B467B800023FB607B8803F00103002B3D
:109C38000FD0FB6843F04203FB607B6893F8413028
:109C4800DBB203F02803282B03D0FB6843F0B003F2
:109C5800FB607B8803F00203002B0FD0FB6843F006
:109C68004403FB607B6893F84130DBB203F02803C0
:109C7800282B03D0FB6843F0B003FB60B7F9023030
:109C8800002B03DAFB6843F0B803FB607B88102BDA
:109C980003D1FB6843F09003FB607B88202B03D142
:109CA800FB6843F02003FB607B88402B03D1FB68F3
:109CB80043F04003FB607B681B681968FB68DA4364
:109CC8007B681B680A401A6000BF1437BD465DF800
:109CD800047B704780B483B000AF786039607B68DC
:109CE80093F84130DBB2202B38D17B6893F84030B1
:109CF800012B01D1022332E07B68012283F8402046
:109D08007B68242283F841207B681B681A687B687B
:109D18001B6822F001021A607B681B681A687B685E
:109D28001B6822F480521A607B681B6819687B687C
:109D38001B683A680A431A607B681B681A687B6864
:109D48001B6842F001021A607B68202283F84120D8
:109D58007B68002283F84020002300E00223184695
:109D68000C37BD465DF8047B704780B485B000AF02
:109D7800786039607B6893F84130DBB2202B39D1A9
:109D88007B6893F84030012B01D1022333E07B68D4
:109D9800012283F840207B68242283F841207B68D5
:109DA8001B681A687B681B6822F001021A607B68CE
:109DB8001B681B68FB60FB6823F47063FB603B68EF
:109DC8001B02FA681343FB607B681B68FA681A6019
:109DD8007B681B681A687B681B6842F001021A607E
:109DE8007B68202283F841207B68002283F840208A
:109DF800002300E0022318461437BD465DF8047BB3
:109E08007047000080B58EB000AF7860002387F8F7
:109E180037307B68002B02D1012300F0C8BE994B74
:109E2800DB6903F00C033B63964B9B6A03F0030367
:109E3800FB627B681B6803F01003002B00F06C8149
:109E48003B6B002B07D03B6B0C2B40F0DE80FB6A92
:109E5800012B40F0DA807B68DB69002B02D10123FB
:109E680000F0A5BE7B685A6A864B9B6803F4000322
:109E7800002B04D0834B9B6803F0704305E0814BB3
:109E8800D3F8F4301B0403F07043934255D23B6B74
:109E9800002B0AD17B685B6A184601F015FA034665
:109EA800002B02D0012300F082BE764B9B68754AD6
:109EB80043F400039360734B9B6823F070427B6804
:109EC8005B6A704913438B607B685B6AB3F1404FF0
:109ED80009D36C4BDB6823F01F027B681B6A694956
:109EE8001343CB607EE07B685B6A002B0ADA654B24
:109EF800DB6823F478727B681B6A5B016149134352
:109F0800CB606FE07B685B6AB3F1804F0AD35D4B2F
:109F1800DB6823F4F8427B681B6A9B0259491343A8
:109F2800CB605FE0574BDB6823F478227B681B6AC1
:109F3800DB0354491343CB6054E0524B9B68514AAE
:109F480043F4000393604F4B9B6823F070427B6897
:109F58005B6A4C4913438B607B685B6AB3F1404F83
:109F680009D3484BDB6823F01F027B681B6A45490D
:109F78001343CB6028E07B685B6A002B0ADA414B0D
:109F8800DB6823F478727B681B6A5B013D491343E5
:109F9800CB6019E07B685B6AB3F1804F0AD3394B19
:109FA800DB6823F4F8427B681B6A9B02354913433C
:109FB800CB6009E0334BDB6823F478227B681B6AAB
:109FC800DB0330491343CB603B6B002B0AD17B6822
:109FD8005B6A184601F078F90346002B02D001238A
:109FE80000F0E5BD01F0E2F8274B1B68184611F0B8
:109FF8004DFA034687F8273097F82730002B00F0F2
:10A008008A8097F8273000F0D2BD7B68DB69002B87
:10A0180066D01C4B1B681B4A43F001031360FBF717
:10A02800DDFEB86209E0FBF7D9FE0246BB6AD31A27
:10A03800022B02D9032300F0BABD124B1B6803F0B0
:10A048000403002BEFD00F4B9B680E4A43F4000328
:10A0580093600C4B9B6823F070427B685B6A0949EC
:10A0680013438B607B685B6AB3F1404F0ED3054B9B
:10A07800DB6823F01F027B681B6A02491343CB602D
:10A088004AE000BF000C0246080000207B685B6ABB
:10A09800002B0ADA984BDB6823F478727B681B6A1A
:10A0A8005B0195491343CB6036E07B685B6AB3F18B
:10A0B800804F0AD3904BDB6823F4F8427B681B6A15
:10A0C8009B028D491343CB6026E08B4BDB6823F45E
:10A0D80078227B681B6ADB0387491343CB601BE04C
:10A0E800854B1B68844A23F001031360FBF776FE57
:10A0F800B86209E0FBF772FE0246BB6AD31A022B6C
:10A1080002D9032300F053BD7B4B1B6803F0040303
:10A11800002BEFD100E000BF7B681B6803F0010350
:10A12800002B00F08B803B6B082B05D03B6B0C2B76
:10A1380009D1FB6A032B06D17B685B68002B7DD1B4
:10A14800012300F034BD7B685B68B3F5803F06D11E
:10A15800694B1B68684A43F48033136041E07B68AD
:10A168005B68B3F5A02F12D1634B1B68624A43F4B6
:10A1780080231360604B1B685F4A23F480131360CD
:10A188005D4B1B685C4A43F48033136029E07B68AD
:10A198005B68B3F5A81F12D1574B1B68564A43F4A6
:10A1A80080231360544B1B68534A43F48013136095
:10A1B800514B1B68504A43F48033136011E04E4BF7
:10A1C8001B684D4A23F4803313604B4B1B684A4A83
:10A1D80023F480231360484B1B68474A23F48013F9
:10A1E80013607B685B68002B14D0FBF7F7FDB8623F
:10A1F80009E0FBF7F3FD0246BB6AD31A642B02D9C8
:10A20800032300F0D4BC3C4B1B6803F40033002B41
:10A21800EFD013E0FBF7E2FDB86209E0FBF7DEFDE3
:10A228000246BB6AD31A642B02D9032300F0BFBCD1
:10A23800314B1B6803F40033002BEFD17B681B689C
:10A2480003F00203002B5FD03B6B042B05D03B6B64
:10A258000C2B14D1FB6A022B11D17B68DB68002B15
:10A2680002D1012300F0A3BC234B1B6923F4F8128D
:10A278007B681B691B04204913430B6144E07B681E
:10A28800DB68002B24D01C4B1B681B4A43F48073EB
:10A298001360FBF7A3FDB86209E0FBF79FFD0246D8
:10A2A800BB6AD31A022B02D9032300F080BC124BDD
:10A2B8001B6803F48063002BEFD00F4B1B6923F45A
:10A2C800F8127B681B691B040B4913430B611BE0E5
:10A2D800094B1B68084A23F480731360FBF77EFD63
:10A2E800B8620BE0FBF77AFD0246BB6AD31A022B71
:10A2F80004D9032300F05BBC000C0246AF4B1B687B
:10A3080003F48063002BEDD17B681B6803F008031E
:10A31800002B00F0C880002387F83630A74BD3F80D
:10A32800943003F00403002B11D1A44BD3F89430DC
:10A33800A24A43F00403C2F89430A04BD3F89430F7
:10A3480003F004037B617B69012387F836309C4B5B
:10A358009B6A03F00103002B19D1994B9B6A984A19
:10A3680043F001039362FBF739FDB86209E0FBF79C
:10A3780035FD0246BB6AD31A022B02D9032300F02B
:10A3880016BC8F4B9B6A03F00103002BEFD07B6850
:10A398005B69002B5FD0894BD3F8F0303B627B6858
:10A3A8009A693B6A03F080539A4237D03B6A03F0BC
:10A3B8000063002B06D03B6A03F08063002B01D1B9
:10A3C8000123F4E33B6A03F08063002B1BD07B4B33
:10A3D800D3F8F030794A23F0A053C2F8F030FBF7F5
:10A3E800FDFCB86208E0FBF7F9FC0246BB6AD31A29
:10A3F800052B01D90323DAE3704BD3F8F03003F0CF
:10A408000063002BEFD16D4BD3F8F03023F080526E
:10A418007B689B6969491343C1F8F030674BD3F8EF
:10A42800F030664A43F08063C2F8F030FBF7D6FCA0
:10A43800B86208E0FBF7D2FC0246BB6AD31A052BC8
:10A4480001D90323B3E35D4BD3F8F03003F0006385
:10A45800002BEFD01BE0594BD3F8F030574A23F0CC
:10A46800A053C2F8F030FBF7B9FCB86208E0FBF77C
:10A47800B5FC0246BB6AD31A052B01D9032396E320
:10A488004E4BD3F8F03003F00063002BEFD197F870
:10A498003630012B07D1494BD3F89430474A23F083
:10A4A8000403C2F894307B681B6803F00403002B94
:10A4B80000F01181002387F83530404BD3F89430F1
:10A4C80003F00403002B11D13C4BD3F894303B4AE2
:10A4D80043F00403C2F89430384BD3F8943003F0B7
:10A4E80004033B613B69012387F83530344B9B6A91
:10A4F80003F00103002B18D1314B9B6A304A43F01B
:10A5080001039362FBF76AFCB86208E0FBF766FC9C
:10A518000246BB6AD31A022B01D9032347E3284B0F
:10A528009B6A03F00103002BF0D07B689B6803F063
:10A538000103002B1FD07B689B6803F00403002BEA
:10A5480010D01E4BD3F8F0301C4A43F00403C2F875
:10A55800F0301A4BD3F8F030184A43F00103C2F830
:10A56800F03018E0154BD3F8F030144A43F00103EB
:10A57800C2F8F0300FE0114BD3F8F0300F4A23F057
:10A588000103C2F8F0300D4BD3F8F0300B4A23F03A
:10A598000403C2F8F0307B689B68002B57D0FBF7A8
:10A5A8001DFCB8620EE0FBF719FC0246BB6AD31A21
:10A5B80041F28832934205D90323F8E2000C02469F
:10A5C800000802469C4BD3F8F03003F00203002B3E
:10A5D800E9D07B689B6803F08003002B1BD0964B67
:10A5E800D3F8F030944A43F08003C2F8F0300AE020
:10A5F800FBF7F4FB0246BB6AD31A41F28832934256
:10A6080001D90323D3E28C4BD3F8F03003F4006371
:10A61800002BEDD053E0884BD3F8F030864A23F076
:10A628008003C2F8F0300AE0FBF7D8FB0246BB6AA9
:10A63800D31A41F28832934201D90323B7E27E4B01
:10A64800D3F8F03003F40063002BEDD137E0FBF7CB
:10A65800C5FBB8620AE0FBF7C1FB0246BB6AD31A26
:10A6680041F28832934201D90323A0E2724BD3F816
:10A67800F03003F00203002BEDD16F4BD3F8F0302C
:10A6880003F08003002B1AD06B4BD3F8F0306A4AE2
:10A6980023F08003C2F8F0300AE0FBF79FFB024684
:10A6A800BB6AD31A41F28832934201D903237EE26E
:10A6B800614BD3F8F03003F40063002BEDD197F829
:10A6C8003530012B07D15C4BD3F894305A4A23F02C
:10A6D8000403C2F894307B681B6803F02003002B46
:10A6E80036D07B68DB6A002B19D0534B1B68524A63
:10A6F80043F480531360FBF771FBB86208E0FBF783
:10A708006DFB0246BB6AD31A022B01D903234EE222
:10A71800494B1B6803F40053002BF0D018E0464B5C
:10A728001B68454A23F480531360FBF757FBB86254
:10A7380008E0FBF753FB0246BB6AD31A022B01D988
:10A74800032334E23C4B1B6803F40053002BF0D185
:10A758007B681B6803F08003002B36D07B681B6B7B
:10A76800002B19D0344B1B68334A43F480431360E1
:10A77800FBF734FBB86208E0FBF730FB0246BB6A24
:10A78800D31A022B01D9032311E22B4B1B6803F4C4
:10A798000043002BF0D018E0274B1B68264A23F40F
:10A7A80080431360FBF71AFBB86208E0FBF716FB5F
:10A7B8000246BB6AD31A022B01D90323F7E11E4BC9
:10A7C8001B6803F40043002BF0D17B681B6803F07F
:10A7D8004003002B7FD07B685B6B002B62D0164B4D
:10A7E8009B68154A43F400039360134B9B6823F05E
:10A7F80070627B689B6A104913438B607B685B6A55
:10A80800B3F1404F09D30C4BDB6823F01F027B6880
:10A818001B6A09491343CB602AE07B685B6A002BFB
:10A828000CDA054BDB6823F478727B681B6A5B01E2
:10A8380001491343CB601BE0000C02467B685B6A4E
:10A84800B3F1804F0AD3A14BDB6823F4F8427B684D
:10A858001B6A9B029D491343CB6009E09B4BDB6855
:10A8680023F478227B681B6ADB0398491343CB6087
:10A87800964B1B68954A43F010031360FBF7AEFA3A
:10A88800B86208E0FBF7AAFA0246BB6AD31A022BA1
:10A8980001D903238BE18D4B1B6803F02003002BA8
:10A8A800F0D018E0894B1B68884A23F01003136026
:10A8B800FBF794FAB86208E0FBF790FA0246BB6A25
:10A8C800D31A022B01D9032371E1804B1B6803F0D3
:10A8D8002003002BF0D17B689B6B002B00F0668176
:10A8E800002387F83430794BDB6903F00C030C2B19
:10A8F80000F0F2807B689B6B022B40F0C580734BA5
:10A908001B68724A23F080731360FBF767FAB8621A
:10A9180008E0FBF763FA0246BB6AD31A022B01D997
:10A92800032344E1694B1B6803F00073002BF0D14B
:10A93800664BD3F8943003F00403002B11D1634B1A
:10A94800D3F89430614A43F00403C2F894305F4B63
:10A95800D3F8943003F00403FB60FB68012387F805
:10A9680034305B4BDB6803F48023B3F5802F02D1CE
:10A97800012387F83730564BDB68554A23F4802388
:10A98800D360524B9B6A23F47F4323F003037A6816
:10A99800D16B7A68126C013A120211437A68526CD0
:10A9A8000A434A4913438B62484B5A6B494B13403D
:10A9B8007A68926C013AC2F308017A68D26C013A5B
:10A9C800520292B211437A68126D013A120402F4EB
:10A9D800FE0211437A68526D013A120602F0FE42F5
:10A9E8000A433A4913434B63384B9B6A374A23F06F
:10A9F800100393627B68DB6D344ADB009363334B4F
:10AA08009B6A324A43F010039362304B9B6A23F0EF
:10AA18000C027B689B6D2D4913438B6297F8373086
:10AA2800012B05D12A4BDB68294A43F48023D360E4
:10AA380097F83430012B07D1244BD3F89430234AAC
:10AA480023F00403C2F89430204B1B681F4A43F0DC
:10AA580080731360FBF7C2F9B86208E0FBF7BEF930
:10AA68000246BB6AD31A022B01D903239FE0174B76
:10AA78001B6803F00073002BF0D0144B9B6A134A39
:10AA880043F48023936291E0104B1B680F4A23F034
:10AA980080731360FBF7A2F9B86208E0FBF79EF930
:10AAA8000246BB6AD31A022B01D903237FE0074B66
:10AAB8001B6803F00073002BF0D1044B9B6A034A18
:10AAC80023F4E02323F0030393626FE0000C0246B3
:10AAD8000008024600008080374B9B6AFB61364BBA
:10AAE8005B6BBB617B689B6B012B39D0FB6903F007
:10AAF80003027B68DB6B9A4232D1FB691B0A03F0C5
:10AB08000F027B681B6C013B9A4229D1FB6903F455
:10AB180070427B685B6C9A4222D1BB69C3F308021E
:10AB28007B689B6C013B9A421AD1BB695B0A03F0B4
:10AB38007F027B68DB6C013B9A4211D1BB691B0C1D
:10AB480003F07F027B681B6D013B9A4208D1BB6909
:10AB58001B0E03F07F027B685B6D013B9A4201D0BC
:10AB6800012324E0144B9B6BDB08C3F30C027B68C6
:10AB7800DB6D9A421AD0104B9B6A0F4A23F01003E0
:10AB88009362FBF72BF9B86200BFFBF727F902467F
:10AB9800BB6A9342F9D07B68DB6D074ADB0093639D
:10ABA800054B9B6A044A43F010039362002318463E
:10ABB8003837BD4680BD00BF000C024680B586B060
:10ABC80000AF786039607B68002B01D10123D9E19F
:10ABD8009B4B1B6803F00F033A689A4210D9984BB5
:10ABE8001B6823F00F0296493B6813430B60944B94
:10ABF8001B6803F00F033A689A4201D00123C1E1B0
:10AC08007B681B6803F01003002B10D07B685A691F
:10AC18008C4B5B6A03F070039A4208D9894B5B6AD4
:10AC280023F070027B685B69864913434B627B683B
:10AC38001B6803F00803002B12D07B681A69814B4C
:10AC48001B6A1B0903F070039A4209D97D4B1B6AE2
:10AC580023F4E0627B681B691B017A4913430B628A
:10AC68007B681B6803F00403002B10D07B68DA684C
:10AC7800744B1B6A03F070039A4208D9714B1B6A24
:10AC880023F070027B68DB686E4913430B627B68B4
:10AC98001B6803F00203002B10D07B689A68694B8D
:10ACA8001B6A03F00F039A4208D9664B1B6A23F00C
:10ACB8000F027B689B68634913430B627B681B68C0
:10ACC80003F00103002B00F0D2800023FB757B68A2
:10ACD8005B68032B43D15B4BD3F8943003F0040338
:10ACE800002B10D1574BD3F89430564A43F0040345
:10ACF800C2F89430534BD3F8943003F00403BB608C
:10AD0800BB680123FB75FBF769F838614E4BDB68BC
:10AD180003F48023002B0FD008E0FBF75FF802460E
:10AD28003B69D31A022B01D903232BE1464BDB687D
:10AD380003F48043002BF0D0FB7D012B07D1414B5E
:10AD4800D3F894303F4A23F00403C2F894303D4BC3
:10AD58001B6803F00073002B21D1012312E17B68EB
:10AD68005B68022B07D1374B1B6803F40033002BB9
:10AD780015D1012306E17B685B68002B07D1314BB5
:10AD88001B6803F00403002B09D10123FAE02D4BC3
:10AD98001B6803F48063002B01D10123F2E0294BE7
:10ADA800DB6923F003027B685B6826491343CB61A8
:10ADB800FBF714F838617B685B68032B12D10AE053
:10ADC800FBF70CF802463B69D31A41F288329342EA
:10ADD80001D90323D6E01B4BDB6903F00C030C2BD2
:10ADE800EED144E07B685B68022B12D10AE0FAF7E7
:10ADF800F5FF02463B69D31A41F28832934201D9E2
:10AE08000323BFE00F4BDB6903F00C03082BEED1E3
:10AE18002DE07B685B68002B23D10AE0FAF7DEFFA0
:10AE280002463B69D31A41F28832934201D903237F
:10AE3800A8E0044BDB6903F00C03002BEED116E00D
:10AE480000200240000C024600080246FAF7C6FF3E
:10AE580002463B69D31A41F28832934201D903234F
:10AE680090E04A4BDB6903F00C03042BEED17B68BE
:10AE78001B6803F00203002B10D07B689A68434BD1
:10AE88001B6A03F00F039A4208D2404B1B6A23F057
:10AE98000F027B689B683D4913430B623C4B1B6860
:10AEA80003F00F033A689A4210D2394B1B6823F01B
:10AEB8000F0237493B6813430B60354B1B6803F09F
:10AEC8000F033A689A4201D001235BE07B681B6854
:10AED80003F00403002B10D07B68DA682B4B1B6A45
:10AEE80003F070039A4208D2284B1B6A23F07002C1
:10AEF8007B68DB68254913430B627B681B6803F09A
:10AF08000803002B12D07B681A69204B1B6A1B09A7
:10AF180003F070039A4209D21C4B1B6A23F4E062C7
:10AF28007B681B691B01194913430B627B681B680B
:10AF380003F01003002B10D07B685A69134B5B6A2F
:10AF480003F070039A4208D2104B5B6A23F0700238
:10AF58007B685B690D4913434B6200F021F8024698
:10AF68000A4B1B6A03F00F030A49CB5C22FA03F36E
:10AF7800094A1360094B1B68184610F087FA034604
:10AF8800FB73FB7B18461837BD4680BD000C024694
:10AF980000200240ECF40208040000200800002011
:10AFA80080B48BB000AF00237B6200233B62784BF8
:10AFB800DB6903F00C03BB61754B9B6A03F0030369
:10AFC8007B61BB69002B05D0BB690C2B21D17B6948
:10AFD800012B1ED16E4B9B6803F40003002B07D195
:10AFE8006B4BD3F8F4301B0B03F00F037B6205E0C7
:10AFF800674B9B681B0F03F00F037B62654A7B6AF4
:10B0080052F823307B62BB69002B10D17B6A3B620C
:10B018000DE05F4BDB6903F00C03042B02D15E4BA0
:10B028003B6204E0BB69082B01D15C4B3B62BB6906
:10B038000C2B40F0A580564B9B6A03F003033B6141
:10B04800534B9B6A1B0A03F00F030133FB60504B01
:10B058009B6A1B0903F00103BB604D4B9B6BDB082C
:10B06800C3F30C03BA6802FB03F307EE903AF8EE59
:10B07800677AC7ED017A3B69022B03D03B69032B42
:10B0880022D043E0FB6807EE903AF8EE677ADFEDEE
:10B09800446A86EEA77A3E4B5B6BC3F3080307EE60
:10B0A800903AF8EE676A97ED016ADFED3E5AC6EE10
:10B0B800257A76EEA77AF7EE006A77EEA67A67EE3B
:10B0C800277AC7ED077A46E0FB6807EE903AF8EE74
:10B0D800677ADFED356A86EEA77A2D4B5B6BC3F393
:10B0E800080307EE903AF8EE676A97ED016ADFED1C
:10B0F8002D5AC6EE257A76EEA77AF7EE006A77EE35
:10B10800A67A67EE277AC7ED077A24E07B6A07EE0E
:10B11800903AF8EE676AFB6807EE903AF8EE677ABD
:10B1280086EEA77A1A4B5B6BC3F3080307EE903AD7
:10B13800F8EE676A97ED016ADFED1A5AC6EE257ACE
:10B1480076EEA77AF7EE006A77EEA67A67EE277AA8
:10B15800C7ED077A00BF0E4B5B6B1B0E03F07F0336
:10B1680001333B603B6807EE903AB8EE677AD7ED5B
:10B17800076AC6EE877AFCEEE77A17EE903A3B62EA
:10B188003B6A18462C37BD465DF8047B704700BF04
:10B19800000C024604F502080024F40000366E0193
:10B1A8000024744B00000046001BB74B80B500AF6D
:10B1B800FFF7F6FE0246074B1B6A03F00F0306492A
:10B1C800CB5C22FA03F3054A1360044B1B6818464C
:10B1D80080BD00BF000C0246ECF402080400002009
:10B1E80080B500AFFFF7E2FF0246054B1B6A1B095B
:10B1F80003F007030349CB5C22FA03F3184680BD2A
:10B20800000C0246FCF4020880B500AFFFF7CEFF41
:10B218000246054B1B6A1B0A03F007030349CB5C74
:10B2280022FA03F3184680BD000C0246FCF402081B
:10B2380080B500AFFFF7BAFF0246054B5B6A1B09F2
:10B2480003F007030349CB5C22FA03F3184680BDD9
:10B25800000C0246FCF4020880B483B000AF7860AA
:10B2680039607B681F221A60154BDB6903F0030203
:10B278007B685A60124B1B6A03F00F027B689A6066
:10B288000F4B1B6A03F070027B68DA600C4B1B6A79
:10B298001B0903F070027B681A61094B5B6A03F0B3
:10B2A80070027B685A61074B1B6803F00F023B680A
:10B2B8001A6000BF0C37BD465DF8047B704700BFBD
:10B2C800000C02460020024080B586B000AF7860CE
:10B2D8003E4BD3F8943003F00403002B03D003F063
:10B2E80003FB786119E0394BD3F89430374A43F0BF
:10B2F8000403C2F89430354BD3F8943003F00403B8
:10B30800FB60FB6803F0F0FA7861304BD3F89430B7
:10B318002E4A23F00403C2F894307B69B3F5403F0A
:10B3280003D07B69B3F5003F09D17B68B3F1805F37
:10B3380002D201233B6133E000233B6130E07B68AC
:10B34800B3F1805F08D27B69B3F5803F02D1032354
:10B358003B6125E0012335E07B68B3F1005F0FD93D
:10B368007B69002B09D17B68B3F1405F02D90023C8
:10B378003B6115E001233B6112E000233B610FE0D4
:10B388007B68B3F1805F09D17B69B3F5803F02D157
:10B3980001233B6104E002233B6101E001233B619F
:10B3A8000B4B1B6823F00F0209493B6913430B60E1
:10B3B800074B1B6803F00F033A699A4201D0012337
:10B3C80000E0002318461837BD4680BD000C024631
:10B3D800002002402DE9B04FB4B000AFC7F8BC0060
:10B3E800002387F8CB30002387F8CA30D7F8BC3061
:10B3F800D3E9002302F00104002554EA05030BD029
:10B40800C44BD3F8E03023F00301D7F8BC301B6DF0
:10B41800C04A0B43C2F8E030D7F8BC30D3E9002368
:10B4280002F004084FF0000958EA09030BD0B94BA1
:10B43800D3F8E03023F03001D7F8BC305B6DB54A63
:10B448000B43C2F8E030D7F8BC30D3E9002302F050
:10B45800080A4FF0000B5AEA0B030BD0AD4BD3F898
:10B46800E03023F0C001D7F8BC309B6DA94A0B43EC
:10B47800C2F8E030D7F8BC30D3E9002302F010035B
:10B48800C7F8B0300023C7F8B430D7E92C120B4600
:10B4980013430BD09F4BD3F8E03023F44071D7F817
:10B4A800BC30DB6D9B4A0B43C2F8E030D7F8BC30A8
:10B4B800D3E9002302F02003C7F8A8300023C7F817
:10B4C800AC30D7E92A120B4613430BD0914BD3F873
:10B4D800E83023F00701D7F8BC301B6E8D4A0B43C8
:10B4E800C2F8E830D7F8BC30D3E9002302F04003B3
:10B4F800C7F8A0300023C7F8A430D7E928120B46B4
:10B5080013430BD0834BD3F8E03023F44061D7F8D2
:10B51800BC305B6E7F4A0B43C2F8E030D7F8BC30D2
:10B52800D3E9002302F08003C7F898300023C7F856
:10B538009C30D7E926120B4613430BD0754BD3F832
:10B54800E03023F44051D7F8BC309B6E714A0B436E
:10B55800C2F8E030D7F8BC30D3E9002302F4807396
:10B56800C7F890300023C7F89430D7E924120B4667
:10B5780013430BD0674BD3F8E83023F0C001D7F85A
:10B58800BC30DB6E634A0B43C2F8E830D7F8BC30F6
:10B59800D3E9002302F48003C7F888300023C7F8F2
:10B5A8008C30D7E922120B4613430BD0594BD3F8F2
:10B5B800E03023F44041D7F8BC301B6F554A0B43A9
:10B5C800C2F8E030D7F8BC30D3E9002302F40073A6
:10B5D800C7F880300023C7F88430D7E920120B461B
:10B5E80013430BD04B4BD3F8E83023F44061D7F822
:10B5F800BC305B6F474A0B43C2F8E830D7F8BC3021
:10B60800D3E9002302F48063BB670023FB67D7E913
:10B618001E120B4613430BD03E4BD3F8E03023F4F5
:10B628004021D7F8BC309B6F3A4A0B43C2F8E03050
:10B63800D7F8BC30D3E9002302F400633B6700234A
:10B648007B67D7E91C120B4613430BD0314BD3F859
:10B65800E83023F44071D7F8BC30DB6F2D4A0B4338
:10B66800C2F8E830D7F8BC30D3E9002302F400531D
:10B67800BB660023FB66D7E91A120B4613434FD06B
:10B68800D7F8BC30D3F88C30802B2DD0802B27D81E
:10B69800602B2BD0602B23D8402B06D0402B1FD8F3
:10B6A800002B09D0202B11D01AE01A4B9B6A194A9B
:10B6B80043F4803393621AE0D7F8BC300833184655
:10B6C80002F0D6F8034687F8CB3010E0D7F8BC3044
:10B6D8002C33184602F064F9034687F8CB3006E0AD
:10B6E800012387F8CB3002E000BF00E000BF97F8E5
:10B6F800CB30002B10D1074BD3F8E43023F0E00116
:10B70800D7F8BC30D3F88C30024A0B43C2F8E43087
:10B7180006E000BF000C024697F8CB3087F8CA3025
:10B72800D7F8BC30D3E9002302F400433B6600237A
:10B738007B66D7E918120B46134346D0D7F8BC30BE
:10B74800D3F89C30B3F5A04F28D0B3F5A04F21D83B
:10B75800B3F5804F22D0B3F5804F1BD8B3F5405FC7
:10B768001CD0B3F5405F15D8B3F5005F08D0B3F52A
:10B77800005F0FD8002B11D0B3F5805F0ED009E021
:10B78800D7F8BC300833184602F072F8034687F839
:10B79800CB3004E0012387F8CB3000E000BF97F8F6
:10B7A800CB30002B0DD1B64BD3F8E83023F4E04171
:10B7B800D7F8BC30D3F89C30B14A0B43C2F8E83014
:10B7C80003E097F8CB3087F8CA30D7F8BC30D3E914
:10B7D800002302F48033BB650023FB65D7E916120A
:10B7E8000B4613433ED0D7F8BC30D3F88430042B33
:10B7F8001DD801A252F823F03FB8000815B8000878
:10B8080023B800083FB800083FB800089C4B9B6A63
:10B818009B4A43F4803393620EE0D7F8BC302C3354
:10B82800184602F0BDF8034687F8CB3004E0012340
:10B8380087F8CB3000E000BF97F8CB30002B0DD154
:10B848008F4BD3F8E43023F00701D7F8BC30D3F896
:10B8580084308B4A0B43C2F8E43003E097F8CB30CE
:10B8680087F8CA30D7F8BC30D3E9002302F4003394
:10B878003B6500237B65D7E914120B4613434AD076
:10B88800D7F8BC30D3F88830B3F5802F28D0B3F57B
:10B89800802F21D8B3F5403F24D0B3F5403F1BD8C3
:10B8A800B3F5003F0ED0B3F5003F15D8002B1BD0E1
:10B8B800B3F5803F10D1724B9B6A714A43F48033D1
:10B8C800936212E0D7F8BC302C33184602F068F8BF
:10B8D800034687F8CB3008E0012387F8CB3004E033
:10B8E80000BF02E000BF00E000BF97F8CB30002B9C
:10B8F8000DD1634BD3F8E83023F4E021D7F8BC30FE
:10B90800D3F888305E4A0B43C2F8E83003E097F872
:10B91800CB3087F8CA30D7F8BC30D3E9002302F41B
:10B928008023BB640023FB64D7E912120B46134340
:10B9380000F0BA80002387F8C930514BD3F894300F
:10B9480003F00403002B13D14D4BD3F894304C4A29
:10B9580043F00403C2F89430494BD3F8943003F011
:10B968000403C7F8C030D7F8C030012387F8C930BE
:10B97800444B9B6A434A43F001039362FAF72EFA59
:10B98800C7F8C4000BE0FAF729FA0246D7F8C43022
:10B99800D31A022B03D9032387F8CB3005E0394BA0
:10B9A8009B6A03F00103002BEDD097F8CB30002BF6
:10B9B8006AD1334BD3F8F03003F44073C7F8CC3076
:10B9C800D7F8CC30002B23D0D7F8BC30D3F8B4202C
:10B9D800D7F8CC3093421BD0294BD3F8F03023F45E
:10B9E8004073C7F8CC30264BD3F8F030244A43F4E0
:10B9F8008033C2F8F030224BD3F8F030204A23F4D9
:10BA08008033C2F8F0301E4AD7F8CC30C2F8F03094
:10BA1800D7F8CC3003F00103002B19D0FAF7DEF980
:10BA2800C7F8C4000DE0FAF7D9F90246D7F8C430D0
:10BA3800D21A41F288339A4203D9032387F8CB30CC
:10BA480006E00F4BD3F8F03003F00203002BEAD0E6
:10BA580097F8CB30002B0DD1094BD3F8F03023F4F5
:10BA68004071D7F8BC30D3F8B430054A0B43C2F85C
:10BA7800F0300DE097F8CB3087F8CA3008E000BF07
:10BA8800000C02460008024697F8CB3087F8CA3007
:10BA980097F8C930012B07D1C04BD3F89430BF4A6F
:10BAA80023F00403C2F89430D7F8BC30D3E900235C
:10BAB80002F480133B6400237B64D7E910120B4621
:10BAC800134342D0D7F8BC30D3F89430B3F1406F69
:10BAD80022D0B3F1406F1BD8B3F1006F11D0B3F18E
:10BAE800006F15D8002B19D0B3F1806F10D1D7F89B
:10BAF800BC300833184601F0BBFE034687F8CB304C
:10BB08000DE0A64B9B6AA54A43F40033936206E016
:10BB1800012387F8CB3002E000BF00E000BF97F8B0
:10BB2800CB30002B0DD19D4BD3F8E03023F0406192
:10BB3800D7F8BC30D3F89430984A0B43C2F8E030B9
:10BB480003E097F8CB3087F8CA30D7F8BC30D3E990
:10BB5800002302F40023BB630023FB63D7E90E1222
:10BB68000B4613432DD0D7F8BC30D3F89030B3F53B
:10BB7800005F0BD0B3F5005F04D8002B08D0B3F5F5
:10BB8800805F07D0012387F8CB3004E000BF02E0D4
:10BB980000BF00E000BF97F8CB30002B0DD17F4BE2
:10BBA800D3F8E43023F44051D7F8BC30D3F89030C0
:10BBB8007A4A0B43C2F8E43003E097F8CB3087F8B1
:10BBC800CA30D7F8BC30D3E9002302F400133B6332
:10BBD80000237B63D7E90C120B46134319D0D7F81F
:10BBE800BC30D3F89830B3F5804F05D16B4B9B6AC6
:10BBF8006A4A43F480339362684BD3F8E43023F401
:10BC08008041D7F8BC30D3F89830644A0B43C2F867
:10BC1800E430D7F8BC30D3E9002302F40003BB6258
:10BC28000023FB62D7E90A120B4613430CD05B4B87
:10BC3800D3F8E03023F44012D7F8BC30D3F8A8305A
:10BC480056491343C1F8E030D7F8BC30D3E9002394
:10BC580002F080733B6200237B62D7E908120B462F
:10BC680013430CD04D4BD3F8E03023F44032D7F8CF
:10BC7800BC30D3F8AC3049491343C1F8E030D7F8A9
:10BC8800BC30D3E9002302F00073BB610023FB61E1
:10BC9800D7E906120B4613430CD0404BD3F8E830D3
:10BCA80023F01802D7F8BC30D3F8B0303B4913431F
:10BCB800C1F8E830D7F8BC30D3E9002302F080633C
:10BCC8003B6100237B61D7E904120B46134332D052
:10BCD800D7F8BC30D3F8A430B3F5001F05D12F4BEB
:10BCE8009B6A2E4A43F400339362D7F8BC30D3F8EA
:10BCF800A430B3F5401F08D1D7F8BC300833184634
:10BD080001F0B6FD034687F8CB3097F8CB30002B0F
:10BD18000DD1224BD3F8E43023F44012D7F8BC30CD
:10BD2800D3F8A4301D491343C1F8E43003E097F871
:10BD3800CB3087F8CA30D7F8BC30D3E9002302F0FB
:10BD48000063BB600023FB60D7E902120B46134374
:10BD58003DD0D7F8BC30D3F88030B3F1007F0ED097
:10BD6800B3F1007F15D8002B1AD0B3F1807F10D122
:10BD78000A4B9B6A094A43F40033936211E0D7F8EF
:10BD8800BC300833184601F073FD034687F8CB3002
:10BD980007E0012387F8CB3003E000BF000C024620
:10BDA80000BF97F8CB30002B0DD11A4BD3F8E030F9
:10BDB80023F04072D7F8BC30D3F8803015491343CC
:10BDC800C1F8E03003E097F8CB3087F8CA30D7F8ED
:10BDD800BC30D3E9002302F080533B6000237B6032
:10BDE800D7E900120B4613430CD00A4BD3F8E830BE
:10BDF80023F40042D7F8BC30D3F8A03005491343E8
:10BE0800C1F8E83097F8CA301846D037BD46BDE8C3
:10BE1800B08F00BF000C024680B489B000AF7860D4
:10BE2800A64B5B6BC3F30803BB61A44B9B6A03F08F
:10BE380003037B61A14B9B6A1B0A03F00F030133C9
:10BE48003B619E4B9B6A1B0903F00103FB609B4B04
:10BE58009B6BDB08C3F30C03FA6802FB03F307EEE2
:10BE6800903AF8EE677AC7ED027A7B69032B62D0C5
:10BE78007B69032B00F281807B69012B24D07B69CD
:10BE8800022B7AD13B6907EE903AF8EE677ADFED3C
:10BE98008C6A86EEA77A894B5B6BC3F3080307EEBF
:10BEA800903AF8EE676A97ED026ADFED865AC6EEB9
:10BEB800257A76EEA77AF7EE006A77EEA67A67EE2D
:10BEC800277AC7ED077A8FE07C4B9B6803F4000361
:10BED800002B05D0794B9B681B0F03F00F0306E07E
:10BEE800764BD3F8F4301B041B0F03F00F03764A8C
:10BEF80052F8233007EE903AF8EE676A3B6907EE8E
:10BF0800903AF8EE677A86EEA77ABB6907EE903A20
:10BF1800F8EE676A97ED026ADFED6A5AC6EE257A8F
:10BF280076EEA77AF7EE006A77EEA67A67EE277ABA
:10BF3800C7ED077A58E03B6907EE903AF8EE677A62
:10BF4800DFED626A86EEA77A5C4B5B6BC3F308038E
:10BF580007EE903AF8EE676A97ED026ADFED595AF4
:10BF6800C6EE257A76EEA77AF7EE006A77EEA67A1D
:10BF780067EE277AC7ED077A36E0504B9B6803F4E3
:10BF88000003002B05D04D4B9B681B0F03F00F03DC
:10BF980006E04A4BD3F8F4301B041B0F03F00F03E1
:10BFA800494A52F8233007EE903AF8EE676A3B693F
:10BFB80007EE903AF8EE677A86EEA77ABB6907EE45
:10BFC800903AF8EE676A97ED026ADFED3E5AC6EEE0
:10BFD800257A76EEA77AF7EE006A77EEA67A67EE0C
:10BFE800277AC7ED077A00BF344B9B6A03F4803386
:10BFF800002B17D0314B5B6B5B0A03F07F0307EE16
:10C00800903AF8EE677AB7EE007A37EE877AD7ED8E
:10C01800076AC6EE877AFCEEE77A17EE902A7B6805
:10C028001A6002E07B6800221A60244B9B6A03F4C2
:10C038000033002B17D0214B5B6B1B0C03F07F03E5
:10C0480007EE903AF8EE677AB7EE007A37EE877A1D
:10C05800D7ED076AC6EE877AFCEEE77A17EE902AE4
:10C068007B685A6002E07B6800225A60134B9B6A27
:10C0780003F48023002B17D0104B5B6B1B0E03F0CF
:10C088007F0307EE903AF8EE677AB7EE007A37EE5C
:10C09800877AD7ED076AC6EE877AFCEEE77A17EE5D
:10C0A800902A7B689A6002E07B6800229A6000BF51
:10C0B8002437BD465DF8047B704700BF000C02467C
:10C0C8000024744B0000004604F50208001BB74B1F
:10C0D80080B489B000AF7860A64BDB6BC3F308036C
:10C0E800BB61A44BDB6A03F003037B61A14BDB6AF2
:10C0F8001B0A03F00F0301333B619E4BDB6A1B09EC
:10C1080003F00103FB609B4B1B6CDB08C3F30C03C0
:10C11800FA6802FB03F307EE903AF8EE677AC7ED88
:10C12800027A7B69032B62D07B69032B00F2818042
:10C138007B69012B24D07B69022B7AD13B6907EEFE
:10C14800903AF8EE677ADFED8C6A86EEA77A894B2B
:10C15800DB6BC3F3080307EE903AF8EE676A97EDD6
:10C16800026ADFED865AC6EE257A76EEA77AF7EEF2
:10C17800006A77EEA67A67EE277AC7ED077A8FE02E
:10C188007C4B9B6803F40003002B05D0794B9B681C
:10C198001B0F03F00F0306E0764BD3F8F4301B04B3
:10C1A8001B0F03F00F03764A52F8233007EE903A3C
:10C1B800F8EE676A3B6907EE903AF8EE677A86EE22
:10C1C800A77ABB6907EE903AF8EE676A97ED026ABC
:10C1D800DFED6A5AC6EE257A76EEA77AF7EE006AA0
:10C1E80077EEA67A67EE277AC7ED077A58E03B69BB
:10C1F80007EE903AF8EE677ADFED626A86EEA77A84
:10C208005C4BDB6BC3F3080307EE903AF8EE676A02
:10C2180097ED026ADFED595AC6EE257A76EEA77ACF
:10C22800F7EE006A77EEA67A67EE277AC7ED077A07
:10C2380036E0504B9B6803F40003002B05D04D4BB0
:10C248009B681B0F03F00F0306E04A4BD3F8F4304A
:10C258001B041B0F03F00F03494A52F8233007EE63
:10C26800903AF8EE676A3B6907EE903AF8EE677A1B
:10C2780086EEA77ABB6907EE903AF8EE676A97ED03
:10C28800026ADFED3E5AC6EE257A76EEA77AF7EE19
:10C29800006A77EEA67A67EE277AC7ED077A00BFBD
:10C2A800344BDB6A03F48033002B17D0314BDB6B44
:10C2B8005B0A03F07F0307EE903AF8EE677AB7EE71
:10C2C800007A37EE877AD7ED076AC6EE877AFCEEF2
:10C2D800E77A17EE902A7B681A6002E07B680022F2
:10C2E8001A60244BDB6A03F40033002B17D0214B70
:10C2F800DB6B1B0C03F07F0307EE903AF8EE677ACE
:10C30800B7EE007A37EE877AD7ED076AC6EE877AF6
:10C31800FCEEE77A17EE902A7B685A6002E07B68A9
:10C3280000225A60134BDB6A03F48023002B17D0DA
:10C33800104BDB6B1B0E03F07F0307EE903AF8EE11
:10C34800677AB7EE007A37EE877AD7ED076AC6EED6
:10C35800877AFCEEE77A17EE902A7B689A6002E00B
:10C368007B6800229A6000BF2437BD465DF8047BD5
:10C37800704700BF000C02460024744B00000046C2
:10C3880004F50208001BB74B80B489B000AF786091
:10C39800A64B5B6CC3F30803BB61A44B1B6B03F098
:10C3A80003037B61A14B1B6B1B0A03F00F030133D3
:10C3B8003B619E4B1B6B1B0903F00103FB609B4B0E
:10C3C8009B6CDB08C3F30C03FA6802FB03F307EE6C
:10C3D800903AF8EE677AC7ED027A7B69032B62D050
:10C3E8007B69032B00F281807B69012B24D07B6958
:10C3F800022B7AD13B6907EE903AF8EE677ADFEDC7
:10C408008C6A86EEA77A894B5B6CC3F3080307EE48
:10C41800903AF8EE676A97ED026ADFED865AC6EE43
:10C42800257A76EEA77AF7EE006A77EEA67A67EEB7
:10C43800277AC7ED077A8FE07C4B9B6803F40003EB
:10C44800002B05D0794B9B681B0F03F00F0306E008
:10C45800764BD3F8F4301B041B0F03F00F03764A16
:10C4680052F8233007EE903AF8EE676A3B6907EE18
:10C47800903AF8EE677A86EEA77ABB6907EE903AAB
:10C48800F8EE676A97ED026ADFED6A5AC6EE257A1A
:10C4980076EEA77AF7EE006A77EEA67A67EE277A45
:10C4A800C7ED077A58E03B6907EE903AF8EE677AED
:10C4B800DFED626A86EEA77A5C4B5B6CC3F3080318
:10C4C80007EE903AF8EE676A97ED026ADFED595A7F
:10C4D800C6EE257A76EEA77AF7EE006A77EEA67AA8
:10C4E80067EE277AC7ED077A36E0504B9B6803F46E
:10C4F8000003002B05D04D4B9B681B0F03F00F0367
:10C5080006E04A4BD3F8F4301B041B0F03F00F036B
:10C51800494A52F8233007EE903AF8EE676A3B69C9
:10C5280007EE903AF8EE677A86EEA77ABB6907EECF
:10C53800903AF8EE676A97ED026ADFED3E5AC6EE6A
:10C54800257A76EEA77AF7EE006A77EEA67A67EE96
:10C55800277AC7ED077A00BF344B1B6B03F480338F
:10C56800002B17D0314B5B6C5B0A03F07F0307EE9F
:10C57800903AF8EE677AB7EE007A37EE877AD7ED19
:10C58800076AC6EE877AFCEEE77A17EE902A7B6890
:10C598001A6002E07B6800221A60244B1B6B03F4CC
:10C5A8000033002B17D0214B5B6C1B0C03F07F036F
:10C5B80007EE903AF8EE677AB7EE007A37EE877AA8
:10C5C800D7ED076AC6EE877AFCEEE77A17EE902A6F
:10C5D8007B685A6002E07B6800225A60134B1B6B31
:10C5E80003F48023002B17D0104B5B6C1B0E03F059
:10C5F8007F0307EE903AF8EE677AB7EE007A37EEE7
:10C60800877AD7ED076AC6EE877AFCEEE77A17EEE7
:10C61800902A7B689A6002E07B6800229A6000BFDB
:10C628002437BD465DF8047B704700BF000C024606
:10C638000024744B0000004604F50208001BB74BA9
:10C6480080B58EB000AFC7E90001D7E90023A2F595
:10C6580080210B4345D1AC4BD3F8F03003F4407341
:10C668003B63A94BD3F8F03003F00203022B08D147
:10C678003B6BB3F5807F04D14FF400437B6301F03B
:10C68800E7B8A14BD3F8F03003F00063B3F1006FC3
:10C6980014D13B6BB3F5007F10D19B4BD3F8F0302E
:10C6A80003F08053B3F1805F03D1FA237B6301F079
:10C6B800CFB84FF4FA437B6301F0CAB8924B1B68BA
:10C6C80003F40033B3F5003F07D13B6BB3F5407F6C
:10C6D80003D18E4B7B6301F0BBB800237B6301F071
:10C6E800B7B8D7E90023A2F500510B4351D1864BC7
:10C6F800D3F8E43003F0E0033B633B6B802B35D089
:10C708003B6B802B41D83B6B602B2AD03B6B602B5B
:10C718003BD83B6B402B09D03B6B402B35D83B6B50
:10C72800002B0CD03B6B202B12D02EE007F12403FA
:10C738001846FFF771FB7B6A7B6301F089B807F144
:10C7480018031846FFF7C4FCBB697B6301F080B887
:10C7580007F10C031846FFF717FEFB687B6301F02F
:10C7680077B84BF680337B6301F072B8664B1B6871
:10C7780003F48063B3F5806F03D1654B7B6301F0ED
:10C7880067B800237B6301F063B800237B6301F083
:10C798005FB8D7E90023A2F580110B4365D15A4B46
:10C7A800D3F8E03003F040633B633B6BB3F1406F79
:10C7B80034D03B6BB3F1406F53D83B6BB3F1006F90
:10C7C8000BD03B6BB3F1006F4BD83B6B002B16D0F3
:10C7D8003B6BB3F1806F09D043E007F1240318469F
:10C7E800FFF71AFBBB6A7B6301F032B807F1180345
:10C7F8001846FFF76DFCFB697B6301F029B8424BD3
:10C808001B6803F40053B3F5005F03D1414B7B630E
:10C8180001F01EB800237B6301F01AB83A4B1B687D
:10C8280003F02003202B18D1374B9B6803F4000337
:10C83800002B05D0344B9B681B0E03F00F0306E05A
:10C84800314BD3F8F4301B041B0E03F00F03324AAC
:10C8580052F823307B6300F0FBBF00237B6300F0BA
:10C86800F7BF00237B6300F0F3BFD7E90023A2F5ED
:10C8780000110B4340F08A80234BD3F8E43003F4D3
:10C8880080433B633B6B002B6FD11F4BD3F8E030E9
:10C8980003F040633B633B6BB3F1406F3ED03B6BAF
:10C8A800B3F1406F5DD83B6BB3F1006F0BD03B6BBE
:10C8B800B3F1006F55D83B6B002B16D03B6BB3F12F
:10C8C800806F09D04DE007F124031846FFF7A4FA5A
:10C8D800BB6A7B6300F0BCBF07F118031846FFF77B
:10C8E800F7FBFB697B6300F0B3BF074B1B6803F4DE
:10C8F8000053B3F5005F03D1064B7B6300F0A8BF7C
:10C9080000237B6300F0A4BF000C0246B0710B004B
:10C918000024F400006CDC0204F50208AB4B1B6831
:10C9280003F02003202B18D1A84B9B6803F40003C5
:10C93800002B05D0A54B9B681B0E03F00F0306E0E8
:10C94800A24BD3F8F4301B041B0E03F00F03A04ACC
:10C9580052F823307B6300F07BBF00237B6300F039
:10C9680077BF00237B6300F073BF3B6BB3F5804F49
:10C9780008D107F124031846FFF74EFA7B6A7B6358
:10C9880000F066BF00237B6300F062BFD7E9002395
:10C99800511E0B4336D18D4BD3F8E03003F003031F
:10C9A8003B633B6B002B04D1FEF72EFC786300F051
:10C9B8004FBF3B6B012B04D1FEF7F2FA786300F00E
:10C9C80047BF824B1B6803F48063B3F5806F06D1C1
:10C9D8003B6B022B03D17F4B7B6300F039BF7B4B52
:10C9E800D3F8F03003F00203022B07D13B6B032B83
:10C9F80004D14FF400437B6300F02ABF00237B631C
:10CA080000F026BFD7E90023111F0B4336D16F4B27
:10CA1800D3F8E03003F030033B633B6B002B04D1C9
:10CA2800FEF7DEFB786300F013BF3B6B102B04D1DD
:10CA3800FEF7B6FA786300F00BBF644B1B6803F48B
:10CA48008063B3F5806F06D13B6B202B03D1614B1C
:10CA58007B6300F0FDBE5D4BD3F8F03003F00203BA
:10CA6800022B07D13B6B302B04D14FF400437B637F
:10CA780000F0EEBE00237B6300F0EABED7E9002396
:10CA8800A2F108010B4336D1504BD3F8E03003F044
:10CA9800C0033B633B6B002B04D1FEF7A1FB78631B
:10CAA80000F0D6BE3B6B402B04D1FEF779FA7863D1
:10CAB80000F0CEBE454B1B6803F48063B3F5806F6E
:10CAC80006D13B6B802B03D1424B7B6300F0C0BE89
:10CAD8003E4BD3F8F03003F00203022B07D13B6B37
:10CAE800C02B04D14FF400437B6300F0B1BE002398
:10CAF8007B6300F0ADBED7E90023A2F110010B4320
:10CB080039D1324BD3F8E03003F440733B633B6BCD
:10CB1800002B04D1FEF764FB786300F099BE3B6BF1
:10CB2800B3F5807F04D1FEF73BFA786300F090BE3E
:10CB3800264B1B6803F48063B3F5806F07D13B6B0A
:10CB4800B3F5007F03D1234B7B6300F081BE1F4BFD
:10CB5800D3F8F03003F00203022B08D13B6BB3F596
:10CB6800407F04D14FF400437B6300F071BE002383
:10CB78007B6300F06DBED7E90023A2F120010B43CF
:10CB88005FD1124BD3F8E83003F007033B633B6BEC
:10CB9800002B04D1FEF74CFB786300F059BE3B6BC9
:10CBA800012B04D1FEF7FCF9786300F051BE074B66
:10CBB8001B6803F48063B3F5806F0DD13B6B022BC8
:10CBC8000AD1044B7B6300F043BE00BF000C024651
:10CBD80004F502080024F400AF4BD3F8F03003F05A
:10CBE8000203022B07D13B6B032B04D14FF4004304
:10CBF8007B6300F02DBEA84B1B6803F02003202B9D
:10CC08001BD13B6B042B18D1A34B9B6803F4000387
:10CC1800002B05D0A04B9B681B0E03F00F0306E00A
:10CC28009D4BD3F8F4301B041B0E03F00F039B4AF3
:10CC380052F823307B6300F00BBE00237B6300F0C7
:10CC480007BED7E90023A2F500410B436CD1924BF4
:10CC5800D3F8E83003F4E0433B633B6BB3F5805F04
:10CC680004D1FEF79DF9786300F0F2BD3B6BB3F594
:10CC7800005F08D107F118031846FFF729FA3B6A45
:10CC88007B6300F0E5BD3B6B002B04D1FEF78EFA09
:10CC9800786300F0DDBD3B6BB3F5A04F22D17E4B2E
:10CCA8001B6803F02003202B18D17B4B9B6803F4EF
:10CCB8000003002B05D0784B9B681B0E03F00F0375
:10CCC80006E0754BD3F8F4301B041B0E03F00F037A
:10CCD800724A52F823307B6300F0BABD00237B63AD
:10CCE80000F0B6BD6C4B1B6803F40033B3F5003F8E
:10CCF80007D13B6BB3F5405F03D1694B7B6300F011
:10CD0800A7BD654B1B6803F48063B3F5806F07D13B
:10CD18003B6BB3F5804F03D1624B7B6300F098BD4A
:10CD280000237B6300F094BDD7E90023A2F580318E
:10CD38000B4358D1584BD3F8E43003F007033B6357
:10CD48003B6B042B4BD801A252F823F08DCD000881
:10CD580069CD00087BCD000897CD0008A1CD00085B
:10CD680007F124031846FFF757F87B6A7B6300F046
:10CD78006FBD07F10C031846FFF706FB3B697B63A1
:10CD880000F066BDFEF712FA786300F061BD4BF65D
:10CD980080337B6300F05CBD3F4B1B6803F02003CE
:10CDA800202B18D13C4B9B6803F40003002B05D0C3
:10CDB800394B9B681B0E03F00F0306E0364BD3F884
:10CDC800F4301B041B0E03F00F03344A52F82330CF
:10CDD8007B6300F03DBD00237B6300F039BD002379
:10CDE8007B6300F035BDD7E90023A2F500310B4382
:10CDF8006FD1294BD3F8E83003F4E0233B633B6B56
:10CE0800B3F5802F36D03B6BB3F5802F5DD83B6BE5
:10CE1800B3F5403F29D03B6BB3F5403F55D83B6B4A
:10CE2800B3F5003F13D03B6BB3F5003F4DD83B6BD8
:10CE3800002B15D03B6BB3F5803F46D107F1240397
:10CE48001846FEF7E9FF7B6A7B6300F001BD07F136
:10CE58000C031846FFF798FA3B697B6300F0F8BCAF
:10CE6800FEF7A4F9786300F0F3BC4BF680337B63DC
:10CE780000F0EEBC084B1B6803F02003202B20D1E8
:10CE8800054B9B6803F40003002B0DD0024B9B68F5
:10CE98001B0E03F00F030EE0000C024604F5020817
:10CEA80000366E010024F4009D4BD3F8F4301B04C7
:10CEB8001B0E03F00F039B4A52F823307B6300F0EC
:10CEC800C7BC00237B6300F0C3BC00237B6300F076
:10CED800BFBCD7E90023A2F140010B434CD1904BD2
:10CEE800D3F8E03003F440633B633B6B002B04D181
:10CEF800FEF776F9786300F0ABBC3B6BB3F5806F57
:10CF080004D1FEF74DF8786300F0A2BC844B1B688F
:10CF180003F48063B3F5806F07D13B6BB3F5006F03
:10CF280003D1814B7B6300F093BC7D4B1B6803F0FE
:10CF38002003202B1CD13B6BB3F5406F18D1784BE5
:10CF48009B6803F40003002B05D0754B9B681B0EF0
:10CF580003F00F0306E0724BD3F8F4301B041B0EEA
:10CF680003F00F036F4A52F823307B6300F070BC64
:10CF780000237B6300F06CBCD7E90023A2F1800199
:10CF88000B434CD1664BD3F8E03003F440533B637A
:10CF98003B6B002B04D1FEF723F9786300F058BCF3
:10CFA8003B6BB3F5805F04D1FDF7FAFF786300F0BF
:10CFB8004FBC5B4B1B6803F48063B3F5806F07D1EC
:10CFC8003B6BB3F5005F03D1574B7B6300F040BC6C
:10CFD800534B1B6803F02003202B1CD13B6BB3F58C
:10CFE800405F18D14E4B9B6803F40003002B05D01B
:10CFF8004B4B9B681B0E03F00F0306E0484BD3F81E
:10D00800F4301B041B0E03F00F03464A52F823307A
:10D018007B6300F01DBC00237B6300F019BCD7E9DB
:10D028000023A2F580710B4351D13D4BD3F8E83072
:10D0380003F0C0033B633B6BC02B24D03B6BC02B7E
:10D0480042D83B6B802B0DD03B6B802B3CD83B6B85
:10D05800002B03D03B6B402B11D035E0FEF7E8F8EE
:10D068007863F5E32E4B1B6803F48063B3F5806F98
:10D0780002D12D4B7B63EBE300237B63E8E3FDF7F1
:10D088008FFF7863E4E3264B1B6803F02003202B13
:10D0980017D1234B9B6803F40003002B05D0204BCA
:10D0A8009B681B0E03F00F0306E01D4BD3F8F4300A
:10D0B8001B041B0E03F00F031A4A52F823307B633C
:10D0C800C6E300237B63C3E300237B63C0E3D7E9A4
:10D0D8000023A2F580010B434DD1114BD3F8E0306A
:10D0E80003F440433B633B6B002B03D1FEF778F816
:10D0F8007863ADE33B6BB3F5804F03D1FDF750FF89
:10D108007863A5E3064B1B6803F48063B3F5806F6F
:10D118000CD13B6BB3F5004F08D1034B7B6397E30E
:10D12800000C024604F502080024F400A44B1B6816
:10D1380003F02003202B1BD13B6BB3F5404F17D1D5
:10D148009F4B9B6803F40003002B05D09C4B9B6806
:10D158001B0E03F00F0306E0994BD3F8F4301B04C1
:10D168001B0E03F00F03974A52F823307B636FE3DB
:10D1780000237B636CE3D7E90023A2F500610B432E
:10D1880064D18F4BD3F8E83003F440733B633B6BB7
:10D19800002B20D18A4B1B6803F02003202B17D1CA
:10D1A800874B9B6803F40003002B05D0844B9B68D6
:10D1B8001B0E03F00F0306E0814BD3F8F4301B0479
:10D1C8001B0E03F00F037F4A52F823307B633FE3C3
:10D1D80000237B633CE37A4BD3F8F03003F0006321
:10D1E800B3F1006F12D13B6BB3F5807F0ED1744B56
:10D1F800D3F8F03003F08053B3F1805F02D1FA2303
:10D208007B6325E34FF4FA437B6321E36C4B1B6894
:10D2180003F48063B3F5806F06D13B6BB3F5007FF1
:10D2280002D1694B7B6313E3654BD3F8F03003F00D
:10D238000203022B07D13B6BB3F5407F03D14FF4B8
:10D2480000437B6304E300237B6301E3D7E9002306
:10D25800A2F500710B4364D1594BD3F8E83003F4BD
:10D2680040633B633B6B002B20D1554B1B6803F09D
:10D278002003202B17D1524B9B6803F40003002B8B
:10D2880005D04F4B9B681B0E03F00F0306E04C4B79
:10D29800D3F8F4301B041B0E03F00F03494A52F86D
:10D2A80023307B63D4E200237B63D1E2444BD3F881
:10D2B800F03003F00063B3F1006F12D13B6BB3F5AC
:10D2C800806F0ED13E4BD3F8F03003F08053B3F1AA
:10D2D800805F02D1FA237B63BAE24FF4FA437B639F
:10D2E800B6E2374B1B6803F48063B3F5806F06D151
:10D2F8003B6BB3F5006F02D1334B7B63A8E2304B35
:10D30800D3F8F03003F00203022B07D13B6BB3F5DF
:10D31800406F03D14FF400437B6399E200237B63A2
:10D3280096E2D7E90023A2F580610B434ED1244B46
:10D33800D3F8E03003F440233B633B6B002B03D16D
:10D34800FDF74EFF786383E21D4BD3F8F03003F00E
:10D358000063B3F1006F12D13B6BB3F5802F0ED190
:10D36800174BD3F8F03003F08053B3F1805F02D14C
:10D37800FA237B636CE24FF4FA437B6368E2104B59
:10D388001B6803F48063B3F5806F06D13B6BB3F57C
:10D39800002F02D10C4B7B635AE2094BD3F8F030D3
:10D3A80003F00203022B07D13B6BB3F5402F03D1E7
:10D3B8004FF400437B634BE200237B6348E200BFEA
:10D3C800000C024604F502080024F400D7E9002303
:10D3D80002F178410B432DD1A94BD3F8E03003F08B
:10D3E80040733B63A64B1B6803F40033B3F5003F5F
:10D3F80005D13B6B002B02D1A24B7B6328E23B6B30
:10D40800B3F1807F07D107F124031846FEF704FD26
:10D41800BB6A7B631CE23B6BB3F1007F07D107F16A
:10D4280018031846FEF754FEBB697B6310E200231D
:10D438007B630DE2D7E90023A2F500010B4356D127
:10D448008F4BD3F8E03003F440133B633B6BB3F5E9
:10D45800401F28D03B6BB3F5401F45D83B6BB3F555
:10D46800001F13D03B6BB3F5001F3DD83B6B002B5F
:10D4780004D03B6BB3F5801F04D035E0FDF7C4FE44
:10D488007863E5E1FDF78CFD7863E1E17C4B1B688F
:10D4980003F48063B3F5806F02D17B4B7B63D7E1E4
:10D4A80000237B63D4E1764B1B6803F02003202B19
:10D4B80017D1734B9B6803F40003002B05D0704B06
:10D4C8009B681B0E03F00F0306E06D4BD3F8F43096
:10D4D8001B041B0E03F00F036C4A52F823307B63C6
:10D4E800B6E100237B63B3E100237B63B0E1D7E9B6
:10D4F800002302F17F410B4356D1614BD3F8E03052
:10D5080003F440333B633B6BB3F5403F28D03B6BA0
:10D51800B3F5403F45D83B6BB3F5003F13D03B6BA9
:10D52800B3F5003F3DD83B6B002B04D03B6BB3F504
:10D53800803F04D035E0FDF753FE786388E1FDF7BE
:10D548002FFD786384E14E4B1B6803F48063B3F5C9
:10D55800806F02D14C4B7B637AE100237B6377E1D8
:10D56800474B1B6803F02003202B17D1444B9B68C3
:10D5780003F40003002B05D0414B9B681B0E03F0FE
:10D588000F0306E03E4BD3F8F4301B041B0E03F0E8
:10D598000F033E4A52F823307B6359E100237B6333
:10D5A80056E100237B6353E1D7E9002302F17E4172
:10D5B8000B437FD1324BD3F8E83003F018033B63B9
:10D5C8003B6B182B73D801A252F823F039D6000808
:10D5D800B7D60008B7D60008B7D60008B7D60008EF
:10D5E800B7D60008B7D60008B7D6000841D6000855
:10D5F800B7D60008B7D60008B7D60008B7D60008CF
:10D60800B7D60008B7D60008B7D6000849D600082C
:10D61800B7D60008B7D60008B7D60008B7D60008AE
:10D62800B7D60008B7D60008B7D6000863D60008F2
:10D63800FDF7FEFD78630BE1FDF7B2FC786307E1C7
:10D648000F4B1B6803F48063B3F5806F02D10E4B58
:10D658007B63FDE000237B63FAE0094B1B6803F062
:10D668002003202B20D1064B9B6803F40003002BDA
:10D678000ED0034B9B681B0E03F00F030FE000BF97
:10D68800000C024600366E010024F40004F502087E
:10D69800724BD3F8F4301B041B0E03F00F03704ACF
:10D6A80052F823307B63D3E000237B63D0E0002370
:10D6B8007B63CDE0D7E9002302F17C410B4355D1D0
:10D6C800664BD3F8E43003F440133B633B6BB3F58C
:10D6D800401F13D03B6BB3F5401F44D83B6BB3F5E9
:10D6E800001F13D03B6BB3F5001F3CD83B6B002BDE
:10D6F80014D03B6BB3F5801F14D034E007F1180346
:10D708001846FEF7E5FCFB697B63A1E007F12403FB
:10D718001846FEF781FBBB6A7B6399E0FDF740FC86
:10D72800786395E04D4B1B6803F02003202B17D13D
:10D738004A4B9B6803F40003002B05D0474B9B68BA
:10D748001B0E03F00F0306E0444BD3F8F4301B0420
:10D758001B0E03F00F03424A52F823307B6377E035
:10D7680000237B6374E000237B6371E0D7E9002327
:10D7780002F170410B4331D1384BD3F8E83003F450
:10D7880000433B63354BD3F8F03003F00203022B20
:10D7980006D13B6B002B03D14FF400437B6357E06A
:10D7A8002E4BD3F8F03003F00063B3F1006F12D1C1
:10D7B8003B6BB3F5004F0ED1284BD3F8F03003F094
:10D7C8008053B3F1805F02D1FA237B6340E04FF4CA
:10D7D800FA437B633CE000237B6339E0D7E900230D
:10D7E800A2F500210B4331D11C4BD3F8E43003F4EC
:10D7F80040533B63194B1B6803F40053B3F5005FB8
:10D8080005D13B6B002B02D1164B7B6320E0134BF9
:10D818001B6803F40053B3F5005F06D13B6BB3F507
:10D82800805F02D1104B7B6312E00C4B1B6803F442
:10D838008063B3F5806F06D13B6BB3F5005F02D10F
:10D848000A4B7B6304E000237B6301E000237B63D6
:10D858007B6B18463837BD4680BD00BF000C0246BA
:10D8680004F50208006CDC0200366E010024F400A6
:10D8780080B584B000AF7860474B1B68464A23F0F8
:10D8880080631360F8F7AAFAF86008E0F8F7A6FAD8
:10D898000246FB68D31A022B01D9032377E03E4BDB
:10D8A8001B6803F00063002BF0D13B4BDB6A23F4C9
:10D8B800706323F003037A6811687A685268013A42
:10D8C80012020A4334491343CB62334BDA6B334BAE
:10D8D80013407A689268013AC2F308017A68D268FC
:10D8E800013A520292B211437A681269013A12045B
:10D8F80002F4FE0211437A685269013A120602F0F4
:10D90800FE420A4324491343CB63234BDB6A23F0CB
:10D918000C027B689B6920491343CB621E4BDA6A71
:10D928007B681B6A1C491343CB621B4BDB6A1A4A90
:10D9380023F01003D362184B1B6C23F47F4323F0AE
:10D94800F8037A68D269D200134913430B64124B67
:10D95800DB6A114A43F01003D3620F4B1B680E4A6F
:10D9680043F080631360F8F739FAF86008E0F8F7D5
:10D9780035FA0246FB68D31A022B01D9032306E0C5
:10D98800054B1B6803F00063002BF0D000231846FA
:10D998001037BD4680BD00BF000C024600008080E5
:10D9A80080B584B000AF7860474B1B68464A23F0C7
:10D9B80080531360F8F712FAF86008E0F8F70EFAE7
:10D9C8000246FB68D31A022B01D9032377E03E4BAA
:10D9D8001B6803F00053002BF0D13B4B1B6B23F467
:10D9E800706323F003037A6811687A685268013A11
:10D9F80012020A43344913430B63334B5A6C334BBB
:10DA080013407A689268013AC2F308017A68D268CA
:10DA1800013A520292B211437A681269013A120429
:10DA280002F4FE0211437A685269013A120602F0C2
:10DA3800FE420A43244913434B64234B1B6B23F0D8
:10DA48000C027B689B69204913430B631E4B1A6BBE
:10DA58007B681B6A1C4913430B631B4B1B6B1A4ADD
:10DA680023F010031363184B9B6C23F47F4323F0BC
:10DA7800F8037A68D269D200134913438B64124BB6
:10DA88001B6B114A43F0100313630F4B1B680E4ABC
:10DA980043F080531360F8F7A1F9F86008E0F8F74D
:10DAA8009DF90246FB68D31A022B01D9032306E02D
:10DAB800054B1B6803F00053002BF0D000231846D9
:10DAC8001037BD4680BD00BF000C024600008080B4
:10DAD80080B485B000AF78607B6803F00703FB6013
:10DAE8000C4BDB68BB60BA684FF6FF031340BB60A2
:10DAF800FB681A02BB68134343F0BF6343F4003367
:10DB0800BB60044ABB68D36000BF1437BD465DF8EC
:10DB1800047B704700ED00E080B400AF044BDB6885
:10DB28001B0A03F007031846BD465DF8047B7047DF
:10DB380000ED00E080B483B000AF0346FB7197F9B5
:10DB48000730002B0BDBFB7903F01F02074997F91D
:10DB580007305B09012000FA02F241F8232000BFD8
:10DB68000C37BD465DF8047B704700BF00E100E05C
:10DB780080B483B000AF0346FB7197F90730002BE0
:10DB880012DBFB7903F01F020A4997F907305B099A
:10DB9800012000FA02F2203341F82320BFF34F8F0F
:10DBA80000BFBFF36F8F00BF00BF0C37BD465DF8E5
:10DBB800047B704700E100E080B483B000AF034607
:10DBC8003960FB7197F90730002B0ADB3B68DAB242
:10DBD8000C4997F907301201D2B20B4483F800239D
:10DBE8000AE03B68DAB20849FB7903F00F03043B0B
:10DBF8001201D2B20B441A7600BF0C37BD465DF84D
:10DC0800047B704700E100E000ED00E080B489B0DB
:10DC180000AFF860B9607A60FB6803F00703FB6146
:10DC2800FB69C3F10703042B28BF0423BB61FB690D
:10DC38000433062B02D9FB69033B00E000237B6118
:10DC48004FF0FF32BB6902FA03F3DA43BB681A40AC
:10DC58007B699A404FF0FF317B6901FA03F3D9439E
:10DC68007B680B40134318462437BD465DF8047B98
:10DC7800704780B582B000AF78607868FFF728FFFA
:10DC880000BF0837BD4680BD80B586B000AF0346EB
:10DC9800B9607A60FB73FFF73FFF78617A68B9680B
:10DCA8007869FFF7B3FF024697F90F301146184617
:10DCB800FFF782FF00BF1837BD4680BD80B582B030
:10DCC80000AF0346FB7197F907301846FFF732FF9C
:10DCD80000BF0837BD4680BD80B582B000AF03469F
:10DCE800FB7197F907301846FFF742FF00BF083766
:10DCF800BD4680BD80B483B000AF78607B68042BDC
:10DD080044D801A252F823F033DD000851DD0008A1
:10DD180073DD000895DD000825DD00081F4B1B6832
:10DD28001E4A43F00403136031E01C4B1B681B4A76
:10DD380023F0040313601A4BD3F8E030184A23F495
:10DD48004003C2F8E03022E0144B1B68134A23F06A
:10DD580004031360124BD3F8E03023F44003104A55
:10DD680043F48003C2F8E03011E00C4B1B680B4A07
:10DD780023F0040313600A4BD3F8E03023F4400384
:10DD8800074A43F40003C2F8E03000E000BF00BFD8
:10DD98000C37BD465DF8047B704700BF10E000E01B
:10DDA800000C024680B586B000AFF860B9607A60B2
:10DDB8001F4B1B78012B01D1022334E01C4B01229D
:10DDC8001A701B4B00225A604FF47A7000F070F8FA
:10DDD8000346FB75FB7D002B21D1154AFB68936038
:10DDE800144B3B61FB6823F00043012B04D1796895
:10DDF800B86800F0A5F803E07968B86800F0DCF8C6
:10DE08004FF47A7000F054F80346FB753B691A68C2
:10DE1800FB6823F00043DB431A403B691A60044B5C
:10DE280000221A70FB7D18461837BD4680BD00BF1A
:10DE3800100000202820024080B483B000AF0023E7
:10DE4800FB710B4B9B6A002B0BDA094B094A9A6052
:10DE5800074B094A9A60064B9B6A002B01DA01239B
:10DE6800FB71FB7918460C37BD465DF8047B70479B
:10DE78000020024023016745AB89EFCD80B483B011
:10DE880000AF0123FB71094B9B6A084A43F000432A
:10DE98009362064B9B6A002B01DA0023FB71FB7926
:10DEA80018460C37BD465DF8047B704700200240D9
:10DEB80080B586B000AF7860F7F790FF78611E4BA9
:10DEC8003B6110E07B68B3F1FF3F0CD0F7F786FFAA
:10DED80002467B69D31A7A689A4202D97B68002B7A
:10DEE80001D1032323E03B691B6803F44033002B73
:10DEF800E8D13B691A6842F2FA031340FB60FB68F9
:10DF0800002B0AD00D4B5A68FB6813430B4A536029
:10DF18003B69FA681A60012309E03B691B6803F052
:10DF28000103002B02D03B6901221A600023184626
:10DF38001837BD4680BD00BF2020024010000020D9
:10DF480080B48BB000AF78603960042387F827303D
:10DF58007B683B623B68FB61164BBB61BB691B6816
:10DF680043F00102BB691A60EFF310833B613B6920
:10DF78007B6172B600BFFB691A683B6A1A603B6A2C
:10DF880004333B62FB690433FB6197F82730013B9C
:10DF980087F8273097F82730002BECD17B69FB6096
:10DFA800FB6883F3108800BF00BF2C37BD465DF8BF
:10DFB800047B70472820024080B48BB000AF7860A3
:10DFC8003960202387F827307B683B623B68FB6118
:10DFD800174BBB61BB691B6843F4804343F00103E3
:10DFE800BA691360EFF310833B613B697B6172B6DA
:10DFF80000BFFB691A683B6A1A603B6A04333B62DC
:10E00800FB690433FB6197F82730013B87F8273019
:10E0180097F82730002BECD17B69FB60FB6883F312
:10E02800108800BF00BF2C37BD465DF8047B7047E1
:10E038002820024080B586B000AF78603960334B45
:10E048001B78012B01D102235CE0304B01221A70AE
:10E058002E4B00225A604FF47A70FFF729FF0346CF
:10E06800FB75FB7D002B49D17B681B68274A9360B1
:10E07800274BFB607B681B6823F0004348F20402CF
:10E0880093420BD17B685B68184600F043F84FF465
:10E098007A70FFF70DFF0346FB7525E03B684FF0EC
:10E0A800FF321A607B689B683B6115E07B685B68A0
:10E0B8001946386900F054F84FF47A70FFF7F8FE03
:10E0C8000346FB75FB7D002B03D03B683A691A6059
:10E0D8000AE03B6901333B617B689A687B68DB68CF
:10E0E80013443A699A42E1D3FB681A687B681B6853
:10E0F80023F00043DB431A40FB681A60034B0022FD
:10E108001A70FB7D18461837BD4680BD10000020E8
:10E118002820024080B485B000AF78600F4BFB60C8
:10E128007B6803F00103002B07D0FB681B6843F4EE
:10E13800803343F00403FA6813607B6803F002033A
:10E14800002B05D0FB681B6843F4C032FB681A60DB
:10E1580000BF1437BD465DF8047B70472820024095
:10E1680080B485B000AF78603960144BFB603B68C1
:10E1780003F00103002B06D0FB681B6823F4006240
:10E18800FB681A6005E0FB681B6843F40062FB68E3
:10E198001A60FB681B6823F4803323F0FA037A685B
:10E1A800D200134343F4803343F00203FA68136048
:10E1B80000BF1437BD465DF8047B70472820024035
:10E1C80080B489B000AF7860396000237B617B68D8
:10E1D8003B61C2E13B681A6801217B6901FA03F3DC
:10E1E8001340FB607B69BB61FB68002B00F0B281C8
:10E1F8007B68554A93425DD17B681B68FB610122AD
:10E208007B6902FA03F3DB43FA691340FB613B685D
:10E218005B6803F001027B6902FA03F3FA691343AE
:10E22800FB617B68FA691A60484A7B6952F83330A7
:10E238003B61464A7B69DB0013445B68BB61BB6991
:10E24800DA083B69083253F82230FB61BB6903F0F6
:10E2580007039B000F2202FA03F3DB43FA6913401A
:10E26800FB61BB6903F007039B000B2202FA03F36F
:10E27800FA691343FB61BB69DA083B690832F9693B
:10E2880043F822103B691B68FB61BB695B000322F2
:10E2980002FA03F3DB43FA691340FB61BB695B00D5
:10E2A800022202FA03F3FA691343FB613B69FA6934
:10E2B8001A6067E03B685B68022B03D03B685B68C9
:10E2C800122B45D17B69DA087B68083253F8223073
:10E2D800FB617B6903F007039B000F2202FA03F33B
:10E2E800DB43FA691340FB613B681B6903F00F02CB
:10E2F8007B6903F007039B0002FA03F3FA691343EF
:10E30800FB617B69DA087B680832F96943F82210F7
:10E318003B691B68FB61BB695B00032202FA03F3DC
:10E32800DB43FA691340FB613B685B6803F0030257
:10E33800BB695B0002FA03F3FA691343FB613B69AB
:10E34800FA691A601EE000BF0000024644F50208A0
:10E358003B691B68FB61BB695B00032202FA03F39C
:10E36800DB43FA691340FB613B685B6803F0030217
:10E37800BB695B0002FA03F3FA691343FB613B696B
:10E38800FA691A603B685B68012B0BD03B685B68D5
:10E39800022B07D03B685B68112B03D03B685B6896
:10E3A800122B30D13B699B68FB61BB695B00032280
:10E3B80002FA03F3DB43FA691340FB613B68DA684E
:10E3C800BB695B0002FA03F3FA691343FB613B691B
:10E3D800FA699A603B695B68FB610122BB6902FAD2
:10E3E80003F3DB43FA691340FB613B685B681B0975
:10E3F80003F00102BB6902FA03F3FA691343FB61F4
:10E408003B69FA695A603B685B68032B07D13B6834
:10E418005B68032B1BD13B689B68012B17D03B69BA
:10E42800DB68FB61BB695B00032202FA03F3DB4391
:10E43800FA691340FB613B689A68BB695B0002FAA2
:10E4480003F3FA691343FB613B69FA69DA603B68D5
:10E458005B6803F08053002B7CD0474A7B699B089C
:10E46800183352F82330FB617B6903F00303DB00A8
:10E478000F2202FA03F3DB43FA691340FB617B685E
:10E488009A0A3E4B13407A6902F00302D200934085
:10E49800FA691343FB6138497B699B081833FA69A9
:10E4A80041F82320344B1B68FB61FB68DB43FA69A6
:10E4B8001340FB613B685B6803F48013002B03D0B7
:10E4C800FA69FB681343FB612B4AFB6913602A4B0B
:10E4D8005B68FB61FB68DB43FA691340FB613B68DF
:10E4E8005B6803F40013002B03D0FA69FB6813433D
:10E4F800FB61214AFB6953601F4BD3F88430FB61F1
:10E50800FB68DB43FA691340FB613B685B6803F413
:10E518000033002B03D0FA69FB681343FB61164AEA
:10E52800FB69C2F88430144BD3F88030FB61FB6878
:10E53800DB43FA691340FB613B685B6803F4803393
:10E54800002B03D0FA69FB681343FB610A4AFB6995
:10E55800C2F880307B6901337B613B681A687B694C
:10E5680022FA03F3002B7FF435AE00BF00BF243737
:10E57800BD465DF8047B7047002002467F7F2F0070
:10E5880080B489B000AF786039600023BB617B68D4
:10E598007B61BCE00122BB6902FA03F33A681340CD
:10E5A8003B61BB69FB613B69002B00F0AD807B6878
:10E5B8005E4A934215D15E4AFB6952F833307B615B
:10E5C8005B4ABB69DB0013445B68FB61574B1A6805
:10E5D8000121FB6901FA03F3DB43544913400B6043
:10E5E80053E0544ABB699B08183352F82330FB6048
:10E5F800BB6903F00303DB000F2202FA03F3FA6896
:10E608001340FB607B689A0A4B4B1340BA6902F0CF
:10E618000302D2009340FA689A4236D1454BD3F8A8
:10E6280080203B69DB4343491340C1F88030414BAC
:10E63800D3F884203B69DB433E491340C1F884305A
:10E648003C4B1A683B69DB433A4913400B60394B32
:10E658005A683B69DB43374913404B60BB6903F099
:10E668000303DB000F2202FA03F3FB60314ABB69A4
:10E678009B08183352F82310FB68DA432D48BB690E
:10E688009B080A40183340F823207B691A68FB6905
:10E698005B00032101FA03F31A437B691A60FB69E3
:10E6A800DA087B69083253F82210FB6903F0070384
:10E6B8009B000F2202FA03F3DB43FA69D2081940E0
:10E6C8007B69083243F822107B699A68FB695B0012
:10E6D800032101FA03F3DB431A407B699A607B69E3
:10E6E8005A680121FB6901FA03F3DB431A407B698D
:10E6F8005A607B69DA68FB695B00032101FA03F35E
:10E70800DB431A407B69DA60BB690133BB613A6855
:10E71800BB6922FA03F3002B7FF43CAF00BF00BFB4
:10E728002437BD465DF8047B704700BF00000246F1
:10E7380044F50208002002467F7F2F0080B483B092
:10E7480000AF78600B467B8013467B707B78002B8C
:10E7580003D07A887B689A6102E07A887B689A623B
:10E7680000BF0C37BD465DF8047B704780B485B0A8
:10E7780000AF78600B467B807B685B69FB607A88BA
:10E78800FB6813401A04FB68D9437B880B401A4383
:10E798007B689A6100BF1437BD465DF8047B7047FB
:10E7A80080B582B000AF0346FB800F4BDA68FB8868
:10E7B8001340002B06D00C4AFB88D360FB88184610
:10E7C80010F04EFC084B1A69FB881340002B06D04A
:10E7D800054AFB881361FB88184610F05FFC00BFF0
:10E7E8000837BD4680BD00BF0020024680B485B012
:10E7F80000AF7860394BDB6B03F44033BB60BA6819
:10E808007B689A420BD17B68B3F5803F05D9334BBF
:10E81800DB68324A43F48023D360002357E07B68E7
:10E82800B3F5803F0AD92D4BDB6823F4E0227B68DF
:10E8380013432A4A43F48023D36007E0274BDB685D
:10E8480023F4E02225497B681343CB60244B1B68E3
:10E85800244AA2FB03239B09322202FB03F3214A29
:10E86800A2FB03239B090133FB6002E0FB68013B29
:10E87800FB601A4BDB6803F40043002B02D1FB68F2
:10E88800002BF3D1FB68002B1BD0154B1B68154AD6
:10E89800A2FB03239B09322202FB03F3114AA2FBCA
:10E8A80003239B090133FB6002E0FB68013BFB602B
:10E8B8000A4BDB6B03F40043002B02D1FB68002BEF
:10E8C800F3D1FB68002B01D1032300E00023184695
:10E8D8001437BD465DF8047B704700BF0008024648
:10E8E80004000020D34D621080B400AF044BDB6BF2
:10E8F80003F440331846BD465DF8047B704700BFFB
:10E908000008024680B400AF054B1B69044A43F077
:10E918008043136100BFBD465DF8047B704700BFAC
:10E928000008024680B584B000AF78607B68002B91
:10E9380001D101234AE17B681B68644A934204D0F1
:10E948007B681B68624A934200E000BF7B68002234
:10E958009A627B681B685D4A934204D07B681B6897
:10E968005B4A934205D17B68DB680F2B01D90123F1
:10E978002CE1786802F089FCF8607B681B68534AD0
:10E98800934204D07B681B68514A934202D1FB68CA
:10E99800082B16D87B681B684E4A93420ED07B68BA
:10E9A8001B684D4A934209D07B681B684B4A9342C7
:10E9B80004D07B681B684A4A934204D1FB68102B39
:10E9C80001D9012302E17B6893F88930DBB2002B7F
:10E9D80035D17B68002283F888207B68414AC3F8D8
:10E9E80090207B68404AC3F894207B683F4AC3F86C
:10E9F80098207B683E4AC3F89C207B683D4AC3F850
:10EA0800A0207B683C4AC3F8A4207B683B4AC3F833
:10EA1800A8207B683A4AC3F8AC207B68394AC3F817
:10EA2800B0207B68D3F8B430002B03D17B68364A1A
:10EA3800C3F8B4207B68D3F8B430786898477B680B
:10EA4800022283F889207B681B681A687B681B6828
:10EA580022F001021A607B681B689B6803F4F813B4
:10EA6800BB607B689B69B3F1806F19D17B685B6879
:10EA7800B3F5800F03D17B689B6B002B08D07B68B4
:10EA88005B68002B0CD17B689B6BB3F1805F07D16F
:10EA98007B681B681A687B681B6842F480521A609E
:10EAA8007B685B6803F48003002B2FD07B68DB68EE
:10EAB800062B2BD97B681B681B6823F480717B6845
:10EAC8001A6D7B681B680A431A6027E0002000461D
:10EAD800002000560030014000300150003800404E
:10EAE80000380050790D01088D0D0108A10D0108AD
:10EAF800B50D0108C90D0108DD0D0108F10D01086A
:10EB0800050E0108190E0108A9A801087B681B68F1
:10EB18001A687B681B6822F480721A607B68DA695D
:10EB28007B689B6A1A43BB681A437B68DB6B42EAC3
:10EB380003017B68DA687B681B680A439A607B6814
:10EB48005A6B7B685B6A1A437B689B6B1A437B68CA
:10EB58009B691A437B681B691A437B685B691A4384
:10EB68007B681B6A1A437B685B681A437B68DB6CAB
:10EB78001A437B689B681A437B689B6C1A437B68C3
:10EB88009B6D1A437B68DB6D42EA03017B681A6E52
:10EB98007B681B680A43DA607B685B6803F4800360
:10EBA800002B0AD07B681B68DB6823F000417B6878
:10EBB8005A6D7B681B680A43DA607B680022C3F8D9
:10EBC8008C207B68012283F889200023184610379F
:10EBD800BD4680BD80B582B000AF78607B68002BF1
:10EBE80001D1012326E07B68022283F889207B6813
:10EBF8001B681A687B681B6822F001021A607B6830
:10EC0800D3F8B830002B03D17B680C4AC3F8B8207E
:10EC18007B68D3F8B830786898477B680022C3F8D7
:10EC28008C207B68002283F889207B68002283F887
:10EC38008820002318460837BD4680BD09AA010868
:10EC480080B588B002AFF860B9603B601346FB80BE
:10EC5800FB681B6820337B61FB681B68904A934202
:10EC6800F7F7BCF83861FB6893F88930DBB2012B01
:10EC780001D00223F4E1BB68002B02D0FB88002BF3
:10EC880001D10123ECE1FB6893F88830012B01D115
:10EC98000223E5E1FB68012283F88820FB68032250
:10ECA80083F88920FB680022C3F88C20FB68BA68C7
:10ECB8005A66FB68FA88A3F86820FB68FA88A3F804
:10ECC8006A20FB680022DA66FB680022A3F870203D
:10ECD800FB680022A3F87220FB680022DA67FB6851
:10ECE80000229A67FB689B68B3F5C02F08D1FB68C0
:10ECF8001B681A68FB681B6842F400621A6009E026
:10ED0800FB681B68DB6823F4C022FB681B6842F4BD
:10ED18000032DA60FB681B685B681B0C1B04F9880F
:10ED2800FA6812680B435360FB681B681A68FB6833
:10ED38001B6842F001021A60FB681B68DB6903F478
:10ED48000013002B0CD1FB685B68B3F5800F07D16B
:10ED5800FB681B681A68FB681B6842F400721A603B
:10ED6800FB68DB680F2B5BD9FB681B684D4A934235
:10ED78004FD0FB681B684C4A93424AD0FB681B681B
:10ED88004A4A934245D0FB681B68494A934247D197
:10ED98003FE0FB681B685B6903F00203022B14D198
:10EDA800FB685A6EFB681B6812681A62FB685B6E28
:10EDB8001A1DFB685A66FB68B3F86A309BB2013BC0
:10EDC8009AB2FB68A3F86A2023E0F7F707F802462F
:10EDD8003B69D31A3A689A4203D83B68B3F1FF3FBC
:10EDE80002D13B68002B14D1F86802F080F9FB6867
:10EDF800D3F88C3043F48072FB68C3F88C20FB682E
:10EE0800012283F88920FB68002283F888200323E5
:10EE180026E1FB68B3F86A309BB2002BB9D1F9E060
:10EE2800FB68DB68072B40F2EE8067E0FB681B6835
:10EE38005B6903F00203022B3CD1FB68B3F86A302C
:10EE48009BB2012B18D9FB68DB6B002B14D0FB6835
:10EE58005A6EFB681B6812681A62FB685B6E1A1DA3
:10EE6800FB685A66FB68B3F86A309BB2023B9AB2F9
:10EE7800FB68A3F86A2041E0FB685B6E1A887B692F
:10EE88001A80FB685B6E9A1CFB685A66FB68B3F8CD
:10EE98006A309BB2013B9AB2FB68A3F86A202DE066
:10EEA800002000460030014000300150003800408A
:10EEB80000380050F6F792FF02463B69D31A3A68C9
:10EEC8009A4203D83B68B3F1FF3F02D13B68002B5D
:10EED80014D1F86802F00BF9FB68D3F88C3043F4CE
:10EEE8008072FB68C3F88C20FB68012283F88920B4
:10EEF800FB68002283F888200323B1E0FB68B3F89D
:10EF08006A309BB2002B91D184E0FB681B685B6977
:10EF180003F00203022B52D1FB68B3F86A309BB2AC
:10EF2800032B18D9FB68DB6B402B14D9FB685A6E8E
:10EF3800FB681B6812681A62FB685B6E1A1DFB6827
:10EF48005A66FB68B3F86A309BB2043B9AB2FB6816
:10EF5800A3F86A2057E0FB68B3F86A309BB2012B2C
:10EF680017D9FB68DB6B002B13D0FB685B6E1A8824
:10EF78007B691A80FB685B6E9A1CFB685A66FB68A3
:10EF8800B3F86A309BB2023B9AB2FB68A3F86A20D6
:10EF980039E0FB685A6EFB681B68203312781A70D8
:10EFA800FB685B6E5A1CFB685A66FB68B3F86A30EC
:10EFB8009BB2013B9AB2FB68A3F86A2023E0F6F7FC
:10EFC8000DFF02463B69D31A3A689A4203D83B6858
:10EFD800B3F1FF3F02D13B68002B14D1F86802F06F
:10EFE80086F8FB68D3F88C3043F48072FB68C3F86A
:10EFF8008C20FB68012283F88920FB68002283F8B3
:10F00800882003232CE0FB68B3F86A309BB2002BFE
:10F018007FF47BAF3B6900933B6800220821F868C6
:10F0280002F005F90346002B07D0FB68D3F88C30B3
:10F0380043F02002FB68C3F88C20F86802F057F808
:10F04800FB68012283F88920FB68002283F8882066
:10F05800FB68D3F88C30002B01D0012300E000239B
:10F0680018461837BD4680BD80B588B000AFF86037
:10F07800B9603B601346FB80FB68DB6B5B099BB2A6
:10F088000133FB83FB681B683033BB61FB681B687B
:10F09800944A9342F6F7A2FE7861FB6893F88930A8
:10F0A800DBB2012B01D00223BCE2BB68002B02D0EB
:10F0B800FB88002B01D10123B4E2FB6893F8883068
:10F0C800012B01D10223ADE2FB68012283F88820DD
:10F0D800FB68042283F88920FB680022C3F88C208F
:10F0E800FB68BA68DA66FB68FA88A3F87020FB68E0
:10F0F800FA88A3F87220FB6800225A66FB6800228F
:10F10800A3F86820FB680022A3F86A20FB680022A5
:10F118009A67FB680022DA67FB689B68B3F5C02F23
:10F1280008D1FB681B681A68FB681B6822F4006238
:10F138001A6009E0FB681B68DB6823F4C022FB68DF
:10F148001B6842F48022DA60FB681B685B681B0C52
:10F158001B04F988FA6812680B435360FB681B6844
:10F168001A68FB681B6842F001021A60FB681B689A
:10F17800DB6903F40013002B0CD1FB685B68B3F563
:10F18800800F07D1FB681B681A68FB681B6842F48C
:10F1980000721A60FB68DB680F2B40F29C80FB68EA
:10F1A8001B68514A934200F08E80FB681B684F4AE7
:10F1B800934200F08880FB681B684D4A934200F038
:10F1C8008280FB681B684B4A934240F084807AE057
:10F1D800FB681B685B693B61FB681B685B6903F044
:10F1E8000103012B14D1FB681A68FB68DB6E126BF4
:10F1F8001A60FB68DB6E1A1DFB68DA66FB68B3F8F9
:10F2080072309BB2013B9AB2FB68A3F872205AE0B5
:10F21800FB68B3F872309BB2FA8B9A4219D93B69F2
:10F2280003F40043002B14D0FB681A68FB68DB6EFC
:10F23800126B1A60FB68DB6E1A1DFB68DA66FB68E6
:10F24800B3F872309BB2013B9AB2FB68A3F8722004
:10F2580039E03B6903F40063002B10D0FB681B689E
:10F268001B6803F40073B3F5007F2CD1FB681B689F
:10F278009A69FB681B6842F400629A6123E0F6F71A
:10F28800ADFD02467B69D31A3A689A4203D83B68B7
:10F29800B3F1FF3F02D13B68002B14D1F86801F0AD
:10F2A80026FFFB68D3F88C3043F48072FB68C3F800
:10F2B8008C20FB68012283F88920FB68002283F8F0
:10F2C80088200323AEE1FB68B3F872309BB2002BB1
:10F2D8007FF47EAF93E1FB68DB68072B40F28881FF
:10F2E800B0E000BF0020004600300140003001506F
:10F2F8000038004000380050FB681B685B693B61C0
:10F30800FB681B685B6903F00103012B14D1FB68E0
:10F31800DB6EBA69128892B21A80FB68DB6E9A1C9F
:10F32800FB68DA66FB68B3F872309BB2013B9AB2AD
:10F33800FB68A3F8722085E0FB68B3F872309BB2D3
:10F34800FA8B9A4224D93B6903F40043002B1FD05F
:10F35800FB68DB6EBA69128892B21A80FB68DB6EB2
:10F368009A1CFB68DA66FB68DB6EBA69128892B28F
:10F378001A80FB68DB6E9A1CFB68DA66FB68B3F8D8
:10F3880072309BB2023B9AB2FB68A3F8722059E034
:10F39800FB68B3F872309BB2012B19D13B6903F4B7
:10F3A8000053002B14D0FB68DB6EBA69128892B246
:10F3B8001A80FB68DB6E9A1CFB68DA66FB68B3F898
:10F3C80072309BB2013B9AB2FB68A3F8722039E015
:10F3D8003B6903F40063002B10D0FB681B681B68B3
:10F3E80003F40073B3F5007F2CD1FB681B689A699E
:10F3F800FB681B6842F400629A6123E0F6F7EEFCB2
:10F4080002467B69D31A3A689A4203D83B68B3F13B
:10F41800FF3F02D13B68002B14D1F86801F067FE6A
:10F42800FB68D3F88C3043F48072FB68C3F88C20F7
:10F43800FB68012283F88920FB68002283F8882072
:10F448000323EFE0FB68B3F872309BB2002B7FF424
:10F4580053AFD4E0FB681B685B693B61FB681B68C2
:10F468005B6903F00103012B17D1FB681B6803F1EB
:10F478003002FB68DB6E1278D2B21A70FB68DB6E62
:10F488005A1CFB68DA66FB68B3F872309BB2013B22
:10F498009AB2FB68A3F87220AAE0FB68B3F872304E
:10F4A8009BB2FA8B9A4246D93B6903F40043002B7E
:10F4B80041D0FB681B6803F13002FB68DB6E1278F1
:10F4C800D2B21A70FB68DB6E5A1CFB68DA66FB68FE
:10F4D8001B6803F13002FB68DB6E1278D2B21A7037
:10F4E800FB68DB6E5A1CFB68DA66FB681B6803F175
:10F4F8003002FB68DB6E1278D2B21A70FB68DB6EE2
:10F508005A1CFB68DA66FB681B6803F13002FB686B
:10F51800DB6E1278D2B21A70FB68DB6E5A1CFB687D
:10F52800DA66FB68B3F872309BB2043B9AB2FB68A8
:10F53800A3F872205CE0FB68B3F872309BB2032B2F
:10F548001CD83B6903F4C043002B17D0FB681B6829
:10F5580003F13002FB68DB6E1278D2B21A70FB68D6
:10F56800DB6E5A1CFB68DA66FB68B3F872309BB234
:10F57800013B9AB2FB68A3F8722039E03B6903F4B7
:10F588000063002B10D0FB681B681B6803F4007332
:10F59800B3F5007F2CD1FB681B689A69FB681B6870
:10F5A80042F400629A6123E0F6F718FC02467B6990
:10F5B800D31A3A689A4203D83B68B3F1FF3F02D1A5
:10F5C8003B68002B14D1F86801F091FDFB68D3F873
:10F5D8008C3043F48072FB68C3F88C20FB680122EE
:10F5E80083F88920FB68002283F88820032319E028
:10F5F800FB68B3F872309BB2002B7FF42BAFF8682E
:10F6080001F075FDFB68012283F88920FB68002260
:10F6180083F88820FB68D3F88C30002B01D00123B5
:10F6280000E0002318462037BD4680BD80B58EB067
:10F6380002AFF860B9607A607B80FB681B68203392
:10F648007B62FB681B6830333B62FB68DB6B5B09E2
:10F658009BB20133FB83FB681B68904A9342F6F721
:10F66800BDFBB8617B887B857B883B85FB6893F80D
:10F678008930DBB2012B01D0022332E3BB68002BB7
:10F6880005D07B68002B02D07B88002B01D1012399
:10F6980027E3FB6893F88830012B01D1022320E38C
:10F6A800FB68012283F88820FB68052283F88920FB
:10F6B800FB680022C3F88C20FB687A68DA66FB686E
:10F6C8007A88A3F87220FB687A88A3F87020FB6810
:10F6D800BA685A66FB687A88A3F86A20FB687A8851
:10F6E800A3F86820FB6800229A67FB680022DA67A3
:10F6F800FB681B68DA68FB681B6822F4C022DA60C2
:10F70800FB681B68664A93420ED0FB681B68654A13
:10F71800934209D0FB681B68634A934204D0FB6894
:10F728001B68624A934202D11023FB6201E008235E
:10F73800FB62FB681B685B681B0C1B047988FA6812
:10F7480012680B435360FB681B681A68FB681B68E8
:10F7580042F001021A60FB681B68DB6903F40013BE
:10F76800002B0CD1FB685B68B3F5800F07D1FB68F1
:10F778001B681A68FB681B6842F400721A60FB6811
:10F78800DB680F2B40F2C180FB681B68444A934238
:10F798000FD0FB681B68434A93420AD0FB681B687A
:10F7A800414A934205D0FB681B68404A934240F0A7
:10F7B800AC80FB6A9B08FB629EE0FB681B685B6988
:10F7C80003F00203022B20D17B8D002B1DD03A8D34
:10F7D800798DFB6A0B449A4217D2FB685A6EFB6814
:10F7E8001B6812681A62FB685B6E1A1DFB685A6612
:10F7F800FB68B3F86A309BB2013B9AB2FB68A3F886
:10F808006A20FB68B3F86A307B85FB681B685B6914
:10F818007B613B8D002B6FD0FB681B685B6903F035
:10F828000103012B18D1FB681A68FB68DB6E126BA9
:10F838001A60FB68DB6E1A1DFB68DA66FB68B3F8B2
:10F8480072309BB2013B9AB2FB68A3F87220FB6846
:10F85800B3F872303B854FE03A8DFB8B9A4227D242
:10F868007B6903F40043002B22D0FB681A68FB680D
:10F87800DB6E126B1A60FB68DB6E1A1DFB68DA66BA
:10F88800FB68B3F872309BB2013B9AB2FB68A3F8ED
:10F898007220FB68B3F872303B852DE000200046EB
:10F8A800003001400030015000380040003800505E
:10F8B800F6F794FA0246BB69D31ABA6B9A4203D890
:10F8C800BB6BB3F1FF3F02D1BB6B002B14D1F868BF
:10F8D80001F00DFCFB68D3F88C3043F48072FB68B0
:10F8E800C3F88C20FB68012283F88920FB6800227A
:10F8F80083F888200323F4E17B8D002B7FF45DAF30
:10F908003B8D002B7FF459AFC5E1FB68DB68072B03
:10F9180040F2B981FB6A5B08FB62C0E0FB681B68C8
:10F928005B6903F00203022B1FD17B8D002B1CD0D7
:10F938003A8D798DFB6A0B449A4216D2FB685B6E4E
:10F948001A887B6A1A80FB685B6E9A1CFB685A6689
:10F95800FB68B3F86A309BB2013B9AB2FB68A3F824
:10F968006A20FB68B3F86A307B85FB681B685B69B3
:10F978007B613B8D002B00F09280FB681B685B6904
:10F9880003F00103012B18D1FB68DB6E3A6A128879
:10F9980092B21A80FB68DB6E9A1CFB68DA66FB6819
:10F9A800B3F872309BB2013B9AB2FB68A3F872209D
:10F9B800FB68B3F872303B8571E03A8DFB8B9A4255
:10F9C80028D27B6903F40043002B23D0FB68DB6E4D
:10F9D8003A6A128892B21A80FB68DB6E9A1CFB683E
:10F9E800DA66FB68DB6E3A6A128892B21A80FB68A4
:10F9F800DB6E9A1CFB68DA66FB68B3F872309BB260
:10FA0800023B9AB2FB68A3F87220FB68B3F8723025
:10FA18003B8544E03B8D012B1DD17B6903F40053EA
:10FA2800002B18D0FB68DB6E3A6A128892B21A80F3
:10FA3800FB68DB6E9A1CFB68DA66FB68B3F8723009
:10FA48009BB2013B9AB2FB68A3F87220FB68B3F83B
:10FA580072303B8523E0F6F7C1F90246BB69D31A39
:10FA6800BA6B9A4203D8BB6BB3F1FF3F02D1BB6BB1
:10FA7800002B14D1F86801F03AFBFB68D3F88C30FE
:10FA880043F48072FB68C3F88C20FB68012283F87A
:10FA98008920FB68002283F88820032321E17B8DDD
:10FAA800002B7FF43BAF3B8D002B7FF437AFF2E0A8
:10FAB800FB681B685B6903F00203022B21D17B8D75
:10FAC800002B1ED03A8D798DFB6A0B449A4218D2CE
:10FAD800FB685A6EFB681B68203312781A70FB6843
:10FAE8005B6E5A1CFB685A66FB68B3F86A309BB2B7
:10FAF800013B9AB2FB68A3F86A20FB68B3F86A3046
:10FB08007B85FB681B685B697B613B8D002B00F084
:10FB1800BA80FB681B685B6903F00103012B1BD1EA
:10FB2800FB681B6803F13002FB68DB6E1278D2B207
:10FB38001A70FB68DB6E5A1CFB68DA66FB68B3F860
:10FB480072309BB2013B9AB2FB68A3F87220FB6843
:10FB5800B3F872303B8596E03A8DFB8B9A424AD2D5
:10FB68007B6903F40043002B45D0FB681B6803F155
:10FB78003002FB68DB6E1278D2B21A70FB68DB6E5B
:10FB88005A1CFB68DA66FB681B6803F13002FB68E5
:10FB9800DB6E1278D2B21A70FB68DB6E5A1CFB68F7
:10FBA800DA66FB681B6803F13002FB68DB6E1278CB
:10FBB800D2B21A70FB68DB6E5A1CFB68DA66FB6807
:10FBC8001B6803F13002FB68DB6E1278D2B21A7040
:10FBD800FB68DB6E5A1CFB68DA66FB68B3F87230A8
:10FBE8009BB2043B9AB2FB68A3F87220FB68B3F897
:10FBF80072303B8547E03B8D032B20D87B6903F4AB
:10FC0800C043002B1BD0FB681B6803F13002FB6864
:10FC1800DB6E1278D2B21A70FB68DB6E5A1CFB6876
:10FC2800DA66FB68B3F872309BB2013B9AB2FB68A4
:10FC3800A3F87220FB68B3F872303B8523E0F6F72F
:10FC4800CDF80246BB69D31ABA6B9A4203D8BB6B8C
:10FC5800B3F1FF3F02D1BB6B002B14D1F86801F060
:10FC680046FAFB68D3F88C3043F48072FB68C3F81B
:10FC78008C20FB68012283F88920FB68002283F826
:10FC8800882003232DE07B8D002B7FF411AF3B8D63
:10FC9800002B7FF40DAFBB690093BB6B00220821DA
:10FCA800F86801F0C4FA0346002B07D0FB68D3F8C4
:10FCB8008C3043F02002FB68C3F88C20F86801F010
:10FCC80016FAFB68012283F88920FB68002283F872
:10FCD8008820FB68D3F88C30002B01D0012300E08A
:10FCE800002318463037BD4680BD00BF80B586B0BA
:10FCF80000AFF860B9601346FB80FB681B68964A42
:10FD08009342FB6893F88930DBB2012B01D00223C0
:10FD1800A3E1BB68002B02D0FB88002B01D1012393
:10FD28009BE1FB6893F88830012B01D1022394E111
:10FD3800FB68012283F88820FB68032283F8892066
:10FD4800FB680022C3F88C20FB68BA685A66FB6817
:10FD5800FA88A3F86820FB68FA88A3F86A20FB6889
:10FD68000022DA66FB680022DA67FB6800229A67DD
:10FD7800FB680022A3F87020FB680022A3F8722019
:10FD8800FB689B68B3F5C02F08D1FB681B681A682D
:10FD9800FB681B6842F400621A6009E0FB681B6894
:10FDA800DB6823F4C022FB681B6842F40032DA6087
:10FDB800FB68DB680F2B19D9FB68D3F880309B6987
:10FDC800022B13D0FB681B68644A934218D0FB6867
:10FDD8001B68634A934213D0FB681B68614A9342CD
:10FDE8000ED0FB681B68604A934209D0FB68DB6849
:10FDF800072B0BD9FB68D3F880309B69002B05D102
:10FE0800FB68002283F88820012326E1FB68DB6871
:10FE1800072B20D8FB68D3F880309B69012B09D1C8
:10FE2800FB68B3F86A309BB201335B109AB2FB6887
:10FE3800A3F86A20FB68D3F880309B69022B1ED197
:10FE4800FB68B3F86A309BB203339B109AB2FB6825
:10FE5800A3F86A2013E0FB68DB680F2B0FD8FB6858
:10FE6800D3F880309B69022B09D1FB68B3F86A305C
:10FE78009BB201335B109AB2FB68A3F86A20FB6857
:10FE8800D3F88030394A5A66FB68D3F88030384A4C
:10FE98001A66FB68D3F88030364A9A66FB68D3F84E
:10FEA80080300022DA66FB681B689A68FB681B686A
:10FEB80022F400429A60FB68DB68072B04D8FB68D1
:10FEC800FA88A3F86A2010E0FB68DB680F2B06D8D5
:10FED800FB885B009AB2FB68A3F86A2005E0FB8800
:10FEE8009B009AB2FB68A3F86A20FB68D3F88030BD
:10FEF8001B6D03F08003002B3ED0FB68D3F88030E5
:10FF08005B6F002B24D0FB68B3F86A309AB2FB68A9
:10FF1800D3F880305B6F1B689A60FB685A6EFB6889
:10FF2800D3F880305B6F1B68DA60FB681B6803F1ED
:10FF38002002FB68D3F880305B6F1B681A61FB688E
:10FF4800D3F880301846F5F7A5F80346FB7525E089
:10FF58000123FB7522E000BF00200046003001406D
:10FF6800003001500038004000380050CD0E010824
:10FF78002D0E01080D0F0108FB68D3F88000FB68FF
:10FF88005B6E1946FB681B6820331A46FB68B3F89A
:10FF98006A309BB2F4F7F0F90346FB75FB7D002B42
:10FFA80011D0FB68D3F88C3043F01002FB68C3F81B
:10FFB8008C20FB68012283F88920FB68002283F8E3
:10FFC8008820012349E0FB68D3F880301B6D812B22
:10FFD80008D1FB681B685B68FA6812681B0C1B0475
:10FFE800536009E0FB681B685B681B0C1B04F988FD
:08FFF800FA6812680B43536024
:020000040801F1
:10000000FB681B689A68FB681B6842F400429A60B0
:10001000FB681B681A69FB681B6842F448721A6126
:10002000FB681B681A68FB681B6842F001021A60D3
:10003000FB681B68DB6903F40013002B0CD1FB6821
:100040005B68B3F5800F07D1FB681B681A68FB6813
:100050001B6842F400721A60FB68002283F8882053
:10006000002318461837BD4680BD00BF80B586B056
:1000700000AFF860B9607A607B80FB681B68914ACA
:100080009342FB6893F88930DBB2012B01D0022345
:1000900074E2BB68002B05D07B68002B02D07B8804
:1000A000002B01D1012369E2FB6893F88830012B12
:1000B00001D1022362E2FB68012283F88820FB68F9
:1000C000052283F88920FB680022C3F88C20FB6896
:1000D000BA685A66FB687A88A3F86820FB687A8851
:1000E000A3F86A20FB687A68DA66FB687A88A3F866
:1000F0007020FB687A88A3F87220FB6800229A6758
:10010000FB680022DA67FB681B68DA68FB681B681B
:1001100022F4C022DA60FB681B689A68FB681B68DF
:1001200022F440429A60FB68DB680F2B20D9FB6801
:10013000D3F88430DB69B3F5003F05D1FB68D3F811
:1001400080309B69022B13D0FB681B685E4A934288
:100150001ED0FB681B685D4A934219D0FB681B6880
:100160005B4A934214D0FB681B685A4A93420FD0F3
:10017000FB68DB68072B11D9FB68D3F88430DB6997
:10018000002B05D0FB68D3F880309B69002B05D18C
:10019000FB68002283F888200123EFE1FB68DB681D
:1001A000072B42D8FB68D3F880309B69012B09D11B
:1001B000FB68B3F86A309BB201335B109AB2FB68FC
:1001C000A3F86A20FB68D3F880309B69022B09D121
:1001D000FB68B3F86A309BB203339B109AB2FB689A
:1001E000A3F86A20FB68D3F88430DB69B3F5803F5D
:1001F00009D1FB68B3F872309BB201335B109AB23D
:10020000FB68A3F87220FB68D3F88430DB69B3F590
:10021000003F2FD1FB68B3F872309BB203339B10C1
:100220009AB2FB68A3F8722024E0FB68DB680F2B0E
:1002300020D8FB68D3F880309B69022B09D1FB687A
:10024000B3F86A309BB201335B109AB2FB68A3F833
:100250006A20FB68D3F88430DB69B3F5003F09D12D
:10026000FB68B3F872309BB201335B109AB2FB6843
:10027000A3F87220FB68D3F88430174A5A66FB68EB
:10028000D3F88430154A1A66FB68D3F88430144AD0
:100290009A66FB68D3F884300022DA66FB68DB6874
:1002A000072B04D8FB687A88A3F8722020E0FB684B
:1002B000DB680F2B16D87B885B009AB2FB68A3F82B
:1002C000722015E00020004600300140003001504F
:1002D0000038004000380050ED0E0108770E01088C
:1002E0000D0F01087B889B009AB2FB68A3F872206F
:1002F000FB68D3F884301B6D03F08003002B2DD0F6
:10030000FB68D3F884305B6F002B24D0FB68B3F814
:1003100072309AB2FB68D3F884305B6F1B689A60C6
:10032000FB681B6803F13002FB68D3F884305B6F15
:100330001B68DA60FB68DA6EFB68D3F884305B6FA9
:100340001B681A61FB68D3F884301846F4F7A6FEE0
:100350000346FB7514E00123FB7511E0FB68D3F83D
:100360008400FB681B6830331946FB68DB6E1A4655
:10037000FB68B3F872309BB2F4F702F80346FB75E2
:10038000FB7D002B11D0FB68D3F88C3043F01002BA
:10039000FB68C3F88C20FB68012283F88920FB6886
:1003A000002283F888200123E8E0FB681B689A6834
:1003B000FB681B6842F480429A60FB68D3F8803087
:1003C00000225A66FB68D3F8803000221A66FB6868
:1003D000D3F880300022DA66FB68D3F88030694AAF
:1003E0009A66FB68DB68072B04D8FB687A88A3F859
:1003F0006A2010E0FB68DB680F2B06D87B885B0067
:100400009AB2FB68A3F86A2005E07B889B009AB249
:10041000FB68A3F86A20FB68D3F880301B6D03F0FB
:100420008003002B2DD0FB68D3F880305B6F002B4E
:1004300024D0FB68B3F86A309AB2FB68D3F88030F6
:100440005B6F1B689A60FB685A6EFB68D3F880305C
:100450005B6F1B68DA60FB681B6803F12002FB68B6
:10046000D3F880305B6F1B681A61FB68D3F880306B
:100470001846F4F713FE0346FB7514E00123FB75E1
:1004800011E0FB68D3F88000FB685B6E1946FB68DF
:100490001B6820331A46FB68B3F86A309BB2F3F747
:1004A0006FFF0346FB75FB7D002B17D0FB68D3F86D
:1004B00084301846F3F7C4FFFB68D3F88C3043F060
:1004C0001002FB68C3F88C20FB68012283F88920A6
:1004D000FB68002283F8882001234FE0FB68D3F8F3
:1004E00084301B6D812B0ED1FB68D3F880301B6DDF
:1004F000812B08D1FB681B685B68FA6812681B0CCB
:100500001B04536009E0FB681B685B681B0C1B0441
:100510007988FA6812680B435360FB681B689A6815
:10052000FB681B6842F400429A60FB681B681A690A
:10053000FB681B6842F458721A61FB681B681A68F2
:10054000FB681B6842F001021A60FB681B68DB69EC
:1005500003F40013002B0CD1FB685B68B3F5800F2C
:1005600007D1FB681B681A68FB681B6842F40072BD
:100570001A60FB68002283F8882000231846183789
:10058000BD4680BD0D0F010880B584B000AF786016
:100590007B6893F88830012B01D10223E1E07B686E
:1005A000012283F888207B68072283F889200023B2
:1005B000FB736E4B1B686E4AA2FB03235B0A64222B
:1005C00002FB03F3BB607B681B681B6803F40073CA
:1005D000B3F5007F5BD17B681B681A697B681B6879
:1005E00022F008021A61BB68013BBB60BB68002BAC
:1005F00008D17B68D3F88C3043F040027B68C3F8A5
:100600008C2006E07B681B681B6903F00803082B3D
:10061000E9D07B681B681A687B681B6842F48062BB
:100620001A60BB68013BBB60BB68002B08D17B68CC
:10063000D3F88C3043F040027B68C3F88C2007E08D
:100640007B681B681B6803F40073B3F5007FE8D078
:100650007B681B689A697B681B6842F400629A6138
:10066000BB68013BBB60BB68002B08D17B68D3F83B
:100670008C3043F040027B68C3F88C2007E07B6835
:100680001B685B6903F40063B3F5006FE8D07B6817
:100690001B689B6803F40043B3F5004F1FD17B68D0
:1006A000D3F88030002B1AD07B68D3F8803000223A
:1006B000DA667B68D3F880301846F3F7C1FE03464C
:1006C000002B0CD07B68D3F880301846F4F7CCF8B8
:1006D0000346102B03D17B684022C3F88C207B6833
:1006E0001B689B6803F48043B3F5804F1FD17B6880
:1006F000D3F88430002B1AD07B68D3F884300022E2
:10070000DA667B68D3F884301846F3F799FE03461F
:10071000002B0CD07B68D3F884301846F4F7A4F88B
:100720000346102B03D17B684022C3F88C207868E5
:1007300000F07DFC7B68D3F88C3003F04003402B45
:1007400002D10123FB7303E07B680022C3F88C20F5
:100750007B68012283F889207B68002283F8882047
:10076000FB7B18461037BD4680BD00BF040000204B
:10077000F119760580B586B000AF786001233B6142
:100780000123FB607B68072283F889200023FB7527
:10079000854B1B68854AA2FB03235B0A642202FB8C
:1007A00003F3BB607B681B681B6803F40073B3F53D
:1007B000007F5BD17B681B681A697B681B6822F02D
:1007C00008021A61BB68013BBB60BB68002B08D103
:1007D0007B68D3F88C3043F040027B68C3F88C20F0
:1007E00006E07B681B681B6903F00803082BE9D04F
:1007F0007B681B681A687B681B6842F480621A6019
:10080000BB68013BBB60BB68002B08D17B68D3F899
:100810008C3043F040027B68C3F88C2007E07B6893
:100820001B681B6803F40073B3F5007FE8D07B6896
:100830001B689A697B681B6842F400629A61BB6816
:10084000013BBB60BB68002B08D17B68D3F88C30C0
:1008500043F040027B68C3F88C2007E07B681B688C
:100860005B6903F40063B3F5006FE8D07B68D3F8ED
:100870008430002B0CD07B681B689B6803F480439A
:10088000B3F5804F04D17B68D3F88430484ADA66E8
:100890007B68D3F88030002B2DD07B681B689B6869
:1008A00003F40043B3F5004F20D17B68D3F88030C8
:1008B000404ADA6600233B617B68D3F880301846F3
:1008C000F3F73AFE0346002B15D07B68D3F880304F
:1008D0001846F3F7C9FF0346202B0CD101233B61D7
:1008E0007B68D3F880300022DA6604E07B68D3F8B6
:1008F00080300022DA667B68D3F88430002B2DD05C
:100900007B681B689B6803F48043B3F5804F20D15C
:100910007B68D3F88430264ADA660023FB607B6864
:10092000D3F884301846F3F707FE0346002B15D0A2
:100930007B68D3F884301846F3F796FF0346202BE4
:100940000CD10123FB607B68D3F884300022DA6687
:1009500004E07B68D3F884300022DA663B69012B1F
:100960001CD1FB68012B19D1786800F060FB7B6813
:10097000D3F88C3003F04003402B02D10123FB75E8
:1009800003E07B680022C3F88C207B68012283F897
:1009900089207B68D3F8AC3078689847FB7D18468F
:1009A0001837BD4680BD00BF04000020F119760550
:1009B000DF0F01088F0F010880B58AB000AF7860A3
:1009C0007B681B681B693B627B681B685B69FB611A
:1009D0003A6AFB691340BB617B681B689B687B615B
:1009E00000237B627B6893F88930FB747B681B680B
:1009F0003033FB60FB6903F40063002B12D03B6AC9
:100A000003F00803002B0DD07B681B689A697B6894
:100A10001B6842F400629A617B68D3F8B030786852
:100A20009847A4E1BB6903F04003002B13D1BB69D5
:100A300003F02003002B0ED1BB6903F00403002B4D
:100A400009D07B68DB6F786898477B689B6F786814
:100A5000984701237B62BB6903F04003002B0FD151
:100A6000BB6903F00103002B0AD0BB6903F0040348
:100A7000002B05D17B689B6F7868984701237B62C8
:100A8000BB6903F02003002B0FD1BB6903F0020305
:100A9000002B0AD0BB6903F00403002B05D17B684F
:100AA000DB6F7868984701237B627B6A002B40F0FC
:100AB0005981BB6903F00803002B00F093807B6829
:100AC0001B689A697B681B6842F008029A617B6820
:100AD0001B689A697B681B6842F010029A617B6808
:100AE0001B689A697B681B6842F400629A617B68A4
:100AF0001B681A697B681B6822F008021A617B6810
:100B00001B689B6803F44043002B3DD136E07B68B3
:100B1000DB680F2B0BD97B681A687B68DB6E126B66
:100B20001A607B68DB6E1A1D7B68DA661DE07B68E5
:100B3000DB68072B0BD97B68DB6EFA68128892B2F0
:100B40001A807B68DB6E9A1C7B68DA660DE07B6836
:100B50001B6803F130027B68DB6E1278D2B21A7028
:100B60007B68DB6E5A1C7B68DA667B68B3F8723090
:100B70009BB2013B9AB27B68A3F872207B68B3F802
:100B800072309BB2002BC2D1786800F0B4FA7B6857
:100B9000012283F889207B68D3F88C30002B05D0A4
:100BA0007B68D3F8A83078689847E0E0FB7C052B99
:100BB00005D17B68D3F8983078689847D4E0FB7CFF
:100BC000042B05D17B68D3F8943078689847CBE044
:100BD000FB7C032B40F0C8807B68D3F890307868AA
:100BE0009847C1E0BB6903F45873002B00F0BF8045
:100BF000BB6903F04003002B0FD07B68D3F88C3027
:100C000043F004027B68C3F88C207B681B689A69F8
:100C10007B681B6842F040029A61BB6903F4007371
:100C2000002B0FD07B68D3F88C3043F001027B6837
:100C3000C3F88C207B681B689A697B681B6842F448
:100C400000729A61BB6903F48073002B0FD07B683C
:100C5000D3F88C3043F008027B68C3F88C207B68A3
:100C60001B689A697B681B6842F480729A61BB6951
:100C700003F02003002B0FD07B68D3F88C3043F0B7
:100C800080027B68C3F88C207B681B689A697B684C
:100C90001B6842F020029A617B68D3F88C30002BED
:100CA00064D07B681B681A687B681B6822F00102AD
:100CB0001A607B681B681B697A68126823F45A7390
:100CC00023F0030313617B6903F44043B3F5404F02
:100CD0003ED17B681B689A687B681B6822F440429F
:100CE0009A607B68D3F88430002B15D07B68D3F8EA
:100CF0008430204ADA667B68D3F884301846F3F7EC
:100D00001BFC0346002B07D07B68D3F88C3043F0E4
:100D100040027B68C3F88C207B68D3F88030002BBE
:100D200024D07B68D3F88030124ADA667B68D3F827
:100D300080301846F3F700FC0346002B16D07B6882
:100D4000D3F88C3043F040027B68C3F88C200DE070
:100D50007B68012283F889207B68D3F8A830786803
:100D6000984703E000BF02E000BF00E000BF283763
:100D7000BD4680BD570F010880B483B000AF7860D6
:100D800000BF0C37BD465DF8047B704780B483B06C
:100D900000AF786000BF0C37BD465DF8047B70473C
:100DA00080B483B000AF786000BF0C37BD465DF8FB
:100DB000047B704780B483B000AF786000BF0C370D
:100DC000BD465DF8047B704780B483B000AF7860A7
:100DD00000BF0C37BD465DF8047B704780B483B01C
:100DE00000AF786000BF0C37BD465DF8047B7047EC
:100DF00080B483B000AF786000BF0C37BD465DF8AB
:100E0000047B704780B483B000AF786000BF0C37BC
:100E1000BD465DF8047B704780B483B000AF786056
:100E200000BF0C37BD465DF8047B704780B584B0C9
:100E300000AF78607B68DB6DFB60FB6893F88930FE
:100E4000DBB2072B13D0FB68D3F880301B6D812BEE
:100E500005D1FB68D3F89030F868984707E0FB6845
:100E60001B681A69FB681B6842F008021A6100BF20
:100E70001037BD4680BD80B584B000AF78607B6818
:100E8000DB6DFB60FB6893F88930DBB2072B19D070
:100E9000FB68D3F884301B6D812B0BD1FB68D3F832
:100EA00080301B6D812B05D1FB68D3F89830F86832
:100EB000984707E0FB681B681A69FB681B6842F0EB
:100EC00008021A6100BF1037BD4680BD80B584B0EE
:100ED00000AF78607B68DB6DFB60FB68D3F89C300B
:100EE000F868984700BF1037BD4680BD80B584B014
:100EF00000AF78607B68DB6DFB60FB68D3F8A430E3
:100F0000F868984700BF1037BD4680BD80B584B0F3
:100F100000AF78607B68DB6DFB607868F3F7A4FC5A
:100F20000346002B13D0F86800F0E5F8FB68D3F80F
:100F30008C3043F01002FB68C3F88C20FB68012260
:100F400083F88920FB68D3F8A830F868984700BF79
:100F50001037BD4680BD80B584B000AF78607B6837
:100F6000DB6DFB60FB680022A3F87220FB680022A7
:100F7000A3F86A20FB68012283F88920FB68D3F874
:100F8000A830F868984700BF1037BD4680BD80B5CF
:100F900084B000AF78607B68DB6DFB60FB68D3F8E2
:100FA00080300022DA66FB68D3F88430002B05D04D
:100FB000FB68D3F88430DB6E002B0CD1F86800F0AE
:100FC00036F8FB68012283F88920FB68D3F8AC303F
:100FD000F868984700E000BF1037BD4680BD80B577
:100FE00084B000AF78607B68DB6DFB60FB68D3F892
:100FF00084300022DA66FB68D3F88030002B05D0FD
:10100000FB68D3F88030DB6E002B0CD1F86800F061
:101010000EF8FB68012283F88920FB68D3F8AC3016
:10102000F868984700E000BF1037BD4680BD80B427
:1010300083B000AF78607B681B681A687B681B68A8
:1010400022F001021A607B681B681B697A681268CB
:1010500023F45B7323F0030313617B681B689A69B5
:101060007B681B6842F008029A617B681B689A697A
:101070007B681B6842F010029A617B681B689A6863
:101080007B681B6822F440429A607B681B689A69FF
:101090007B681B6842F040029A617B681B689A6912
:1010A0007B681B6842F020029A617B681B689A6922
:1010B0007B681B6842F480729A617B681B689A693E
:1010C0007B681B6842F400729A617B681B689A69AE
:1010D0007B681B6842F400629A617B680022A3F877
:1010E0006A207B680022A3F8722000BF0C37BD463F
:1010F0005DF8047B704780B485B000AF78607B6892
:101100001B685B69FB607B681B689A697B681B686E
:1011100042F008029A617B681B689A697B681B68C9
:1011200042F010029A617B681B681A687B681B6832
:1011300022F001021A607B681B681B697A681268DA
:1011400023F45B7323F0030313617B681B689A68C5
:101150007B681B6822F440429A607B6893F8893070
:10116000DBB2042B14D0FB6803F02003002B0FD05C
:101170007B68D3F88C3043F080027B68C3F88C2006
:101180007B681B689A697B681B6842F020029A6141
:101190007B6893F88930DBB2032B14D0FB6803F033
:1011A0004003002B0FD07B68D3F88C3043F004024F
:1011B0007B68C3F88C207B681B689A697B681B6816
:1011C00042F040029A61FB6803F40073002B0FD0D9
:1011D0007B68D3F88C3043F001027B68C3F88C2025
:1011E0007B681B689A697B681B6842F400729A618D
:1011F000FB6803F48073002B0FD07B68D3F88C302E
:1012000043F008027B68C3F88C207B681B689A69EE
:101210007B681B6842F480729A617B680022A3F8A5
:101220006A207B680022A3F8722000BF1437BD46F5
:101230005DF8047B704780B584B000AFF860B9609A
:101240003B601346FB7110E0F4F7CCFD0246BB692E
:10125000D31A3A689A4203D83B68B3F1FF3F02D1F0
:101260003B68002B01D103230FE0FB681B685A6920
:10127000BB681340BA689A420CBF01230023DBB25B
:101280001A46FB799A42DFD0002318461037BD4634
:1012900080BD80B485B000AF78607B68DB6B5B0994
:1012A0000133FB607B68DB680133BB60BB680733DD
:1012B000DB08BB60BB68FA6802FB03F3184614370F
:1012C000BD465DF8047B704780B483B000AF7860A2
:1012D00039607B6893F88930DBB2012B2ED17B68B3
:1012E00093F88830012B01D1022328E07B6801228A
:1012F00083F888207B68022283F889207B681B683A
:101300001A687B681B6822F001021A603B681A6841
:101310003B685B6803F4702342EA03013B689A6808
:101320007B681B680A43DA617B68012283F88920A5
:101330007B68002283F88820002300E00123184600
:101340000C37BD465DF8047B7047000080B582B065
:1013500000AF78607B68002B01D1012350E07B68EF
:10136000D3F88830002B14D17B68002283F88420C6
:10137000786800F0B7FE7B68D3F8C030002B03D14B
:101380007B68214AC3F8C0207B68D3F8C0307868F6
:1013900098477B682422C3F888207B681B681A68FA
:1013A0007B681B6822F001021A607B689B6A002B35
:1013B00002D0786801F07AF8786800F0DFFE034622
:1013C000012B01D101231BE07B681B685A687B68F5
:1013D0001B6822F490425A607B681B689A687B689D
:1013E0001B6822F02A029A607B681B681A687B6877
:1013F0001B6842F001021A60786801F0F9F80346B0
:1014000018460837BD4680BD49AC010880B582B09A
:1014100000AF78607B68002B01D101233CE07B6842
:101420002422C3F888207B681B681A687B681B68C5
:1014300022F001021A607B681B6800221A607B6838
:101440001B6800225A607B681B6800229A607B68D8
:10145000D3F8C430002B03D17B68114AC3F8C420F1
:101460007B68D3F8C430786898477B680022C3F85B
:1014700090207B680022C3F888207B680022C3F894
:101480008C207B680022DA667B6800221A677B6802
:10149000002283F88420002318460837BD4680BD0B
:1014A00095B1010880B58AB002AFF860B9603B60C1
:1014B0001346FB80FB68D3F88830202B7BD1BB68B8
:1014C000002B02D0FB88002B01D1012374E0FB68C4
:1014D0000022C3F89020FB682122C3F88820F4F78B
:1014E00081FC7861FB68FA88A3F85420FB68FA88CD
:1014F000A3F85620FB689B68B3F5805F08D1FB68B2
:101500001B69002B04D10023FB61BB68BB6103E0B6
:10151000BB68FB610023BB6130E03B6800937B69E3
:1015200000228021F86801F00DF90346002B05D058
:10153000FB682022C3F8882003233DE0FB69002BD1
:101540000BD1BB691B881A46FB681B68C2F30802F3
:101550009A62BB690233BB6107E0FB691A78FB68DA
:101560001B689A62FB690133FB61FB68B3F8563074
:101570009BB2013B9AB2FB68A3F85620FB68B3F814
:1015800056309BB2002BC8D13B6800937B69002288
:101590004021F86801F0D6F80346002B05D0FB681F
:1015A0002022C3F88820032306E0FB682022C3F82A
:1015B0008820002300E0022318462037BD4680BD66
:1015C00080B491B000AFF860B9601346FB80FB684F
:1015D000D3F88830202B78D1BB68002B02D0FB8851
:1015E000002B01D1012371E0FB68BA681A65FB6822
:1015F000FA88A3F85420FB68FA88A3F85620FB6801
:1016000000229A67FB680022C3F89020FB68212221
:10161000C3F88820FB685B6EB3F1005F2AD1FB68DA
:101620009B68B3F5805F07D1FB681B69002B03D172
:10163000FB68294A9A6702E0FB68284A9A67FB68B8
:101640001B680833BB62BB6A53E8003F7B627B6A5E
:1016500043F40003BB63FB681B680833BA6B7A630F
:101660003B63396B7A6B41E80023FB62FB6A002B1A
:10167000E5D128E0FB689B68B3F5805F07D1FB6884
:101680001B69002B03D1FB68154A9A6702E0FB68CF
:10169000144A9A67FB681B687B617B6953E8003FCB
:1016A0003B613B6943F08003FB63FB681B681A46A0
:1016B000FB6B3B62FA61F9693A6A41E80023BB615E
:1016C000BB69002BE6D1002300E002231846443713
:1016D000BD465DF8047B70473F3301085F32010867
:1016E0009D310108E530010880B58AB000AFF8608F
:1016F000B9601346FB80FB68D3F88C30202B3CD1BB
:10170000BB68002B02D0FB88002B01D1012335E000
:10171000FB680022DA66FB681B681A4A934224D0F1
:10172000FB681B68184A93421FD0FB681B685B6804
:1017300003F40003002B18D0FB681B687B617B69F6
:1017400053E8003F3B613B6943F080637B62FB6889
:101750001B681A467B6A3B62FA61F9693A6A41E89A
:101760000023BB61BB69002BE6D1FB881A46B96830
:10177000F86801F055F8034600E0022318462837C0
:10178000BD4680BD002400460024005680B58CB0C4
:1017900000AFF860B9601346FB80FB88BB85FB682F
:1017A000D3F88830202B40F0AD80BB68002B02D0EE
:1017B000FB88002B01D10123A5E0FB68BA681A65FC
:1017C000FB68FA88A3F85420FB68FA88A3F856202F
:1017D000FB680022C3F89020FB682122C3F8882010
:1017E000FB68DB6F002B6DD0FB68DB6F484A1A6625
:1017F000FB68DB6F474A5A66FB68DB6F464A9A66AE
:10180000FB68DB6F0022DA66FB689B68B3F5805FDC
:1018100006D1FB681B69002B02D1FB885B00BB85EE
:10182000FB68DB6F1B6D03F08003002B2DD0FB6882
:10183000DB6F5B6F002B24D0FB68DB6F5B6F1B687B
:10184000002B1ED0FB68DB6F5B6F1B68BA8D9A6044
:10185000FB681A6DFB68DB6F5B6F1B68DA60FB6807
:101860001B6803F12802FB68DB6F5B6F1B681A6162
:10187000FB68DB6F1846F3F711FC034687F82F303F
:1018800012E0012387F82F300EE0FB68D86FFB6869
:101890001B6D1946FB681B6828331A46BB8DF2F78F
:1018A0006FFD034687F82F3097F82F30002B09D0B3
:1018B000FB681022C3F89020FB682022C3F8882020
:1018C000012320E0FB681B6840221A62FB681B684A
:1018D0000833BB61BB6953E8003F7B617B6943F020
:1018E0008003BB62FB681B680833BA6A7A623B629A
:1018F000396A7A6A41E80023FB61FB69002BE5D174
:10190000002300E0022318463037BD4680BD00BFEB
:10191000A32D01083B2E01083930010880B58AB09B
:1019200000AFF860B9601346FB80FB68D3F88C30D9
:10193000202B3CD1BB68002B02D0FB88002B01D1AF
:10194000012335E0FB680022DA66FB681B681A4A4F
:10195000934224D0FB681B68184A93421FD0FB684F
:101960001B685B6803F40003002B18D0FB681B683E
:101970007B617B6953E8003F3B613B6943F08063D7
:101980007B62FB681B681A467B6A3B62FA61F969F5
:101990003A6A41E80023BB61BB69002BE6D1FB88B2
:1019A0001A46B968F86801F05DF8034600E00223C2
:1019B00018462837BD4680BD002400460024005646
:1019C00080B5BAB000AF78607B681B68DB69C7F888
:1019D000E4307B681B681B68C7F8E0307B681B68D5
:1019E0009B68C7F8DC30D7F8E42040F60F031340BB
:1019F000C7F8D830D7F8D830002B1BD1D7F8E4304F
:101A000003F02003002B15D0D7F8E03003F02003BB
:101A1000002B05D1D7F8DC3003F08053002B09D020
:101A20007B685B6F002B00F0F5827B685B6F7868EA
:101A30009847EFE2D7F8D830002B00F02981D7F88B
:101A4000DC20904B1340002B06D1D7F8E0208E4BC2
:101A50001340002B00F01C81D7F8E43003F00103A1
:101A6000002B11D0D7F8E03003F48073002B0BD09B
:101A70007B681B6801221A627B68D3F8903043F0C0
:101A800001027B68C3F89020D7F8E43003F002032A
:101A9000002B11D0D7F8DC3003F00103002B0BD062
:101AA0007B681B6802221A627B68D3F8903043F08F
:101AB00004027B68C3F89020D7F8E43003F00403F5
:101AC000002B11D0D7F8DC3003F00103002B0BD032
:101AD0007B681B6804221A627B68D3F8903043F05D
:101AE00002027B68C3F89020D7F8E43003F00803C3
:101AF000002B17D0D7F8E03003F02003002B05D1DE
:101B0000D7F8DC205F4B1340002B0BD07B681B68A1
:101B100008221A627B68D3F8903043F008027B6891
:101B2000C3F89020D7F8E43003F40063002B12D000
:101B3000D7F8E03003F08063002B0CD07B681B6883
:101B40004FF400621A627B68D3F8903043F02002B1
:101B50007B68C3F890207B68D3F89030002B00F0AE
:101B60005B82D7F8E43003F02003002B13D0D7F8C2
:101B7000E03003F02003002B05D1D7F8DC3003F070
:101B80008053002B07D07B685B6F002B03D07B68F2
:101B90005B6F786898477B68D3F89030C7F8D4308B
:101BA0007B681B689B6803F04003402B05D0D7F887
:101BB000D43003F02803002B58D0786801F08BF85C
:101BC0007B681B689B6803F04003402B48D17B680F
:101BD0001B680833C7F89C30D7F89C3053E8003FA7
:101BE000C7F89830D7F8983023F04003C7F8D030C2
:101BF0007B681B680833D7F8D020C7F8A820C7F83F
:101C0000A430D7F8A410D7F8A82041E80023C7F8DB
:101C1000A030D7F8A030002BD9D17B68D3F8803022
:101C2000002B17D07B68D3F88030184ADA667B68BF
:101C3000D3F880301846F2F77FFC0346002B1FD004
:101C40007B68D3F88030DB6E7A68D2F8802010464B
:101C5000984715E07B68D3F8A430786898470FE080
:101C60007B68D3F8A4307868984709E07B68D3F89C
:101C7000A430786898477B680022C3F89020CBE1B5
:101C800000BFC9E10100001020010004BD300108BF
:101C90007B68DB6E012B40F07081D7F8E43003F0F5
:101CA0001003002B00F06981D7F8E03003F0100337
:101CB000002B00F062817B681B6810221A627B682F
:101CC0001B689B6803F04003402B40F0D6807B6884
:101CD000D3F880301B689B6CA7F8BE30B7F8BE30D5
:101CE000002B00F0AE807B68B3F85C30B7F8BE2004
:101CF0009A4280F0A6807B68B7F8BE20A3F85E20E9
:101D00007B68D3F880301B6D812B00F087807B6867
:101D10001B68C7F88830D7F8883053E8003FC7F809
:101D20008430D7F8843023F48073C7F8B8307B68E8
:101D30001B681A46D7F8B830C7F89430C7F8902017
:101D4000D7F89010D7F8942041E80023C7F88C30DA
:101D5000D7F88C30002BDAD17B681B6808337B679F
:101D60007B6F53E8003F3B673B6F23F00103C7F8ED
:101D7000B4307B681B680833D7F8B420C7F88020DC
:101D8000FB67F96FD7F8802041E80023BB67BB6F82
:101D9000002BE1D17B681B6808333B663B6E53E840
:101DA000003FFB65FB6D23F04003C7F8B0307B6854
:101DB0001B680833D7F8B020FA66BB66B96EFA6EB6
:101DC00041E800237B667B6E002BE3D17B682022F9
:101DD000C3F88C207B680022DA667B681B68FB6492
:101DE000FB6C53E8003FBB64BB6C23F01003C7F8E7
:101DF000AC307B681B681A46D7F8AC30BB657A6597
:101E0000796DBA6D41E800233B653B6D002BE4D151
:101E10007B68D3F880301846F2F712FB7B68022209
:101E20001A677B68D3F8BC307A68B2F85C107A68BD
:101E3000B2F85E2092B28A1A92B211467868984738
:101E4000ECE07B68B3F85C30B7F8BE209A4240F013
:101E5000E5807B68D3F880301B6D812B40F0DE80FD
:101E60007B6802221A677B68D3F8BC307A68B2F8C4
:101E70005C20114678689847D0E07B68B3F85C2016
:101E80007B68B3F85E309BB2D31AA7F8CE307B687C
:101E9000B3F85E309BB2002B00F0C280B7F8CE30B2
:101EA000002B00F0BD807B681B68BB63BB6B53E8F5
:101EB000003F7B637B6B23F49073C7F8C8307B686B
:101EC0001B681A46D7F8C8307B643A64396C7A6C60
:101ED00041E80023FB63FB6B002BE4D17B681B68AC
:101EE00008337B627B6A53E8003F3B623B6A23F026
:101EF000805323F00103C7F8C4307B681B680833A4
:101F0000D7F8C4203A63FB62F96A3A6B41E80023D0
:101F1000BB62BB6A002BE1D17B682022C3F88C2016
:101F20007B680022DA667B6800225A677B681B6840
:101F30003B613B6953E8003FFB60FB6823F0100303
:101F4000C7F8C0307B681B681A46D7F8C030FB6101
:101F5000BA61B969FA6941E800237B617B69002BAA
:101F6000E4D17B6802221A677B68D3F8BC30B7F8EB
:101F7000CE2011467868984752E0D7F8E43003F055
:101F80008003002B14D0D7F8E03003F08003002B3F
:101F900005D1D7F8DC3003F40003002B08D07B68B0
:101FA0009B6F002B3ED07B689B6F7868984739E029
:101FB000D7F8E43003F04003002B09D0D7F8E03025
:101FC00003F04003002B03D0786801F02DFA2AE0DB
:101FD000D7F8E43003F40003002B0BD0D7F8E0303F
:101FE00003F08043002B05D07B68D3F8B8307868C5
:101FF000984718E0D7F8E43003F08073002B12D034
:10200000D7F8E030002B0EDA7B68D3F8B43078686C
:10201000984708E000BF06E000BF04E000BF02E010
:1020200000BF00E000BFE837BD4680BD80B483B08C
:1020300000AF786000BF0C37BD465DF8047B704789
:1020400080B483B000AF786000BF0C37BD465DF848
:10205000047B704780B483B000AF786000BF0C375A
:10206000BD465DF8047B704780B483B000AF7860F4
:1020700000BF0C37BD465DF8047B704780B483B069
:1020800000AF786000BF0C37BD465DF8047B704739
:1020900080B483B000AF786000BF0C37BD465DF8F8
:1020A000047B704780B483B000AF786000BF0C370A
:1020B000BD465DF8047B704780B483B000AF7860A4
:1020C00000BF0C37BD465DF8047B704780B483B019
:1020D00000AF78600B467B8000BF0C37BD465DF8D3
:1020E000047B704780B483B000AF78607B68184A87
:1020F000C3F894207B68174AC3F898207B68164A77
:10210000C3F89C207B68154AC3F8A0207B68144A5A
:10211000C3F8A4207B68134AC3F8A8207B68124A3E
:10212000C3F8AC207B68114AC3F8B0207B68104A22
:10213000C3F8B4207B680F4AC3F8B8207B680E4A06
:10214000C3F8BC2000BF0C37BD465DF8047B704768
:10215000412001082D2001086920010855200108AF
:102160007D20010891200108A5200108B92001085F
:102170001D3F0108313F0108CD2001082DE9B04F76
:1021800094B000AFF862002387F84730FB6A1A6802
:102190009B4B9A42FB6A9A68FB6A1B691A43FB6A6B
:1021A0005B691A43FB6ADB691343FB64FB6A1B68C8
:1021B0001B6894491940FB6A1A68FB6C0B43136057
:1021C000FB6A1B685B6823F44050FB6AD968FB6AB2
:1021D0001A6840EA01035360FB6A9B69FB64FB6A6F
:1021E0001A68874B9A4209D0FB6A1A68864B9A4252
:1021F00004D0FB6A1A6AFB6C1343FB64FB6A1B681E
:102200009B6823F06E4121F43061FB6A1A68FB6C15
:102210000B439360FB6A1B68DB6A23F00F00FB6AC9
:10222000596AFB6A1A6840EA0103D362FB6A1A68BA
:10223000764B9A4202D10123BB6421E0FB6A1A6803
:10224000734B9A4202D10423BB6419E0FB6A1A68FB
:10225000704B9A4202D10823BB6411E0FB6A1A68F2
:102260006D4B9A4202D11023BB6409E0FB6A1A68E5
:10227000634B9A4202D12023BB6401E00023BB647C
:10228000FB6A1A685E4B9A4204D0FB6A1A685E4B7E
:102290009A4272D1BB6C00223B627A62D7E9080194
:1022A000FAF7D2F938643B6C002B00F0E780FB6A48
:1022B0005B6A5A4A32F813301A463B6CB3FBF2F3AE
:1022C0007B63FB6A5A6813465B0013447A6B9A423D
:1022D00005D3FB6A5B681B037A6B9A4203D901231F
:1022E00087F8473048E03B6C0022BB61FA61FB6A2B
:1022F0005B6A4A4A32F813309BB200223B617A6132
:10230000D7E90423D7E90601EDF796FF02460B460D
:10231000104619464FF000024FF000030B0243EA4B
:1023200010630202F96A4968490800200C46054614
:1023300012EB040843EB0509FB6A5B680022BB60F3
:10234000FA60D7E9022340464946EDF775FF024699
:102350000B461346FB63FB6BB3F5407F08D3FB6B67
:10236000B3F5801F04D2FB6A1B68FA6BDA6003E0E6
:10237000012387F8473081E080E0FB6ADB69B3F531
:10238000004F4DD1BB6C00223B607A60D7E9000161
:10239000FAF75AF938643B6C002B6FD0FB6A5B6A22
:1023A0001E4A32F813301A463B6CB3FBF2F35A0064
:1023B000FB6A5B685B081A44FB6A5B68B2FBF3F379
:1023C000FB63FB6B0F2B16D9FB6BB3F5803F12D26F
:1023D000FB6B9BB223F00F037B87FB6B5B089BB20D
:1023E00003F007039AB27B8F13437B87FB6A1B685A
:1023F0007A8FDA6042E0012387F847303EE000BF81
:1024000000240046F369FFCF002400560038014045
:1024100000480040004C004000500040C4F5020855
:10242000BB6C00229A46934650465946FAF70CF97F
:1024300038643B6C002B21D0FB6A5B6A1A4A32F885
:1024400013301A463B6CB3FBF2F2FB6A5B685B0825
:102450001A44FB6A5B68B2FBF3F3FB63FB6B0F2B65
:1024600009D9FB6BB3F5803F05D2FB6B9AB2FB6ACF
:102470001B68DA6002E0012387F84730FB6A01221B
:10248000A3F86A20FB6A0122A3F86820FB6A0022F5
:102490005A67FB6A00229A6797F847301846503708
:1024A000BD46BDE8B08F00BFC4F5020880B483B05C
:1024B00000AF78607B689B6A03F00803002B0AD0AA
:1024C0007B681B685B6823F400417B689A6B7B68C0
:1024D0001B680A435A607B689B6A03F00103002B68
:1024E0000AD07B681B685B6823F400317B68DA6A7A
:1024F0007B681B680A435A607B689B6A03F002038F
:10250000002B0AD07B681B685B6823F480317B68F2
:102510001A6B7B681B680A435A607B689B6A03F0EE
:102520000403002B0AD07B681B685B6823F48021BE
:102530007B685A6B7B681B680A435A607B689B6A9E
:1025400003F01003002B0AD07B681B689B6823F400
:1025500080517B68DA6B7B681B680A439A607B68F2
:102560009B6A03F02003002B0AD07B681B689B68E2
:1025700023F400517B681A6C7B681B680A439A60DD
:102580007B689B6A03F04003002B1AD07B681B68B2
:102590005B6823F480117B685A6C7B681B680A4374
:1025A0005A607B685B6CB3F5801F0AD17B681B683F
:1025B0005B6823F4C0017B689A6C7B681B680A43E4
:1025C0005A607B689B6A03F08003002B0AD07B680B
:1025D0001B685B6823F400217B68DA6C7B681B68EE
:1025E0000A435A6000BF0C37BD465DF8047B704754
:1025F00080B598B002AF78607B680022C3F8902065
:10260000F3F7F0FB78657B681B681B6803F0080331
:10261000082B2FD16FF07E4300937B6D00224FF487
:102620000011786800F08EF80346002B22D07B68FA
:102630001B68BB63BB6B53E8003F7B637B6B23F082
:1026400080033B657B681B681A463B6D7B643A647C
:10265000396C7A6C41E80023FB63FB6B002BE6D1FD
:102660007B682022C3F888207B68002283F88420BE
:10267000032363E07B681B681B6803F00403042BDF
:1026800049D16FF07E4300937B6D00224FF48001AF
:10269000786800F057F80346002B3CD07B681B6835
:1026A0007B627B6A53E8003F3B623B6A23F4907392
:1026B000FB647B681B681A46FB6C3B63FA62F96A31
:1026C0003A6B41E80023BB62BB6A002BE6D17B6812
:1026D0001B6808333B613B6953E8003FFB60FB68C4
:1026E00023F00103BB647B681B680833BA6CFA6192
:1026F000BB61B969FA6941E800237B617B69002B02
:10270000E5D17B682022C3F88C207B68002283F807
:102710008420032312E07B682022C3F888207B6892
:102720002022C3F88C207B680022DA667B680022B6
:102730001A677B68002283F88420002318465837E4
:10274000BD4680BD80B584B000AFF860B9603B6025
:102750001346FB714FE0BB69B3F1FF3F4BD0F3F77A
:1027600041FB02463B68D31ABA699A4202D3BB695D
:10277000002B01D103234EE0FB681B681B6803F0AC
:102780000403002B37D0BB68802B34D0BB68402BB0
:1027900031D0FB681B68DB6903F00803082B10D1FC
:1027A000FB681B6808221A62F86800F094FAFB685C
:1027B0000822C3F89020FB68002283F884200123BC
:1027C00029E0FB681B68DB6903F40063B3F5006F65
:1027D00011D1FB681B684FF400621A62F86800F0C0
:1027E0007AFAFB682022C3F89020FB68002283F865
:1027F000842003230FE0FB681B68DA69BB68134081
:10280000BA689A420CBF01230023DBB21A46FB7957
:102810009A42A0D0002318461037BD4680BD000064
:1028200080B4A3B000AFF860B9601346FB80FB68CA
:10283000BA689A65FB68FA88A3F85C20FB68FA8896
:10284000A3F85E20FB6800225A67FB689B68B3F51B
:10285000805F0ED1FB681B69002B05D1FB6840F23D
:10286000FF12A3F860202DE0FB68FF22A3F8602090
:1028700028E0FB689B68002B0DD1FB681B69002BCF
:1028800004D1FB68FF22A3F860201BE0FB687F22D5
:10289000A3F8602016E0FB689B68B3F1805F0DD160
:1028A000FB681B69002B04D1FB687F22A3F8602022
:1028B00008E0FB683F22A3F8602003E0FB680022E9
:1028C000A3F86020FB680022C3F89020FB68222256
:1028D000C3F88C20FB681B6808337B667B6E53E86B
:1028E000003F3B663B6E43F00103C7F88430FB6852
:1028F0001B680833D7F884203A67FB66F96E3A6F95
:1029000041E80023BB66BB6E002BE3D1FB685B6E26
:10291000B3F1005F4FD1FB68B3F86830FA889A4290
:1029200049D3FB689B68B3F5805F07D1FB681B69DF
:10293000002B03D1FB68474A5A6702E0FB68464A0E
:102940005A67FB681B69002B1AD0FB681B683B6544
:102950003B6D53E8003FFB64FB6C43F48073C7F8A6
:102960008030FB681B681A46D7F88030FB65BA6573
:10297000B96DFA6D41E800237B657B6D002BE4D1D6
:10298000FB681B680833FB63FB6B53E8003FBB63CA
:10299000BB6B43F08053FB67FB681B680833FA6F1F
:1029A000BA647B64796CBA6C41E800233B643B6C8D
:1029B000002BE5D146E0FB689B68B3F5805F07D14B
:1029C000FB681B69002B03D1FB68244A5A6702E0AD
:1029D000FB68234A5A67FB681B69002B19D0FB6808
:1029E0001B68BB62BB6A53E8003F7B627B6A43F4AF
:1029F00090737B67FB681B681A467B6F7B633A6347
:102A0000396B7A6B41E80023FB62FB6A002BE6D14D
:102A100018E0FB681B687B617B6953E8003F3B6102
:102A20003B6943F02003BB67FB681B681A46BB6F1A
:102A30003B62FA61F9693A6A41E80023BB61BB690C
:102A4000002BE6D1002318468C37BD465DF8047B89
:102A5000704700BF993B01081D3801085136010835
:102A60008534010880B598B000AFF860B9601346AE
:102A7000FB80FB88A7F85C30FB68BA689A65FB6846
:102A8000FA88A3F85C20FB680022C3F89020FB685A
:102A90002222C3F88C20FB68D3F88030002B7CD036
:102AA000FB68D3F88030684A1A66FB68D3F8803038
:102AB000664A5A66FB68D3F88030654A9A66FB68B6
:102AC000D3F880300022DA66FB689B68B3F5805F3C
:102AD00007D1FB681B69002B03D1FB885B00A7F8BB
:102AE0005C30FB68D3F880301B6D03F08003002B53
:102AF00034D0FB68D3F880305B6F002B2AD0FB68A2
:102B0000D3F880305B6F1B68002B23D0FB68D3F8B1
:102B100080305B6F1B68B7F85C209A60FB681B68AD
:102B200003F12402FB68D3F880305B6F1B68DA6026
:102B3000FB689A6DFB68D3F880305B6F1B681A6185
:102B4000FB68D3F880301846F2F7A8FA034687F8F6
:102B50005F3014E0012387F85F3010E0FB68D3F8A2
:102B60008000FB681B6824331946FB689B6D1A467E
:102B7000B7F85C30F1F704FC034687F85F3097F84C
:102B80005F30002B09D0FB681022C3F89020FB684F
:102B90002022C3F88C20012351E0FB681B69002B25
:102BA00018D0FB681B683B643B6C53E8003FFB6339
:102BB000FB6B43F48073BB65FB681B681A46BB6DF7
:102BC000FB64BA64B96CFA6C41E800237B647B6CEB
:102BD000002BE6D1FB681B680833FB62FB6A53E8F5
:102BE000003FBB62BB6A43F001037B65FB681B6867
:102BF00008337A6DBA637B63796BBA6B41E8002363
:102C00003B633B6B002BE5D1FB681B680833BB6162
:102C1000BB6953E8003F7B617B6943F040033B6540
:102C2000FB681B6808333A6D7A623B62396A7A6ADC
:102C300041E80023FB61FB69002BE5D10023184626
:102C40006037BD4680BD00BF5B2E0108BF2F010865
:102C50003930010880B48FB000AF78607B681B68A2
:102C60003B623B6A53E8003FFB61FB6923F0C00312
:102C70007B637B681B681A467B6BFB62BA62B96A2E
:102C8000FA6A41E800237B627B6A002BE6D17B680D
:102C90001B680833FB60FB6853E8003FBB60BB6800
:102CA00023F400033B637B681B6808333A6BBA610B
:102CB0007B617969BA6941E800233B613B69002B7C
:102CC000E5D17B682022C3F8882000BF3C37BD4691
:102CD0005DF8047B704780B495B000AF78607B6886
:102CE0001B687B637B6B53E8003F3B633B6B23F4C8
:102CF0009073FB647B681B681A46FB6C3B64FA6349
:102D0000F96B3A6C41E80023BB63BB6B002BE6D147
:102D10007B681B6808333B623B6A53E8003FFB61FA
:102D2000FB6923F0805323F00103BB647B681B68BD
:102D30000833BA6CFA62BB62B96AFA6A41E80023E6
:102D40007B627B6A002BE3D17B68DB6E012B18D1A1
:102D50007B681B68FB60FB6853E8003FBB60BB6897
:102D600023F010037B647B681B681A467B6CBB6195
:102D70007A617969BA6941E800233B613B69002BBC
:102D8000E6D17B682022C3F88C207B680022DA66BB
:102D90007B6800225A6700BF5437BD465DF8047B4C
:102DA000704780B590B000AF78607B68DB6DFB63E7
:102DB0007B681B6D812B37D0FB6B0022A3F856205C
:102DC000FB6B1B6808337B627B6A53E8003F3B6206
:102DD0003B6A23F08003BB63FB6B1B680833BA6B51
:102DE0003A63FB62F96A3A6B41E80023BB62BB6A53
:102DF000002BE5D1FB6B1B683B613B6953E8003F4F
:102E0000FB60FB6843F040037B63FB6B1B681A4667
:102E10007B6BFB61BA61B969FA6941E800237B61A8
:102E20007B69002BE6D104E0FB6BD3F89830F86B9C
:102E3000984700BF4037BD4680BD80B584B000AF25
:102E400078607B68DB6DFB60FB68D3F89430F868D2
:102E5000984700BF1037BD4680BD80B59CB000AF1D
:102E600078607B68DB6DFB667B681B6D812B71D0A6
:102E7000FB6E0022A3F85E20FB6E1B68BB64BB6C7C
:102E800053E8003F7B647B6C23F48073BB66FB6E6E
:102E90001B681A46BB6E7B653A65396D7A6D41E8F1
:102EA0000023FB64FB6C002BE6D1FB6E1B68083330
:102EB0007B637B6B53E8003F3B633B6B23F0010379
:102EC0007B66FB6E1B6808337A6E3A64FB63F96BB2
:102ED0003A6C41E80023BB63BB6B002BE5D1FB6E72
:102EE0001B6808333B623B6A53E8003FFB61FB69A8
:102EF00023F040033B66FB6E1B6808333A6EFA62B0
:102F0000BB62B96AFA6A41E800237B627B6A002BE4
:102F1000E5D1FB6E2022C3F88C20FB6EDB6E012B0B
:102F200018D1FB6E1B68FB60FB6853E8003FBB6079
:102F3000BB6823F01003FB65FB6E1B681A46FB6D34
:102F4000BB617A617969BA6941E800233B613B69F9
:102F5000002BE6D1FB6E00221A67FB6EDB6E012BA5
:102F600024D1FB6E0022A3F85E207B681B689B6C5B
:102F7000A7F85A30FB6EB3F85C30B7F85A209A4283
:102F800004D2FB6EB7F85A20A3F85E20FB6ED3F88C
:102F9000BC30FA6EB2F85C10FA6EB2F85E2092B2F3
:102FA0008A1A92B21146F86E984704E0FB6ED3F885
:102FB000A030F86E984700BF7037BD4680BD80B521
:102FC00084B000AF78607B68DB6DFB60FB6801223A
:102FD0001A67FB68DB6E012B25D1FB68B3F85C3008
:102FE0005B089AB2FB68A3F85E207B681B689B6C49
:102FF0007B81FB68B3F85C307A899A4203D8FB681E
:103000007A89A3F85E20FB68D3F8BC30FA68B2F87E
:103010005C10FA68B2F85E2092B28A1A92B2114637
:10302000F868984704E0FB68D3F89C30F868984744
:1030300000BF1037BD4680BD80B586B000AF786058
:103040007B68DB6D7B617B69D3F888303B617B6992
:10305000D3F88C30FB607B691B689B6803F08003AE
:10306000802B09D13B69212B06D17B690022A3F873
:1030700056207869FFF7EEFD7B691B689B6803F0BB
:103080004003402B09D1FB68222B06D17B6900222B
:10309000A3F85E207869FFF71EFE7B69D3F89030B5
:1030A00043F010027B69C3F890207B69D3F8A43009
:1030B0007869984700BF1837BD4680BD80B584B099
:1030C00000AF78607B68DB6DFB60FB680022A3F8D3
:1030D0005E20FB68D3F8A430F868984700BF10372B
:1030E000BD4680BD80B48FB000AF78607B68D3F8F8
:1030F0008830212B4CD17B68B3F856309BB2002B23
:1031000032D17B681B683B623B6A53E8003FFB613E
:10311000FB6923F080037B637B681B681A467B6B2B
:10312000FB62BA62B96AFA6A41E800237B627B6A91
:10313000002BE6D17B681B68FB60FB6853E8003F0F
:10314000BB60BB6843F040033B637B681B681A4667
:103150003B6BBB617A617969BA6941E800233B61E5
:103160003B69002BE6D113E07B681B6D1A787B6806
:103170001B689A627B681B6D5A1C7B681A657B68AA
:10318000B3F856309BB2013B9AB27B68A3F8562045
:1031900000BF3C37BD465DF8047B704780B491B0FA
:1031A00000AF78607B68D3F88830212B51D17B68E1
:1031B000B3F856309BB2002B32D17B681B687B6220
:1031C0007B6A53E8003F3B623B6A23F08003BB63AA
:1031D0007B681B681A46BB6B3B63FA62F96A3A6B01
:1031E00041E80023BB62BB6A002BE6D17B681B6809
:1031F0003B613B6953E8003FFB60FB6843F04003E1
:103200007B637B681B681A467B6BFB61BA61B9699B
:10321000FA6941E800237B617B69002BE6D118E065
:103220007B681B6DFB63FB6B1B881A467B681B6806
:10323000C2F308029A627B681B6D9A1C7B681A6550
:103240007B68B3F856309BB2013B9AB27B68A3F817
:10325000562000BF4437BD465DF8047B704780B4FC
:1032600091B000AF78607B68D3F88830212B60D1B3
:103270007B68B3F86A30FB8757E07B68B3F8563059
:103280009BB2002B33D17B681B6808337B627B6A5F
:1032900053E8003F3B623B6A23F40003BB637B6857
:1032A0001B680833BA6B3A63FB62F96A3A6B41E810
:1032B0000023BB62BB6A002BE5D17B681B683B61C6
:1032C0003B6953E8003FFB60FB6843F040037B63CE
:1032D0007B681B681A467B6BFB61BA61B969FA6946
:1032E00041E800237B617B69002BE6D121E07B680C
:1032F0001B68DB6903F08003002B13D07B681B6D18
:103300001A787B681B689A627B681B6D5A1C7B6805
:103310001A657B68B3F856309BB2013B9AB27B6862
:10332000A3F85620FB8F013BFB87FB8F002BA4D11A
:10333000FFE700BF4437BD465DF8047B704780B4AB
:1033400091B000AF78607B68D3F88830212B65D1CD
:103350007B68B3F86A30FB875CE07B68B3F8563073
:103360009BB2002B33D17B681B6808333B623B6AFE
:1033700053E8003FFB61FB6923F400037B637B6838
:103380001B6808337A6BFA62BB62B96AFA6A41E871
:1033900000237B627B6A002BE5D17B681B68FB60A6
:1033A000FB6853E8003FBB60BB6843F040033B63EE
:1033B0007B681B681A463B6BBB617A617969BA69A5
:1033C00041E800233B613B69002BE6D126E07B68A6
:1033D0001B68DB6903F08003002B18D07B681B6D32
:1033E000BB63BB6B1B881A467B681B68C2F3080271
:1033F0009A627B681B6D9A1C7B681A657B68B3F8C0
:1034000056309BB2013B9AB27B68A3F85620FB8FE3
:10341000013BFB87FB8F002B9FD1FFE700BF4437A9
:10342000BD465DF8047B704780B588B000AF78601A
:103430007B681B68FB60FB6853E8003FBB60BB68B0
:1034400023F04003FB617B681B681A46FB69BB6184
:103450007A617969BA6941E800233B613B69002BD5
:10346000E6D17B682022C3F888207B6800229A6717
:103470007B68D3F898307868984700BF2037BD46FE
:1034800080BD000080B59CB000AF78607B68B3F869
:103490006030A7F86E307B68D3F88C30222B40F078
:1034A000C7807B681B685B6AA7F86C30B7F86C3024
:1034B000D9B2B7F86E30DAB27B689B6D0A40D2B2EF
:1034C0001A707B689B6D5A1C7B689A657B68B3F8A1
:1034D0005E309BB2013B9AB27B68A3F85E207B68AA
:1034E000B3F85E309BB2002B40F0AA807B681B686B
:1034F000FB64FB6C53E8003FBB64BB6C23F490732C
:10350000BB667B681B681A46BB6EBB657A65796DC6
:10351000BA6D41E800233B653B6D002BE6D17B682B
:103520001B680833BB63BB6B53E8003F7B637B6B5B
:1035300023F001037B667B681B6808337A6E7A642C
:103540003B64396C7A6C41E80023FB63FB6B002B16
:10355000E5D17B682022C3F88C207B6800225A6763
:103560007B6800221A677B681B68374A934224D025
:103570007B681B68354A93421FD07B681B685B6879
:1035800003F40003002B18D07B681B687B627B6A06
:1035900053E8003F3B623B6A23F080633B667B68F5
:1035A0001B681A463B6E3B63FA62F96A3A6B41E864
:1035B0000023BB62BB6A002BE6D17B68DB6E012B6C
:1035C00030D17B680022DA667B681B683B613B690F
:1035D00053E8003FFB60FB6823F01003FB657B684A
:1035E0001B681A46FB6DFB61BA61B969FA6941E86B
:1035F00000237B617B69002BE6D17B681B68DB695C
:1036000003F01003102B03D17B681B6810221A6291
:103610007B68D3F8BC307A68B2F85C2011467868D1
:1036200098470DE07B68D3F8A0307868984707E0AA
:103630007B681B689A697B681B6842F008029A6184
:1036400000BF7037BD4680BD0024004600240056F0
:1036500080B59CB000AF78607B68B3F86030A7F8A5
:103660006E307B68D3F88C30222B40F0C7807B68AB
:103670001B685B6AA7F86C307B689B6DBB66B7F80C
:103680006C20B7F86E3013409AB2BB6E1A807B681C
:103690009B6D9A1C7B689A657B68B3F85E309BB221
:1036A000013B9AB27B68A3F85E207B68B3F85E307A
:1036B0009BB2002B40F0AA807B681B68BB64BB6C8C
:1036C00053E8003F7B647B6C23F490737B667B68DC
:1036D0001B681A467B6E7B653A65396D7A6D41E8E9
:1036E0000023FB64FB6C002BE6D17B681B6808336E
:1036F0007B637B6B53E8003F3B633B6B23F0010331
:103700003B667B681B6808333A6E3A64FB63F96B6F
:103710003A6C41E80023BB63BB6B002BE5D17B68AF
:103720002022C3F88C207B6800225A677B68002225
:103730001A677B681B68374A934224D07B681B68F2
:10374000354A93421FD07B681B685B6803F4000313
:10375000002B18D07B681B683B623B6A53E8003F34
:10376000FB61FB6923F08063FB657B681B681A467D
:10377000FB6DFB62BA62B96AFA6A41E800237B62B8
:103780007B6A002BE6D17B68DB6E012B30D17B6836
:103790000022DA667B681B68FB60FB6853E8003F29
:1037A000BB60BB6823F01003BB657B681B681A46CF
:1037B000BB6DBB617A617969BA6941E800233B61FD
:1037C0003B69002BE6D17B681B68DB6903F01003C3
:1037D000102B03D17B681B6810221A627B68D3F818
:1037E000BC307A68B2F85C201146786898470DE0E2
:1037F0007B68D3F8A0307868984707E07B681B683F
:103800009A697B681B6842F008029A6100BF7037B2
:10381000BD4680BD002400460024005680B5ACB0F3
:1038200000AF78607B68B3F86030A7F8AA307B6897
:103830001B68DB69C7F8AC307B681B681B68C7F87E
:10384000A4307B681B689B68C7F8A0307B68D3F8FE
:103850008C30222B40F08E817B68B3F86830A7F85B
:103860009E3031E17B681B685B6AA7F89C30B7F833
:103870009C30D9B2B7F8AA30DAB27B689B6D0A40A7
:10388000D2B21A707B689B6D5A1C7B689A657B6804
:10389000B3F85E309BB2013B9AB27B68A3F85E201E
:1038A0007B681B68DB69C7F8AC30D7F8AC3003F035
:1038B0000703002B55D0D7F8AC3003F00103002BE1
:1038C00011D0D7F8A43003F48073002B0BD07B68A1
:1038D0001B6801221A627B68D3F8903043F0010222
:1038E0007B68C3F89020D7F8AC3003F00203002BBC
:1038F00011D0D7F8A03003F00103002B0BD07B6868
:103900001B6802221A627B68D3F8903043F00402ED
:103910007B68C3F89020D7F8AC3003F00403002B89
:1039200011D0D7F8A03003F00103002B0BD07B6837
:103930001B6804221A627B68D3F8903043F00202BD
:103940007B68C3F890207B68D3F89030002B08D0B8
:103950007B68D3F8A430786898477B680022C3F866
:1039600090207B68B3F85E309BB2002B40F0AC80B7
:103970007B681B683B673B6F53E8003FFB66FB6E51
:1039800023F48073C7F898307B681B681A46D7F811
:103990009830FB67BA67B96FFA6F41E800237B671D
:1039A0007B6F002BE4D17B681B680833FB65FB6DE4
:1039B00053E8003FBB65BB6D23F0805323F0010348
:1039C000C7F894307B681B680833D7F89420BA6630
:1039D0007B66796EBA6E41E800233B663B6E002B36
:1039E000E1D17B682022C3F88C207B6800225A67D3
:1039F0007B6800221A677B681B68644A934226D062
:103A00007B681B68624A934221D07B681B685B68B5
:103A100003F40003002B1AD07B681B68BB64BB6CEB
:103A200053E8003F7B647B6C23F08063C7F89030E1
:103A30007B681B681A46D7F890307B653A65396D0C
:103A40007A6D41E80023FB64FB6C002BE4D17B68BA
:103A5000DB6E012B32D17B680022DA667B681B6843
:103A60007B637B6B53E8003F3B633B6B23F01003AE
:103A7000C7F88C307B681B681A46D7F88C303B64DB
:103A8000FA63F96B3A6C41E80023BB63BB6B002B14
:103A9000E4D17B681B68DB6903F01003102B03D1B2
:103AA0007B681B6810221A627B68D3F8BC307A6886
:103AB000B2F85C2011467868984710E07B68D3F82C
:103AC000A030786898470AE0B7F89E30002B06D0FF
:103AD000D7F8AC3003F02003002B7FF4C3AE7B6833
:103AE000B3F85E30A7F88A30B7F88A30002B49D097
:103AF0007B68B3F86830B7F88A209A4242D27B6874
:103B00001B6808333B623B6A53E8003FFB61FB697B
:103B100023F08053C7F884307B681B680833D7F8DC
:103B20008420FA62BB62B96AFA6A41E800237B62C8
:103B30007B6A002BE3D17B68164A5A677B681B6857
:103B4000FB60FB6853E8003FBB60BB6843F02003A9
:103B5000C7F880307B681B681A46D7F88030BB6195
:103B60007A617969BA6941E800233B613B69002BBE
:103B7000E4D107E07B681B689A697B681B6842F0A8
:103B800008029A6100BFB037BD4680BD00240046E0
:103B9000002400568534010880B5AEB000AF7860CF
:103BA0007B68B3F86030A7F8B2307B681B68DB69CC
:103BB000C7F8B4307B681B681B68C7F8AC307B68FB
:103BC0001B689B68C7F8A8307B68D3F88C30222B21
:103BD00040F092817B68B3F86830A7F8A63035E1F1
:103BE0007B681B685B6AA7F8A4307B689B6DC7F88D
:103BF000A030B7F8A420B7F8B23013409AB2D7F883
:103C0000A0301A807B689B6D9A1C7B689A657B68E4
:103C1000B3F85E309BB2013B9AB27B68A3F85E209A
:103C20007B681B68DB69C7F8B430D7F8B43003F0A1
:103C30000703002B55D0D7F8B43003F00103002B55
:103C400011D0D7F8AC3003F48073002B0BD07B6815
:103C50001B6801221A627B68D3F8903043F001029E
:103C60007B68C3F89020D7F8B43003F00203002B30
:103C700011D0D7F8A83003F00103002B0BD07B68DC
:103C80001B6802221A627B68D3F8903043F004026A
:103C90007B68C3F89020D7F8B43003F00403002BFE
:103CA00011D0D7F8A83003F00103002B0BD07B68AC
:103CB0001B6804221A627B68D3F8903043F002023A
:103CC0007B68C3F890207B68D3F89030002B08D035
:103CD0007B68D3F8A430786898477B680022C3F8E3
:103CE00090207B68B3F85E309BB2002B40F0AE8032
:103CF0007B681B687B677B6F53E8003F3B673B6FCC
:103D000023F48073C7F89C307B681B681A46D7F889
:103D10009C30C7F88030FA67F96FD7F8802041E807
:103D20000023BB67BB6F002BE2D17B681B680833A5
:103D30003B663B6E53E8003FFB65FB6D23F0805311
:103D400023F00103C7F898307B681B680833D7F865
:103D50009820FA66BB66B96EFA6E41E800237B666E
:103D60007B6E002BE1D17B682022C3F88C207B681E
:103D700000225A677B6800221A677B681B68644AC6
:103D8000934226D07B681B68624A934221D07B68AD
:103D90001B685B6803F40003002B1AD07B681B6868
:103DA000FB64FB6C53E8003FBB64BB6C23F0806397
:103DB000C7F894307B681B681A46D7F89430BB6507
:103DC0007A65796DBA6D41E800233B653B6D002B48
:103DD000E4D17B68DB6E012B32D17B680022DA668E
:103DE0007B681B68BB63BB6B53E8003F7B637B6BEB
:103DF00023F01003C7F890307B681B681A46D7F889
:103E000090307B643A64396C7A6C41E80023FB6340
:103E1000FB6B002BE4D17B681B68DB6903F01003AC
:103E2000102B03D17B681B6810221A627B68D3F8C1
:103E3000BC307A68B2F85C2011467868984710E088
:103E40007B68D3F8A030786898470AE0B7F8A630C6
:103E5000002B06D0D7F8B43003F02003002B7FF4FA
:103E6000BFAE7B68B3F85E30A7F88E30B7F88E30FF
:103E7000002B49D07B68B3F86830B7F88E209A429F
:103E800042D27B681B6808337B627B6A53E8003F41
:103E90003B623B6A23F08053C7F888307B681B681D
:103EA0000833D7F888203A63FB62F96A3A6B41E835
:103EB0000023BB62BB6A002BE3D17B68164A5A67BA
:103EC0007B681B683B613B6953E8003FFB60FB6814
:103ED00043F02003C7F884307B681B681A46D7F884
:103EE0008430FB61BA61B969FA6941E800237B61FA
:103EF0007B69002BE4D107E07B681B689A697B68CB
:103F00001B6842F008029A6100BFB837BD4680BD09
:103F100000240046002400565136010880B483B0C6
:103F200000AF786000BF0C37BD465DF8047B70477A
:103F300080B483B000AF786000BF0C37BD465DF839
:103F4000047B704780B485B000AF78607B6893F8DD
:103F50008430012B01D1022327E07B68012283F802
:103F600084207B682422C3F888207B681B681B6838
:103F7000FB607B681B681A687B681B6822F0010283
:103F80001A60FB6823F00053FB607B6800225A66CE
:103F90007B681B68FA681A607B682022C3F8882057
:103FA0007B68002283F88420002318461437BD461E
:103FB0005DF8047B704780B584B000AF78603960ED
:103FC0007B6893F88430012B01D102232DE07B68BC
:103FD000012283F884207B682422C3F888207B6830
:103FE0001B681B68FB607B681B681A687B681B6822
:103FF00022F001021A607B681B689B6823F0604115
:104000007B681B683A680A439A60786800F050F849
:104010007B681B68FA681A607B682022C3F88820D6
:104020007B68002283F88420002318461037BD46A1
:1040300080BD80B584B000AF786039607B6893F84C
:104040008430012B01D102232DE07B68012283F80B
:1040500084207B682422C3F888207B681B681B6847
:10406000FB607B681B681A687B681B6822F0010292
:104070001A607B681B689B6823F060617B681B6823
:104080003A680A439A60786800F012F87B681B6807
:10409000FA681A607B682022C3F888207B680022B7
:1040A00083F88420002318461037BD4680BD0000E9
:1040B00080B485B000AF78607B685B6E002B08D160
:1040C0007B680122A3F86A207B680122A3F868209C
:1040D00031E00823FB730823BB737B681B689B6874
:1040E0005B0EDBB203F007037B737B681B689B6886
:1040F0005B0FDBB203F007033B73BB7B3A7B1149D9
:104100008A5C02FB03F33A7B0F498A5C93FBF2F370
:104110009AB27B68A3F86A20FB7B7A7B09498A5CA8
:1041200002FB03F37A7B08498A5C93FBF2F39AB2B1
:104130007B68A3F8682000BF1437BD465DF8047B98
:10414000704700BFDCF50208E4F5020880B582B0D4
:1041500000AF78607B68002B01D1012325E07B68EC
:104160005B69002B02D17B68124A5A617B689B69AC
:10417000002B02D17B68104A9A617B689B69786842
:1041800098477B68DA687B681B6842F080021A6097
:104190007B681A697B685B6842EA03017B689A68FE
:1041A0007B681B680A435A60002318460837BD46DF
:1041B00080BD00BF1D42010879B2010880B483B000
:1041C00000AF78607B681B687A68D2681A60002349
:1041D00018460C37BD465DF8047B704780B582B049
:1041E00000AF78607B681B685B6803F40073B3F50D
:1041F000007F0FD17B681B689B6803F00103012BD4
:1042000008D17B681B686FF001029A607B685B696C
:104210007868984700BF0837BD4680BD80B483B03A
:1042200000AF786000BF0C37BD465DF8047B704777
:1042300080B588B000AF786000237B6100233B61CC
:104240007B68002B22D00823DB437A689A421BD874
:1042500008227B6813447B607B6803F00703002B14
:1042600014D07B6803F00703C3F10803FB60FB680D
:10427000DB437A689A4204D87A68FB6813447B600F
:1042800004E000237B6001E000237B6002F09EFDE0
:10429000634B1B68002B01D100F03AF97B68002BBF
:1042A000C0F2AE807B68002B00F0AA805D4B1B68DB
:1042B0007A689A4200F2A4805B4BBB615A4B1B6840
:1042C000FB61FB69594A934205D3FB69584A934203
:1042D00001D8012300E00023002B19D105F072F86A
:1042E00000BFFDE7FB69BB61FB691B68FB61FB6904
:1042F0004E4A934205D3FB694D4A934201D80123AC
:1043000000E00023002B03D105F05CF800BFFDE7BF
:10431000FB695B687A689A4203D9FB691B68002BCA
:10432000E0D13F4B1B68FA699A4269D0BB691B68B0
:10433000082213447B617B693C4A934205D37B6925
:104340003B4A934201D8012300E00023002B03D114
:1043500005F038F800BFFDE7FB691A68BB691A6011
:10436000FB695B687A689A4203D905F02BF800BFB5
:10437000FDE7FB695A687B68D21A08235B009A4202
:104380001CD9FA697B681344BB60BB6803F0070360
:10439000002B03D005F016F800BFFDE7FB695A6853
:1043A0007B68D21ABB685A60FB697A685A60BB693D
:1043B0001A68BB681A60BB69BA681A60194B1A6838
:1043C000FB695B68D31A174A1360164B1A68194BBE
:1043D0001B689A4203D2134B1B68164A1360FB6991
:1043E0005B683B61FB695B6843F00042FB695A60B4
:1043F000FB6900221A60104B1B6801330E4A1360E0
:1044000002F0F2FC7B6903F00703002B03D004F0F9
:10441000D9FF00BFFDE77B6918462037BD4680BD48
:10442000D0A10020D4A10020C8A10020C8010020F4
:10443000C7A10020D8A10020DCA1002080B584B055
:1044400000AF78607B68FB607B68002B48D0082356
:104450005B42FA681344FB60FB68BB60BB68224A9E
:10446000934205D3BB68214A934201D8012300E05F
:104470000023002B03D104F0A5FF00BFFDE7BB68BC
:104480005B68002B03DB04F09DFF00BFFDE7BB680A
:104490001B68002B03D004F095FF00BFFDE7BB684D
:1044A0005B68002B1CDABB681B68002B18D1BB684B
:1044B0005B6823F00042BB685A6002F087FCBB686F
:1044C0005A680B4B1B681344094A1360B86800F024
:1044D00079F8084B1B680133064A136002F084FC2C
:1044E00000BF1037BD4680BDC8010020C7A1002015
:1044F000D4A10020E0A1002080B400AF034B1B68D2
:104500001846BD465DF8047B704700BFD4A100206B
:1045100080B485B000AF4FF42043BB60244BFB60F8
:10452000FB6803F00703002B0CD0FB680733FB602C
:10453000FB6823F00703FB60BA68FB68D31A1C4AC8
:104540001344BB60FB681B4A13601A4B00225A607D
:10455000FA68BB6813447B6008227B689B1A7B6007
:104560007B6823F007037B607B68134A1360124B60
:104570001B6800225A60104B1B6800221A60FB68FF
:104580003B603B687A68D21A3B685A600A4B1A68EB
:104590003B681A603B685B68084A13603B685B686D
:1045A000074A136000BF1437BD465DF8047B7047AF
:1045B000C8010020C8A10020D0A10020D8A100205F
:1045C000D4A1002080B584B000AF7860314BFB608F
:1045D00002E0FB681B68FB60FB681B687A689A4214
:1045E000F7D8FB682B4A934210D0FB682A4A9342C3
:1045F00005D3FB68294A934201D8012300E0002338
:10460000002B03D104F0DEFE00BFFDE7FB68BB60BA
:10461000FB685B68BA6813447A689A4208D1FB6801
:104620005A687B685B681A44FB685A60FB687B6069
:104630007B68BB607B685B68BA681A44FB681B6870
:104640009A4218D1FB681A68154B1B689A420DD024
:104650007B685A68FB681B685B681A447B685A6011
:10466000FB681B681A687B681A6008E00C4B1A68C4
:104670007B681A6003E0FB681A687B681A60FA6856
:104680007B689A4202D0FB687A681A6000BF1037D4
:10469000BD4680BDC8A10020C8010020C7A10020E0
:1046A000D0A1002080B584B000AF78607B68002B7B
:1046B00003D104F087FE00BFFDE72023BB60BB6889
:1046C000202B03D004F07EFE00BFFDE77B68FB607B
:1046D000FB68002B0AD0FB6800221A60FB680433D9
:1046E000184600F0D5F9FB6801221A77FB681846D6
:1046F0001037BD4680BD80B582B000AF2020FFF7E7
:1047000097FD78607B68002B0AD07B6800221A60D6
:104710007B680433184600F0BBF97B6800221A77E7
:104720007B6818460837BD4680BD80B58CB000AFA9
:10473000F860B9607A603B60FB687B620023BB6213
:1047400000233B62FB68002B03D104F03BFE00BF5B
:10475000FDE7BB68B3F1807F03D304F033FE00BFF5
:10476000FDE7BB68002B03D104F02CFE00BFFDE782
:1047700003F006FA0346002B02D1BB6B002B01D1DC
:10478000012300E00023002B03D104F01BFE00BF37
:10479000FDE702F01BFB7B6A1B68FB613A68B968A6
:1047A000F86900F03FF9B861BB69002B0ED0FB69D6
:1047B000FB620023BB637B68002B28D07B6A1A68EE
:1047C000BB68DB431A407B6A1A6020E0BB6B002B9E
:1047D00004D1FB69FB6201233B6218E07B68002B7C
:1047E00003D0BB6A43F08073BB623B68002B03D0ED
:1047F000BB6A43F08063BB627B6A181DBA68BB6A00
:104800001343BA6B194602F02FFE0023FB6202F03D
:10481000EBFA7861BB6B002B2BD07B69002B01D1AD
:1048200004F0D0FB03F084FBF862FB6A03F0007332
:10483000002B1AD104F0D8FB7B6A1B68FB623A6834
:10484000B968F86A00F0EEF80346002B09D07B68DF
:10485000002B06D07B6A1A68BB68DB431A407B6A70
:104860001A6001233B6204F0D1FBFB6A23F07F4313
:10487000FB62FB6A18463037BD4680BD80B586B006
:1048800000AF78607B687B6104F09CFD38617B69D8
:104890001B68FB60386904F0A2FDFB6818461837F6
:1048A000BD4680BD80B58CB000AF78603960002314
:1048B000BB627B683B6200237B627B68002B03D179
:1048C00004F080FD00BFFDE73B68B3F1807F03D3B8
:1048D00004F078FD00BFFDE73B6A0433FB61FB6930
:1048E0000833BB6102F072FAFB69DB68FB623B6A6A
:1048F0001A683B681A433B6A1A603CE0FB6A5B68D3
:104900003B61FB6A1B68FB6000237B62FB6803F072
:104910007F43BB60FB6823F07F43FB60BB6803F011
:104920008063002B08D13B6A1A68FB681340002B98
:104930000BD001237B6208E03B6A1A68FB681340D6
:10494000FA689A4201D101237B627B6A002B10D066
:10495000BB6803F08073002B03D0BA6AFB68134373
:10496000BB623B6A1B6843F000731946F86A02F0A9
:10497000D1FE3B69FB62FA6ABB699A42BED13B6ACF
:104980001A68BB6ADB431A403B6A1A603B6A1B68C1
:104990007B6102F029FA7B6918463037BD4680BD3D
:1049A00080B584B000AF78607B68FB60FB68002B4B
:1049B00003D104F007FD00BFFDE7FB680433BB60D3
:1049C00002F004FA10E0BB68DA68BB6808339A4268
:1049D00003D104F0F7FC00BFFDE7BB68DB684FF0D4
:1049E0000071184602F096FEBB681B68002BEAD1E6
:1049F00002F0FAF9FB681B7F002B02D1F868FFF781
:104A00001DFD00BF1037BD4680BD80B582B000AF30
:104A10007860396039687868FFF744FF00BF08376D
:104A2000BD4680BD80B487B000AFF860B9607A60E1
:104A300000237B617B68002B07D1FA68BB681340B9
:104A4000002B0AD001237B6107E0FA68BB681340A2
:104A5000BA689A4201D101237B617B6918461C37F1
:104A6000BD465DF8047B704780B586B000AFF86046
:104A7000B9607A607B68BA68F968044804F042FA61
:104A800078617B6918461837BD4680BD0B4A01081E
:104A900080B483B000AF78607B6803F108027B6864
:104AA0005A607B684FF0FF329A607B6803F108021E
:104AB0007B68DA607B6803F108027B681A617B68B7
:104AC00000221A6000BF0C37BD465DF8047B7047BA
:104AD00080B483B000AF78607B6800221A6100BFA9
:104AE0000C37BD465DF8047B704780B485B000AFDD
:104AF000786039607B685B68FB603B68FA685A6085
:104B0000FB689A683B689A60FB689B683A685A60E1
:104B1000FB683A689A603B687A681A617B681B6830
:104B20005A1C7B681A6000BF1437BD465DF8047BD1
:104B3000704780B485B000AF786039603B681B680F
:104B4000BB60BB68B3F1FF3F03D17B681B69FB60AF
:104B50000CE07B680833FB6002E0FB685B68FB608D
:104B6000FB685B681B68BA689A42F6D2FB685A68B1
:104B70003B685A603B685B683A689A603B68FA68D1
:104B80009A60FB683A685A603B687A681A617B6889
:104B90001B685A1C7B681A6000BF1437BD465DF85D
:104BA000047B704780B485B000AF78607B681B6978
:104BB000FB607B685B687A6892689A607B689B6838
:104BC0007A6852685A60FB685B687A689A4203D1D7
:104BD0007B689A68FB685A607B6800221A61FB68F0
:104BE0001B685A1EFB681A60FB681B68184614375E
:104BF000BD465DF8047B704780B584B000AF786037
:104C000039600123FB607B68BB60BB68002B03D16C
:104C100004F0D8FB00BFFDE7BB68002B57D0BB6892
:104C2000DB6B002B53D0BB681A6CBB68DB6B0021BD
:104C3000A3FB0223002B00D001210B46002B46D101
:104C400004F0D2F9BB681A68BB68DB6BB968096C01
:104C500001FB03F31A44BB689A60BB6800229A63A5
:104C6000BB681A68BB685A60BB681A68BB68DB6BB4
:104C7000013BB968096C01FB03F31A44BB68DA60B5
:104C8000BB68FF2283F84420BB68FF2283F84520DD
:104C90003B68002B0ED1BB681B69002B14D0BB688E
:104CA0001033184602F066FC0346002B0CD004F0CB
:104CB00089F909E0BB6810331846FFF7E9FEBB68C5
:104CC00024331846FFF7E4FE04F0A0F901E00023C6
:104CD000FB60FB68002B03D104F074FB00BFFDE711
:104CE000FB6818461037BD4680BD80B588B002AF5E
:104CF000F860B9607A603B6000237B613B68002B01
:104D000003D104F05FFB00BFFDE7FB68002B29D057
:104D10003B68002B26D07B68002B02D0BB68002BA1
:104D200020D07B68002B02D1BB68002B1AD1502306
:104D30003B613B69502B03D004F044FB00BFFDE70F
:104D40003B693B687B617B69012283F8462097F8C9
:104D500020207B69009313467A68B968F86800F0F0
:104D600058F806E07B69002B03D104F02BFB00BF51
:104D7000FDE77B6918461837BD4680BD80B58AB00F
:104D800002AFF860B9601346FB710023FB61FB685A
:104D9000002B32D00021BA68FB68A3FB0223002B52
:104DA00000D001210B46002B27D1FB68BA6802FB1B
:104DB00003F313F1510F20D8FB68BA6802FB03F329
:104DC000BB61BB6950331846FFF732FAF861FB69E3
:104DD000002B19D0FB697B617B6950337B61FB69D8
:104DE000002283F84620FA79FB69009313467A691A
:104DF000B968F86800F00DF806E0FB69002B03D1F4
:104E000004F0E0FA00BFFDE7FB6918462037BD4615
:104E100080BD80B584B000AFF860B9607A60FB7087
:104E2000BB68002B03D1BB69BA691A6002E0BB6999
:104E30007A681A60BB69FA68DA63BB69BA681A648F
:104E40000121B869FFF7D8FEBB69FA7883F84C20D6
:104E500000BF1037BD4680BD80B582B000AF78601E
:104E60007B68002B0ED07B6800229A607B68002252
:104E70001A607B680022DA60002300220021786833
:104E800000F089F800BF0837BD4680BD80B586B008
:104E900000AF0346FB7101237B6100233B61FB797B
:104EA0001A4639697869FFF769FFF860F868FFF713
:104EB000D3FFFB6818461837BD4680BD80B588B063
:104EC00002AF03463960FB7101237B6100233B6124
:104ED000FB7900933B68002239697869FFF705FF89
:104EE000F860F868FFF7B8FFFB6818461837BD464A
:104EF00080BD80B588B002AFF860B9607A600023E9
:104F00007B61FB68002B13D0BA68FB689A420FD80C
:104F1000022300937B6800220021F868FFF7E5FE7A
:104F200078617B69002B0AD07B69BA689A6306E0D6
:104F30007B69002B03D104F045FA00BFFDE77B69D4
:104F400018461837BD4680BD80B584B000AF786084
:104F500039600023FB607B68002B10D03A687B68C7
:104F60009A420CD8022200217868FFF707FFF86008
:104F7000FB68002B0AD0FB683A689A6306E0FB687E
:104F8000002B03D104F01EFA00BFFDE7FB681846B2
:104F90001037BD4680BD80B58AB000AFF860B960FB
:104FA0007A603B6000237B62FB683B623B6A002BBC
:104FB00003D104F007FA00BFFDE7BB68002B03D163
:104FC0003B6A1B6C002B01D1012300E00023002B66
:104FD00003D104F0F7F900BFFDE73B68022B03D1D2
:104FE0003B6ADB6B012B01D1012300E00023002B86
:104FF00003D104F0E7F900BFFDE702F0C1FD03466D
:10500000002B02D17B68002B01D1012300E000239B
:10501000002B03D104F0D6F900BFFDE703F0E4FF55
:105020003B6A9A6B3B6ADB6B9A4202D33B68022B6A
:105030001DD13A68B968386A00F0B4FBF8613B6A80
:105040005B6A002B0AD03B6A2433184602F092FABE
:105050000346002B07D003F0B5FF04E0FB69002BEB
:1050600001D003F0AFFF03F0D1FF01235CE07B68C8
:10507000002B03D103F0CAFF002355E07B6A002B0D
:1050800006D107F11403184602F018FC01237B62D5
:1050900003F0BCFF01F09AFE03F0A6FF3B6A93F811
:1050A00044305BB2B3F1FF3F03D13B6A002283F887
:1050B00044203B6A93F845305BB2B3F1FF3F03D124
:1050C0003B6A002283F8452003F0A0FF3A1D07F158
:1050D00014031146184602F007FC0346002B1DD1AD
:1050E000386A00F057FC0346002B11D03B6A10339E
:1050F0007A681146184602F099F9386A00F0E2FB26
:1051000001F072FE0346002B88D103F05BFF85E7B8
:10511000386A00F0D7FB01F067FE7FE7386A00F0DD
:10512000D1FB01F061FE002318462837BD4680BD43
:1051300080B58AB000AFF860B9607A603B60FB6808
:105140003B623B6A002B03D104F03CF900BFFDE752
:10515000BB68002B03D13B6A1B6C002B01D10123E0
:1051600000E00023002B03D104F02CF900BFFDE781
:105170003B68022B03D13B6ADB6B012B01D101237E
:1051800000E00023002B03D104F01CF900BFFDE771
:1051900004F0BEF804F016F9F8613B6A9A6B3B6ABA
:1051A000DB6B9A4202D33B68022B3DD13B6A93F8FA
:1051B0004530FB763B6A9B6B7B613A68B968386A1D
:1051C00000F0F0FA97F91B30B3F1FF3F12D13B6AC0
:1051D0005B6A002B25D03B6A2433184602F0CAF9DB
:1051E0000346002B1DD07B68002B1AD07B68012260
:1051F0001A6016E001F014FF386197F91B303A6924
:105200009A420ED997F91B307F2B03D104F0DAF8BC
:1052100000BFFDE7FB7E0133DBB25AB23B6A83F885
:10522000452001237B6201E000237B62F86904F0E2
:10523000D6F87B6A18462837BD4680BD80B588B051
:1052400000AF786039607B68BB61BB69002B03D11C
:1052500004F0B8F800BFFDE7BB691B6C002B03D05E
:1052600004F0B0F800BFFDE7BB691B68002B03D159
:10527000BB699B68002B01D1012300E00023002BB8
:1052800003D104F09FF800BFFDE704F041F804F0FB
:1052900099F87861BB699B6B3B61BB69DB6B3A69D1
:1052A0009A4239D2BB6993F84530FB733B695A1C6B
:1052B000BB699A6397F90F30B3F1FF3F12D1BB6915
:1052C0005B6A002B25D0BB692433184602F052F9E3
:1052D0000346002B1DD03B68002B1AD03B680122EF
:1052E0001A6016E001F09CFEB86097F90F30BA68BA
:1052F0009A420ED997F90F307F2B03D104F062F850
:1053000000BFFDE7FB7B0133DBB25AB2BB6983F818
:1053100045200123FB6101E00023FB61786904F073
:105320005EF8FB6918462037BD4680BD80B58AB05F
:1053300000AFF860B9607A6000237B62FB683B6273
:105340003B6A002B03D104F03DF800BFFDE7BB68CA
:10535000002B03D13B6A1B6C002B01D1012300E021
:105360000023002B03D104F02DF800BFFDE702F06D
:1053700007FC0346002B02D17B68002B01D10123DF
:1053800000E00023002B03D104F01CF800BFFDE770
:1053900003F02AFE3B6A9B6BFB61FB69002B19D073
:1053A000B968386A00F068FAFB695A1E3B6A9A636A
:1053B0003B6A1B69002B09D03B6A1033184602F088
:1053C000D9F80346002B01D003F0FCFD03F01EFECC
:1053D000012363E07B68002B03D103F017FE002359
:1053E0005CE07B6A002B06D107F11403184602F03B
:1053F00065FA01237B6203F009FE01F0E7FC03F08C
:10540000F3FD3B6A93F844305BB2B3F1FF3F03D145
:105410003B6A002283F844203B6A93F845305BB234
:10542000B3F1FF3F03D13B6A002283F8452003F02C
:10543000EDFD3A1D07F114031146184602F054FA27
:105440000346002B1DD1386A00F08EFA0346002B6C
:1054500011D03B6A24337A681146184601F0E6FF02
:10546000386A00F02FFA01F0BFFC0346002B8FD101
:1054700003F0A8FD8CE7386A00F024FA01F0B4FCD0
:1054800086E7386A00F01EFA01F0AEFC386A00F0D8
:105490006BFA0346002B3FF47BAF002318462837F6
:1054A000BD4680BD80B58AB000AF7860396000230A
:1054B0007B627B68FB6100233B62FB69002B03D1AD
:1054C00003F080FF00BFFDE7FB691B6C002B03D0DE
:1054D00003F078FF00BFFDE702F052FB0346002B0C
:1054E00002D13B68002B01D1012300E00023002BF7
:1054F00003D103F067FF00BFFDE703F075FDFB6913
:105500009B6BBB61BB69002B1ED0BB695A1EFB693C
:105510009A63FB691B68002B04D102F021FD02464F
:10552000FB699A60FB691B69002B09D0FB6910338A
:10553000184602F01FF80346002B01D003F042FD8D
:1055400003F064FD012383E03B68002B03D103F0EB
:105550005DFD00237CE07B6A002B06D107F10C0384
:10556000184602F0ABF901237B6203F04FFD01F016
:105570002DFC03F039FDFB6993F844305BB2B3F1C5
:10558000FF3F03D1FB69002283F84420FB6993F8B5
:1055900045305BB2B3F1FF3F03D1FB69002283F8D2
:1055A000452003F033FD3A4607F10C031146184637
:1055B00002F09AF90346002B2CD1F86900F0D4F9D7
:1055C0000346002B20D0FB691B68002B09D103F098
:1055D0000BFDFB699B68184602F0F0FA386203F095
:1055E00015FDFB6924333A681146184601F01EFF89
:1055F000F86900F067F901F0F7FB0346002B7FF430
:105600007CAF03F0DFFC78E7F86900F05BF901F0AC
:10561000EBFB72E7F86900F055F901F0E5FBF8697A
:1056200000F0A2F90346002B3FF467AF3B6A002B62
:105630000DD003F0D9FCF86900F09CF87861FB69A3
:105640009B687969184602F0D5FB03F0DFFC002364
:1056500018462837BD4680BD80B58AB000AFF860D7
:10566000B9607A60FB683B623B6A002B03D103F0B0
:10567000A9FE00BFFDE7BB68002B03D13B6A1B6C92
:10568000002B01D1012300E00023002B03D103F004
:1056900099FE00BFFDE703F03BFE03F093FEF861C7
:1056A0003B6A9B6BBB61BB69002B3DD03B6A93F8A7
:1056B0004430FB75B968386A00F0DEF8BB695A1EE1
:1056C0003B6A9A6397F91730B3F1FF3F12D13B6AF7
:1056D0001B69002B25D03B6A1033184601F04AFFA6
:1056E0000346002B1DD07B68002B1AD07B6801225B
:1056F0001A6016E001F094FC386197F917303A69A6
:105700009A420ED997F917307F2B03D103F05AFE36
:1057100000BFFDE7FB7D0133DBB25AB23B6A83F881
:10572000442001237B6201E000237B62F86903F0DF
:1057300056FE7B6A18462837BD4680BD80B584B0CA
:1057400000AF78607B68FB60FB68002B03D103F03F
:1057500039FE00BFFDE7F86800F07AF9FB6893F8BE
:105760004630002B02D1F868FEF768FE00BF103704
:10577000BD4680BD80B485B000AF78607B685B6A51
:10578000002B06D07B681B6B1B68C3F13803FB60E2
:1057900001E00023FB60FB6818461437BD465DF846
:1057A000047B704780B586B000AFF860B9607A605E
:1057B00000237B61FB689B6B3B61FB681B6C002BD0
:1057C0000DD1FB681B68002B4DD1FB689B68184608
:1057D00002F086FA7861FB6800229A6043E07B68F9
:1057E000002B19D1FB685868FB681B6C1A46B96816
:1057F00018F026F8FB685A68FB681B6C1A44FB68B3
:105800005A60FB685A68FB689B689A422BD3FB6816
:105810001A68FB685A6026E0FB68D868FB681B6C56
:105820001A46B96818F00CF8FB68DA68FB681B6C5C
:105830005B421A44FB68DA60FB68DA68FB681B6845
:105840009A4207D2FB689A68FB681B6C5B421A4459
:10585000FB68DA607B68022B05D13B69002B02D024
:105860003B69013B3B613B695A1CFB689A637B695E
:1058700018461837BD4680BD80B582B000AF78604D
:1058800039607B681B6C002B18D07B68DA687B68FA
:105890001B6C1A447B68DA607B68DA687B689B68FB
:1058A0009A4203D37B681A687B68DA607B68D968A0
:1058B0007B681B6C1A46386817F0C2FF00BF0837B8
:1058C000BD4680BD80B584B000AF786003F08CFB2E
:1058D0007B6893F84530FB7311E07B685B6A002BB3
:1058E00012D07B682433184601F044FE0346002B97
:1058F00001D002F061F8FB7B013BDBB2FB7397F94F
:105900000F30002BE9DC00E000BF7B68FF2283F84A
:10591000452003F07BFB03F067FB7B6893F8443082
:10592000BB7311E07B681B69002B12D07B681033BE
:10593000184601F01FFE0346002B01D002F03CF890
:10594000BB7B013BDBB2BB7397F90E30002BE9DC6C
:1059500000E000BF7B68FF2283F8442003F056FB81
:1059600000BF1037BD4680BD80B584B000AF786001
:1059700003F03AFB7B689B6B002B02D10123FB6099
:1059800001E00023FB6003F041FBFB681846103781
:10599000BD4680BD80B584B000AF786003F024FBC5
:1059A0007B689A6B7B68DB6B9A4202D10123FB60B8
:1059B00001E00023FB6003F029FBFB681846103769
:1059C000BD4680BD80B584B000AF786039600023EB
:1059D000BB607B68002B03D103F0F4FC00BFFDE744
:1059E0003B68002B24D00023FB601EE0174AFB68B5
:1059F000DB0013445B687A689A4205D1FB68DB00E0
:105A0000124A1344BB6013E0BB68002B0AD10F4A53
:105A1000FB6852F83330002B04D1FB68DB000B4AE3
:105A20001344BB60FB680133FB60FB68072BDDD9C7
:105A3000BB68002B05D0BB683A681A60BB687A68FF
:105A40005A6000BF1037BD4680BD00BFE4A10020F2
:105A500080B584B000AF78607B68002B03D103F081
:105A6000B1FC00BFFDE70023FB6016E00F4AFB68B6
:105A7000DB0013445B687A689A420BD10B4AFB68DF
:105A8000002142F83310094AFB68DB00134400226E
:105A90005A6006E0FB680133FB60FB68072BE5D921
:105AA00000BF00BF1037BD4680BD00BFE4A100208D
:105AB00080B586B000AFF860B9607A60FB687B6142
:105AC00003F092FA7B6993F844305BB2B3F1FF3F85
:105AD00003D17B69002283F844207B6993F8453029
:105AE0005BB2B3F1FF3F03D17B69002283F845200D
:105AF00003F08CFA7B699B6B002B06D17B69243306
:105B00007A68B968184601F0F7FC7869FFF7DAFEA1
:105B100000BF1837BD4680BD80B58CB004AFF860BB
:105B2000B9607A603B60BB6A7B613B68002B03D144
:105B300003F048FC00BFFDE7BB6A002B03D103F074
:105B400041FC00BFFDE7BA68FB689A4203D903F045
:105B500039FC00BFFDE7BB68002B01D10123BB600E
:105B60007B68012B08D10323FB76FB68042B11D83B
:105B700003F028FC00BFFDE77B68022B08D1062359
:105B8000FB76FB68002B05D103F01CFC00BFFDE792
:105B90000223FB7628233B613B69282B03D003F0CB
:105BA00011FC00BFFDE73B68002B18D0BB6A002B3F
:105BB00015D03B6B0293FB6A0193FB7E0093BB689D
:105BC000FA683968786900F0A0FB7B691B7F43F0B5
:105BD0000203DAB27B691A77BB6AFB6101E000233A
:105BE000FB61FB6918462037BD4680BD80B584B097
:105BF00000AF78607B68FB60FB68002B03D103F08B
:105C0000E1FB00BFFDE7FB681B7F03F00203002BF5
:105C100003D1F868FEF712FC04E028220021F8689E
:105C200018F01AF900BF1037BD4680BD80B586B0A8
:105C300000AF78607B683B613B69002B03D103F0C8
:105C4000C1FB00BFFDE73B691B68FB603B699A68CD
:105C50003B691B6813447B613B695B687A69D31AB3
:105C60007B613B691B68FA689A42ECD17B69013B16
:105C70007B613B699B687A699A4204D33B699B6864
:105C80007A69D31A7B617B6918461837BD4680BD97
:105C900080B58EB002AFF860B9607A603B60FB6897
:105CA0007B620023FB627B68BB6200233B62BB68B4
:105CB000002B03D103F086FB00BFFDE77B6A002BBE
:105CC00003D103F07FFB00BFFDE77B6A9B68013BCC
:105CD0003B627B6A1B7F03F00103002B11D0BB6A80
:105CE0000433BB62BA6A7B689A4203D803F06AFB4A
:105CF00000BFFDE7BA6A3B6A9A4208D900233B60BD
:105D000005E0BA6A3B6A9A4201D93B6ABB623B68CA
:105D1000002B3DD007F11403184601F0AFFD03F04E
:105D200063F9786AFFF782FFF862FA6ABB6A9A42FF
:105D300013D27B6A5B6A1946002002F04DFD7B6A34
:105D40005B69002B03D003F03DFB00BFFDE701F0D2
:105D500007FF02467B6A5A6102E003F057F917E039
:105D600003F054F97B6A586A3B68009300230022D1
:105D7000002102F081F97B6A00225A613A4607F15C
:105D800014031146184601F0AFFD0346002BC6D0A0
:105D9000FB6A002B03D1786AFFF748FFF862BB6A01
:105DA0000093FB6A7A68B968786A00F07EF8F86157
:105DB000FB69002B1CD0786A00F087FA02467B6AE8
:105DC000DB689A4214D301F001F87B6A1B69002B4F
:105DD0000CD07B6A18697B6A596A00230093002300
:105DE000002202F0D9F97B6A00221A6100F0FCFF60
:105DF000FB6918463037BD4680BD80B58CB002AF18
:105E0000F860B9607A603B60FB683B627B687B62EC
:105E1000BB68002B03D103F0D5FA00BFFDE73B6A56
:105E2000002B03D103F0CEFA00BFFDE73B6A1B7FD6
:105E300003F00103002B02D07B6A04337B62386AD3
:105E4000FFF7F4FEF8617B6A0093FB697A68B96832
:105E5000386A00F02AF8B861BB69002B20D0386A94
:105E600000F033FA02463B6ADB689A4218D303F02B
:105E7000A9FA78613B6A1B69002B0ED03B6A18694E
:105E80003B6A596A3B680193002300930023002278
:105E900002F084FA3B6A00221A61786903F09FFAE3
:105EA000BB6918462837BD4680BD80B586B000AFB7
:105EB000F860B9607A603B60FB685B687B61FB6897
:105EC0001B7F03F00103002B19D07B683B613B690A
:105ED0007A689A4203D003F075FA00BFFDE73A688A
:105EE0003B6A9A4208D307F110017B690422F868E3
:105EF00000F03EF9786108E000237B6005E07A68F5
:105F00003B68934228BF13467B607B68002B08D018
:105F10007B697A68B968F86800F02AF90246FB687C
:105F20005A607B6818461837BD4680BD80B58AB078
:105F300002AFF860B9607A603B60FB683B610023A8
:105F4000FB61BB68002B03D103F03CFA00BFFDE707
:105F50003B69002B03D103F035FA00BFFDE73B6935
:105F60001B7F03F00103002B02D004237B610BE0B5
:105F70003B691B7F03F00403002B03D03B69DB6804
:105F80007B6101E000237B613B68002B33D003F091
:105F90002BF8386900F099F9B861BA697B699A42BF
:105FA00012D83B695B6A1946002002F015FC3B6978
:105FB0001B69002B03D003F005FA00BFFDE701F0D9
:105FC000CFFD02463B691A6103F020F8BA697B698C
:105FD0009A4214D83B69586A3B6800930023002218
:105FE000002102F049F83B6900221A61386900F08B
:105FF0006CF9B86103E0386900F067F9B861BA6913
:106000007B699A421ED9BB697A68B968386900F021
:1060100072F8F861FB69002B14D000F0D7FEFB6822
:106020005B69002B0CD0FB685869FB68596A002338
:1060300000930023002202F0AFF8FB6800225A61AF
:1060400000F0D2FEFB6918462037BD4680BD80B502
:106050008CB002AFF860B9607A603B60FB68FB61AE
:1060600000237B62BB68002B03D103F0ABF900BFB8
:10607000FDE7FB69002B03D103F0A4F900BFFDE7A6
:10608000FB691B7F03F00103002B02D004233B625A
:1060900001E000233B62F86900F017F9B861BA69C2
:1060A0003B6A9A4222D9BB697A68B968F86900F0FC
:1060B00022F878627B6A002B18D003F083F97861AC
:1060C000FB695B69002B0ED0FB695869FB69596A53
:1060D0003B680193002300930023002202F05EF945
:1060E000FB6900225A61786903F079F97B6A1846E6
:1060F0002837BD4680BD80B588B000AFF860B96074
:106100007A603B60FB681B68BB61FB681B7F03F028
:106110000103002B13D007F11001BB690422F868BA
:1061200000F07EF8B8613B69FB613B68043B3B6073
:10613000FA697B689A4204D90023FB6101E07B681D
:10614000FB613A68FB69934228BF13467B617B6918
:10615000002B08D0BB697A69B968F86800F060F86C
:106160000246FB681A607B6918462037BD4680BD31
:1061700080B586B000AFF860B9607A603B607B683C
:10618000002B03D103F01EF900BFFDE7FB689A68FE
:106190003B68D31A7A68934228BF13467B613A68FA
:1061A0007B691A44FB689B689A4203D903F00AF999
:1061B00000BFFDE7FB689A693B6813447A69B968D8
:1061C000184617F03DFB7A687B699A4215D97A68C0
:1061D0007B69D21AFB689B689A4203D903F0F2F8F4
:1061E00000BFFDE7FB689869BA687B69D1187A68D7
:1061F0007B69D31A1A4617F023FB3A687B6813446D
:106200003B60FB689B683A689A4204D3FB689B68D2
:106210003A68D31A3B603B6818461837BD4680BDC4
:1062200080B586B000AFF860B9607A603B607B688B
:10623000002B03D103F0C6F800BFFDE7FB689A68A6
:106240003B68D31A7A68934228BF13467B617A6908
:106250007B689A4203D903F0B5F800BFFDE73A68BE
:106260007B691A44FB689B689A4203D903F0AAF839
:1062700000BFFDE7FB689A693B6813447A691946D9
:10628000B86817F0DDFA7A687B699A420AD9BA6869
:106290007B69D018FB6899697A687B69D31A1A46BA
:1062A00017F0CEFA3A687B6813443B60FB689B6842
:1062B0003A689A4204D3FB689B683A68D31A3B60F9
:1062C0003B6818461837BD4680BD80B485B000AF26
:1062D00078607B689A687B685B681344FB607B68C6
:1062E0001B68FA68D31AFB607B689B68FA689A425D
:1062F00004D37B689B68FA68D31AFB60FB68184676
:106300001437BD465DF8047B704780B584B000AF9C
:10631000F860B9607A603B607A685521B86817F018
:106320009BFD0246BB68934203D003F04BF800BFCD
:10633000FDE728220021F86817F08EFDFB68BA6897
:106340009A61FB687A689A60FB683A68DA60FB6871
:106350003A7E1A77FB6800225A6200BF1037BD46AA
:1063600080BD80B58AB004AFF860B9607A603B60E8
:106370007B6A002B03D103F025F800BFFDE7BB6A61
:10638000002B03D103F01EF800BFFDE74FF4C073EC
:106390003B613B69B3F5C07F03D003F013F800BF46
:1063A000FDE73B69BB6A002B20D07B6A002B1DD028
:1063B000BB6A7B614FF4C0720021786917F04CFD15
:1063C0007B697A6A1A637B69022283F87D21002344
:1063D00003937B690293FB6A01933B6A00933B68DA
:1063E0007A68B968F86800F091F801E000237B61F1
:1063F0007B6918461837BD4680BD80B58AB004AFAA
:10640000F860B9607A603B6000233B6107F11003DC
:106410000393BB6A02937B6A01933B6A00933B68D8
:106420007A68B968F868FFF79CFF78617B69002B90
:1064300002D0786900F02CF93B6918461837BD4640
:1064400080BD80B58AB004AFF860B9607A603B6007
:106450007B689B001846FDF7EBFE38613B69002B1B
:1064600015D04FF4C070FDF7E3FE78617B69002B17
:1064700009D04FF4C0720021786917F0EDFC7B69F8
:106480003A691A6305E03869FDF7D8FF01E0002397
:106490007B617B69002B11D07B69002283F87D2111
:1064A000002303937B6902937B6A01933B6A009309
:1064B0003B687A68B968F86800F028F87B69184684
:1064C0001837BD4680BD80B588B002AFF860B960AE
:1064D0007A603B607B6A01933B6A00933B687A6811
:1064E000B968F868FFF7ADFF38613B69002B05D04C
:1064F000386900F0CDF801237B6102E04FF0FF33F3
:106500007B617B6918461837BD4680BD80B586B073
:1065100000AFF860B9607A603B60BB6A186B7B685B
:106520009B001A46A52117F097FCBB6A1A6B7B6883
:1065300003F18043013B9B0013443B613B6923F023
:1065400007033B613B6903F00703002B03D002F014
:1065500039FF00BFFDE7BB68002B1ED000237B6125
:1065600012E0BA687B6913441978BA6A7B691344EC
:1065700034330A461A70BA687B6913441B78002BBF
:1065800006D07B6901337B617B690F2BE9D900E081
:1065900000BFBB6A002283F843203B6A372B03D934
:1065A00002F010FF00BFFDE73B6A372B01D937230C
:1065B0003B62BB6A3A6ADA62BB6A3A6ADA64BB6A0D
:1065C00004331846FEF784FABB6A18331846FEF700
:1065D0007FFABB6ABA6A1A613B6AC3F13802BB6AC6
:1065E0009A61BB6ABA6A5A62BB6A58334FF49072B6
:1065F0000021184617F030FCBB6A224ADA65BB6AF4
:10660000214A1A66BB6A214A5A66B96A4FF00102EA
:106610004FF00003C1E93C23BB6A43F20E32A3F8FA
:10662000F820BB6A4AF6CD32A3F8FA20BB6A41F2E1
:106630003422A3F8FC20BB6A4EF26D62A3F8FE2060
:10664000BB6A4DF6EC62A3F80021BB6A0522A3F8F1
:106650000221BB6A0B22A3F80421BB6A196B3B68B9
:10666000FA68386902F01EFD0246BB6A1A607B6A4E
:10667000002B02D07B6ABA6A1A6000BF1837BD4689
:1066800080BD00BF681C0220D01C0220381D0220E3
:1066900080B584B000AF786002F0A6FC3F4B1B6869
:1066A00001333E4A13603E4B1B68002B09D13C4A24
:1066B0007B681360394B1B68012B10D101F098F9EE
:1066C0000DE0384B1B68002B09D1354B1B68DA6A8B
:1066D0007B68DB6A9A4202D8314A7B681360324B8E
:1066E0001B680133304A13602F4B1A687B685A6469
:1066F0007B68DA6A2D4B1B689A4203D97B68DB6A98
:106700002A4A13607B68DA6A294913469B001344BE
:106710009B000B4404331B68FB607B68FA689A603B
:10672000FB689A687B68DA60FB689B687A68043269
:106730005A607B681A1DFB689A607B68DA6A1346A8
:106740009B0013449B001A4A1A447B685A617B6879
:10675000DA6A174913469B0013449B000B441B68DD
:106760007A68D26A591C124813469B0013449B0056
:106770000344196002F04AFC0A4B1B68002B08D046
:10678000074B1B68DA6A7B68DB6A9A4201D202F027
:1067900019FC00BF1037BD4680BD00BFF8A6002021
:1067A00024A2002004A7002014A7002000A7002096
:1067B00028A2002080B586B000AF786000237B61FE
:1067C00002F012FC7B68002B02D1314B1B6800E009
:1067D0007B683B613B69002B03D102F0F3FD00BFF6
:1067E000FDE73B6904331846FEF7DCF93B699B6A19
:1067F000002B04D03B6918331846FEF7D3F9254B1C
:106800001B680133234A1360214B1B683A699A4283
:1068100001D1012300E00023FB601F4B1B68002B0C
:1068200010D0FB68002B0DD03B69043319461B4880
:10683000FEF75BF91A4B1B680133194A13600123F9
:106840007B6106E0174B1B68013B164A136001F0A1
:106850006BF902F0DBFB7B69012B02D0386901F098
:1068600035F90D4B1B68002B0ED0094B1B683A699C
:106870009A4209D10C4B1B68002B03D002F0A2FDF9
:1068800000BFFDE702F09EFB00BF1837BD4680BD8C
:1068900024A2002014A7002004A70020CCA60020DA
:1068A000E0A60020F8A6002020A7002080B584B034
:1068B00000AF78600023FB607B68002B10D000F0F5
:1068C00085FA0C4B1B68012B03D002F07BFD00BF47
:1068D000FDE70021786801F0BBFF00F085FAF86061
:1068E000FB68002B01D102F06DFB00BF1037BD46E5
:1068F00080BD00BF20A7002080B58AB000AF7860BF
:106900007B68FB61FB69002B03D102F05BFD00BFDC
:10691000FDE7334B1B68FA699A4203D1002387F8DD
:10692000273057E002F060FBFB695B69BB61FB69E4
:106930009B6A7B612B4B1B683B612B4B1B68FB608D
:1069400002F064FB7B69294A934203D1012387F853
:1069500027303FE0BA693B699A4203D0BA69FB68C5
:106960009A4203D1022387F8273033E0BB69204ADB
:10697000934221D1FB699B6A002B19D1032387F82D
:10698000273000233B620FE0FA693B6A134403F5AA
:10699000BE731B78DBB2012B03D1022387F82730AB
:1069A00018E03B6A01333B623B6A002BECDD11E0EF
:1069B000022387F827300DE0BB690E4A934202D0CC
:1069C000BB69002B03D1042387F8273002E00123A1
:1069D00087F8273097F8273018462837BD4680BDFE
:1069E00024A20020B0A60020B4A60020B8A6002053
:1069F000E4A60020CCA6002080B586B000AF786069
:106A000002F0F2FA7B68002B02D1354B1B6800E0E4
:106A10007B683B613B69002B03D102F0D3FC00BFD4
:106A2000FDE73B6904331846FEF7BCF83B699B6AF7
:106A3000002B04D03B6918331846FEF7B3F83B69C6
:106A4000043319462748FEF750F800237B6112E013
:106A50003A697B69134403F5BE731B78DBB2012BE3
:106A600006D13A697B69134403F5BE7300221A709C
:106A70007B6901337B617B69002BE9DD02F0C6FA9B
:106A8000194B1B68002B05D002F0AEFA01F04CF850
:106A900002F0BCFA124B1B683A699A421CD1124BA5
:106AA0001B68002B0AD0114B1B68002B03D002F08F
:106AB00089FC00BFFDE702F085FA0DE0094B1B6879
:106AC000FB600B4B1B68FA689A4203D1044B00220F
:106AD0001A6001E000F04EFC00BF1837BD4680BDD3
:106AE00024A20020E4A6002004A7002020A7002064
:106AF000F8A6002080B586B000AF786000237B61E7
:106B00007B68FB607B68002B03D102F05BFC00BF5D
:106B1000FDE7FB685B69144A93421FD1FB689B6ADF
:106B2000124A93421AD0FB689B6A002B16D10123AC
:106B30007B6100233B610EE0FA683B69134403F577
:106B4000BE731B78DBB2012B02D100237B6105E011
:106B50003B6901333B613B69002BEDDD7B691846E6
:106B60001837BD4680BD00BFE4A60020B8A60020AF
:106B700080B584B000AF78607B68FB607B68002BD9
:106B800003D102F01FFC00BFFDE7334B1B68FA681E
:106B90009A425CD0FB68002B59D002F025FAF868C5
:106BA000FFF7A8FF0346002B4FD0FB6804331846BD
:106BB000FDF7F8FFFB68DA6A284B1B689A4203D995
:106BC000FB68DB6A254A1360FB68DA6A24491346CE
:106BD0009B0013449B000B4404331B68BB60FB68A1
:106BE000BA689A60BB689A68FB68DA60BB689B68A1
:106BF000FA6804325A60FB681A1DBB689A60FB6829
:106C0000DA6A13469B0013449B00154A1A44FB683A
:106C10005A61FB68DA6A124913469B0013449B00D1
:106C20000B441B68FA68D26A591C0D4813469B0036
:106C300013449B0003441960074B1B68DA6AFB6826
:106C4000DB6A9A4201D202F0BDF902F0DFF900BF1F
:106C50001037BD4680BD00BF24A2002000A7002041
:106C600028A2002080B590B004AF0123FB6207F199
:106C7000100300221A605A609A60DA6000233B62B7
:106C800000237B6213E02F4A7B6A1344197807F1D3
:106C900010027B6A13440A461A7007F110027B6ADD
:106CA00013441B78002B06D07B6A01337B627B6A1E
:106CB0000E2BE8D900E000BF07F110027B6A1344F5
:106CC00000221A700023BB6231E01F4B3B6200239D
:106CD000FB600023BB603A1D07F1080107F10C03BC
:106CE000184601F02BFE7868BB68FA6807F11001BE
:106CF000029201930023009300230246386AFFF7B3
:106D00007CFB02461149BB6A41F823200F4ABB6A4B
:106D100052F82330002B02D00123FB6201E0002354
:106D2000FB62FB6A012B06D1BB6A0133BB62BB6A03
:106D3000002BCADD00E000BFFB6A18463037BD46B5
:106D400080BD00BFB8F40208D17901081CA700205B
:106D500080B582B000AFFFF785FF78607B68012BBC
:106D600002D101F01FFE78607B68012B13D102F085
:106D700029FB104B1B6858330F4A13600F4B4FF021
:106D8000FF321A600E4B01221A600E4B00221A606D
:106D900002F012FA07E07B68B3F1FF3F03D102F083
:106DA00011FB00BFFDE7084B1B6800BF0837BD465D
:106DB00080BD00BF24A200204C01002018A70020A5
:106DC00004A70020FCA60020ECF5020880B400AF68
:106DD000044B1B680133034A136000BFBD465DF8D6
:106DE000047B704720A7002080B588B000AF002347
:106DF000FB610023BB6102F0F7F800233B616F4B9E
:106E00001B68002B03D102F0DDFA00BFFDE76B4BDE
:106E10001B68013B694A1360684B1B68002B40F0FC
:106E2000C580674B1B68002B00F0C0808FE0654B6E
:106E3000DB68DB68FB61FB699B6AFB60FB69DB6904
:106E4000FA69126A9A60FB691B6AFA69D2695A6028
:106E5000FB685A68FB6918339A4203D1FB691A6AC6
:106E6000FB685A60FB6900229A62FB681B685A1E25
:106E7000FB681A60FB695B69BB60FB699B68FA6928
:106E8000D2689A60FB69DB68FA6992685A60BB68ED
:106E90005A68FB6904339A4203D1FB69DA68BB681C
:106EA0005A60FB6900225A61BB681B685A1EBB68A6
:106EB0001A60FB69DA6A444B1B689A4203D9FB6982
:106EC000DB6A414A1360FB69DA6A404913469B005A
:106ED00013449B000B4404331B687B60FB697A6896
:106EE0009A607B689A68FB69DA607B689B68FA69DC
:106EF00004325A60FB691A1D7B689A60FB69DA6A82
:106F000013469B0013449B00304A1A44FB695A61A4
:106F1000FB69DA6A2D4913469B0013449B000B441E
:106F20001B68FA69D26A591C284813469B0013440F
:106F30009B0003441960FB69DA6A254B1B68DB6A16
:106F40009A4204D9234A3B69012142F823101D4B80
:106F50001B68002B7FF46BAFFB69002B01D000F0A6
:106F6000E3FD1D4B1B687B617B69002B12D000F099
:106F7000EFF80346002B04D0164A3B69012142F882
:106F800023107B69013B7B617B69002BEFD1124BA6
:106F900000221A600F4A3B6952F82330002B05D0BB
:106FA0000123BB610A4B1B6802F00CF802F02EF8BB
:106FB000BB6918462037BD4680BD00BF20A7002012
:106FC000F8A60020B8A6002000A7002028A20020D4
:106FD00024A200200CA7002008A7002080B483B0C2
:106FE00000AF054B1B687B607B6818460C37BD46BD
:106FF0005DF8047B704700BFFCA6002080B582B01E
:1070000000AF02F085F900237B60044B1B683B60F6
:107010003B6818460837BD4680BD00BFFCA600206F
:1070200080B400AF034B1B681846BD465DF8047B77
:10703000704700BFF8A6002080B586B000AF78602A
:107040007B683B613B69002B03D102F0BBF900BFB9
:10705000FDE7FFF7BBFE7868FFF74EFC0346022B07
:1070600064D101237B613B6904331846FDF79AFD27
:1070700001F0BAFF3B699B6A002B08D03B691833CB
:107080001846FDF78FFD3B69012283F87E2101F050
:10709000BDFF3B69DA6A2A4B1B689A4203D93B69F8
:1070A000DB6A274A13603B69DA6A264913469B006C
:1070B00013449B000B4404331B68FB603B69FA6874
:1070C0009A60FB689A683B69DA60FB689B683A697A
:1070D00004325A603B691A1DFB689A603B69DA6AA0
:1070E00013469B0013449B00164A1A443B695A619D
:1070F0003B69DA6A134913469B0013449B000B4417
:107100001B683A69D26A591C0E4813469B00134407
:107110009B00034419603B69DA6A0B4B1B68DB6A0E
:107120009A4205D9094B01221A6001E000237B61D4
:10713000FFF75AFE7B6918461837BD4680BD00BF71
:1071400000A7002028A2002024A200200CA70020D5
:1071500080B588B000AF0023FB617B4B1B68002B20
:1071600040F0E880794B1B680133BB61774ABB690B
:107170001360BB69002B19D1754B1B681B68002B72
:1071800003D002F01FF900BFFDE7714B1B687B6164
:10719000704B1B686E4A13606E4A7B6913606E4BBE
:1071A0001B6801336C4A136000F0BEFC6B4B1B681C
:1071B000BA699A42C0F0A980654B1B681B68002B16
:1071C00004D1664B4FF0FF321A609EE0604B1B68A3
:1071D000DB68DB683B613B695B68FB60BA69FB6845
:1071E0009A4203D25D4AFB6813608EE03B695B699B
:1071F000BB603B699B683A69D2689A603B69DB680F
:107200003A6992685A60BB685A683B6904339A428B
:1072100003D13B69DA68BB685A603B6900225A6156
:10722000BB681B685A1EBB681A603B699B6A002BCF
:107230001ED03B699B6A7B603B69DB693A69126AD5
:107240009A603B691B6A3A69D2695A607B685A68DE
:107250003B6918339A4203D13B691A6A7B685A60CA
:107260003B6900229A627B681B685A1E7B681A6021
:107270003B69DA6A3A4B1B689A4203D93B69DB6A7D
:10728000374A13603B69DA6A364913469B00134458
:107290009B000B4404331B683B603B693A689A606F
:1072A0003B689A683B69DA603B689B683A690432DC
:1072B0005A603B691A1D3B689A603B69DA6A13465B
:1072C0009B0013449B00274A1A443B695A613B695F
:1072D000DA6A244913469B0013449B000B441B6845
:1072E0003A69D26A591C1F4813469B0013449B00FD
:1072F000034419603B69DA6A1B4B1B68DB6A9A42DC
:107300007FF65AAF0123FB6156E7174B1B68DA6A19
:10731000144913469B0013449B000B441B68012B2C
:1073200001D90123FB61114B1B68002B07D00123FE
:10733000FB6104E00E4B1B6801330D4A1360FB69CF
:1073400018462037BD4680BD20A70020FCA600209F
:10735000B0A60020B4A6002010A7002018A7002087
:1073600000A7002028A2002024A200200CA70020B3
:1073700008A7002080B582B000AF264B1B68002B09
:1073800003D0254B01221A6040E0234B00221A60F3
:10739000224B1B687B6009E07B68002B03D102F065
:1073A00011F800BFFDE77B68013B7B601C497A68F0
:1073B00013469B0013449B000B441B68002BEBD02F
:1073C0007A6813469B0013449B00154A13443B60A4
:1073D0003B685B685A683B685A603B685A683B6820
:1073E00008339A4203D13B68DA683B685A603B68CD
:1073F0005B68DB680B4A1360084A7B681360094BC3
:107400001B68084B1B685833074A136000BF0837D6
:10741000BD4680BD20A700200CA7002000A70020AB
:1074200028A2002024A200204C01002080B582B0B8
:1074300000AF786039607B68002B03D101F0C2FF98
:1074400000BFFDE7074B1B68183319467868FDF746
:1074500070FB0121386801F0FBF900BF0837BD4619
:1074600080BD00BF24A2002080B586B000AFF860C8
:10747000B9607A60FB68002B03D101F0A3FF00BF65
:10748000FDE71B4B1B68002B03D101F09BFF00BFE6
:10749000FDE7184B1B68BA6842F000429A61FB682E
:1074A0005B687B61134B1B687A69DA61114B1B685F
:1074B0007A6992681A620F4B1A687B699B68183266
:1074C0005A600C4B1B6803F118027B699A60094BE8
:1074D0001B68FA689A62FB681B685A1CFB681A6092
:1074E0000121786801F0B4F900BF1837BD4680BDAE
:1074F00020A7002024A2002080B586B000AFF8604D
:10750000B9607A60FB68002B03D101F05BFF00BF1C
:10751000FDE7FB685B687B61154B1B687A69DA6184
:10752000134B1B687A6992681A62114B1A687B695F
:107530009B6818325A600E4B1B6803F118027B6976
:107540009A600B4B1B68FA689A62FB681B685A1CAE
:10755000FB681A607B68002B02D04FF0FF33BB60E2
:107560007968B86801F074F900BF1837BD4680BD6E
:1075700024A2002080B588B000AF78607B68DB680B
:10758000DB68BB61BB69002B03D101F01BFF00BFAF
:10759000FDE7BB699B6A7B61BB69DB69BA69126AFB
:1075A0009A60BB691B6ABA69D2695A607B695A687A
:1075B000BB6918339A4203D1BB691A6A7B695A6066
:1075C000BB6900229A627B691B685A1E7B691A603C
:1075D0004A4B1B68002B61D1BB695B69FB60BB69CF
:1075E0009B68BA69D2689A60BB69DB68BA699268BD
:1075F0005A60FB685A68BB6904339A4203D1BB697D
:10760000DA68FB685A60BB6900225A61FB681B6834
:107610005A1EFB681A60BB69DA6A394B1B689A42CA
:1076200003D9BB69DB6A364A1360BB69DA6A35493C
:1076300013469B0013449B000B4404331B68BB6040
:10764000BB69BA689A60BB689A68BB69DA60BB6854
:107650009B68BA6904325A60BB691A1DBB689A609C
:10766000BB69DA6A13469B0013449B00254A1A44FF
:10767000BB695A61BB69DA6A224913469B0013440D
:107680009B000B441B68BA69D26A591C1D481346FB
:107690009B0013449B00034419601BE01A4B5B687A
:1076A0003B61BB693A69DA613B699A68BB691A62F6
:1076B0003B699B68BA6918325A60BB6903F11802CA
:1076C0003B699A60BB69104A9A620F4B1B68013391
:1076D0000D4A1360BB69DA6A0C4B1B68DB6A9A427D
:1076E00005D90123FB610A4B01221A6001E0002346
:1076F000FB61FB6918462037BD4680BD20A70020EE
:1077000000A7002028A20020B8A6002024A2002064
:107710000CA7002080B586B000AF78603960524B6E
:107720001B68002B03D101F04DFE00BFFDE73B6855
:1077300043F000427B681A607B68DB687B617B6991
:10774000002B03D101F03EFE00BFFDE77B681B6903
:107750003B617B685B687A6892689A607B689B682B
:107760007A6852685A603B695B687A689A4203D1CA
:107770007B689A683B695A607B6800221A613B69A2
:107780001B685A1E3B691A607B695B69FB607B69F9
:107790009B687A69D2689A607B69DB687A699268CB
:1077A0005A60FB685A687B6904339A4203D17B694B
:1077B000DA68FB685A607B6900225A61FB681B68C3
:1077C0005A1EFB681A607B69DA6A284B1B689A426A
:1077D00003D97B69DB6A254A13607B69DA6A24492D
:1077E00013469B0013449B000B4404331B68BB608F
:1077F0007B69BA689A60BB689A687B69DA60BB6823
:107800009B687A6904325A607B691A1DBB689A606A
:107810007B69DA6A13469B0013449B00144A1A449E
:107820007B695A617B69DA6A114913469B001344EC
:107830009B000B441B687A69D26A591C0C4813469A
:107840009B0013449B00034419607B69DA6A094B6F
:107850001B68DB6A9A4202D9074B01221A6000BFFB
:107860001837BD4680BD00BF20A7002000A700201C
:1078700028A2002024A200200CA7002080B582B0FE
:1078800000AF78607B68002B03D101F09BFD00BF47
:10789000FDE701F0A9FB074B1A687B681A60064BED
:1078A0001A687B685A6001F0B1FB00BF0837BD461B
:1078B00080BD00BF10A70020FCA6002080B483B0CC
:1078C00000AF7860064B1A687B681A60054B1A682F
:1078D0007B685A6000BF0C37BD465DF8047B70477B
:1078E00010A70020FCA6002080B586B000AF78600D
:1078F00039607B68002B03D101F064FD00BFFDE718
:107900003B68002B03D101F05DFD00BFFDE701F0F6
:107910006BFB264B1B683B617B685B683A69D31A3B
:10792000FB60234B1B6893F87E31002B07D0204B64
:107930001B68002283F87E2101237B612EE03B68D7
:107940001B68B3F1FF3F02D100237B6126E07B6817
:107950001A68184B1B689A420AD07B685B683A69C0
:107960009A4205D301237B613B6800221A6015E02F
:107970003B681B68FA689A420BD23B681A68FB683E
:10798000D21A3B681A607868FFF798FF00237B6182
:1079900004E03B6800221A6001237B6101F036FBA2
:1079A0007B6918461837BD4680BD00BFFCA6002085
:1079B00024A2002010A7002080B400AF034B0122B6
:1079C0001A6000BFBD465DF8047B70470CA700201D
:1079D00080B582B000AF786000F04AF8034B1B68B6
:1079E000012BF9D901F0EEFAF6E700BF28A200203A
:1079F00080B582B000AF00237B600CE07A6813464C
:107A00009B0013449B00124A13441846FDF740F8AC
:107A10007B6801337B607B68372BEFD90D48FDF71E
:107A200037F80D48FDF734F80C48FDF731F80C48ED
:107A3000FDF72EF80B48FDF72BF80B4B054A1A60A3
:107A40000A4B054A1A6000BF0837BD4680BD00BF1B
:107A500028A2002088A600209CA60020B8A600200E
:107A6000CCA60020E4A60020B0A60020B4A60020EA
:107A700080B582B000AF19E001F0B6FA104BDB68B8
:107A8000DB687B607B6804331846FDF78BF80D4B91
:107A90001B68013B0B4A13600B4B1B68013B0A4AF6
:107AA000136001F0B3FA786800F010F8064B1B6819
:107AB000002BE1D100BF00BF0837BD4680BD00BF2D
:107AC000CCA60020F8A60020E0A6002080B582B059
:107AD00000AF78607B685833184615F05BFE7B6812
:107AE00093F87D31002B08D17B681B6B1846FCF79F
:107AF000A5FC7868FCF7A2FC11E07B6893F87D3167
:107B0000012B03D17868FCF799FC08E07B6893F8B7
:107B10007D31022B03D001F055FC00BFFDE700BF13
:107B20000837BD4680BD000080B400AF0A4B1B681B
:107B30001B68002B04D1094B4FF0FF321A6005E09F
:107B4000054B1B68DB681B68044A136000BFBD4619
:107B50005DF8047B704700BFB0A6002018A7002086
:107B600080B483B000AF054B1B687B607B68184610
:107B70000C37BD465DF8047B704700BF24A200208F
:107B800080B483B000AF0B4B1B68002B02D10123E4
:107B90007B6008E0084B1B68002B02D102237B604E
:107BA00001E000237B607B6818460C37BD465DF81A
:107BB000047B704704A7002020A7002080B586B072
:107BC00000AF78607B683B6100237B617B68002BA2
:107BD0007BD03B69DA6A3F4B1B68DB6A9A426BD207
:107BE0003B699B69002B06DB3A4B1B68DB6AC3F1E0
:107BF00038023B699A613B6959693B69DA6A134605
:107C00009B0013449B00344A134499424CD13B6976
:107C100004331846FCF7C6FF2E4B1B68DA6A3B6933
:107C2000DA623B69DA6A2D4B1B689A4203D93B69D9
:107C3000DB6A2A4A13603B69DA6A274913469B00CC
:107C400013449B000B4404331B68FB603B69FA68D8
:107C50009A60FB689A683B69DA60FB689B683A69DE
:107C600004325A603B691A1DFB689A603B69DA6A04
:107C700013469B0013449B00174A1A443B695A6100
:107C80003B69DA6A144913469B0013449B000B447A
:107C90001B683A69D26A591C0F4813469B0013446B
:107CA0009B000344196004E00A4B1B68DA6A3B69D5
:107CB000DA6201237B6108E03B69DA6C054B1B68E3
:107CC000DB6A9A4201D201237B617B69184618372F
:107CD000BD4680BD24A2002028A2002000A70020CD
:107CE00080B586B000AF78607B683B6100237B6124
:107CF0007B68002B72D03C4B1B683A699A4203D0D8
:107D000001F060FB00BFFDE73B691B6D002B03D159
:107D100001F058FB00BFFDE73B691B6D5A1E3B6934
:107D20001A653B69DA6A3B69DB6C9A4256D03B695B
:107D30001B6D002B52D13B6904331846FCF732FF10
:107D40003B69DA6C3B69DA623B69DB6AC3F1380292
:107D50003B699A613B69DA6A244B1B689A4203D9F2
:107D60003B69DB6A214A13603B69DA6A20491346A2
:107D70009B0013449B000B4404331B68FB603B696E
:107D8000FA689A60FB689A683B69DA60FB689B68EE
:107D90003A6904325A603B691A1DFB689A603B6974
:107DA000DA6A13469B0013449B00114A1A443B694C
:107DB0005A613B69DA6A0E4913469B0013449B00E3
:107DC0000B441B683A69D26A591C094813469B0048
:107DD00013449B000344196001237B617B691846AF
:107DE0001837BD4680BD00BF24A2002000A7002098
:107DF00028A2002080B588B000AF786039607B6829
:107E0000BB6101237B617B68002B00F08780BB692D
:107E10001B6D002B03D101F0D5FA00BFFDE7BB6954
:107E2000DB6C3A689A4202D93B68FB6102E0BB69AD
:107E3000DB6CFB61BB69DB6AFA699A426ED0BB6995
:107E40001B6D7A699A4269D1364B1B68BA699A42AE
:107E500003D101F0B7FA00BFFDE7BB69DB6A3B6104
:107E6000BB69FA69DA62BB699B69002B04DBFB69B9
:107E7000C3F13802BB699A61BB6959693A69134613
:107E80009B0013449B00284A1344994246D1BB6986
:107E900004331846FCF786FEBB69DA6A234B1B687D
:107EA0009A4203D9BB69DB6A204A1360BB69DA6A6C
:107EB0001D4913469B0013449B000B4404331B686D
:107EC000FB60BB69FA689A60FB689A68BB69DA6014
:107ED000FB689B68BA6904325A60BB691A1DFB686B
:107EE0009A60BB69DA6A13469B0013449B000E4AF2
:107EF0001A44BB695A61BB69DA6A0B4913469B0095
:107F000013449B000B441B68BA69D26A591C06488B
:107F100013469B0013449B000344196000BF2037A5
:107F2000BD4680BD24A2002028A2002000A700207A
:107F300080B483B000AF094B1B689B697B60074B23
:107F40001B68DA6A054B1B68C2F138029A617B68CC
:107F500018460C37BD465DF8047B704724A200200C
:107F600080B483B000AF094B1B687B607B68002B3B
:107F700004D07B681B6D5A1C7B681A657B681846A9
:107F80000C37BD465DF8047B704700BF24A200207B
:107F900080B588B000AFF860B9607A600023FB61FB
:107FA000FB68002B03D001F00DFA00BFFDE7314B59
:107FB0001B68FA685E3253F82230002B2CD17B68A4
:107FC000002B29D0FEF702FF01F00EF8294B1B68A9
:107FD000FA685E3253F82230002B09D1254B1A681B
:107FE000FB68134403F5BE7301221A700123FB6181
:107FF00001F00CF8FB69012B03D10121786800F036
:1080000027FCFEF7F1FEB861FB69012B04D1BB69C7
:10801000002B01D100F0D6FF00F0E6FF154B1B68E6
:10802000FA685E3253F822307B617B69002B12D0F4
:10803000BB68002B07D00F4B1B68FA685E3200212B
:1080400043F8221007E00B4B1B687A69511EFA684F
:108050005E3243F82210074B1A68FB68134403F59D
:10806000BE7300221A7000F0D1FF7B6918462037DA
:10807000BD4680BD24A2002080B588B000AFF86066
:10808000B9607A603B600023BB61FB68002B03D0C2
:1080900001F098F900BFFDE73E4B1A68FB681344F6
:1080A00003F5BE731B78DBB2022B3BD0BB6A002BFF
:1080B00038D0FEF78BFE00F097FF364B1A68FB684E
:1080C000134403F5BE731B78DBB2022B16D0314B81
:1080D0001B68FA685E3253F82210BA68D243114026
:1080E000FA685E3243F822102A4B1A68FB68134480
:1080F00003F5BE7301221A700123BB6100F086FFF5
:10810000BB69012B03D10121B86A00F0A1FBFEF786
:108110006BFE7861BB69012B04D17B69002B01D117
:1081200000F050FF00F060FF3B68002B07D0194BB8
:108130001B68FA685E3253F822203B681A60154BC0
:108140001A68FB68134403F5BE731B78DBB2022B7D
:1081500002D00023FB610EE00E4B1B68FA685E3212
:1081600053F822107A68D2431140FA685E3243F81D
:1081700022100123FB61074B1A68FB68134403F5C7
:10818000BE7300221A7000F041FFFB6918462037C9
:10819000BD4680BD24A2002080B58AB000AFF86043
:1081A000B9607A60FB7001237B62BB68002B03D04F
:1081B00001F008F900BFFDE7FB68002B03D101F0D7
:1081C00001F900BFFDE7FB683B6200F00DFF3B6B70
:1081D000002B06D03B6ABA685E3253F822203B6B14
:1081E0001A603A6ABB68134403F5BE731B78FB77C9
:1081F0003A6ABB68134403F5BE7302221A70FB7817
:10820000042B3BD801A252F823F000BF8D82010855
:10821000218201083D82010855820108638201081C
:108220003B6ABA685E3253F822207B6842EA030157
:108230003B6ABA685E3243F822102AE03B6ABA68A9
:108240005E3253F82230591C3B6ABA685E3243F8FA
:1082500022101EE03B6ABA685E32796843F8221049
:1082600017E0FB7F022B06D03B6ABA685E32796862
:1082700043F822100DE000237B620AE0434B1B68A9
:10828000002B05D001F09EF800BFFDE700BF00E025
:1082900000BFFB7F012B71D13B6A5B69BB613B6A0D
:1082A0009B683A6AD2689A603B6ADB683A6A92686D
:1082B0005A60BB695A683B6A04339A4203D13B6AED
:1082C000DA68BB695A603B6A00225A61BB691B6865
:1082D0005A1EBB691A603B6ADA6A2D4B1B689A42C8
:1082E00003D93B6ADB6A2A4A13603B6ADA6A294986
:1082F00013469B0013449B000B4404331B687B61B3
:108300003B6A7A699A607B699A683B6ADA607B6942
:108310009B683A6A04325A603B6A1A1D7B699A600C
:108320003B6ADA6A13469B0013449B00194A1A44BD
:108330003B6A5A613B6ADA6A164913469B0013444A
:108340009B000B441B683A6AD26A591C11481346B9
:108350009B0013449B00034419603B6A9B6A002BFB
:1083600003D001F02FF800BFFDE70B4B1B68DA6A62
:108370003B6ADB6A9A4201D200F024FE00F046FE1E
:108380007B6A18462837BD4680BD00BFFCA600208A
:1083900000A7002028A2002024A2002080B58CB0D5
:1083A00000AFF860B9607A60FB700123FB62FB6884
:1083B000002B03D101F006F800BFFDE7BB68002BDE
:1083C00003D000F0FFFF00BFFDE700F0A1FFFB6856
:1083D000BB6200F0F7FF7862BB6B002B06D0BB6A74
:1083E000BA685E3253F82220BB6B1A60BA6ABB6867
:1083F000134403F5BE731B7887F82330BA6ABB6851
:10840000134403F5BE7302221A70FB78042B3CD888
:1084100001A252F823F000BF9B8401082D840108BB
:1084200049840108618401086F840108BB6ABA6845
:108430005E3253F822207B6842EA0301BB6ABA68C5
:108440005E3243F822102BE0BB6ABA685E3253F802
:108450002230591CBB6ABA685E3243F822101FE012
:10846000BB6ABA685E32796843F8221018E097F860
:108470002330022B06D0BB6ABA685E32796843F8B3
:1084800022100DE00023FB620AE0594B1B68002B11
:1084900005D000F097FF00BFFDE700BF00E000BF80
:1084A00097F82330012B40F09A80BB6A9B6A002B1F
:1084B00003D000F087FF00BFFDE74E4B1B68002B89
:1084C00061D1BB6A5B69BB61BB6A9B68BA6AD268EF
:1084D0009A60BB6ADB68BA6A92685A60BB695A687C
:1084E000BB6A04339A4203D1BB6ADA68BB695A603B
:1084F000BB6A00225A61BB691B685A1EBB691A60BD
:10850000BB6ADA6A3C4B1B689A4203D9BB6ADB6AD6
:10851000394A1360BB6ADA6A384913469B00134430
:108520009B000B4404331B687B61BB6A7A699A60C9
:108530007B699A68BB6ADA607B699B68BA6A0432B5
:108540005A60BB6A1A1D7B699A60BB6ADA6A134675
:108550009B0013449B00294A1A44BB6A5A61BB6AB8
:10856000DA6A264913469B0013449B000B441B68A0
:10857000BA6AD26A591C214813469B0013449B00D7
:10858000034419601BE01E4B5B68FB61BB6AFA6920
:10859000DA61FB699A68BB6A1A62FB699B68BA6A0E
:1085A00018325A60BB6A03F11802FB699A60BB6A11
:1085B000134A9A62124B1B680133114A1360BB6A5B
:1085C000DA6A104B1B68DB6A9A4208D9FB6B002BF6
:1085D00002D0FB6B01221A600B4B01221A60786AF1
:1085E00000F0FDFEFB6A18463037BD4680BD00BF77
:1085F000FCA6002020A7002000A7002028A2002021
:10860000B8A6002024A200200CA7002080B58AB0C4
:1086100000AFF860B9607A60FB68002B03D100F00E
:10862000D1FE00BFFDE7BB68002B03D000F0CAFEFF
:1086300000BFFDE700F06CFEFB687B6200F0C2FE4D
:1086400038627A6ABB68134403F5BE731B78FB7704
:108650007A6ABB68134403F5BE7302221A707B6A00
:10866000BA685E3253F82230591C7B6ABA685E32AF
:1086700043F82210FB7F012B40F09A807B6A9B6AB3
:10868000002B03D000F09EFE00BFFDE74C4B1B68A3
:10869000002B61D17B6A5B697B617B6A9B687A6A2C
:1086A000D2689A607B6ADB687A6A92685A607B69F2
:1086B0005A687B6A04339A4203D17B6ADA687B6921
:1086C0005A607B6A00225A617B691B685A1E7B696B
:1086D0001A607B6ADA6A3B4B1B689A4203D97B6A51
:1086E000DB6A384A13607B6ADA6A374913469B00B3
:1086F00013449B000B4404331B683B617B6A3A695B
:108700009A603B699A687B6ADA603B699B687A6A1F
:1087100004325A607B6A1A1D3B699A607B6ADA6A86
:1087200013469B0013449B00274A1A447B6A5A61F4
:108730007B6ADA6A244913469B0013449B000B446E
:108740001B687A6AD26A591C1F4813469B0013445F
:108750009B00034419601BE01C4B5B68BB617B6A98
:10876000BA69DA61BB699A687B6A1A62BB699B68FD
:108770007A6A18325A607B6A03F11802BB699A6000
:108780007B6A124A9A62114B1B6801330F4A1360CD
:108790007B6ADA6A0E4B1B68DB6A9A4208D97B68EF
:1087A000002B02D07B6801221A600A4B01221A605A
:1087B000386A00F014FE00BF2837BD4680BD00BFF8
:1087C00020A7002000A7002028A20020B8A6002093
:1087D00024A200200CA7002080B584B000AF7860F0
:1087E00039603B68002B03D000F0ECFD00BFFDE7D3
:1087F0007B68002B02D1154B1B6800E07B68BB60D7
:10880000BB68002B03D100F0DDFD00BFFDE700F0E9
:10881000EBFBBA683B68134403F5BE731B78DBB20D
:10882000022B09D1BA683B68134403F5BE730022DA
:108830001A700123FB6001E00023FB6000F0E6FBFF
:10884000FB6818461037BD4680BD00BF24A200203B
:1088500080B588B000AF78603960324B1B68FB612F
:10886000314B1B68BB61314B1B687B61304B1B6814
:10887000002283F87E212E4B1B6804331846FCF738
:1088800091F97B68B3F1FF3F24D13B68002B21D0E5
:10889000284B5B683B61264B1B683A699A60244B06
:1088A0001B683A699268DA60214B1A683B699B68D9
:1088B00004325A601E4B1B681A1D3B699A601C4BA0
:1088C0001B681C4A5A611B4B1B680133194A136011
:1088D00000BF22E0FA697B681344FB60144B1B68FD
:1088E000FA685A60FA68FB699A4207D2104B1B6813
:1088F000043319467869FCF71CF90EE00C4B1B6831
:1089000004331946B869FCF714F90B4B1B68FA6875
:108910009A4202D2084AFB68136000BF2037BD4666
:1089200080BD00BFFCA60020B0A60020B4A6002099
:1089300024A20020E4A6002018A7002080B485B05F
:1089400000AFF860B9607A60FB68074A1A60BB68DC
:10895000064A1A607B6880221A6000BF1437BD4641
:108960005DF8047B704700BF28A70020A8A800205E
:1089700080B485B000AFF860B9607A60FB68074AE0
:108980001A60BB68064A1A607B6880221A6000BFC2
:108990001437BD465DF8047B704700BFA8AA0020CD
:1089A00028AC002080B588B004AF0023FB6000F045
:1089B00069FA184B1B68002B20D00023BB600023F2
:1089C0007B603A46391D07F108031846FFF7D0FFD0
:1089D00039687B68BA6802920193022300930023EE
:1089E0000A460D490D48FDF708FD03460C4A136081
:1089F0000B4B1B68002B01D00123FB60FB68002B95
:108A000003D100F0DFFC00BFFDE7FB68184610371C
:108A1000BD4680BD58AE0020C0F40208C98A0108D6
:108A20005CAE002080B584B000AFF860B9607A60B9
:108A300008E0FB689B69BA681344BB60FB681B6A6B
:108A4000F8689847FB689A69BB68D118BB687A6870
:108A5000F86800F0D7F80346002BEAD100BF00BF4A
:108A60001037BD4680BD000080B584B000AF78608F
:108A70003960144B1B68DB68DB68FB60FB68043300
:108A80001846FCF78FF8FB6893F8283003F00403CE
:108A9000002B05D03A687968F868FFF7C3FF08E053
:108AA000FB6893F8283023F00103DAB2FB6883F8FF
:108AB0002820FB681B6AF868984700BF1037BD463E
:108AC00080BD00BF50AE002080B584B000AF78609C
:108AD00007F10803184600F051F8F860BB68194622
:108AE000F86800F005F800F0CFF800BFF0E70000EC
:108AF00080B584B000AF78603960FEF767F907F1A0
:108B00000803184600F05EF8F860BB68002B2AD115
:108B10003B68002B0AD17A68FB689A4206D8FEF7B8
:108B200063F9F9687868FFF79FFF1EE03B68002B48
:108B300008D0104B1B681B68002B01D1012300E0FB
:108B400000233B600C4B18687A68FB68D31A3A68BC
:108B50001946FCF7ADFFFEF747F90346002B04D199
:108B600000F030FA01E0FEF73FF900BF1037BD46D4
:108B700080BD00BF54AE002058AE002080B485B048
:108B800000AF78600E4B1B681B68002B01D10122DF
:108B900000E000227B681A607B681B68002B05D10F
:108BA000074B1B68DB681B68FB6001E00023FB6070
:108BB000FB6818461437BD465DF8047B704700BF5C
:108BC00050AE002080B584B000AF7860FEF706FAA2
:108BD000F8600B4B1B68FA689A4205D200F02CF93A
:108BE0007B6801221A6002E07B6800221A60044A56
:108BF000FB681360FB6818461037BD4680BD00BF98
:108C000060AE002080B586B000AFF860B9607A60D1
:108C10003B6000237B61FB68BA685A60FB68FA68B6
:108C20001A61BA687B689A4212D87A683B68D21A8D
:108C3000FB689B699A4202D301237B611BE0104BC6
:108C40001A68FB68043319461046FBF772FF12E0FE
:108C50007A683B689A4206D2BA683B689A4202D365
:108C600001237B6107E0074B1A68FB680433194650
:108C70001046FBF75EFF7B6918461837BD4680BD7E
:108C800054AE002050AE002080B588B000AF3B1D30
:108C900000221A605A609A60DA60BBE07B68002BA1
:108CA00011DA3B1D0433FB61FB69002B03D100F09B
:108CB00089FB00BFFDE7FB691B68FA695068FA6928
:108CC0009268114698477B68002BC0F2A380FB682E
:108CD000BB61BB69002B00F09D80BB695B69002B09
:108CE00004D0BB6904331846FBF75CFF3B461846CB
:108CF000FFF768FF78617B68013B082B00F28780F3
:108D000001A252F823F000BF2D8D01082D8D01081E
:108D1000958D0108A98D0108E58D01082D8D0108AB
:108D20002D8D0108958D0108A98D0108BB6993F867
:108D3000283043F00103DAB2BB6983F82820BA680F
:108D4000BB699B69D118BB687A69B869FFF75AFF9C
:108D50000346002B5DD0BB6993F8283003F0040371
:108D6000002B09D0BA68BB699B6913447A6919461C
:108D7000B869FFF757FE08E0BB6993F8283023F085
:108D80000103DAB2BB6983F82820BB691B6AB869A2
:108D900098473EE0BB6993F8283023F00103DAB22C
:108DA000BB6983F8282035E0BB6993F8283043F08D
:108DB0000103DAB2BB6983F82820BA68BB699A61FB
:108DC000BB699B69002B03D100F0FCFA00BFFDE7F3
:108DD000BB699A697B69D1187B697A69B869FFF7C1
:108DE00011FF17E0BB6993F8283003F00203002B52
:108DF00003D1B869FBF722FB0CE0BB6993F828307C
:108E000023F00103DAB2BB6983F8282002E000BF37
:108E100000E000BF074B1B68391D00221846FCF715
:108E200085FA0346002B7FF439AF00BF00BF20371F
:108E3000BD4680BD58AE002080B582B000AF09E0CD
:108E40000E4B1B68DB681B683B604FF0FF313868D6
:108E5000FFF70AFE094B1B681B68002BF0D1074B7C
:108E60001B687B60064B1B68044A1360044A7B68DE
:108E7000136000BF0837BD4680BD00BF50AE002064
:108E800054AE002080B582B002AF00F0ADF8154BB3
:108E90001B68002B20D11448FBF7FAFD1348FBF7A1
:108EA000F7FD134B104A1A60124B104A1A60002348
:108EB0000093114B114A10210A20FBF716FF0346BD
:108EC000084A1360074B1B68002B05D0054B1B6835
:108ED0000B491846FCF776FD00F098F800BFBD4638
:108EE00080BD00BF58AE002028AE00203CAE002060
:108EF00050AE002054AE002004AF002064AE00202D
:108F0000C8F4020880B58AB000AFF860B9607A6032
:108F10003B606FF001037B61FB68BB61BB68FB6179
:108F20007B683B62064B186807F1140100233A681E
:108F3000FCF7FEF878627B6A18462837BD4680BD8C
:108F400058AE002080B400AF0B4B04221A600B4BCC
:108F500000221A600A4B1B680A4AA2FB03239B09E2
:108F6000094A013B1360044B07221A6000BFBD464B
:108F70005DF8047B704700BF10E000E018E000E0FF
:108F800004000020D34D621014E000E080B582B0F0
:108F900000AF00237B600A4B1B68B3F1FF3F03D097
:108FA00000F010FA00BFFDE700F00CFA00BF7B688C
:108FB000002BFCD000BF00BF0837BD4680BD00BFFE
:108FC0002C00002080B400AF064B4FF080521A6096
:108FD000BFF34F8FBFF36F8F00BFBD465DF8047BBB
:108FE000704700BF04ED00E080B500AF00F0EAF983
:108FF000054B1B680133044A1360BFF34F8FBFF367
:109000006F8F00BF80BD00BF2C00002080B500AF77
:109010000A4B1B68002B03D100F0D4F900BFFDE719
:10902000064B1B68013B054A1360044B1B68002B71
:1090300002D1002000F0D3F900BF80BD2C00002039
:1090400080B582B000AF00F0BDF97860FEF780F81F
:109050000346002B03D0054B4FF080521A6078680E
:1090600000F0BDF900BF0837BD4680BD04ED00E04B
:1090700080B584B000AF78607B689B69FB60FB685B
:10908000023B1B78FB72FB7A662B02D100F070F971
:1090900003E000F097F900BFFDE700BF1037BD46C1
:1090A00080BD000080B485B000AFF860B9607A6020
:1090B0003B60FB68043BFB60FB684FF080721A600A
:1090C000FB68043BFB607A68FB681A60FB68043B42
:1090D000FB60384AFB681A60FB68043BFB60FB6876
:1090E0004FF012321A60FB68043BFB60FB684FF0E4
:1090F00003321A60FB68043BFB60FB684FF00232EE
:109100001A60FB68043BFB60FB684FF001321A6099
:10911000FB68043BFB603A68FB681A60FB68043B31
:10912000FB60FB684FF011321A60FB68043BFB6088
:10913000FB684FF010321A60FB68043BFB60FB6871
:109140004FF009321A60FB68043BFB60FB684FF08C
:1091500008321A60FB68043BFB60FB684FF0073283
:109160001A60FB68043BFB60FB684FF006321A6034
:10917000FB68043BFB60FB684FF005321A60FB683C
:10918000043BFB60FB684FF004321A60FB68043B51
:10919000FB60FB686FF043021A60FB68043BFB60F6
:1091A000BA68FB681A60FB6818461437BD465DF85C
:1091B000047B70478D8F010880B584B000AF414BB0
:1091C0001B68FB60FB682C331B683F4A934203D04B
:1091D00000F0F8F800BFFDE7FB6838331B683B4A36
:1091E000934203D000F0EEF800BFFDE70023BB6020
:1091F000374B4FF07F421A60354B1B681B0EDBB2BA
:10920000FB71FB79DBB203F05003DAB2314B1A7019
:10921000304B1B78002B03D100F0D4F800BFFDE7E2
:10922000FB79DBB2DB43DBB203F05003DBB2002B94
:109230000BD000F0C7F800BFFDE7BB680133BB608F
:10924000FB79DBB25B00DBB2FB71FB79DBB203F0D5
:109250008003802BF1D0BB68082B03D11E4B00226A
:109260001A6004E0BB68C3F107031B4A13601A4B82
:109270001B681B02184A1360174B1B6803F4E0635A
:10928000154A1360154B1B68144A43F47F0313609F
:10929000124B1B68114A43F07F4313600C4B0022B2
:1092A0001A60FFF74FFE0E4B00221A6000F07AF8AA
:1092B000FEF760F8FFF76AFE002318461037BD4638
:1092C00080BD00BF08ED00E03D940108F193010866
:1092D0001CED00E054AF002058AF002020ED00E06E
:1092E0002C00002080B483B000AFEFF305833B6017
:1092F0003B68002B02D100237B6001E001237B60EF
:109300007B6818460C37BD465DF8047B704700004B
:1093100080B582B000AFEFF305837B607B680F2BD5
:109320000DD90F4A7B6813441B78FB700D4B1B78DB
:10933000FA789A4203D200F045F800BFFDE70A4BE5
:109340001B6803F4E062094B1B689A4203D900F0E2
:1093500039F800BFFDE700BF0837BD4680BD00BF3C
:10936000F0E300E054AF00200CED00E058AF002027
:109370000B4A1168086806C881F30B88EFF3148163
:1093800051F0020181F31488203080F30988BFF383
:109390006F8F4FF0000080F31188104700BF00006E
:1093A00024A2002006480068006880F3088862B69E
:1093B00061B6BFF34F8FBFF36F8F66DF00BF00BF93
:1093C00008ED00E0EFF311804FF0500181F31188B8
:1093D000BFF34F8FBFF36F8F704700BF184680F306
:1093E0001188BFF34F8FBFF36F8F704700BF00002E
:1093F000EFF30980EFF30B82734620E9FC0F0E4A6E
:10940000116808604FF0500080F31188BFF34F8F50
:10941000BFF36F8FFDF7AEFF4FF0000080F31188B0
:10942000054A11680868B0E8FC0F82F30B8880F3E6
:109430000988184700BF000024A200201EF0040F76
:109440000CBFEFF30880EFF309800149084700BF24
:109450007190010880B500AF054B1B68FEF790FBCB
:109460000346012B01D0FFF7EBFD00BF80BD00BF1D
:1094700010E000E080B586B000AF00237B61EFF321
:109480000583FB60FB68002B02D001237B6113E0A6
:10949000FEF776FB38613B69012B0DD0EFF31083AB
:1094A000BB60BB68002B05D1EFF311837B607B6849
:1094B000002B01D001237B617B6918461837BD461C
:1094C00080BD000080B582B000AFFFF7D3FF034638
:1094D000002B03D06FF005037B6012E0FEF750FB1A
:1094E00038603B68012B09D1084B1B68002B05D164
:1094F000064B01221A6000237B6002E04FF0FF332D
:109500007B607B6818460837BD4680BD5CAF002095
:1095100080B582B000AFFFF7ADFF0346002B03D04C
:109520006FF005037B6014E0FEF72AFB38603B68B0
:10953000012B0BD1094B1B68012B07D1074B0222D2
:109540001A60FDF705FC00237B6002E04FF0FF335B
:109550007B607B6818460837BD4680BD5CAF002045
:1095600080B582B000AFFFF785FF0346002B03D024
:10957000FDF744FD786002E0FDF730FD78607B6820
:1095800018460837BD4680BD80B58EB004AFF86080
:10959000B9607A6000237B61FFF76CFF0346002B04
:1095A00040F08180FB68002B7DD080233B62182334
:1095B000FB6100237B624FF0FF33BB617B68002BB4
:1095C00046D07B681B68002B02D07B681B687B62DF
:1095D0007B689B69002B02D07B689B69FB61FB6900
:1095E000002B08D0FB69382B05D87B685B6803F03B
:1095F0000103002B01D0002356E07B685B69002B40
:1096000003D07B685B699B083B627B689B68002B8F
:109610000FD07B68DB68B3F5C07F0AD37B681B691A
:10962000002B06D07B685B69002B02D00123BB6155
:1096300010E07B689B68002B0CD17B68DB68002BFB
:1096400008D17B681B69002B04D10023BB6101E0BA
:109650000023BB61BB69012B11D1FB69013B7A6817
:10966000126979688968029101920093BB683A6A2D
:10967000796AF868FCF7C1FE03467B6113E0BB69B9
:10968000002B10D1FB69013B07F1140201920093FA
:10969000BB683A6A796AF868FCF715FF0346012B44
:1096A00001D000237B617B6918462837BD4680BD09
:1096B00080B584B000AF78607B68BB60FFF7DAFEEE
:1096C0000346002B03D06FF00503FB600BE0BB6883
:1096D000002B03D16FF00303FB6004E00023FB6069
:1096E000B868FDF789F9FB6818461037BD4680BD9C
:1096F00080B586B000AF78607B683B61FFF7BAFE4B
:109700000346002B03D06FF005037B6120E03B692B
:10971000002B03D16FF003037B6119E03869FDF77B
:10972000EBF80346FB73FB7B032B05D100237B6126
:109730003869FDF71DFA0BE03869FDF77DFC03463B
:10974000012B02D100237B6102E06FF002037B61F9
:109750007B6918461837BD4680BD80B586B000AF1E
:1097600078607B683B61FFF785FE0346002B03D0E2
:109770006FF005037B6117E03B69002B03D16FF0AD
:1097800003037B6110E03869FDF7B6F80346FB730D
:10979000FB7B042B05D000237B613869FDF70AF8B9
:1097A00002E06FF002037B617B6918461837BD4603
:1097B00080BD000080B588B002AF786039607B68FA
:1097C0007B617B69002B02D03B68002B03DA6FF0D2
:1097D00003033B6138E04FF0FF333B61FFF74AFE84
:1097E0000346002B1FD00023FB6007F10C030193FD
:1097F0000023009301233A6800217869FEF7CEFD2B
:109800000023019307F1100300930023002200219D
:109810007869FEF7C3FDFB68002B15D00D4B4FF0A8
:1098200080521A6010E00023009301233A6800215F
:109830007869FEF7B1FC07F11003009300230022C2
:1098400000217869FEF7A8FC3B6918461837BD4629
:1098500080BD00BF04ED00E080B590B002AFF860BD
:10986000B9607A600023BB62FFF704FE0346002B59
:1098700003D06FF005037B6376E0FB68002B03DA0F
:109880006FF003037B636FE0BB6803F00203002B00
:1098900002D000233B6301E0FB683B6300237B6352
:1098A0007B68FB62FDF79AFB786207F11402FB6AA2
:1098B000009313463A6B00210020FEF7DDFB38626F
:1098C0003B6A012B3FD17A6BFB6813407B637B695A
:1098D0007A6B13437B63FB68DA437B6B1340002B8B
:1098E00001D00123BB62BB6803F00103002B0CD045
:1098F000FA687B6B1340FA689A4232D07B68002B7F
:109900000FD16FF002037B632EE0FA687B6B13408C
:10991000002B28D17B68002B03D16FF002037B63FF
:1099200022E0FDF75BFB02467B6AD31AFB61FA6912
:109930007B689A4202D90023FB620EE07A68FB69D9
:10994000D31AFB6209E07B68002B03D16FF002039E
:109950007B6302E06FF001037B633B6A002BA4D1C1
:1099600002E000BF00E000BFBB6A012B10D1FEF790
:10997000F7F8B86100230093002300220021B869A2
:10998000FEF70AFC0346012B02D04FF0FF337B6346
:109990007B6B18463837BD4680BD80B584B000AFBC
:1099A0007860FFF767FD0346002B03D06FF00503D7
:1099B000FB6007E00023FB607B68002B02D0786827
:1099C000FCF774FFFB6818461037BD4680BD80B5B4
:1099D00084B000AF78600023FB60FFF74BFD0346C7
:1099E000002B2DD14FF0FF33BB607B68002B15D0CF
:1099F0007B689B68002B06D07B68DB681F2B02D935
:109A00000123BB600CE07B689B68002B08D17B685E
:109A1000DB68002B04D10023BB6001E00023BB60A6
:109A2000BB68012B06D17B689B681846FAF73AFEA3
:109A3000F86005E0BB68002B02D1FAF75CFEF86025
:109A4000FB6818461037BD4680BD000080B586B063
:109A500000AF786039607B683B613B69002B03D0C5
:109A60003B68B3F1807F03D36FF003037B6129E090
:109A7000FFF700FD0346002B1FD00023FB6007F11A
:109A80000C031A4639683869FAF7EEFF0346002BD3
:109A900003D16FF002037B6114E03869FAF7EEFE40
:109AA00078617A693B6813437B61FB68002B09D0BE
:109AB000074B4FF080521A6004E039683869FAF7B2
:109AC000F1FE78617B6918461837BD4680BD00BF3E
:109AD00004ED00E080B58AB002AFF860B9607A604A
:109AE0003B60FB683B613B69002B03D0BB68B3F173
:109AF000807F03D36FF003037B6151E0FFF7BAFC73
:109B00000346002B0AD03B68002B03D16FF00503FE
:109B10007B6145E06FF003037B6141E07B6803F00C
:109B20000103002B02D00123FB6101E00023FB6154
:109B30007B6803F00203002B02D00023BB6101E02D
:109B40000123BB613B680093FB69BA69B968386956
:109B5000FAF7EBFD78617B6803F00103002B10D06E
:109B6000BA687B691340BA689A4219D03B68002BE7
:109B700003D06FF001037B6112E06FF002037B61A1
:109B80000EE0BA687B691340002B09D13B68002BBB
:109B900003D06FF001037B6102E06FF002037B6191
:109BA0007B6918462037BD4680BD80B584B000AFC4
:109BB00078607B68BB60FFF75DFC0346002B03D039
:109BC0006FF00503FB600BE0BB68002B03D16FF067
:109BD0000303FB6004E00023FB60B868FAF7E0FED3
:109BE000FB6818461037BD4680BD80B588B002AF0F
:109BF000F860B9607A6000237B61FFF73BFC0346A5
:109C0000002B75D1FB68002B72D0BA68FB689A42B2
:109C10006ED84FF0FF333B617B68002B15D07B681B
:109C20009B68002B06D07B68DB684F2B02D9012391
:109C30003B610CE07B689B68002B08D17B68DB688C
:109C4000002B04D100233B6101E000233B613B6911
:109C5000B3F1FF3F4CD0FB68012B28D13B69012BAE
:109C60000AD17B689B680322009200220021012018
:109C7000FBF73BF8786105E0032200210120FBF7A8
:109C80007DF878617B69002B22D0BB68002B1FD048
:109C90000023002200217869FBF77DF90346012BA0
:109CA00016D07869FBF74AFD00237B6110E03B6921
:109CB000012B08D17B689B681A46B968F868FBF7E6
:109CC00018F9786104E0B968F868FBF73DF9786144
:109CD0007B69002B0CD07B68002B09D07B681B684C
:109CE000002B05D07B681B6819467869FBF76AFE74
:109CF0007B6918461837BD4680BD000080B586B028
:109D000000AF786039607B683B6100237B613B6911
:109D1000002B03D16FF003037B6134E0FFF7AAFB54
:109D20000346002B1ED03B68002B03D06FF00303CB
:109D30007B6128E00023FB6007F10C031A46002139
:109D40003869FBF789FC0346012B03D06FF002034F
:109D50007B6118E0FB68002B15D00D4B4FF0805253
:109D60001A6010E039683869FBF79CFB0346012B49
:109D700009D03B68002B03D06FF001037B6102E048
:109D80006FF002037B617B6918461837BD4680BDC2
:109D900004ED00E080B586B000AF78607B683B6181
:109DA00000237B613B69002B03D16FF003037B61D0
:109DB00027E0FFF75FFB0346002B16D00023FB6074
:109DC00007F10C0319463869FBF738FA0346012BF3
:109DD00003D06FF002037B6113E0FB68002B10D00F
:109DE0000A4B4FF080521A600BE000230022002142
:109DF0003869FBF7D0F80346012B02D06FF002035D
:109E00007B617B6918461837BD4680BD04ED00E0D4
:109E100080B584B000AF78607B68BB60FFF72AFB39
:109E20000346002B03D06FF00503FB600EE0BB6818
:109E3000002B03D16FF00303FB6007E0B868FBF76A
:109E400007FE0023FB60B868FBF778FCFB68184648
:109E50001037BD4680BD80B588B002AFF860B960EC
:109E60007A6000237B61FFF705FB0346002B5FD17F
:109E7000FB68002B5CD0BB68002B59D04FF0FF3340
:109E80003B617B68002B29D07B689B68002B12D03C
:109E90007B68DB684F2B0ED97B681B69002B0AD0CF
:109EA0007B685A69FB68B96801FB03F39A4202D3E5
:109EB00001233B6114E07B689B68002B10D17B6819
:109EC000DB68002B0CD17B681B69002B08D17B68F9
:109ED0005B69002B04D100233B6101E000233B615F
:109EE0003B69012B0BD17B681A697B689B68002159
:109EF0000091B968F868FAF7F8FE786108E03B6904
:109F0000002B05D10022B968F868FAF737FF7861AD
:109F10007B69002B0CD07B68002B09D07B681B6809
:109F2000002B05D07B681B6819467869FBF74AFD52
:109F30007B6918461837BD4680BD000080B588B0E3
:109F400000AFF860B9603B601346FB71FB68BB6112
:109F50000023FB61FFF78EFA0346002B24D0BB6978
:109F6000002B05D0BB68002B02D03B68002B03D030
:109F70006FF00303FB6134E000237B6107F11402FF
:109F80000023B968B869FBF7D3F80346012B03D067
:109F90006FF00203FB6124E07B69002B21D0134B9F
:109FA0004FF080521A601CE0BB69002B02D0BB68E6
:109FB000002B03D16FF00303FB6112E000233A682A
:109FC000B968B869FAF7E7FF0346012B09D03B6887
:109FD000002B03D06FF00103FB6102E06FF002037E
:109FE000FB61FB6918462037BD4680BD04ED00E0EB
:109FF00080B588B000AFF860B9607A603B60FB68FC
:10A00000BB610023FB61FFF735FA0346002B24D028
:10A01000BB69002B05D0BB68002B02D03B68002B2E
:10A0200003D06FF00303FB6133E000237B6107F192
:10A0300014031A46B968B869FBF70EFB0346012BF7
:10A0400003D06FF00203FB6123E07B69002B20D07B
:10A05000124B4FF080521A601BE0BB69002B02D0FC
:10A06000BB68002B03D16FF00303FB6111E03A687A
:10A07000B968B869FBF75AF90346012B09D03B6868
:10A08000002B03D06FF00103FB6102E06FF00203CD
:10A09000FB61FB6918462037BD4680BD04ED00E03A
:10A0A00080B584B000AF78607B68BB60FFF7E2F9F1
:10A0B0000346002B03D06FF00503FB600EE0BB6886
:10A0C000002B03D16FF00303FB6007E0B868FBF7D8
:10A0D000BFFC0023FB60B868FBF730FBFB68184649
:10A0E0001037BD4680BD000030B591B0404BD3F86D
:10A0F000F43013F0804F27D13D4BD3F8F43013F0F8
:10A10000005F3BD13A4BD3F8F43013F0805F42D17B
:10A11000374BD3F8F43013F0006F4AD1344BD3F8F7
:10A12000F43013F0806F51D1314BD3F8F43013F089
:10A13000007F1AD06C462F4D0FCD0FC40FCD0FC42A
:10A140002B68237020220EE0EC462B4C0FCCACE8A1
:10A150000F000FCCACE80F0094E80700ACE8030058
:10A160008CF800202822002A3AD1214AD2F8F43073
:10A1700043F40003C2F8F43011B030BD6C461F4DFB
:10A180000FCD0FC495E8070003C424F8022B120C6E
:10A1900022701A22E7E76C46194D0FCD0FC495E8DF
:10A1A000030044F8040B24F8021B090C217016224A
:10A1B000D9E76C46134D0FCD0FC40FCD0FC495E8F2
:10A1C000030044F8040B21702422CCE76C460E4DAA
:10A1D0000FCD0FC495E8030084E803001722C2E7FF
:10A1E0004FF4FA7369460948F7F75CF9BDE700BF19
:10A1F000000C024690F60208F0F502081CF6020870
:10A2000038F6020850F6020878F6020838B700203F
:10A2100008B50268034B9A4200D008BDEBF7CEFDAB
:10A22000FBE700BF0010004072B6FEE700B59FB02C
:10A230006022002106A813F00FFE00230093019373
:10A2400002930393049305934FF44030F4F7D2FA4A
:10A2500000282FD1032206924FF4803307934FF446
:10A260008073099310230A930223149315924FF4D9
:10A270008051179116921422189219931A93012360
:10A280001B930C231C9300231D9306A8EFF7BEFD20
:10A2900090B91F2300930323019300230293039398
:10A2A0000493059304216846F0F78CFC30B91FB085
:10A2B0005DF804FBFFF7B8FFFFF7B6FFFFF7B4FF49
:10A2C00008B5204BD3F8F43013F0804F18D01D4A56
:10A2D000D2F88C3043F00203C2F88C30BFF34F8FBA
:10A2E000194B4FF400529A61DA6822F0406242F052
:10A2F0000062DA601A6822F0406242F080621A60FE
:10A30000EBF72CFDFFF792FF00F020F800F086F944
:10A3100000F0FEFB00F030FC00F062FC00F082FA7E
:10A3200000F0E0F800F0CEF900F094FB00F08CFFB4
:10A33000FFF7DAFEFFF7C6F800F0BAF8FFF7E8F823
:10A34000FEE700BF000C0246000402422DE9F04384
:10A350008BB0002405940694079408940994494B03
:10A36000D3F88C2042F00402C3F88C20D3F88C2060
:10A3700002F004020192019AD3F88C2042F080028C
:10A38000C3F88C20D3F88C2002F080020292029A4B
:10A39000D3F88C2042F00102C3F88C20D3F88C2033
:10A3A00002F001020392039AD3F88C2042F00202D9
:10A3B000C3F88C20D3F88C3003F002030493049B81
:10A3C000314E22464FF480413046F4F7BBF901226A
:10A3D0004FF400513046F4F7B5F901224FF4004133
:10A3E0003046F4F7AFF9294F224641F210013846C2
:10A3F000F4F7A8F901224FF480713846F4F7A2F976
:10A40000DFF88C90224618214846F4F79BF94FF468
:10A41000C0430593012506954FF00208CDF81C8036
:10A42000089405A93046F3F7CFFE4FF40043059397
:10A4300006950794089405A93046F3F7C5FE4FF436
:10A440008873059306950794089405A93846F3F791
:10A45000BBFE4FF4805305930695CDF81C800894FD
:10A4600005A93846F3F7B0FE182305930695CDF8F5
:10A470001C80089405A94846F3F7A6FE0BB0BDE87A
:10A48000F08300BF000C02460008024200000242B6
:10A490000004024208B50548F9F790FE0348F9F7B1
:10A4A0008DFE0120FFF779FAF8E700BFC8B8002059
:10A4B00010B5084A00210848FFF766F8074B1860F6
:10A4C000074C2046F9F77AFE0CF086F92046F9F79A
:10A4D00075FE10BD7011030895A4010860AF00203F
:10A4E000C8B8002000B589B020220021684613F0CA
:10A4F000B3FC1C481C4B0360002343608360C360B3
:10A500004361036104228261037780F824300122D1
:10A51000826280F82C304363836380F84030836626
:10A5200043640365C36380F85430E7F761FC90B976
:10A530000E4B009306230193002302930C4A0392CF
:10A5400004220492059369460648E8F725FB28B9DA
:10A5500009B05DF804FBFFF767FEE9E7FFF764FE6B
:10A56000F6E700BF64AF0020008002428000001CBC
:10A570000000FFFF10B5B6B00446002131913291C2
:10A58000339134913591B82202A813F065FC22680A
:10A590001F4B9A4201D036B010BD4FF40042002349
:10A5A000CDE902234FF48043299302A8F0F716FF68
:10A5B00058BB184BD3F88C2042F48062C3F88C202F
:10A5C000D3F88C2002F480620092009AD3F88C2099
:10A5D00042F00102C3F88C20D3F88C3003F0010361
:10A5E0000193019B0C233193032332930024339472
:10A5F00031A90948F3F7E8FD224605212520F3F7A4
:10A6000047FB2520F3F75EFBC5E7FFF70DFED0E71C
:10A6100000800242000C02460000024200B583B0F6
:10A62000274BD3F8882042F00102C3F88820D3F8E2
:10A63000883003F001030193019B002205211D20B6
:10A64000F3F726FB1D20F3F73DFB002205211E201A
:10A65000F3F71EFB1E20F3F735FB002205211F2018
:10A66000F3F716FB1F20F3F72DFB00220521202016
:10A67000F3F70EFB2020F3F725FB00220521212014
:10A68000F3F706FB2120F3F71DFB00220521222012
:10A69000F3F7FEFA2220F3F715FB00220521232011
:10A6A000F3F7F6FA2320F3F70DFB0022052124200F
:10A6B000F3F7EEFA2420F3F705FB03B05DF804FB93
:10A6C000000C024608B51548154B0360A3F17663EC
:10A6D000A3F57B23A3F2146343600023836001226C
:10A6E000C260036143618361C3610362EBF7B8FB3E
:10A6F00050B900210948EFF7F1FA40B900210748A5
:10A70000EFF737FB30B908BDFFF78EFDF1E7FFF734
:10A710008BFDF3E7FFF788FDF5E700BFF0AF002002
:10A720000054004030B5B7B0044600213191329159
:10A73000339134913591B82202A813F08DFB226831
:10A74000234B9A4201D037B030BD40220023CDE9DF
:10A75000022302A8F0F742FE002836D11D4CD4F89F
:10A760008C3043F00203C4F88C30D4F88C3003F002
:10A7700002030093009BC0233193122332930025E0
:10A78000339534950423359331A91348F3F71CFD11
:10A79000D4F89C3043F40013C4F89C30D4F89C30B7
:10A7A00003F400130193019B2A4605213720F3F798
:10A7B0006FFA3720F3F786FA2A4605213820F3F797
:10A7C00067FA3820F3F77EFABDE7FFF72DFDC5E7FE
:10A7D00000540040000C02460004024202680E4B86
:10A7E0009A4200D0704710B50C4AD2F89C3023F43E
:10A7F0000013C2F89C300A4C40212046F3F7C4FEF7
:10A8000080212046F3F7C0FE3720F3F769FA38209D
:10A81000F3F766FA10BD00BF00540040000C02467A
:10A820000004024200B585B0002301930293039314
:10A830001B481C4A02604FF480024260836007227A
:10A84000C260036143614FF0806181614FF000514C
:10A85000C161036243628362C2624FF0804242631D
:10A860008363C3638364C364036543658365C365AE
:10A870000366F4F75BF868B9002301934FF0805248
:10A880000292039301A90648F6F71EFD28B905B008
:10A890005DF804FBFFF7C8FCEEE7FFF7C5FCF6E741
:10A8A00064B100200038004030B5B7B00446002144
:10A8B00031913291339134913591B82202A813F03D
:10A8C000CBFA2268494B9A4201D037B030BD4FF0E5
:10A8D00080720023CDE902234FF480332D9302A828
:10A8E000F0F77CFD002871D1414BD3F89C2042F455
:10A8F0008042C3F89C20D3F89C2002F4804200924E
:10A90000009AD3F88C2042F00202C3F88C20D3F8CE
:10A910008C3003F002030193019B4FF460433193A9
:10A92000022332930025339534950523359331A9BD
:10A930003048F3F749FC3048304B0360092343604B
:10A9400085604FF48063C3600823036145618561BE
:10A95000C5610562012343628362C5620563456385
:10A96000E9F7F2FA002834D12348C4F88000C4651E
:10A970001021E9F785FF00282ED12148214B0360E3
:10A980000823436000238360C36003614FF4002207
:10A9900042618361C3610362012242628262C362D7
:10A9A00003634363E9F7D0FAC8B91548C4F88400D3
:10A9B000C4651021E9F764FFA0B9002205213C20FD
:10A9C000F3F766F93C20F3F77DF97EE7FFF72CFCFF
:10A9D0008AE7FFF729FCC7E7FFF726FCCDE7FFF77B
:10A9E00023FCE2E7FFF720FCE7E700BF0038004068
:10A9F000000C024600040242ECB00020D0030240EA
:10AA000074B000205003024002680F4B9A4200D0FD
:10AA1000704710B504460D4AD2F89C3023F48043A9
:10AA2000C2F89C304FF460410948F3F7ADFDD4F80B
:10AA30008000E9F7CBFBD4F88400E9F7C7FB3C20A2
:10AA4000F3F74EF910BD00BF00380040000C02467D
:10AA50000004024200B589B00023049305930693D5
:10AA600007930193029303931548164A02609F22AD
:10AA7000426083604FF0FF32C260036180238361D4
:10AA8000E5F75CFD98B94FF48053049304A90C4892
:10AA9000E5F7D2FF70B9202301930023039301A9A6
:10AAA0000748E6F7F9FC40B909B05DF804FBFFF789
:10AAB000BBFBE8E7FFF7B8FBEDE7FFF7B5FBF3E714
:10AAC00020B20020000C004002680F4B9A4200D0D8
:10AAD000704700B583B00D4BD3F89C2042F00802BC
:10AAE000C3F89C20D3F89C3003F008030193019B2A
:10AAF000002205213020F3F7CBF83020F3F7E2F8FD
:10AB000003B05DF804FB00BF000C0040000C0246DF
:10AB100008B51748174B03604FF4612343600023C7
:10AB20008360C36003610C2242618361C36103627D
:10AB300043628362F6F70AFC70B900210C48F9F70A
:10AB40003AFA60B900210A48F9F773FA50B908488F
:10AB5000F9F7F8F948B908BDFFF766FBEDE7FFF72D
:10AB600063FBEFE7FFF760FBF1E7FFF75DFBF2E761
:10AB700000B80020004C004008B51748174B036090
:10AB80004FF46123436000238360C36003610C22A0
:10AB900042618361C361036243628362F6F7D6FB5D
:10ABA00070B900210C48F9F706FA60B900210A488B
:10ABB000F9F73FFA50B90848F9F7C4F948B908BDA0
:10ABC000FFF732FBEDE7FFF72FFBEFE7FFF72CFB7B
:10ABD000F1E7FFF729FBF2E738B700200038014022
:10ABE00008B51748174B03604FF4E1334360002367
:10ABF0008360C36003610C2242618361C3610362AD
:10AC000043628362F6F7A2FB70B900210C48F9F7A2
:10AC1000D2F960B900210A48F9F70BFA50B908488F
:10AC2000F9F790F948B908BDFFF7FEFAEDE7FFF72D
:10AC3000FBFAEFE7FFF7F8FAF1E7FFF7F5FAF2E7CB
:10AC400070B60020004800402DE9F047D4B005461A
:10AC500000244F9450945194529453946C22214662
:10AC600034A813F0F9F8B822214606A813F0F4F836
:10AC70002B686C4A93420AD06B4A934200F0E880FA
:10AC80006A4A934200F0AE8154B0BDE8F0870822D2
:10AC90000023CDE9062306A8F0F7A0FB002840F02A
:10ACA000A680634BD3F89C2042F40022C3F89C207A
:10ACB000D3F89C2002F400220092009AD3F88C2052
:10ACC00042F00102C3F88C20D3F88C3003F001036A
:10ACD0000193019B01264F964FF00208CDF8408169
:10ACE000002451944FF0030ACDF848A10827539748
:10ACF000DFF858914FA94846F3F766FACDF83C8142
:10AD0000CDF840815196CDF848A153974FA94846B8
:10AD1000F3F75AFA4748484B03601F2343608460A7
:10AD20004FF48063C360076144618461C4614FF480
:10AD30000003036246628662C46204634463E9F707
:10AD400003F9002856D13B48E867C5651021E9F7AB
:10AD500097FD002851D1212334931E2335930023DE
:10AD60003693379338934FF4002239923A933B93BA
:10AD700001223D923E923F934093419345934293EB
:10AD800043932E4934A8EAF71DFA002838D12B4AFC
:10AD900000212B48EAF72CFA002834D12848EAF79A
:10ADA000F0FA98BB2748284B03604FF400038363F5
:10ADB0000023C3630364436481238364EAF742F896
:10ADC00038BB1F491F48EAF73DFB28BB1D48C5F8A3
:10ADD0008000C5651021E9F753FD00BB0022052165
:10ADE0004020F2F755FF4020F2F76CFF4CE7FFF7E9
:10ADF0001BFA56E7FFF718FAA5E7FFF715FAAAE7D7
:10AE0000FFF712FAC3E7FFF70FFAC7E7FFF70CFAED
:10AE1000C8E7FFF709FAD4E7FFF706FAD6E7FFF726
:10AE200003FADBE7004C00400038014000480040D6
:10AE3000000C0246F8B50020D0020240D4B5002034
:10AE4000BCB5002044B50020500202400000024280
:10AE500001220023CDE9062306A8F0F7BFFA002857
:10AE600040F09580574BD3F8A42042F48042C3F8B9
:10AE7000A420D3F8A42002F480420292029AD3F8CC
:10AE80008C2042F00102C3F88C20D3F88C3003F000
:10AE900001030393039B4FF4C0634F93022350932A
:10AEA0000024519403235293072353934FA94648F8
:10AEB000F3F78AF94548464B0360192343608460E1
:10AEC0004FF48063C3600823036144618461C461FB
:10AED0000462012343628362C46204634463E9F74A
:10AEE00033F8002856D13948E867C5651021E9F7DD
:10AEF000C7FC002851D12123349318233593002314
:10AF00003693379338934FF4002239923A933B9318
:10AF100001223D923E923F93409341934593429349
:10AF200043932C4934A8EAF74DF9002838D1294A2F
:10AF300000212948EAF75CF9002834D12648EAF7CD
:10AF400020FA98BB2548264B03604FF480038363A7
:10AF50000023C3630364436481238364E9F772FFBE
:10AF600038BB1D491D48EAF76DFA28BB1B48C5F8D8
:10AF70008000C5651021E9F783FC00BB0022052194
:10AF80003D20F2F785FE3D20F2F79CFE7CE6FFF7C0
:10AF90004BF967E7FFF748F9A5E7FFF745F9AAE797
:10AFA000FFF742F9C3E7FFF73FF9C7E7FFF73CF9BF
:10AFB000C8E7FFF739F9D4E7FFF736F9D6E7FFF727
:10AFC00033F9DBE7000C024600000242CCB400205B
:10AFD000D0000240A8B4002090B4002018B4002093
:10AFE0005000024004220023CDE9062306A8F0F712
:10AFF000F5F9002840F0A2805E4BD3F89C2042F483
:10B000008022C3F89C20D3F89C2002F48022049272
:10B01000049AD3F88C2042F00102C3F88C20D3F8B4
:10B020008C3003F001030593059B20234F930224EA
:10B030005094012651964FF00309CDF848914FF0F6
:10B040000708CDF84C814C4F4FA93846F3F7BCF8B0
:10B0500080234F93509400245194CDF84891CDF81B
:10B060004C814FA93846F3F7AFF84448444B03608E
:10B070001D23436084604FF48063C3600823036131
:10B0800044618461C461046246628662C46204638E
:10B090004463E8F759FF002853D13848E867C5658D
:10B0A0001021E9F7EDFB00284ED1212334931C2316
:10B0B000359300233693379338934FF40022399217
:10B0C0003A933B9301223D923E923F9340934193AA
:10B0D0004593429343932B4934A8EAF773F8002829
:10B0E00035D1284A00212848EAF782F890BB264843
:10B0F000EAF747F988BB2548254B036000238363A3
:10B10000C3630364436481238364E9F79BFE38BB14
:10B110001D491E48EAF796F928BB1C48C5F880006F
:10B12000C5651021E9F7ACFB00BB002205213F20DB
:10B13000F2F7AEFD3F20F2F7C5FDA5E5FFF774F885
:10B140005AE7FFF771F8A8E7FFF76EF8ADE7FFF7EA
:10B150006BF8C6E7FFF768F8C9E7FFF765F8CAE7D5
:10B16000FFF762F8D4E7FFF75FF8D6E7FFF75CF880
:10B17000DBE700BF000C024600000242A0B3002043
:10B18000D00102407CB3002064B30020ECB2002068
:10B190005001024010B504460368264A934206D087
:10B1A000254A934219D0254A93422DD010BD244AF6
:10B1B000D2F89C3023F40023C2F89C3003212148AC
:10B1C000F3F7E2F9E06FE9F701F8D4F88000E8F767
:10B1D000FDFF4020F2F784FDE8E7194AD2F8A430D9
:10B1E00023F48043C2F8A4304FF4C0611548F3F74C
:10B1F000CBF9E06FE8F7EAFFD4F88000E8F7E6FF64
:10B200003D20F2F76DFDD1E70D4AD2F89C3023F4D2
:10B210008023C2F89C30A0210A48F3F7B5F9E06F0B
:10B22000E8F7D4FFD4F88000E8F7D0FF3F20F2F72A
:10B2300057FDBBE7004C004000380140004800408B
:10B24000000C02460000024208B50948094B0360A1
:10B250004FF4C05343607F238360C3604FF4007397
:10B260000361F8F773FF00B908BDFEF7DDFFFBE7E8
:10B27000C8B80020002C004002680F4B9A4200D052
:10B28000704700B583B00D4BD3F89C2042F40062A8
:10B29000C3F89C20D3F89C3003F400630193019B16
:10B2A000002205211046F2F7F3FC0020F2F70AFD18
:10B2B00003B05DF804FB00BF002C0040000C024608
:10B2C000FEE71EF0040F0CBFEFF30880EFF30980D8
:10B2D00000F096B8FEE7FEE7FEE7FEE770470000E5
:10B2E00008B50248F8F77AFF08BD00BFC8B80020CB
:10B2F00008B50248E9F749F908BD00BF18B40020B5
:10B3000008B50248E9F741F908BD00BFCCB40020F8
:10B3100008B50248E9F739F908BD00BFECB20020D2
:10B3200008B50248E9F731F908BD00BFA0B3002015
:10B3300008B50248E9F729F908BD00BF44B5002067
:10B3400008B50248E9F721F908BD00BFF8B50020AB
:10B3500008B50248E9F719F908BD00BF74B000202C
:10B3600008B50248E9F711F908BD00BFECB00020AC
:10B3700008B50248E7F7A2F908BD00BF64AF002096
:10B3800008B50248E5F7DEF908BD00BF20B200208D
:10B3900008B50248E5F7D6F908BD00BFE4B80020BB
:10B3A00008B50248ECF700FB08BD00BFF0AF002075
:10B3B00008B50248ECF712FB08BD00BFF0AF002053
:10B3C00008B50248F5F7F8FA08BD00BF64B10020DF
:10B3D00008B50248F6F7F4FA08BD00BF38B70020F8
:10B3E00008B50248F6F7ECFA08BD00BF70B60020B9
:10B3F00008B50248F6F7E4FA08BD00BF00B800201F
:10B4000010B5A2B0104CA36A0193436900938369FD
:10B410000E4A802102A812F0E3FBE36AA36B02AAA2
:10B4200007E00B4BDB6913F0800FFAD0084B9962F1
:10B43000013211780029F4D1054BDB6913F0400F7C
:10B44000FAD000BFFDE700BF00ED00E0C0F6020843
:10B450000038014000B583B00B4BD3F8942042F084
:10B460000402C3F89420D3F8943003F0040301934A
:10B47000019BF3F74BFA00220F216FF00100F2F766
:10B4800007FC03B05DF804FB000C024608B5EAF7C0
:10B4900095FC08BD30B589B00446214BD3F89C20FB
:10B4A00042F01002C3F89C20D3F89C3003F0100344
:10B4B0000093009B01A902A8EFF7D2FEEFF794FEDC
:10B4C000184AA2FB00239B0C013B1748174A026055
:10B4D00040F2E732C2604360002303618360E5F716
:10B4E0002DF8054650B1124A0E210F48E5F700FC31
:10B4F0003120F2F7E7FB284609B030BD0A48E5F7EE
:10B5000081F805460028EED10F2C01D90125EAE784
:10B51000002221463120F2F7BBFB064B1C60E2E71C
:10B52000000C024683DE1B43E4B8002000100040FC
:10B530008DB401080800002010B503460C4A0D49DF
:10B540000D48006840B10C4800680344521A934209
:10B5500006D8094A136010BD0748084C0460F2E79A
:10B5600012F046FC0C2303604FF0FF30F3E700BFFE
:10B570000000042000040000B0B90020A81D022033
:10B580000120704708B512F033FC162303604FF01A
:10B59000FF3008BD08B54FF0FF31FFF7F3FFFEE7BE
:10B5A00070B50C461646002506E0AFF30080214634
:10B5B00001F8010B01350C46B542F6DB304670BD93
:10B5C00070B50C461646002504E014F8010BAFF3E5
:10B5D00000800135B542F8DB304670BD4FF0FF30DA
:10B5E00070474FF400534B600020704701207047B4
:10B5F000002070470D488546E4F768FF0C480D4968
:10B600000D4A002302E0D458C4500433C4188C42BD
:10B61000F9D30A4A0A4C002301E013600432A24223
:10B62000FBD312F085F8FEF74BFEFEE70000042086
:10B6300000000020A801002008710308A8010020D4
:10B64000A71D0220FEE70000024A026000220271EC
:10B65000704700BF9C11030801207047012070470C
:10B6600000797047016270477047704710B5044613
:10B67000044B036000230371082110F0E9F8204611
:10B6800010BD00BF9C11030810B50446094B40F8DB
:10B69000083B00210BF048F8002323616361A3619C
:10B6A0006422E2612362A360E360034A22602371A3
:10B6B000204610BDB81103089C11030810B50446BC
:10B6C000FFF7E2FF2C21204610F0C2F8204610BD03
:10B6D00010B504460B4B0360002380F82C30036345
:10B6E0008363C36303644363C364436543648364E4
:10B6F0000365C3650366436683658366FFF7C4FF1E
:10B70000204610BD984D030810B50446FFF7E0FF32
:10B710006C21204610F09CF8204610BD0A88D3B258
:10B7200058400301DBB280EA030C6046030243EA9F
:10B7300012231BB283EACC0383EA1C130B807047ED
:10B740002DE9F04FC9B081460C46D0F808A0D0F8DA
:10B750000CB00369019341698369C2690292026A6C
:10B760000392426A0492002005E054F8202008ADBC
:10B7700045F8202001300F28F7DD102022E0821E3E
:10B7800008AC54F822404FEAF44282EA744282EA5A
:10B790009422C41F08AD55F824402244A0F10F04A0
:10B7A00055F824504FEAB54484EAF51484EAD504E8
:10B7B0002244A0F1100408AD55F82440224445F875
:10B7C000202001303F28DADDDDF810E0039E029FE3
:10B7D0001A468846019C5D46D4460020CDF814A048
:10B7E000CDF818B0079130E04FEAF22181EAB211AA
:10B7F00081EA7261714402EA070E26EA020A8EEAC1
:10B800000A0E8E44244951F820100EEB010A08A9B3
:10B8100051F820108A444FEA7C3E8EEABC0E8EEA34
:10B82000BC5E85EA040101EA0C0105EA040B81EA29
:10B830000B0171440130B6463E46174608EB0A023A
:10B84000A0462C4665460AEB010C3F28CCDDDDF80E
:10B8500014A0DDF818B007990CEB0A00C9F808002D
:10B860005D44C9F80C5001980444C9F810404144A3
:10B87000C9F814101A44C9F81820029B1F44C9F8CB
:10B880001C70039B1E44C9F82060049B7344C9F8D4
:10B89000243049B0BDE8F08F3421030800B54FF4DF
:10B8A000A27C4FF0000EE64520D20EEB0C030133D4
:10B8B0005A0823F0010101EB53030E4951F82330DC
:10B8C00083420ED883420FD302EB4203094951F859
:10B8D000233083420CD102EB420201EB82005DF87F
:10B8E00004FB02F1FF3CDEE79646DCE77246EBE73D
:10B8F0000020F4E7F811030808B501464279024830
:10B9000000F0D2FF08BD00BF28C1002008B5417972
:10B91000014801F00FF808BD28C100202DE9F041D1
:10B9200090B080460F461646056805EBC2030360DB
:10B93000AB4202D2436801334360C5F3C5050BE057
:10B9400008F1280022463946284411F079FF2544A1
:10B950002744361B402D06D036B3C5F14004A6421D
:10B96000EED23446ECE708F12802002314E002EBA3
:10B97000830E0DEB830C9EF803100DF823109EF838
:10B9800002108CF801109EF801108CF8021012F8C9
:10B9900023108CF8031001330F2BE8DD6946404675
:10B9A000FFF7CEFE0025D7E710B0BDE8F081F0B577
:10B9B00093B005460E460468E408C4F1770404F029
:10B9C0003F0480238DF80030472200210DF1010053
:10B9D00012F042FA2B6804F150026A4402F8483C23
:10B9E000190A04F14F026A4402F8481C190C04F1C8
:10B9F0004E026A4402F8481C1B0E04F14D026A44D0
:10BA000002F8483C6B6804F14C026A4402F8483C76
:10BA1000190A04F14B026A4402F8481C190C04F19B
:10BA20004A026A4402F8481C1B0E04F149020DEB5D
:10BA3000020707F8483C04F1090269462846FFF767
:10BA40006DFFEB7A3370AB7A73706B7AB3702B7ACD
:10BA5000F370EB7B3371AB7B737113B0F0BD0000FF
:10BA6000002800F0DA802DE9F043A1B00C4615461D
:10BA7000064602F1020902F58B7802F21D17002337
:10BA800006930793664B0893664B0993664B0A939C
:10BA9000664B0B93664B0C93664B0D93664B0E9364
:10BAA00003F17453A3F52303A3F692430F932022CB
:10BAB00000F1100106A8FFF731FF0A22494606A847
:10BAC000FFF72CFFEA7805F10C0106A8FFF726FF27
:10BAD000022205F58A7106A8FFF720FF07224146DA
:10BAE00006A8FFF71BFF04A906A8FFF760FF0622C0
:10BAF000394604A812F0A0F930B1022386F8343098
:10BB0000002021B0BDE8F08395F8167100220023D3
:10BB1000CDE9022305F2171ED5F817010290B5F8FA
:10BB20001B31ADF80C300CB1002306E0032386F87E
:10BB300034300020E5E701339BB222889A4215D9C0
:10BB400095F807C003EBC3002044C1788C45F2D1BF
:10BB5000287A03EBC301214409798842EBD103EB36
:10BB6000C308A04498F80210B942E4D19A4223D104
:10BB70000F2A17D80299314811EB000C039840F1B5
:10BB80000008B068F168844578EB01000FD3E879CC
:10BB900003EBC3012144C870287A08718F70013209
:10BBA00022801DE0042386F834300020A9E7052315
:10BBB00086F834300020A4E700200021CDE9000100
:10BBC00003EBC3022244D2F805000090B2F809202A
:10BBD000ADF80420029A90420399019A8A4117D243
:10BBE00003EBC3031C44D5F81731C4F80530BEF885
:10BBF0000430A4F809300299039AB068F3688842C7
:10BC0000934101D2B160F260012086F8340078E7F8
:10BC1000062386F83430002073E70120704700BF08
:10BC200067E6096A85AE67BB72F36E3C3AF54FA5CD
:10BC30007F520E518C68059BABD9831F808D5B00B2
:10BC40002DE9F04383B005460C4690461F460A9EF8
:10BC500000230B70CB78102B7CD8DFE813F0110099
:10BC60001100350051006C009A00AA00BA00CA0009
:10BC7000E90006012801420175017501B201B20116
:10BC8000B8F1FD0F11D0B8F1FE0F63D10223CB70D4
:10BC90000023C37080F802800B7B43F001030B7319
:10BCA0004FF0FF330370437054E00223CB70002346
:10BCB000C37080F802800B7B23F001030B734FF0FD
:10BCC000FF330370437045E080F8038000230B715D
:10BCD0000388ADF806300DF106014046FFF71EFD62
:10BCE000BDF806302B80237B13F0010F05D0002315
:10BCF0002B716B710523E3702CE00323E37029E0C3
:10BD000080F80480B8F1010F07D98B7801338B706C
:10BD100000230B700123CB701CE00388ADF80630C4
:10BD20000DF106014046FFF7F9FCBDF806302B8007
:10BD30000423E3700EE080F805800388ADF8063038
:10BD40000DF106014046FFF7E9FCBDF806302B80F7
:10BD50000523E3702378012B00F06F810FB1EB789E
:10BD6000FB7066B1E378F370237933716379013343
:10BD7000737123893381A3787381237B3373002309
:10BD8000A3702378022B00F06181207803B0BDE816
:10BD9000F08380F806800388ADF806300DF10601C7
:10BDA0004046FFF7BBFCBDF806302B800623E3704E
:10BDB000D0E780F807800388ADF806300DF1060162
:10BDC0004046FFF7ABFCBDF806302B800723E3703D
:10BDD000C0E780F808800388ADF806300DF1060151
:10BDE0004046FFF79BFCBDF806302B800823E3702C
:10BDF000B0E780F8098000238372C3720388ADF82E
:10BE000006300DF106014046FFF788FCBDF806300C
:10BE10002B80237B13F0010F07D0EB7813B10B239A
:10BE2000E37097E70C23E37094E70923E37091E74D
:10BE3000437A827A43EA0223C27A43EA024343EA1C
:10BE400008224372C2F307238372120CC272038862
:10BE5000ADF806300DF106014046FFF75FFCBDF876
:10BE600006302B800A23E37074E7437A827A43EA30
:10BE70000223C27A43EA024343EA08424372C3F30D
:10BE800007238372130CC3720388ADF806300DF1DB
:10BE900006014046FFF742FCBDF806302B80EB78E8
:10BEA00013B10B23E37055E70C23E37052E700F165
:10BEB0000C030A79511C217103F802800388ADF844
:10BEC00006300DF106014046FFF728FCBDF80630AC
:10BED0002B802279EB789A427FF43CAF0C23E370FD
:10BEE00038E7437A827A43EA0223C07A43EA004081
:10BEF000FFF7D4FC8146F8B100792B88ADF8063005
:10BF00000DF10601FFF70AFCBDF806302B80DBB20D
:10BF1000984516D00E23E37085F81481237999F89B
:10BF200006209342BFF416AF05F10C00D21A00218F
:10BF3000184411F091FF0DE70E23E37085F814818A
:10BF400008E70D23E370E7E70E2B03D00388B8EB77
:10BF5000132F11D00223237085F815812B7913F04C
:10BF6000010F0FD02378022B09D00F23E370002399
:10BF700023700D236373EDE601230B70ECE71023B0
:10BF8000E370F6E7236983B11A6B4AB16B7AA97A39
:10BF900043EA0123E97A43EA01412046904720B968
:10BFA0002378022B01D0032323700123E370002F99
:10BFB0003FF4D0AE40F223122946384611F040FC3F
:10BFC000C8E64B7BC3F10D03034483F816814B7B1A
:10BFD000013BDBB24B73002B7FF4BCAE02464969D8
:10BFE0002069FFF73DFD804668B923691B6B53B19B
:10BFF0006A7AA97A42EA0122E97A42EA01412046B4
:10C00000984700B18046E378102B05D0B8F1000FB7
:10C0100010D00123237001E0022323700123E37079
:10C02000002F3FF497AE40F223122946384611F014
:10C0300007FC8FE603232370F0E7AB796371238954
:10C040000BB9002262810133238187E6002F3FF480
:10C050009CAE95F8143195F8152143EA02233B80F4
:10C0600093E6000030B583B004460D4600EB400077
:10C07000009313460A461A4901EBC00140F2231C03
:10C0800018480CFB0400FFF7DBFD831EDBB2012B1D
:10C0900001D903B030BD124904EB4403D80001EBD1
:10C0A000C3039A7801329A7000220A540122DA708E
:10C0B000FD2D01D00020ECE704EB440201EBC203AC
:10C0C0000222DA70074940F2231303FB04F40B1930
:10C0D0000022DA704FF0FF320A555A70EAE700BFCB
:10C0E0008CC00020B8B90020F0B583B0044602AB84
:10C0F00003E906000F46174400E0711C0E468F420C
:10C100000FD0A51D04F596732A4609786079FFF7CC
:10C11000A9FF0028F1D02A466179034800F0B6FF54
:10C12000EBE703B0F0BD00BF28C10020054B1B6842
:10C1300013F0010F05D1034B01221A60024B0022BC
:10C140001A6070471CC1002020C10020F0B583B0E8
:10C15000437D002B3FD104460146214800F0FAFA06
:10C16000ADF804009DF80550002D35D11C4800F0B5
:10C1700027FC002829D01B4E33685B6A1A493046D9
:10C18000984733689F6903F0F3FF01463046B8478C
:10C19000164E03685B693146984703685B6914492A
:10C1A000984703685B693146984703689B69382163
:10C1B000984703685B690F49984703685B690E49B4
:10C1C000984703685B690D4998479DF804302375CB
:10C1D0000123637500E00525284603B0F0BD00BFCC
:10C1E00028C10020D008012014F7020820F7020817
:10C1F00024F7020860F7020864F7020880F70208D3
:10C2000008B5437D23B1017D024800F007FB08BD5E
:10C210000720FCE728C100201D4B5B7803B970475D
:10C220002DE9F04383B0814603F04AFF074600251D
:10C230001EE04834444519D004EB85035A6BBA1A02
:10C24000236B4FF47A7101FB03F39A42F1D38DF81B
:10C250000750204650F8083F1B680DF107010830D1
:10C26000984718B104EB85067763E2E70135EDB234
:10C27000042D0AD809EB05035B79002BF6D0D9F819
:10C2800010305C68D3F80880D4E703B0BDE8F083D1
:10C2900028C1002070B485B092F800C08D68BCFB46
:10C2A000F5F305FB13C34C6804EBC3067268AAB12F
:10C2B00054F8333000930F4B019301E01B68009357
:10C2C000009B0C4A934209D01A7A9445F6D104EBAC
:10C2D000C504029304604660836007E004EBC50474
:10C2E0000A69044B039304604260836005B070BC2C
:10C2F000704700BF20C1002070B58AB00E461546B9
:10C30000C468537A8DF817300DF11702214602A840
:10C31000FFF7C0FF6368A26803EBC2022169094B03
:10C3200009930692079108930498984208D08DF8D3
:10C33000076003691B682A460DF10701183098470A
:10C340000AB070BD20C1002008B5FFF7EFFE08BDA0
:10C3500000B54FF4A27C4FF0000EE64520D20EEB64
:10C360000C0301335A0823F0010101EB53030E497A
:10C3700051F8233083420ED883420FD302EB42039D
:10C38000094951F8233083420CD102EB420201EB00
:10C3900082005DF804FB02F1FF3CDEE79646DCE735
:10C3A0007246EBE70020F4E7D0220308044A02605B
:10C3B00000228260C260034901600271704700BFC1
:10C3C000582203089C110308054A0260054A0260CE
:10C3D00000228260C260044901600271704700BFA0
:10C3E0009C220308582203089C1103080B68036071
:10C3F00070470B680360704770477047704770471D
:10C4000008B5836D1B686030984708BDC368FBB1F1
:10C4100010B504468368EBB10279EAB908202061BF
:10C42000A36104F1300323625023636204F18003AB
:10C43000A3624FF41263E36204F118024FF49271A5
:10C44000FDF709FD606148B101232371002010BD93
:10C45000042070470420FAE70520F8E70120F6E7FA
:10C46000C3685BB310B5044683684BB3816D184A4B
:10C47000914227D002793ABB4FF4006242610269CF
:10C480000AB91822026123632369A3644FF400638D
:10C49000636404F1A40323644FF4C073E36304F6FC
:10C4A000A803A36304F1300221460A48FDF76CF8A3
:10C4B000E06258B101232371002010BD04207047B1
:10C4C0000420FAE70420F8E70520F6E70020F4E767
:10C4D000B022030801C401082DE9F04105460E46CB
:10C4E000CC788A78FE2A01D00C3117E002704470B3
:10C4F0008B798370CB79C3700B7A03714B7A43715C
:10C50000CA780C31063011F09BF9F37806331D44DC
:10C510004FF00508002730E0013CE4B2012C04D9BB
:10C520000B1913F8013C002BF6D02A706C7033798C
:10C53000AB707379EB70B3792B71F3796B71337ADC
:10C54000AB71737AEB71737AB27A43EA0223F27AAF
:10C5500043EA02431B122B72F37A6B72224605F1F7
:10C560000A0011F06DF904F10A031D44377917F040
:10C57000010710D04FF009080D2733882B7033883E
:10C580001B0A6B7057B908EB0403F81880B203302C
:10C5900080B2BDE8F0814FF00908EEE73A4606F5B3
:10C5A0008B71A81C11F04CF9EDE7000010B50446A2
:10C5B000064B036000238360C360054A0260037179
:10C5C00014210FF045F9204610BD00BF5822030882
:10C5D0009C11030810B50446074B0360074B03602A
:10C5E00000238360C360064A026003714FF41A613E
:10C5F0000FF02EF9204610BD9C2203085822030894
:10C600009C110308C3685BB110B5044683684BB145
:10C6100003794BB14069FDF743FD38B9207102E061
:10C6200004207047042010BD0520FCE70120FAE734
:10C6300010B50446C3689BB183688BB143697BB175
:10C6400003696BB1826D094B9A4209D003792BB112
:10C65000C06AFDF782F838B9207104E0072002E0D3
:10C6600000232371042010BD0120FCE7B022030841
:10C6700010B50446054B0360836DDB686030984756
:10C680002046FFF701F8204610BD00BF74220308C2
:10C6900010B50446FFF7ECFF40F6282120460FF0C6
:10C6A000D7F8204610BD000070B5054600F5A0740F
:10C6B00000F5B47600E00434B44206D020680028C7
:10C6C000F9D005210FF0C4F8F5E70B4BC5F8983BFE
:10C6D0000A4BC5F8983B0023C5F8A03BC5F8A43B1E
:10C6E000074AC5F8982B85F89C3B05F5B870FFF70D
:10C6F000BFFF284670BD00BF9C22030858220308D4
:10C700009C11030810B504460F4B03600021017112
:10C710000E4B03600E4B8360C160016208300AF06B
:10C7200003F807E00023A360E360074A2260237157
:10C730000FF0B0F9002323616361A3616422E26119
:10C740002362204610BD00BF9C110308B8110308E6
:10C7500074F6020830B585B00023032B17D800EB20
:10C760008302D2F81C2112B10133DBB2F5E700EBF2
:10C770008300C0F81C118DF8083000238DF80930B3
:10C78000BDF80830ADF80C30ADF804302EE01D4C8B
:10C7900023685B6A1C492046984723689D6903F01B
:10C7A000E7FC01462046A847184C03685B69214610
:10C7B000984703685B691649984703685B69214697
:10C7C000984703689B693C21984703685B69114956
:10C7D000984703685B69104998470023ADF8043017
:10C7E00004238DF8043001238DF8053000209DF8D6
:10C7F000043063F307009DF8053063F30F2005B0A4
:10C8000030BD00BFD008012014F7020820F702084D
:10C8100088F7020860F70208C0F7020870B50C46F6
:10C8200000EB8103D3F81C312BB100EB8101002018
:10C83000C1F81C0170BD164D2B685B6A154928466E
:10C8400098472B689E6903F093FC01462846B04741
:10C85000114D03685B692946984703685B690F4976
:10C86000984703685B692946984703689B69482194
:10C87000984703685B690A49984703685B690949F7
:10C88000984703689B69214698470720D2E700BF75
:10C89000D008012014F7020820F7020888F70208E0
:10C8A00060F70208E0F7020870B5144600EB820357
:10C8B000D3F82C312BB900EB8200C0F82C110020EA
:10C8C00070BD164D2B685B6A1549284698472B6842
:10C8D0009E6903F04DFC01462846B047114D0368A0
:10C8E0005B692946984703685B690F499847036865
:10C8F0005B692946984703689B69592198470368F3
:10C900005B690A49984703685B6909499847036866
:10C910009B69214698470520D2E700BFD008012037
:10C9200014F7020820F7020888F7020860F70208E7
:10C9300020F8020870B50C4600EB8103D3F82C31C7
:10C940002BB100EB81010020C1F82C0170BD164D08
:10C950002B685B6A1549284698472B689E6903F047
:10C9600007FC01462846B047114D03685B6929461C
:10C97000984703685B690F49984703685B692946D4
:10C98000984703689B696A21984703685B690A496D
:10C99000984703685B690949984703689B69214682
:10C9A00098470720D2E700BFD008012014F70208FB
:10C9B00020F7020888F7020860F7020870F80208FA
:10C9C00038B5044600F69830FFF720FD00282BD03C
:10C9D0002E4C23685B6A2E492046984723689D6940
:10C9E00003F0C6FB01462046A8472A4C03685B6952
:10C9F0002146984703685B692749984703685B6944
:10CA00002146984703689B697821984703685B69CA
:10CA10002249984703685B692149984703685B6925
:10CA200020499847012038BD04F5B870FFF718FD7C
:10CA30000028F8D0154C23685B6A154920469847B2
:10CA400023689D6903F094FB01462046A847114CDA
:10CA500003685B692146984703685B690E499847FC
:10CA600003685B692146984703689B697D21984765
:10CA700003685B690949984703685B690A499847F5
:10CA800003685B69074998470120CCE7D00801207B
:10CA9000B0F8020820F7020888F7020860F70208D9
:10CAA000BCF8020880F70208D0F80208F8B516466C
:10CAB000D279002A00F0D58005460F4600F58E7326
:10CAC00000F5967000E0043383420CD01968002909
:10CAD000F9D02C78A242F6D10979347A8C42F2D17D
:10CAE0004FF0FF3059E02B789A4201D0002407E044
:10CAF000337A002B00F0B880002401E00134E4B266
:10CB000095F86831A3421BD905EB8403D3F8403173
:10CB100018788242F2D15878317A8842EED19978E9
:10CB2000B942EBD1DA784AB9727AB17A42EA012293
:10CB3000F17A52EA014201D1327CDA7060B22CE023
:10CB40000A2B2BD005200FF061FB0023036003713B
:10CB500005EB8403C3F8400100284DD0F37903703E
:10CB6000307A05EB8403D3F840114870D3F8403194
:10CB70009F70737AB17A43EA0123F17A53EA014351
:10CB800068D1317C05EB8402D2F84031D97095F838
:10CB90006831013385F8683160B2F8BD344C2368E0
:10CBA0005B6A34492046984723689D6903F0E0FAA0
:10CBB00001462046A847304C03685B6921469847E8
:10CBC00003685B692D49984703685B69214698476C
:10CBD00003689B694FF49571984703685B6928491E
:10CBE000984703685B692749984703685B6926494A
:10CBF00098474FF0FF30D0E71D4C23685B6A23490C
:10CC00002046984723689D6903F0B2FA0146204602
:10CC1000A847194C03685B692146984703685B691C
:10CC20001649984703685B692146984703689B69E2
:10CC30004FF49971984703685B69114998470368F5
:10CC40005B691349984703685B690F4998474FF040
:10CC5000FF30A2E705EB8402D2F840310022DA70FF
:10CC600095E74FF0FF3098E74FF0FF3095E700BFB2
:10CC7000D0080120B0F8020820F7020888F702085F
:10CC800060F70208E4F8020880F7020814F70208C7
:10CC900000F9020810B584B00C464B7A8A7A43EA50
:10CCA0000223C87A43EA0040FFF752FB70B1C37910
:10CCB00013F0010F13D00C34017A615C13F00203FE
:10CCC00024D131BB002B3CD0002223E00023ADF85F
:10CCD00000308DF8023001238DF8023007E0002388
:10CCE000ADF800308DF8023001238DF802300020BD
:10CCF0009DF8003063F307009DF8013063F30F20C7
:10CD00009DF8023063F3174004B010BD437AE35C32
:10CD1000D7E700228DF804108DF80530BDF80430F7
:10CD2000ADF808308DF80A20029BADF80C301B0CD2
:10CD30008DF80E30039BADF800301B0C8DF80230DF
:10CD4000D5E70122E6E700004B7C082B07D10B7CDE
:10CD50001E2B06D80448D84000F00100704701207F
:10CD600070470020704700BF0000044438B5837846
:10CD700053B904460D46437833B9FFF7E5FF18B1C0
:10CD8000EB7923700123637038BD38B5012303703C
:10CD90000023437000F58E7400F5967503E0036878
:10CDA0001B6898470434AC4203D020680028F6D1B1
:10CDB000F8E738BD10B50446104B0360002303713B
:10CDC0000F4A02608360C36003610E4A02604361E0
:10CDD0008361C361036243628362C362083009F006
:10CDE000A3FC09E0064B23600023A360E360034A31
:10CDF000226023710EF04EFE204610BD9C110308E8
:10CE0000582203089C2203080B46114602799AB166
:10CE100010B5CAB004461B788DF8043040F22312D6
:10CE20000DF1050010F00CFD00231A4601A9606900
:10CE3000FDF784F84AB010BD4FF0FF30704700B5E1
:10CE400083B003468DF8071090F89C0B10B903B01F
:10CE50005DF804FB0DF1070103F69830FFF7D4FFEE
:10CE6000B0FA80F04009F2E7F8B507460D461646DD
:10CE7000002406E0324621463846FFF7E0FF013441
:10CE8000E4B2042C02D8AC42F4D1F8E7F8BD2DE9A5
:10CE9000F04F87B004460F46154600F58E7300F537
:10CEA000967000E00433834211D01A68002AF9D04A
:10CEB0002678E9798E42F5D11279297A9142F1D119
:10CEC0000023ADF80C3004238DF80C3034E02A46F2
:10CED00039462046FFF7EAFD002805DB04EB800019
:10CEE000D0F840311B79F3B96B7AAA7A43EA02236E
:10CEF000EA7A43EA02436D2B2AD0F62B2FD0ABBB44
:10CF000029462046FFF732FF2A4639462046FFF7DA
:10CF1000ABFF0023ADF80C3005238DF80C30012356
:10CF20008DF80D3008E00023ADF80C3005238DF8A6
:10CF30000C3001238DF80D3000209DF80C3063F388
:10CF400007009DF80D3063F30F2007B0BDE8F08FA8
:10CF50000023ADF80C3004238DF80C30ECE70023EF
:10CF6000ADF80C3004238DF80C30E5E72946204657
:10CF7000FFF790FE8DF80800C0F307238DF8093005
:10CF8000C0F307408DF80A005FFA80FBBBF1000F89
:10CF90000BD19DF809A09DF808802378984513D0FF
:10CFA000002600968DF804603AE02A46394620466D
:10CFB000FFF75AFF0023ADF80C3005238DF80C3035
:10CFC00001238DF80D30B7E7BAF1000F1AD0002316
:10CFD00001E00133DBB2032BE2D804EB8302D2F889
:10CFE0001C21002AF5D012799245F2D18DF810302B
:10CFF00001238DF81130BDF81030ADF81430ADF8C4
:10D000000C3099E74FF0010BCAE79978B94205D087
:10D0100001F118036B4413F8183CA3B10136F6B2C2
:10D0200094F86831B3421DD9B14604EB8603D3F8B6
:10D0300040311A789045F1D1BAF1000FE5D05A7815
:10D040009245EBD1E1E72A462046FFF7F8FE04EBD4
:10D050008909D9F840319B7818336B44012203F8D1
:10D06000182CDBE7BBF1000F09D00023ADF80C3022
:10D0700005238DF80C3001238DF80D305CE700237B
:10D08000ADF80C3004238DF80C3055E7F0B583B0C3
:10D0900007460E461546FFF7FAFEADF804009DF868
:10D0A000053063B19DF80430052B0AD007EB8300EF
:10D0B000D0F81C0118B12A463146FFF71DF903B01C
:10D0C000F0BD07F58E7407F5967704E02A463146E1
:10D0D000FFF712F90434BC42F1D020680028F5D1E2
:10D0E000F8E708B51346027922B100224069FCF73F
:10D0F0007FFF08BD4FF0FF30FBE770B5CCB00446B2
:10D100004FF49272002101A810F0A6FE4FF0FF32FA
:10D1100001A904F69830FFF7E4FF0028F6D19DF846
:10D12000043004EB8303D3F82C31002BEED0E51C44
:10D130000DF105012846FFF7CFF99DF8043004EB07
:10D140008303D3F82C311A6816684A954B904CAA81
:10D1500012E906001846B047D8E708B50068FFF79F
:10D16000CCFF08B5FFF7F9FF08B504200EF0CCFBA3
:10D1700000220260034A0260034A0260034A044933
:10D180000FF02AF8805303083054030875C30208CF
:10D190001C54030808B501460020FFF7E5FF000016
:10D1A00070B505460C46064656F8083BDB68304627
:10D1B000984723682146044A41F8082B2B609B6856
:10D1C00030469847284670BDB02203082DE9F04349
:10D1D00093B00446884615461F46FFF793FA224B44
:10D1E00023600026E6622422314604F1300010F06C
:10D1F00033FEDFF87890C4F85890C4F8A0604FF47C
:10D200000062314604F1A40010F026FE4FF4C07213
:10D21000314604F6A80010F01FFEC4F810802B68F9
:10D22000294641F8089B00939B6802A898476946E5
:10D2300004F15800FFF7B4FF009BDB6802A8984791
:10D24000394604F1080009F06FFA09E0A36DDB68C4
:10D2500004F1600098472046FEF716FA0EF01AFC1B
:10D26000204613B0BDE8F08374220308B0220308FF
:10D2700030B593B0044601230370002343708370DC
:10D2800080F8683100F5B875104B00930290104B90
:10D290006A4618212846FFF799FF009BDB6802A821
:10D2A00098470C4904F69830FFF784FD0AE0009B8C
:10D2B000DB6802A898470EF0EDFB2846FFF7D8F987
:10D2C0000EF0E8FB204613B030BD00BFC0220308BB
:10D2D00030F902083CF9020810B50A4C2046FFF765
:10D2E000C7FF094A094920460EF03AFA084B1B6865
:10D2F00013F0010F05D1064B01221A60054B0022E5
:10D300001A6010BD28C1002000000020A9C6010835
:10D310001CC1002020C1002008B5FFF7DDFF08BDBB
:10D32000002070470020704782B002AB03E906007E
:10D3300002B070476AB110B582B013460068026847
:10D3400054690091019302AB13E90600A04702B0B3
:10D3500010BD704708B512880968FFF7EBFF08BDDC
:10D360000B68036070470B680360704770470000EC
:10D3700030B58BB090F84931002B2CD1044690F891
:10D380004831002B51D13A4C23685B6A3949204619
:10D39000984723689D6902F0EBFE01462046A847A6
:10D3A000354C03685B692146984703685B693349DC
:10D3B000984703685B692146984703689B69342155
:10D3C000984703685B692E49984703685B692D4954
:10D3D0009847012526E0264C23685B6A25492046AC
:10D3E000984723689D6902F0C3FE01462046A8477E
:10D3F000214C03685B692146984703685B691F49B4
:10D40000984703685B692146984703689B692F2109
:10D41000984703685B691A49984703685B691A492A
:10D420009847012528460BB030BDFEF765FA054642
:10D43000A8B9164B00930294D4F844010368DB6941
:10D4400069469847009BDB6802A89847D4F84401D6
:10D4500003689B689847012384F84931E2E7012576
:10D46000E0E7009BDB6802A898470EF013FB00BFC3
:10D47000D008012014F7020820F7020844F9020836
:10D4800060F70208ACF9020884F902084C3203087C
:10D4900038B590F8493163B10446D0F844010368C7
:10D4A000DB6898472046FEF731FA002084F84901EE
:10D4B00038BD144C23685B6A13492046984723689B
:10D4C0009D6902F055FE01462046A8470F4C0368AF
:10D4D0005B692146984703685B690D499847036873
:10D4E0005B692146984703689B6950219847036808
:10D4F0005B690849984703685B69074998470120B9
:10D50000D6E700BFD008012014F7020820F7020870
:10D5100044F9020860F70208D8F9020810B5044679
:10D52000064B0360FFF7B4FF054B23602046FEF770
:10D53000EDF9044B2360204610BD00BF34320308D0
:10D54000E01103081432030800B583B06B4683E88A
:10D55000060093E80600D0F8440103F099FCB0FA05
:10D5600080F0400903B05DF804FB10B50446FFF7F6
:10D57000D5FF4FF4A67120460EF06AF9204610BD83
:10D5800090F8C53163B100B583B003685B69009161
:10D59000019202AA12E90600984703B05DF804FB65
:10D5A0007047A0F5A270FFF7EBBF0000F8B590F848
:10D5B000C531002B30D1044690F8C431002B58D12E
:10D5C000604C23685B6A60492046984723689D69E0
:10D5D00002F0CEFD01462046A8475C4C03685B691B
:10D5E0002146984703685B695949984703685B6916
:10D5F0002146984703689B693921984703685B690E
:10D600005449984703685B695349984703685B69C5
:10D610005249984701252AE04A4C23685B6A4A49E7
:10D620002046984723689D6902F0A2FD01462046E6
:10D63000A847464C03685B692146984703685B69C5
:10D640004349984703685B692146984703689B698B
:10D650003421984703685B693E49984703685B69D2
:10D660003F49984703685B693C499847012528462C
:10D67000F8BDFEF741F9054600282BD0314C236850
:10D680005B6A31492046984723689D6902F070FD26
:10D6900001462046A8472D4C03685B692146984700
:10D6A00003685B692A49984703685B692146984784
:10D6B00003689B693E21984703685B692549984741
:10D6C00003685B692749984703685B692349984762
:10D6D0000125CCE704F5A272B4F85011D4F8480142
:10D6E00004F0B6FC002829D1164E33685B6A16494F
:10D6F0003046984733689F6902F03AFD014630464C
:10D70000B847124E03685B693146984703685B6906
:10D710000F49984703685B693146984703689B69DE
:10D720004421984703685B690A49984703685B6925
:10D730000D49984703685B6908499847012384F8B5
:10D74000C53194E7D008012014F7020820F7020839
:10D7500004FA020860F70208ACF9020880F7020830
:10D7600084F9020844FA020868FA020838B590F809
:10D77000C531002B27D11B4C23685B6A1A49204610
:10D78000984723689D6902F0F3FC01462046A847AC
:10D79000164C03685B692146984703685B69144926
:10D7A000984703685B692146984703689B69522143
:10D7B000984703685B690F49984703685B690E499E
:10D7C0009847012038BD0446B0F85011D0F8480100
:10D7D00004F0EAFC2046FEF799F8002084F8C50121
:10D7E000F0E700BFD008012014F7020820F7020874
:10D7F00004FA020860F70208D8F9020800B585B0FB
:10D8000004AB03E90600BDF80C300193009190F8D9
:10D810005231B0F8502100F5A671D0F8480104F05B
:10D8200063FBB0FA80F0400905B05DF804FB00002E
:10D8300010B504460B4B03602433C0F84431FFF7A6
:10D8400095FF04F5AA70FDF743FF074BC4F8443178
:10D85000064B23602046FEF759F8054B236020460F
:10D8600010BD00BF7832030864320308E0110308DA
:10D8700014320308A0F5A270DAE700BF10B5044621
:10D88000FFF7D6FF4FF4E47120460DF0E1FF20468C
:10D8900010BDA0F5A270F1E700207047002070478E
:10D8A00038B504460A4600F10A050749284610F033
:10D8B000CBF920440023837223685B6A2946204603
:10D8C0009847204638BD00BF84FA0208F8B50646DE
:10D8D0000C46324D2B685B6A3149284698472B68C5
:10D8E0009F6902F045FC01462846B8472D4D036864
:10D8F0005B692946984703685B692B499847036829
:10D900005B692946984703689B6906219847036825
:10D910005B692649984703685B69254998472178E0
:10D92000FFF7BEFF03685B69224998476178FFF7FC
:10D93000B7FF03685B6920499847B3681BB121466C
:10D94000F0689847F8BD154C23685B6A1B49204670
:10D95000984723689D6902F00BFC01462046A847C2
:10D96000104C03685B692146984703685B690E4960
:10D97000984703685B692146984703689B690B21B8
:10D98000984703685B690949984703685B690C49D4
:10D99000984703685B6908499847D3E7D008012096
:10D9A000B0F8020820F7020888FA020860F70208B7
:10D9B000C0FA0208D8FA020880F70208E4FA02085E
:10D9C000F4FA020870B582B0054602AB03E906001E
:10D9D0000E460B46164400E0631C1C469E420CD0CB
:10D9E000197805F1100009F01BF80028F4D005F1B2
:10D9F0009A012846FFF76AFFEEE702B070BD6AB1F0
:10DA000010B582B013460068026854690091019312
:10DA100002AB13E90600A04702B010BD704700003A
:10DA200090F8A431D3B910B58AB00446104B0093D6
:10DA30000290D0F8A0010368DB6969469847009B13
:10DA4000DB6802A89847D4F8A00103689B68984750
:10DA500030B9012384F8A4310AB010BD0520704705
:10DA60000120F9E7009BDB6802A898470EF012F846
:10DA7000E832030890F8A4315BB110B50446D0F841
:10DA8000A0010368DB689847002384F8A4310020D4
:10DA900010BD00207047000010B50446044B036021
:10DAA000FFF7E8FF034B2360034B2360204610BDC4
:10DAB000D0320308B03203081432030808B51288C4
:10DAC0000968FFF79CFF08BD0B68036070470B688F
:10DAD00003607047704700B583B06B4683E806006B
:10DAE00093E80600D0F8A00103F0D2F9B0FA80F074
:10DAF000400903B05DF804FB10B50446074B036012
:10DB0000FFF7B8FF064B2360064B23604FF4D47138
:10DB100020460DF09DFE204610BD00BFD032030808
:10DB2000B032030814320308054B1B6813F0010FD1
:10DB300005D1034B01221A60024B00221A60704784
:10DB40001CC1002020C1002008B5FFF7EDFF08BD73
:10DB5000054B1B6813F0010F05D1034B01221A601E
:10DB6000024B00221A6070471CC1002020C1002017
:10DB700008B5FFF7EDFF08BD054B1B6813F0010F5B
:10DB800005D1034B01221A60024B00221A60704734
:10DB90001CC1002020C1002008B5FFF7EDFF08BD23
:10DBA000054B1B6813F0010F05D1034B01221A60CE
:10DBB000024B00221A6070471CC1002020C10020C7
:10DBC00008B5FFF7EDFF08BD054B1B6813F0010F0B
:10DBD00005D1034B01221A60024B00221A607047E4
:10DBE0001CC1002020C1002008B5FFF7EDFF08BDD3
:10DBF000054B1B6813F0010F05D1034B01221A607E
:10DC0000024B00221A6070471CC1002020C1002076
:10DC100008B5FFF7EDFF08BD054B1B6813F0010FBA
:10DC200005D1034B01221A60024B00221A60704793
:10DC30001CC1002020C1002008B5FFF7EDFF08BD82
:10DC4000054B1B6813F0010F05D1034B01221A602D
:10DC5000024B00221A6070471CC1002020C1002026
:10DC600008B5FFF7EDFF08BD044BD3F880301B6803
:10DC7000986C80B2C0F58070704700BF38B7002044
:10DC800008B50F4BD3F89030082B00D008BD0C4BD3
:10DC9000D3F880305BB15B6B812BF7D0094B1968EF
:10DCA0004FF480725C310648F3F738FEEEE7054B1F
:10DCB00019684FF480725C310148F3F715FDE5E710
:10DCC00038B7002060D6002008B50D4BD3F880305F
:10DCD00063B15B6B812B00D108BD0A4B19684FF40F
:10DCE00080725C310648F3F719FEF5E7054B1968B9
:10DCF0004FF480725C310248F3F7F6FCECE700BFAA
:10DD000038B7002060D60020F8B50746B0B10D4600
:10DD1000164644686CB1216928460FF077FE08B9B1
:10DD20002046F8BD324629463868FFF7EDFF044625
:10DD3000F6E70068FFF7E8FF0446F1E70446EFE77F
:10DD4000174BD3F8803043B32DE9F04105460F4619
:10DD50001646142008F07EFA0446042008F07AFAE9
:10DD6000804600232370A7600660E0602561284696
:10DD7000E2F75CFB60600B4B18682146543008F0FA
:10DD800093FC052802D00020BDE8F081204608F071
:10DD90006DFA404608F06AFAF5E70720704700BFC1
:10DDA00038B7002060D600202DE9F84F604B1C6882
:10DDB000FFF75AFF0746D4F85C61861B04D4002E97
:10DDC00040F3B480002519E006F58076F7E7D4F833
:10DDD000608204EB0803002283F86021D4F86432E7
:10DDE0000BB9C4F86482D4F86492B9F1000F28D159
:10DDF0000023C4F86032C4F864320135AE4240F307
:10DE00009380D4F85C312B44FF2B01DDA3F58073A4
:10DE1000234493F85C300A2BD9D00D2BD7D03A2B62
:10DE20007DD0D4F86022FF2A02DD0022C4F86022EF
:10DE3000D4F86022511CC4F86012224482F8603188
:10DE4000DBE74A4604F5B07104F15400FFF75CFFCC
:10DE50000028CDD002782AB98268002AC8D0C068CC
:10DE60009047C5E7022A0CD0012AC1D18268002A56
:10DE7000BED0C068A8EB0908B8F1010C30D400216D
:10DE800038E0D0F808A0BAF1000FB1D0D0F80CB04B
:10DE9000A8EB0908B8F1010001D4002209E008F15B
:10DEA000FF00FAE7234493F86011A31883F868127F
:10DEB0000132904207DD09F101031344FF2BF1DD2C
:10DEC000A3F58073EEE72044002380F8683204F560
:10DED0001A700FF055FFCBF804005846D04787E77B
:10DEE00008F1FF0CCBE7234493F860E1631883F853
:10DEF00068E201318C4507DD09F101030B44FF2B7A
:10DF0000F1DDA3F58073EEE704EB0C03002183F849
:10DF10006812C0F804C004F51A71904768E7D4F895
:10DF20006032C4F8643268E7C4F85C71BDE8F88F09
:10DF300060D6002010B54FF45A7008F08BF9184CD9
:10DF400020600023C0F860321649083008F0ECFB6E
:10DF500020684FF40063436180614FF47A73C361BA
:10DF6000114B036208F036FA104B114AC3F8A42093
:10DF7000104AC3F8A020D3F880303BB121684FF499
:10DF800080725C310948F3F7C9FC10BD044B196875
:10DF90004FF480725C310548F3F7A6FBF5E700BF4C
:10DFA00060D6002014FB0208B9DF010838B7002052
:10DFB00081DC0108C9DC010810B50446FFF7F4FE56
:10DFC000204608F002FAF9E7024A026000224260A5
:10DFD0000272704700330308012070470120704728
:10DFE000007A70477047704770470000034A02602C
:10DFF000034A026000224260027270471C33030829
:10E00000003303080120704701207047704710B5A6
:10E01000044603685B6A9847204610BD38B504463D
:10E020000F4D03685B6A2946984723685B6A0D4970
:10E030002046984723685B6A0B4920469847236827
:10E040005B6A0A492046984723685B6A084920466C
:10E05000984723685B6A29462046984738BD00BF29
:10E060001CFB020844FB020858FB020870FB020874
:10E0700080FB0208044A0260044A0260044A02600B
:10E080000022426002727047503303081C330308B9
:10E090000033030810B5437A2BB1002A1BDD0F4B68
:10E0A0001C68002013E0642302FB03F392B20C48C7
:10E0B000F3F7F8F90EE011F800C094F86C3203F1B0
:10E0C000010E84F86CE2234483F86CC00130904266
:10E0D000F1DB002010BD0020FCE700BF64D600206B
:10E0E00038B7002038B504460D460846E2F79EF9D9
:10E0F000024623681B6A29462046984738BD00001F
:10E1000008B50121024B186808F065FA08BD00BF88
:10E1100064D6002038B5044600F10A05FDEEC07A49
:10E1200017EE902ADFED0E7A20EE270ABDEEC00A28
:10E130006FF0630310EE101A03FB0213002BB8BF3D
:10E140005B42084928460FF07FFD2044002383727C
:10E1500023685B6A294620469847204638BD00BFA1
:10E160000000C84298FB020838B504460A4600F190
:10E170000A05074928460FF067FD204400238372F3
:10E1800023685B6A294620469847204638BD00BF71
:10E1900084FA020810B50446064B0360064B036080
:10E1A000064B03600023436003722C210DF050FBEB
:10E1B000204610BD503303081C3303080033030806
:10E1C00010B50446054B0360054B03600023436014
:10E1D00003720C210DF03CFB204610BD1C330308DC
:10E1E0000033030810B50446044B0360002343606A
:10E1F00003720C210DF02CFB204610BD00330308E8
:10E20000012343727047000010B5154BDB6FFBB163
:10E210004FF41C7008F01EF80446124B18601249A7
:10E22000083008F081FA002384F82C3040F20443CF
:10E230006361082323616423E3610C4B236220465E
:10E2400008F05AF9064B0A4AC3F89820002010BD7E
:10E2500042F21073442207490148F3F723F9F5E726
:10E2600038B7002064D60020A0FB020879E201083C
:10E2700001E10108A4FB020810B51A4B1C6826E056
:10E280000CEB030154FA81F191F86C00E11881F86C
:10E290006C010133DBB29342F2D304F5B67112483C
:10E2A000F3F774FA60B94FF47A720121204608F04E
:10E2B00097F901280BD194F86C3284F86D3206E09E
:10E2C000204608F014F902E0204608F010F994F80E
:10E2D0006C2294F86DC2A2EB0C0212F0FF02F3D094
:10E2E0000023D8E764D6002038B70020002070470C
:10E2F000437A012B08D1037C012B07D1037A3BB170
:10E3000000230372184670470720704707207047A4
:10E3100005207047034A0260034A026000224260FF
:10E32000027270478433030800330308044A026012
:10E33000044A0260044A026000224260027270478E
:10E34000A4330308843303080033030838B5037A81
:10E350000BB9002038BD0446EFF3108572B600F10A
:10E3600020014069E4F718FC18B185F310880020FB
:10E37000F0E76069E4F706F864216069E4F7AAF859
:10E380006069E4F78DF9E0606069E4F76FF885F3A0
:10E390001088E068DEE70000437A012B56D170B5A3
:10E3A0000446017C012953D1027A002A52D12A4A1B
:10E3B00002EBC3028261294B03EB0113C361526874
:10E3C00042615B6803621168254B994224D00025A5
:10E3D0001561436983F82450436901229A624369B5
:10E3E00083F84050436904269E614069E3F700FDCD
:10E3F0004FF6FF724FF001116069E5F727FC062325
:10E4000063620223A3624FF6FF73E36226636563D0
:10E4100001232372002070BD00251561436983F834
:10E420002450436901229A62436983F8405043694A
:10E4300004229A614069E3F7DBFC4FF6FF7229463C
:10E440006069E5F703FC6562A562E1E707207047B4
:10E450000720E0E70520DEE76835030848350308B4
:10E460000010024610B50446064B0360064B0360DD
:10E47000064B036000234360037240210DF0E8F96E
:10E48000204610BDA4330308843303080033030877
:10E4900010B50446054B0360054B03600023436041
:10E4A000037210210DF0D4F9204610BD8433030807
:10E4B0000033030888B02B4BD3F88C2042F00102C4
:10E4C000C3F88C20D3F88C2002F001020192019A4B
:10E4D000D3F88C2042F00202C3F88C20D3F88C20B1
:10E4E00002F002020292029AD3F88C2042F0040257
:10E4F000C3F88C20D3F88C2002F004020392039A14
:10E50000D3F88C2042F00802C3F88C20D3F88C207A
:10E5100002F008020492049AD3F88C2042F0100210
:10E52000C3F88C20D3F88C2002F010020592059AD3
:10E53000D3F88C2042F04002C3F88C20D3F88C2012
:10E5400002F040020692069AD3F88C2042F0800234
:10E55000C3F88C20D3F88C3003F080030793079B1B
:10E5600008B07047000C024608B5E7F747FC08BD45
:10E57000844648B30023FF2001E001339BB20F2BF8
:10E5800007D8144A32F813208A42F6D1D8B21023A1
:10E59000F3E7FF281AD00023FF2101E001339BB2EB
:10E5A0000F2B07D80C4A52F823206245F6D1D9B276
:10E5B0001023F3E7FF290BD000F00F0040EA011011
:10E5C000C0B20130C0B270470020704700207047D1
:10E5D00000207047283603083400002007207047C9
:10E5E00000207047072070470720704707207047BA
:10E5F00007207047072070470720704707207047A3
:10E600000720704707207047072070470720704792
:10E6100010B582B08DF807200368DC6901230DF185
:10E620000702A04702B010BD10B582B0ADF80620B9
:10E630000368DC6902230DF10602A04702B010BD99
:10E6400010B582B001920368DC6904230DEB03026C
:10E65000A04702B010BD10B582B0CDE90023036819
:10E66000DC6908236A46A04702B010BD30B4047AC2
:10E670009CB103EB010CC468E568AC450FD8A068F9
:10E6800000EB010C002103E011F80C0050540131A3
:10E690009942F9DB002030BC70470720FBE70720D8
:10E6A000F9E710B503685C6B0123A04710BD10B5F6
:10E6B00003685C6B0223A04710BD10B503685C6B58
:10E6C0000423A04710BD10B503685C6B0823A04766
:10E6D00010BD037A0BB900207047C368D868704733
:10E6E000437A9A1ED2B20A2A0BD8027A5AB903EB9D
:10E6F0008303064A02EB8303C360012303720020F5
:10E700007047072070470520704700BFBC330308DF
:10E71000437A023BDBB20A2B05D8037A2BB10023E4
:10E7200003721846704707207047052070470000A5
:10E73000034A0260034A026000224260027270478C
:10E740005036030800330308044A0260044A02609A
:10E75000044A02600022426002727047A036030839
:10E76000503603080033030810B586B0037A1BB98E
:10E770000724204606B010BD0023019302930393A3
:10E780000493059302230293012303930593C36823
:10E790001B690493EFF754FB01A902A8EFF74EFCA5
:10E7A0000446EFF76FFBE4E72DE9F04385B09846A8
:10E7B000037A002B3AD01546C3689E680E44414444
:10E7C000DB68994238D8EFF73BFB4FF0000911E0C6
:10E7D000981815F803C00DF800C001339C42F7D813
:10E7E0006A460120EFF7E2FA8146C8B9264425447B
:10E7F000A7EB0408B8F1000F15DD26F00F010B6838
:10E8000000934B6801938B680293CB680393721A51
:10E810008C1B10344746A04500D244460023DDE758
:10E82000EFF730FB04E0EFF72DFB01E04FF00709B5
:10E83000484605B0BDE8F0834FF00709F8E7F8B5A2
:10E8400004460E4615461046E1F7F0FD03462268E1
:10E85000D7692A4631462046B847F8BD10B5044668
:10E86000064B0360064B0360064B036000234360C6
:10E87000037220210CF0ECFF204610BDA0360308E7
:10E88000503603080033030810B50446054B0360F7
:10E89000054B03600023436003720C210CF0D8FF8A
:10E8A000204610BD503603080033030810B584B06D
:10E8B000019102F17843B3F5002F3CD204461F4B7F
:10E8C0009A4234D84FF00063D31A07EE103ADDEDC8
:10E8D000017AF8EE677ADFED1A6A67EEA67AFCEE47
:10E8E000E77A17EE903A013307EE903AF8EE677A3E
:10E8F000B8EE477A27EE267ABCEEC77A0223236168
:10E900000E4B9A4215D80123636184ED067AFCEE22
:10E91000E77AC4ED077AEFF793FA03A904F1100040
:10E92000EFF78CFBEFF7AEFA012004B010BD054BFA
:10E93000CAE70223E8E70020F7E700BFFFFF03086C
:10E940000000003900000408F8B50E4617461C46C2
:10E95000EFF776FAA4F111036F2B03D9102C0FD91E
:10E96000002531E03A46314644F20100EFF71EFA45
:10E970000546EFF787FA002D42D000252846F8BD5E
:10E980003A4631460120EFF711FA0546EFF77AFAD9
:10E99000C5B30025F2E77A19A91944F20100EFF78F
:10E9A00005FA38B94FF47A70EFF786FA28B980354E
:10E9B000803C09E0EFF766FAE0E7EFF763FADDE79E
:10E9C000EFF760FADAE71035BCB17F2CE3D8103CE2
:10E9D0006F2C0FD87A19A9190120EFF7E7F9002851
:10E9E000EED14FF47A70EFF767FA0028EBD0EFF72B
:10E9F00049FAC3E7EFF746FAC0E7EFF743FABDE796
:10EA00002546BBE72546B9E7072070470720704732
:10EA100007207047072070470720704702460023F1
:10EA200000E00133012B08DC054951F823000028E0
:10EA3000F7D001699142F4D100E00020704700BF97
:10EA40006CD60020034A0260034A02600022426042
:10EA500002727047F036030800330308044A02606C
:10EA6000044A0260044A0260002242600272704757
:10EA700020370308F03603080033030810B50446B6
:10EA80000069E7F7C5FA23691B68104A934209D069
:10EA90000F4A934210D02069E7F7E2F9003818BF17
:10EAA000012010BD0B4B5A6F42F400125A675A6F87
:10EAB00022F400125A67EEE7064B5A6F42F48002C6
:10EAC0005A675A6F22F480025A67E4E70054004004
:10EAD00000580040000C024638B5457A012D63D13C
:10EAE0000446037A002B62D1002211460120FBF775
:10EAF0007CF8A061002211460120FBF776F8E06166
:10EB0000A369002B51D000284FD0637A03EB430256
:10EB1000284B03EBC203636258682061E7F778FA79
:10EB2000002842D12369244A5A6022690023936055
:10EB300022690121D160226913612269536122692E
:10EB400093612269D361226913622069E7F788F92A
:10EB500058BB00212069EBF7C1F830BB174A0021F0
:10EB60002069E7F791FA00BB154A01212069E7F710
:10EB70008BFAD0B9134A05212069E7F785FAA0B9C5
:10EB8000114A06212069E7F77FFA70B90F4A072179
:10EB90002069E7F779FA40B901222272617A0C4ABA
:10EBA00042F82140054600E00725284638BD0525E6
:10EBB000FBE700BF78350308FFEAC00027EC010837
:10EBC00017EC010807EC0108F7EB0108D5EB010889
:10EBD0006CD6002010B5FFF721FF58B10446012381
:10EBE00080F8203080F821308069FBF7D3F8E069A5
:10EBF000FBF7D0F810BD08B5FFF710FF10B1C069E2
:10EC0000FBF7C8F808BD08B5FFF708FF10B1806929
:10EC1000FBF7C0F808BD08B5FFF700FF10B1C069E9
:10EC2000FBF7B8F808BD08B5FFF7F8FE10B180692A
:10EC3000FBF7B0F808BD000070B5457A012D2BD167
:10EC40000446037A5BB300210069E7F7B7FA0121B4
:10EC50002069E7F7B3FA05212069E7F7AFFA062143
:10EC60002069E7F7ABFA07212069E7F7A7FA2069DF
:10EC7000E7F7CEF9064680B9A069FBF7C9F8E06965
:10EC8000FBF7C6F80023A361E361617A054A42F805
:10EC900021302372354600E00725284670BD052542
:10ECA000FBE700BF6CD6002010B50446064B03609E
:10ECB000064B0360064B0360002343600372282168
:10ECC0000CF0C6FD204610BD20370308F0360308BF
:10ECD0000033030810B50446054B0360054B036081
:10ECE00000234360037210210CF0B2FD204610BDDA
:10ECF000F03603080033030810B504468069FAF7BC
:10ED0000FDFF10F1020F04D094F820303BB9002031
:10ED100010BDA1892069E8F7F3FD0720F8E700237B
:10ED200084F820300120F3E710B50446C069FAF7F3
:10ED3000E5FF10F1020F04D094F821303BB9002018
:10ED400010BDA1892069E8F7DBFD0720F8E7002363
:10ED500084F821300120F3E700B587B08DF8172043
:10ED60004FF47A730293012301930DF1170200927D
:10ED70000A4681890069E8F73DF807B05DF804FBB1
:10ED800072B110B584B04FF47A73029301230193EA
:10ED900000920A4681890069E8F740F904B010BD85
:10EDA0000720704781B113460A46002B0EDD00B5DF
:10EDB00083B04FF47A7100919BB281890069E7F7C3
:10EDC000A1FA03B05DF804FB0720704707207047E5
:10EDD00081B113460A46002B0EDD00B583B04FF417
:10EDE0007A7100919BB281890069E7F77FFB03B0DC
:10EDF0005DF804FB072070470720704710B582B00C
:10EE000004460B480270002384F82030012301934C
:10EE100000900A46A1892069E8F71AFA10B101208A
:10EE200002B010BD4FF47A712046FFF765FFF7E797
:10EE300069D60020BAB110B582B00446002380F82C
:10EE400021300123019300920A4681890069E8F785
:10EE500089FA10B1012002B010BD4FF47A7120463A
:10EE6000FFF762FFF7E707207047B1B138B50446F6
:10EE700015460A46002D12DD002380F82030ABB283
:10EE800081890069E7F728FC08B1012038BD05F148
:10EE900064012046FFF730FFF8E70720704707209E
:10EEA000F4E7B1B138B5044615460A46002D12DD27
:10EEB000002380F82130ABB281890069E7F790FC2C
:10EEC00008B1012038BD05F164012046FFF72CFF91
:10EED000F8E7072070470720F4E7000010B582B07C
:10EEE00004460B480270002384F82030012301936C
:10EEF00000900A46A1892069E8F7BAFA10B101200A
:10EF000002B010BD4FF47A712046FFF7F5FEF7E727
:10EF100068D6002008B5037D012B05D0022B06D052
:10EF200043B9FFF719FF08BDFFF768FFFBE7FFF7DD
:10EF3000D5FFF8E70720F6E7BAB110B582B004466E
:10EF4000002380F821300123019300920A46818931
:10EF50000069E8F7B1FB10B1012002B010BD4FF419
:10EF60007A712046FFF7E0FEF7E70720704708B503
:10EF7000037D012B05D0022B06D043B9FFF700FF1C
:10EF800008BDFFF757FFFBE7FFF7D6FFF8E70720BD
:10EF9000F6E7B1B138B5044615460A46002D12DD34
:10EFA000002380F82030ABB281890069E7F79CFC30
:10EFB00008B1012038BD05F164012046FFF79CFE31
:10EFC000F8E7072070470720F4E708B5037D012B19
:10EFD00005D0022B06D043B9FFF7E4FE08BDFFF7CA
:10EFE00044FFFBE7FFF7D5FFF8E70720F6E7B1B1ED
:10EFF00038B5044615460A46002D12DD002380F878
:10F000002130ABB281890069E7F7B0FD08B101207A
:10F0100038BD05F164012046FFF786FEF8E70720BA
:10F0200070470720F4E708B5037D012B05D0022BBC
:10F0300006D043B9FFF7CCFE08BDFFF732FFFBE770
:10F04000FFF7D5FFF8E70720F6E7000008B5034A09
:10F05000034904480CF084FB08BD00BF00000020F9
:10F060002DF1010874D6002038B505460B4B1B68FE
:10F0700001E004F19003094A52681C4693420BD008
:10F080001B88AB42F5D1A368054A9342F1D01B68B7
:10F0900004F110009847ECE738BD00BF74D600209B
:10F0A000B022030838B505460B4B1B6801E004F19C
:10F0B0009003094A52681C4693420BD01B88AB420E
:10F0C000F5D1A368054A9342F1D01B6804F1100002
:10F0D0009847ECE738BD00BF74D60020B022030883
:10F0E00008B5084602EBC20211010CF0B1FB08BDE5
:10F0F00010B5044601688268521A1211034B03FBD3
:10F1000002F209B1FFF7ECFF204610BD398EE3385B
:10F1100038B504460D4606E0204650F8083FDB6847
:10F12000083098479034A542F6D138BD10B5044652
:10F1300041680068FFF7ECFF2046FFF7D9FF204643
:10F1400010BD08B5FFF782FF08BD000000B583B011
:10F150000123ADF806300A4B1B6843B1094A106819
:10F1600028B1BDF8061089B29847ADF80600BDF881
:10F17000060080B2EFF718FB03B05DF804FB00BF98
:10F18000C0D6002080D6002000B583B00223ADF8A1
:10F1900006300A4B5B6843B1094A506828B1BDF894
:10F1A000061089B29847ADF80600BDF8060080B297
:10F1B000EFF7FAFA03B05DF804FB00BFC0D60020F9
:10F1C00080D6002000B583B00423ADF806300A4B8A
:10F1D0009B6843B1094A906828B1BDF8061089B20E
:10F1E0009847ADF80600BDF8060080B2EFF7DCFAEC
:10F1F00003B05DF804FB00BFC0D6002080D600201D
:10F2000000B583B00823ADF806300A4BDB6843B184
:10F21000094AD06828B1BDF8061089B29847ADF800
:10F220000600BDF8060080B2EFF7BEFA03B05DF845
:10F2300004FB00BFC0D6002080D6002000B583B0FC
:10F240001023ADF806300A4B1B6943B1094A106917
:10F2500028B1BDF8061089B29847ADF80600BDF890
:10F26000060080B2EFF7A0FA03B05DF804FB00BF20
:10F27000C0D6002080D6002000B583B02023ADF892
:10F2800006300A4B5B6943B1094A506928B1BDF8A1
:10F29000061089B29847ADF80600BDF8060080B2A6
:10F2A000EFF782FA03B05DF804FB00BFC0D6002080
:10F2B00080D6002000B583B04023ADF806300A4B5D
:10F2C0009B6943B1094A906928B1BDF8061089B21B
:10F2D0009847ADF80600BDF8060080B2EFF764FA73
:10F2E00003B05DF804FB00BFC0D6002080D600202C
:10F2F00000B583B08023ADF806300A4BDB6943B11B
:10F30000094AD06928B1BDF8061089B29847ADF80E
:10F310000600BDF8060080B2EFF746FA03B05DF8CC
:10F3200004FB00BFC0D6002080D6002000B583B00B
:10F330004FF48073ADF80630094B1B6A43B1094A9C
:10F34000106A28B1BDF8061089B29847ADF80600DA
:10F35000BDF8060080B2EFF727FA03B05DF804FBB2
:10F36000C0D6002080D6002000B583B04FF40073D3
:10F37000ADF80630094B5B6A43B1094A506A28B1BF
:10F38000BDF8061089B29847ADF80600BDF8060032
:10F3900080B2EFF709FA03B05DF804FBC0D6002095
:10F3A00080D6002000B583B04FF48063ADF80630FE
:10F3B000094B9B6A43B1094A906A28B1BDF806100F
:10F3C00089B29847ADF80600BDF8060080B2EFF7A5
:10F3D000EBF903B05DF804FBC0D6002080D6002016
:10F3E00000B583B04FF40063ADF80630094BDB6A1B
:10F3F00043B1094AD06A28B1BDF8061089B29847CE
:10F40000ADF80600BDF8060080B2EFF7CDF903B005
:10F410005DF804FBC0D6002080D6002000B583B084
:10F420004FF48053ADF80630094B1B6B43B1094ACA
:10F43000106B28B1BDF8061089B29847ADF80600E8
:10F44000BDF8060080B2EFF7AFF903B05DF804FB3A
:10F45000C0D6002080D6002000B583B04FF4005302
:10F46000ADF80630094B5B6B43B1094A506B28B1CC
:10F47000BDF8061089B29847ADF80600BDF8060041
:10F4800080B2EFF791F903B05DF804FBC0D600201D
:10F4900080D6002000B583B04FF48043ADF806302D
:10F4A000094B9B6B43B1094A906B28B1BDF806101C
:10F4B00089B29847ADF80600BDF8060080B2EFF7B4
:10F4C00073F903B05DF804FBC0D6002080D600209D
:10F4D00000B583B04FF40043ADF80630094BDB6B49
:10F4E00043B1094AD06B28B1BDF8061089B29847DC
:10F4F000ADF80600BDF8060080B2EFF755F903B08D
:10F500005DF804FBC0D6002080D6002001207047A3
:10F510000120704701207047034A0260034A0260DD
:10F52000002242600272704750370308003303081C
:10F53000044A0260044A0260044A026000224260F7
:10F540000272704778370308503703080033030806
:10F5500010B50446054B0360054B03600023436070
:10F5600003720C210CF074F9204610BD50370308CB
:10F570000033030810B50446064B0360064B0360D6
:10F58000064B036000234360037228210CF060F9EE
:10F59000204610BD783703085037030800330308AE
:10F5A00008B5037A0BB9072008BD827A818C006AFE
:10F5B000EFF7C8F80020F7E708B5037A0BB9072082
:10F5C00008BD827A82F00102818C006AEFF7BAF8F6
:10F5D0000020F5E708B5037A0BB9072008BD818C38
:10F5E000006AEFF7C7F80020F8E70000437A013B14
:10F5F000DBB28F2B21D870B50446027AFAB919090B
:10F60000104A52F82100206203F00F030E4A32F82C
:10F610001330A384012626610025656194F8262015
:10F62000A261214641F80C3FEEF7CEFD2672236819
:10F630009B6920469847284670BD072070470520E3
:10F64000FAE700BF3400002028360308037A43B1EC
:10F6500010B50446818C006AEEF796FF00202072F8
:10F6600010BD052070470000074A026000220272A8
:10F670004260064901600649016080F82620427216
:10F6800001228272704700BF00330308503703081D
:10F69000783703080020704700207047044A026052
:10F6A00000228260C260034901600271704700BF9E
:10F6B000A03703089C110308012070470120704700
:10F6C00082B002AB03E90600012002B070470120BE
:10F6D00070470120704701207047012070470120CA
:10F6E0007047704770477047704770470246002365
:10F6F00000E00133012B09DC054951F82300002803
:10F70000F7D0D0F8C0109142F3D100E0002070474C
:10F7100000D7002008B5FFF7E9FF10B10268526C6E
:10F72000904708BD08B5FFF7E1FF10B10268D26C41
:10F73000904708BD08B503689B6C984708BD7047A3
:10F740007047704710B50446C0F88C10D0F8903060
:10F750002BB16268D4F890301A60204610BD0820A2
:10F7600006F078FDC4F89000F3E7000010B50446F9
:10F77000064B036000238360C360054A0260037187
:10F7800014210CF065F8204610BD00BFA037030817
:10F790009C110308037A0BB90520704710B5044685
:10F7A000D0F8C000F0F7F0FED4F8C0300022C3F863
:10F7B0008C2010BD10B50446D0F88C305BB1D0F869
:10F7C000C020D0F89030D2F88C205A60D0F88C301D
:10F7D000D0F890009847D4F8C030D3F88C2012F0BD
:10F7E000040F04D01A68936943F040039361D4F87E
:10F7F000C030D3F88C2012F0010F04D01A6893693E
:10F8000043F400739361D4F8C030D3F88C2012F025
:10F81000080F04D01A68936943F480739361D4F895
:10F82000C030D3F88C2012F0020F04D01A6893690C
:10F8300043F080039361D4F8C00090F88930DBB2C4
:10F84000012B14D1D4F8C030D3F88C2012F0100F53
:10F8500010D1D4F8C000D0F88C3013F4807F14D1CC
:10F86000D4F8C000D0F88C30012B11D810BDF0F7BF
:10F8700081FFE7E7D3F88000E4F7E2FDD4F8C03079
:10F88000D3F88400E4F7DCFDE3E7F0F77DFEE7E77B
:10F89000EFF7A4F9D4F8C000EFF748F8E6E708B5A9
:10F8A0000121143006F097FE08BD70B5054600F141
:10F8B0008006C0F888600BE0D5F888301B685A686D
:10F8C000BAB1C5F88830012105F1140006F00AFE2E
:10F8D000D5F888305C687CB16069A368002BEBD0F8
:10F8E000012100F02DFC2061A36804F10C00984771
:10F8F000E2E7C5F88860E6E74FF47A7105F1140095
:10F9000006F0F0FDE4E72DE9F0410446007A18B96D
:10F9100007242046BDE8F08117461E4604F1C408BE
:10F92000404606F0EEFE182006F094FC0546142032
:10F9300006F090FC6861EE60AF604146284606F034
:10F94000E0FE294604F1800006F0AEFE04460528DC
:10F95000DFD1686906F08AFC284606F087FCD8E704
:10F960002DE9F04190F80980B8F1010F56D1064613
:10F97000037A002B55D000232B4A42F8283003721B
:10F98000D0F8C000EFF72AF900B98046D6F88040D9
:10F9900008E0284606F06AFC00236360204606F073
:10F9A00065FC3C464CB127686568002DF6D0686957
:10F9B0000028EED006F05AFCEBE7D6F884403CB1C4
:10F9C000606940BB204606F051FC0023C6F8843035
:10F9D0000023C6F88030D6F8900020B106F046FC2F
:10F9E0000023C6F89030D6F8C0200023C2F890302B
:10F9F000D6F8C020C2F89830D6F8C020C2F8A83097
:10FA000006F1140006F0BFFD06F1CC0006F0A6FCDE
:10FA10004046BDE8F08106F029FCD3E74FF0070827
:10FA2000F6E74FF00508F3E700D70020F8B5457A70
:10FA3000012D79D10446037A002B78D1C3680BB924
:10FA40000823C3603B4B03EB45135868C4F8C00060
:10FA5000EFF7C4F8237C2BB1D4F8C020364951F815
:10FA60002330D360637C2BB1D4F8C020334951F8E4
:10FA700023301361A37C2BB1D4F8C020304951F856
:10FA800023305361E37C2BB1D4F8C0202D4951F8C9
:10FA90002330D361D4F8C000EEF748FF06460028B3
:10FAA00043D1D4F8C030284AC3F89020D4F8C030ED
:10FAB000264AC3F89820D4F8C030254AC3F8A820B5
:10FAC0006D011C4B5F59394604F11C0006F02CFEF9
:10FAD000002684F84060E3686362E4624FF40063E8
:10FAE000A3621C4B636304F1140006F005FD04F1EE
:10FAF000D4053946284606F017FE1749284606F071
:10FB000027FE84F8DC6004F1CC0006F00DFC06460C
:10FB100058B904F1F40006F07BFD627A0F4B43F80C
:10FB200022400123237200E007263046F8BD052657
:10FB3000FBE700BF08350308FC340308F034030872
:10FB4000E4340308C03403080500020815F701086F
:10FB500025F7010835F70108B0FC020800D700209E
:10FB6000036803B310B582B0044606F0E0FA08B9A2
:10FB700002B010BD06F0D4FA78B10021019101AABB
:10FB80002068F5F769FD019B002BF1D04FF0E023D1
:10FB90004FF08052C3F8042DEAE74FF0FF312068A0
:10FBA000F5F780FCE4E7704708B5F430FFF7D8FFBD
:10FBB00008BD03680BB310B582B0044606F0B7FA6F
:10FBC00008B902B010BD06F0ABFA78B1002301937A
:10FBD00001A92068F5F732FB019B002BF1D04FF013
:10FBE000E0234FF08052C3F8042DEAE700231A46C1
:10FBF00019462068F5F7CFF9E3E7704708B5F43008
:10FC0000FFF7D7FF08BD2DE9F04184B01D46037A08
:10FC100023B90724204604B0BDE8F08104460F460E
:10FC2000164600F1F808CDF80C804046FFF798FF23
:10FC30004FF47A7305FB03F30093ABB232463946B7
:10FC4000D4F8C000EFF7F6FC04464046FFF7B1FFDA
:10FC5000E0E74046FFF7ADFF0BF01CFFF0B583B0C7
:10FC6000037A1BB90724204603B0F0BD04460E46B4
:10FC7000154600F1F80701973846FFF771FF4FF47A
:10FC80007A7305FB03F3AAB23146D4F8C000EEF74D
:10FC9000DBFF04463846FFF78CFFE4E73846FFF702
:10FCA00088FF0BF0F7FE70B584B06B4683E8060062
:10FCB000037A7BB3044615461AB90025284604B0DA
:10FCC00070BD00F1F80603963046FFF749FF009932
:10FCD000AAB2D4F8C000D0F880305BB1F0F70AF8CF
:10FCE00005469DB94FF47A72012104F1CC0006F06B
:10FCF00010FB08E0ADB24FF47A7305FB03F3EEF7A7
:10FD0000A3FF0546EDE7012800D001253046FFF7A7
:10FD100050FFD3E70225D1E70398FFF74AFF0BF026
:10FD2000B9FEF0B583B004460F46154600F1F8065B
:10FD300001963046FFF714FF237A83B14FF47A73AC
:10FD400005FB03F3AAB23946D4F8C000EFF790F9E7
:10FD500004463046FFF72DFF204603B0F0BD0724D0
:10FD6000F7E73046FFF725FF0BF094FE2DE9F04151
:10FD700082B01F46037A23B90725284602B0BDE8A2
:10FD8000F08104460D46164600F1F808CDF80480CF
:10FD90004046FFF7E5FEBBB232462946D4F8C00024
:10FDA000F0F764F9054630B90222012104F114008C
:10FDB00006F016FC04E0D4F8C000F0F7E5FB01E023
:10FDC000012803D14046FFF7F4FED6E7D4F8C0007F
:10FDD000F0F7DAFB0325F5E74046FFF7EAFE0BF004
:10FDE00059FE000010B50446FCF78CFC0A4B23605A
:10FDF00000232363A365E3652366636684F82C30E0
:10FE0000A363E36323646363E36463656364A3647C
:10FE10002365A366204610BD984D030838B50446F7
:10FE2000114B036000254572C56001230374022352
:10FE3000437483740323C3748562C0F88450C0F88C
:10FE40008850C0F88C50C0F89050D0F89830DB68DB
:10FE5000A030984704F11400FBF73AFC034B2360F1
:10FE600065602572204638BDC43703080033030897
:10FE700010B50446FFF7D2FFC02120460BF0E8FC86
:10FE8000204610BD10B50446174B0360D0F8F800AB
:10FE900008B1F5F753FCD4F8F40008B1F5F74EFCBF
:10FEA000124BC4F8CC300023C4F8F030C4F8E4306E
:10FEB000C4F8E830C4F8EC30C4F8E0300C4AC4F8B8
:10FEC000CC20C4F8D430C4F8D8300A4AC4F8CC20C6
:10FED00084F8D030C4F8C430C4F8C8302046FFF7E6
:10FEE0009DFF204610BD00BF1C3803084C4D030881
:10FEF000A03703089C11030810B50446FFF7C2FFA2
:10FF00004FF4A87120460BF0A3FC204610BD000062
:10FF100010B50446144B0360002303724360134B77
:10FF200040F8143BFFF75EFF06E00F4B2360002311
:10FF3000636023720BF0AEFD0D4BC4F898300023C4
:10FF40006372E3600122227402226274A2740322AB
:10FF5000E274A362C4F88430C4F88830C4F88C30EA
:10FF6000C4F89030204610BD00330308C43703089E
:10FF70006C38030870B504460E46FFF7C9FF1A4BEC
:10FF800023600025C4F8C450C4F8C850174BC4F807
:10FF9000CC3084F8D050164BC4F8CC30C4F8D450D0
:10FFA000C4F8D85084F8DC50124BC4F8CC30C4F8F4
:10FFB000E050C4F8E450C4F8E850C4F8EC50C4F879
:10FFC000F050C4F8F450C4F8F8505022294604F117
:10FFD000FC000DF041FF6672E57425746574A5742C
:10FFE000C4F8C050204670BD1C3803089C1103089B
:10FFF000A03703084C4D030808B50121CC3006F0AA
:020000040802F0
:100000007FF908BD08B5FFF771FB08B1FFF7F4FFF2
:1000100008BD000008B504200BF076FC0022026049
:10002000034A0260034A0260034A04490CF0D4F810
:10003000805303083054030875C302081C54030896
:1000400008B513460A4601460020FFF7E3FF00000B
:1000500070B505460C46064656F8083BDB68304648
:10006000984723682146044A41F8082B2B609B6877
:1000700030469847284670BD6C38030810B58AB0E2
:1000800004460B68094A41F8082B00939B6802A8B4
:100090009847694604F19800FFF7DAFF009BDB6898
:1000A00002A8984720460AB010BD00BF6C3803086C
:1000B000024A136801331360704700BF08D700205D
:1000C000034B1B680BB1586A70470020704700BF94
:1000D00020B2002038B504460D46FFF7F1FF284452
:1000E0002061204638BD000038B504460D46FFF7B4
:1000F000E7FF2369C31A217A054A52F82120B3FB8E
:10010000F2F39D4201D3002038BDE3600120FBE7FC
:100110007C38030838B504460D46FFF7D1FF236944
:10012000C31A217A054A52F82120B3FBF2F39D420B
:1001300001D9002038BDE3600120FBE77C380308CB
:1001400070B505460E46FFF7BBFF2B69C41A2A7A25
:10015000064B53F82230B4FBF3F4012E02D0EC60CE
:10016000204670BDFFF7ACFF2861F8E77C38030834
:1001700008B5FFF7A5FF024BA3FB0030800908BDBF
:10018000D34D621010B5044C2046E0F73BFA034B08
:10019000C4F8843010BD00BF20B20020B1000208B6
:1001A00038B50446124B036000254572C5604FF414
:1001B000E13303610575457501238375C5750576C2
:1001C0006423C361036280F8245080F825500563DE
:1001D0004563056445648563C563836CDB685030A3
:1001E0009847044B236065602572204638BD00BFE8
:1001F000943803080033030801207047012070473A
:1002000090F82400704790F82500704790F824007B
:10021000704790F8250070470146002300E0013345
:10022000032B08DC054A52F823000028F7D0426F60
:100230008A42F4D100E00020704700BFC0080120CE
:1002400010B5074C08E0A4F58453A3F10C0453F84F
:100250000C3C1B6820469847024B9C42F3D110BDD2
:10026000C00801201CD7002010B504460164436C6F
:1002700023B16268636C1A60204610BD0C2005F043
:10028000E9FF6064F5E710B504468163C36B23B1F1
:100290006268E36B1A60204610BD0C2005F0DAFF9F
:1002A000E063F5E710B504460163436B23B1626870
:1002B000636B1A60204610BD082005F0CBFF606319
:1002C000F5E730B585B083681BB10525284605B034
:1002D00030BD04460C3006F08BF9054608B1012507
:1002E000F4E700220292019204F16003009304F10A
:1002F000880301214FF48050F5F70EFCA060002820
:10030000E4D10125E2E70000F8B5437A5A1ED2B2E3
:10031000022A00F215810446027A002A40F0128176
:100320008A4D03EB430205EBC20251684167918994
:100330009068FEF71DF984F82400637A03EB43020A
:1003400005EBC202918A1069FEF712F984F82500C4
:10035000236A0BB9FE232362E3690BB90A23E36125
:10036000236913B9636F5B682361E3680BB90823E2
:10037000E360606FF1F74AF80546002840F0E3803B
:10038000636F22695A60217D636F714A52F82120A0
:10039000DA60617D636F6F4A52F821201A61A17D96
:1003A000636F6D4A52F821209A60606FF0F7CEFFBC
:1003B0000546002840F0C780636F684AC3F8A02054
:1003C000636F674AC3F89820636F664AC3F8A42036
:1003D000A36F002B4CD0E36F002B4ED00023C4F84A
:1003E0008030606FD0F88030002B4BD0228CA16F12
:1003F000F1F794FA0546002840F0A580637A03EBF4
:100400004303524A52F8331004F18C0006F08CF981
:10041000E368C4F894304FF40063C4F89830E3699B
:10042000C4F8A030C4F89C404F4BC4F8A43004F189
:10043000840005F0CFFF0546002840F0848004F1D9
:10044000D800FFF73EFF054600287CD1D4F8E03005
:1004500003B304F58B500830FCF702F8054600287A
:1004600043D1627A414B43F82240012323726AE070
:10047000206A05F0EFFEA067ADE7FE2005F0EAFE7A
:10048000E067ABE7228CA16FF1F72EF90546002853
:10049000B4D058E0364D2B685B6A364928469847F9
:1004A0002B689E69FFF764FE01462846B047036843
:1004B0005B693149984703689B6940F27F219847FF
:1004C00003685B692D49984703685B692C49984725
:1004D00003689B69617A984703685B692949984773
:1004E00003685B6928499847B3E7214E33685B6A24
:1004F00020493046984733689F69FFF739FE014627
:100500003046B84703685B691B49984703689B6995
:100510004FF42271984703685B691849984703684C
:100520005B691749984703689B69617A9847036834
:100530005B691649984703685B691349984702E06D
:10054000072500E005252846F8BD00BFC83503088B
:10055000B4350308BC350308A8350308B10D0208FB
:100560004110020815080208850D0208C008012084
:10057000D0080120B8FC020820F7020860F7020842
:10058000C8FC0208D4FC020880F70208E0FC02085C
:1005900070B5437A5A1ED2B2022A42D80446274D79
:1005A00003EB430205EBC2025168416791899068F1
:1005B000FDF7DEFF84F82400637A03EB430205EBCA
:1005C000C202918A1069FDF7D3FF84F82500606F9D
:1005D000F0F71CFF0546237A33B3A36F33B3E36F01
:1005E00033B3236A33B3236933B300262672627AA6
:1005F000134B43F8226004F1840005F057FF04F523
:100600008B500830FCF714F804F1D80005F097FD82
:10061000A06F05F02BFEE06F05F028FEA667E667E9
:1006200000E00725284670BD0725FBE70725F9E709
:100630000725F7E70725F5E70725F3E7C83503089A
:10064000C008012010B50446FFF7AAFD702120461E
:100650000BF0FEF8204610BD38B502250E4C12E016
:100660000E4B2360002121710D4B2360A160E160DE
:10067000502204F110000DF0EFFB0A4B2360013D06
:1006800004F584540C34002DEADA074A07490020A7
:100690000BF066F838BD00BF1CD700209C11030882
:1006A000304D0308D0380308000000204102020842
:1006B00010B50446064B036005F041FDE06808B143
:1006C000F5F73CF8034B236000232371204610BD4F
:1006D000304D03089C11030810B50446024B03601B
:1006E000FFF7E6FF204610BDD038030810B50446DA
:1006F000054B0360FFF7DCFF41F28C0120460BF055
:10070000A7F8204610BD00BFD038030810B5044636
:10071000FFF7CEFF602120460BF09AF8204610BD6F
:1007200010B50446084B03600023C3624363836330
:10073000C36303638364036503644364C364FAF7B8
:10074000A3FF204610BD00BF704D030810B504463E
:100750000A4B036000F58B500830FBF789FF2046F9
:10076000074B40F8D83FFFF7A3FF04F18400FFF7E1
:10077000D7FF2046FFF714FD204610BDEC380308D4
:10078000D038030810B50446FFF7E0FF42F6983171
:1007900020460BF05DF8204610BD10B50446FFF76B
:1007A000BFFF542120460BF053F8204610BD000037
:1007B000436FD3F8902012F0010F02D01B68012282
:1007C0001A62436FD3F8902012F0020F02D01B6818
:1007D00004221A62436FD3F8902012F0040F02D063
:1007E0001B6802221A62436FD3F8902012F0080FA0
:1007F00002D01B6808221A62436FD3F8902000F5DC
:100800000050C0F8902BD3F89020014B1A6070472D
:1008100018D7002008B5FFF7FFFC08B1FFF7C8FFA5
:1008200008BD00002DE9F047C0B004466EE0226A22
:100830000021A06F0DF010FB0023C4F88030228C43
:10084000A16F606FF1F76AF804F5005393F8943BD9
:1008500023B1754B1B68002B40F0A880626FD2F863
:100860008030002B00F0DC801B689E6CB6B2236ADF
:10087000A3EB0608D4F88050A8EB050504F5005357
:1008800093F8943B1BB1637A032B00F0E380002DB7
:10089000C0F24281002D40F3A381236C002B40F075
:1008A0009D81A36B73B1E36B9D60E36B627A5A60C9
:1008B0006268E36B1A60A36BA16FD4F880201144C7
:1008C000E06B9847A26C594B9A420CD0A36FD4F8B6
:1008D00080100B442093ADF8005013686A4620A99D
:1008E00004F150009847A76FD4F880301F44C4F833
:1008F000808004F5005393F8943B1BB1637A022B7C
:1009000000F0718104F1840005F05FFD04F50053EF
:10091000D3F8903B002B97D004F50053D3F8906B9D
:100920000022C3F8902B424D2B685B6A4149284650
:1009300098472B689F69FFF71BFC01462846B8477C
:1009400003685B693C49984703689B69B9219847EC
:1009500003685B693949984703685B693849984778
:1009600003689B69617A984703685B6935499847D2
:100970003146FCF795FF03685B6933499847002EC1
:100980003FF462AF636FD3F88030002B7FF44FAF3A
:10099000226A0021A06F0DF05FFA0023C4F88030B6
:1009A000228CA16F606FF0F79FFE4DE7F8F7D8FD3E
:1009B000264B1B68C31A41F2873293427FF64EAF33
:1009C000224B18601A4D2B685B6A1A4928469847D3
:1009D0002B689E69FFF7CCFB01462846B0470368A9
:1009E0005B691549984703689B69D4219847036858
:1009F0005B691249984703685B6911499847036826
:100A00009B69617A984703685B6911499847064B6F
:100A10001968FCF745FF03685B690B4998471DE7B8
:100A2000B2F85E60B6B222E718D700206C3803082F
:100A3000D0080120B8FC020820F7020860F702087D
:100A4000F8FC020800FD020880F7020814D7002015
:100A500018FD0208DFF8AC92D9F800300133C9F86C
:100A60000030994F3B685B6A9849384698473B6825
:100A7000D3F818A0FFF77CFB01463846D04703683F
:100A80005B699349984703689B69EB219847036822
:100A90005B699049984703685B698F499847D9F823
:100AA0000010FCF7FDFE03685B698C4998470368FA
:100AB0009B693146984703685B6989499847036891
:100AC0009B694146984703685B6986499847036874
:100AD0009B69D4F88010984703685B6982499847FE
:100AE00003689B692946984703685B697F49984773
:100AF000636FD3F88C1003689B69984703685B6940
:100B00007B499847636FD3F89010FCF7C9FE0368E0
:100B10005B6978499847BAE6236A1D44A36B33B1F1
:100B2000FE2D04DDD4F8803003F1FE08FE250027F9
:100B300004E0A26FE36F925DDA550137BD4219DD23
:100B4000D4F880603E44236AB34200DCF61A236C7A
:100B5000002BEED0636C002BEBD0A26F925D1A726B
:100B6000636C627A5A606268636C1A60236C606CB2
:100B70009847DEE7A36B5BB1E36B9D60E36B627A42
:100B80005A606268E36B1A60A36BE16FE06B984791
:100B9000A36C594A934209D0E26F2092ADF80050FD
:100BA0001B686A4620A904F150009847E76FC4F813
:100BB00080809EE6D4F880303344A16F626CCB5CB9
:100BC0001372636C627A5A606268636C1A60236C99
:100BD000606C98470136AE42ECDB62E60026FAE72D
:100BE00000252F4685E6002D7FF78CAE002F3FF4C1
:100BF00089AEF8F7B5FC414B1B68C31AB3F57A7F91
:100C0000FFF480AE3D4B18608026324600216846D6
:100C10000DF022F9324600210DEB06000DF01CF913
:100C20000026B046B24619E04B46354ACAF180016B
:100C30000DEB0A000CF0D4FF0AF1030A15E0B9F13C
:100C40000D0F22D0B9F10A0F2ED008F580736B4436
:100C50002E2203F8802C08F101080136B54253DD3D
:100C600017F80690BAF17B0FDED9B8F17C0FF4D8F3
:100C7000A9F12003DBB25E2BE1D808F580736B4449
:100C800003F8809C08F10108E7E708F580726A44E0
:100C90005C2102F8801C08F201136B4408F1020881
:100CA000722203F8802CD8E708F580726A445C2130
:100CB00002F8801C08F201136B4408F102086E224E
:100CC00003F8802CC9E700BFD0080120B8FC020857
:100CD00020F7020860F7020828FD020830FD02082C
:100CE0003CFD020844FD020850FD020854FD0208C4
:100CF0005CFD020880F702086C3803080CD700205E
:100D000064FD020810D70020174E33685B6A17494C
:100D10003046984733689F69FFF72AFA0146304604
:100D2000B84703685B691249984703689B694FF4A9
:100D3000BA71984703685B690E49984703685B6915
:100D40000D49984703689B692946984703685B6982
:100D50000A49984703685B696946984703685B6975
:100D600007499847CEE500BFD0080120B8FC02082B
:100D700020F7020860F702086CFD02087CFD0208FB
:100D800080F7020808B5FFF74DFD08B50346406F30
:100D9000D0F880203AB1526B02B108BD1A8C996F1D
:100DA000F0F7BCFDF9E71A8C996FF0F79DFCF4E7BA
:100DB00008B5FFF731FA08B1FFF7E7FF08BD0000FB
:100DC00070B50546012005F07DFAD5F8E030002B1E
:100DD00038D1284C23685B6A274920469847236806
:100DE0009E69FFF7C5F901462046B047234C0368CA
:100DF0005B692146984703685B6921499847036806
:100E00005B692146984703689B6940F2A91198479E
:100E100003685B691B49984703685B691A499847EF
:100E200003689B69697A984703685B691749984723
:100E300070BD2146F0F7C4FB4FF0FF3201210020C6
:100E4000F7F7A6F805F5DC5410344FF0FF334FF4F4
:100E50008052214605F1D80005F0F0F9024600283D
:100E6000F0D0686FC36F002BE3D02146F0F78EFC03
:100E7000E2E700BFD0080120B0F8020820F702081E
:100E800088FD020860F70208C8FD0208D0FD0208CC
:100E900010B582B002AB03E90600037A73B11446C1
:100EA00072B1B2F5006F0DD80A2392B2D83005F0B6
:100EB000C1F9001B18BF012002B010BD0220FBE7E2
:100EC0000020F9E70420F7E7037A6BB100B583B09F
:100ED0000A684B680092019302AB13E90600FFF722
:100EE000D7FF03B05DF804FB02207047037A5BB1C3
:100EF00000B583B00091019202AB13E90600FFF741
:100F0000C7FF03B05DF804FB0220704770B50446CC
:100F1000436FD3F88030002B38D0026A0021806FF5
:100F20000CF09AFF0023C4F88030228CA16F606F10
:100F3000F0F7F4FC1C4D2B685B6A1C492846984767
:100F40002B689E69FFF714F901462846B0470368ED
:100F50005B691749984703689B6940F216319847C7
:100F600003685B691349984703685B6912499847AE
:100F700003689B69617A984703685B690F499847E2
:100F800003685B690E499847002070BD026A002122
:100F9000806F0CF061FF0023C4F88030228CA16FB9
:100FA000606FF0F7A1FBC5E7D0080120B8FC02088C
:100FB00020F7020860F70208F0FD0208EC060308BB
:100FC00080F7020810B58AB004460B68094A41F858
:100FD000082B00939B6802A89847694604F14800D3
:100FE000FFF736F8009BDB6802A8984720460AB056
:100FF00010BD00BF6C380308C06A28B108B50A46A6
:101000000021F7F703FB08BD704700F5805393F804
:101010006C3103B9704700B583B00023019301A977
:1010200000F58B500830FFF7E7FF019B2BB14FF025
:10103000E0234FF08052C3F8042D03B05DF804FBA9
:1010400008B5FFF7E9F808B1FFF7DFFF08BD08B5FD
:10105000FFF702FB08BD000008B50748074B036017
:10106000002303724360064B0360064B0360064A8D
:1010700006490AF075FB08BDD008012000330308BB
:101080001C330308503303080000002075E00108FA
:1010900008B5FFF7E1FF08BD10B504460160002167
:1010A0004160502208300CF0D7FE204610BD0000F1
:1010B00038B504460D4619B900680368DB6B9847DC
:1010C0002A464FF400410548EDF73CFB012D00D0C6
:1010D00038BD206803681B6C9847F9E70008024296
:1010E00000B583B0006803685B6A0091019202AAB0
:1010F00012E90600984703B05DF804FB00B583B021
:101100008DF807100A2301220DF107010248EDF7BF
:101110009BFD03B05DF804FB64B1002000B585B011
:1011200000238DF80F308DF80E300A230093012331
:101130000DF10E020DF10F010348EEF77BFA9DF859
:101140000E0005B05DF804FB64B10020C8097047CB
:10115000C1F34110704701F01F00704708B5044B00
:101160005B5C42EA4312D1B2FFF7C8FF08BD00BF83
:101170007400002070B504460D46FFF7ECFF1A28F6
:1011800008D829462046FFF7E3FF0546174B1B7892
:10119000834200D170BD1F212046FFF7DCFF0646C9
:1011A00000212046FFF784FF324605212046FFF745
:1011B000D5FF03212046FFF7A1FF01212046FFF7BD
:1011C00077FF00212046FFF773FF324604212046B7
:1011D000FFF7C4FF29462046FFF790FF0121204674
:1011E000FFF766FF014B1D70D4E700BFEC0E012036
:1011F000F8B504460F461546FFF7ADFF06463946DB
:101200002046FFF7B7FF00212046FFF751FF324687
:1012100004212046FFF7A2FF29462046FFF76EFF74
:1012200001212046FFF744FFF8BDF8B504460F46FC
:101230001546FFF790FF064639462046FFF79AFF0E
:1012400000212046FFF734FF324605212046FFF7F4
:1012500085FF29462046FFF751FF01212046FFF771
:1012600027FFF8BDF8B504460D46FFF76FFF0646A9
:1012700029462046FFF76FFF074629462046FFF71D
:1012800079FF00212046FFF713FF3A460021204650
:10129000FFF764FF012E09D02046FFF73FFF054608
:1012A00001212046FFF704FF2846F8BD2046FFF73E
:1012B00035FFF1E7F8B504460F461546FFF74BFF3B
:1012C000064639462046FFF755FF00212046FFF726
:1012D000EFFE324602212046FFF740FF2946204616
:1012E000FFF70CFF01212046FFF7E2FEF8BD70B5C5
:1012F00006460C461546D2B2FFF7DCFF611C2A0AEF
:10130000C9B23046FFF7D6FF70BD000070B582B09D
:101310000546061D01963046FEF722FC04221F21D9
:101320002846FFF782FF40221F212846FFF760FF73
:1013300040221F212846FFF778FF39212846FFF772
:1013400091FF044601E0013CE4B22CB140221E2191
:101350002846FFF74DFFF6E7002208212846FFF751
:10136000C6FF41F6FE120A212846FFF7C0FF41F6EC
:10137000FE120C212846FFF7BAFF094B00221A8003
:1013800004221F212846FFF733FF3046FEF711FCE9
:1013900002B070BD3046FEF70CFC0AF07BFB00BFCC
:1013A000EA0E012070B504460D4616460021FFF7EF
:1013B0007FFE1A2203212046FFF7D0FE324629463F
:1013C0002046FFF78DFE01212046FFF771FE70BD1C
:1013D0002DE9F04104460E4615460021FFF768FE50
:1013E0001A2201212046FFF7B9FE20680368DF6A50
:1013F0002B4632462449B84700283FD00746234EA3
:1014000033685B6A2249304698473368D3F81880BE
:10141000FEF7AEFE01463046C0471E4E03685B69CC
:101420003146984703685B691B49984703685B69C5
:101430003146984703689B694FF4A0719847036849
:101440005B691649984703685B69154998470368C3
:101450009B692946984703685B6912499847036866
:101460009B693946984703685B690F499847012192
:101470002046FFF71DFE0020BDE8F0810121204637
:10148000FFF716FE0120F7E7FC080120D008012035
:1014900014F7020820F70208FCFD020860F70208B2
:1014A00024FE020840FE020880F7020810B5044638
:1014B0000021FFF7FDFD1F2206212046FFF74EFE0B
:1014C00001212046FFF7F4FD034B00221A7064202F
:1014D00004F0F8FE10BD00BFEC0E012008B5042298
:1014E0001F21FFF785FE08BD38B504461546FFF7F6
:1014F00032FE0246D4212046FFF7DCFE2A46D621E2
:101500002046FFF7F4FEEA212046FFF7ABFE10F07D
:10151000010FF8D138BD000038B5044600680368F3
:101520009B6898474FF4FA7004F0CCFE2046FFF712
:10153000BDFF002208212046FFF7D9FE41F6FE122A
:101540000A212046FFF7D3FE002211462046FFF76E
:10155000CEFE224D2A78E4212046FFF7ABFE6A78C2
:10156000E5212046FFF7A6FEAA78E2212046FFF7F4
:10157000A1FEEA78E3212046FFF79CFE2A79E021CC
:101580002046FFF797FE6A79E1212046FFF792FE99
:101590000D22C0212046FFF78DFE3222C2212046B7
:1015A000FFF788FE40F61242C6212046FFF79FFE55
:1015B0001522C4212046FFF77DFE40F2EE52CA21DB
:1015C0002046FFF794FE4FF4807210212046FFF76B
:1015D0008BFF2046FFF782FF012038BD80000020EE
:1015E000F0B583B004460D46071D01973846FEF757
:1015F000B7FA39212046FFF735FE002848D02D4B99
:101600001A8800212046FFF772FE0622294620464E
:10161000FFF7DEFEA0B12A88264B1A80AE8816F0AE
:1016200080061ED06E88043EB6B240F2EE539E4253
:1016300000D91E463246A91D2046FFF7C9FE03E029
:101640002046FFF763FE2AE030B1042205F2F45190
:101650002046FFF7BDFE03E02046FFF757FE20E0DF
:1016600060B12A88013A92B241F6FE139A4200D93B
:101670001A460C212046FFF73AFE03E02046FFF70A
:1016800045FE10E040221E212046FFF7B1FD00E09C
:1016900000263846FEF78DFA304603B0F0BD00262E
:1016A000F7E70026F5E70026F3E73846FEF781FA6C
:1016B0000AF0F0F9EA0E01202DE9F04383B0054667
:1016C0008946174600F10408CDF804804046FEF72D
:1016D00047FAF7F745FF00F10A061F212846FFF7F2
:1016E000C1FD21E010F0020F02D1F7F739FF0AE047
:1016F00080221F212846FFF77BFD80221F212846DC
:10170000FFF793FD40E0864203D9012004F0DAFDA3
:10171000E3E780221F212846FFF76AFD80221F2170
:101720002846FFF782FD37E010F0080404D01C21A2
:101730002846FFF797FDD5E741F6FF12022128461C
:10174000FFF7D5FD00238DF8033001220DF10301D1
:101750002846FFF727FE3A4649462846FFF722FE6D
:1017600041F6FF1204212846FFF7C1FD07F5CF52CD
:101770001F3292B206212846FFF7B9FD08221F2129
:101780002846FFF735FD00E001244046FEF711FA38
:10179000204603B0BDE8F0830324F6E74046FEF799
:1017A00008FA0AF077F90120704701207047007E9F
:1017B0007047000038B50446074B03600025C5603C
:1017C00005612946043004F0AFFF65612576656048
:1017D000A560204638BD00BF2839030810B504466F
:1017E000FFF7E8FF1C2120460AF032F8204610BD22
:1017F0000B68036070470B6803607047704708B55B
:10180000836D1B686030984708BD000010B5044622
:10181000054B0360836DDB68603098472046F9F71D
:1018200033FF204610BD00BF4439030810B50446FD
:10183000C3689BB183688BB143697BB103696BB1AA
:10184000826D094B9A4209D003792BB1C06AF7F730
:1018500084FF38B9207104E0072002E000232371DF
:10186000042010BD0120FCE7B0220308C3685BB36D
:1018700010B5044683684BB3816D184A914227D056
:1018800002793ABB41F2B832426102690AB91822C0
:10189000026123632369A36441F2B833636404F1F2
:1018A000A40323644FF4C073E36304F5A353A36359
:1018B00004F1300221460A48F7F766FEE06258B1AB
:1018C00001232371002010BD042070470420FAE793
:1018D0000420F8E70520F6E70020F4E7B02203082B
:1018E000FF17020810B50446FFF790FF4FF4AF5101
:1018F000204609F0ADFF204610BD000010B504469B
:10190000FAF700FF074B23600023E3626363A363DE
:10191000E3632363A364236523646364E364204671
:1019200010BD00BF704D030810B586B00C4602AB69
:10193000019303AB009304AB05AA18490CF0A4F97A
:10194000042819D1059BFF2B19D8049A002A18DB0B
:10195000FF2A18DC039A002A17DBFF2A17DC029AF9
:10196000002A16DBFF2A16DC2370049B6370039B9E
:10197000A370E270012000E0002006B010BD00203E
:10198000FBE70020F9E70020F7E70020F5E700205B
:10199000F3E70020F1E70020EFE700BF48FE020870
:1019A000F8B5814B1B78002B40F0DA800446042206
:1019B0007E4900F5E65010300CF03EFA002850D178
:1019C0007B4B1B6804F58055C5F8D03C794E3368D5
:1019D0005B6A79493046984733689F69FEF7C8FBD0
:1019E00001463046B847754E03685B6931469847F3
:1019F00003685B697249984703685B693146984799
:101A000003689B693A21984703685B696D49984769
:101A100003685B696C49984703689B6995F8D01C1B
:101A200098476A4E03685B693146984703689B692B
:101A300095F8D11C984703685B693146984703685D
:101A40009B6995F8D21C984703685B6931469847B3
:101A500003689B6995F8D31C984703685B695C49E8
:101A60009847544D2B685B6A5A49284698472B681B
:101A70009E69FEF77DFB01462846B0474F4D03683F
:101A80005B692946984703685B694D499847036835
:101A90005B692946984703689B693F21984703681B
:101AA0005B694849984703685B694B49984704F567
:101AB000805503689B6995F8D01C9847434E03688E
:101AC0005B693146984703689B6995F8D11C984734
:101AD00003685B693146984703689B6995F8D21C97
:101AE000984703685B693146984703689B6995F896
:101AF000D31C984703685B693549984704F5AF5094
:101B0000FFF70AFD00282CD02A4D2B685B6A334969
:101B1000284698472B689E69FEF72AFB014628460F
:101B2000B04703685B692549984703689B6947216B
:101B3000984703685B692349984703685B692849AC
:101B4000984703685B69224998472046FFF78EFE55
:101B500004F5E6501C3004F04BFD134B01221A70C3
:101B6000F8BD144C23685B6A1C49204698472368DB
:101B70009D69FEF7FDFA01462046A84703685B69A8
:101B80000E49984703689B694421984703685B693D
:101B90000C49984703685B691249984703685B6979
:101BA0000B499847DCE700BFE4140120D0F4020899
:101BB0007C000020D0080120E4FA020820F7020887
:101BC00054FE020860F7020884FE0208A4FE020820
:101BD00080F70208B0F80208A8FE0208B8FC020864
:101BE000ECFE0208CCFE0208F0B583B007460C46B6
:101BF000164600F5E6551C3501952846FDF7B0FF61
:101C0000D4F8063023606389A3800C4B1A68C4F8AB
:101C100006209B88638106F10E0292B2214607F5E9
:101C2000AF50FFF749FD2846FDF7C3FF03B0F0BDF5
:101C30002846FDF7BEFF09F02DFF00BF8000002001
:101C400070B505460C461646042200F5E6511031E3
:101C500004F118000CF0F0F8E8B9E388B3F5807FE0
:101C600001D0002018E0A368C4F81230A389E382F1
:101C70000A4B1A68A2609B88A381D4F80E30A36136
:101C800005F58055D5F8D03CC4F80E304FF40073FC
:101C9000E380304600E0002070BD00BF80000020DF
:101CA000002004E031F8023B1844023A92B2012AC3
:101CB000F8D82AB10B78184402E083B203EB104045
:101CC000B0F5803FF9D2C04380B27047F8B50746FF
:101CD0000C4616464D8800234B80FFF7E1FF8542F6
:101CE00001D00020F8BD2378082B01D00020F9E7AF
:101CF00000232370324621463846FFF7D1FF60802B
:101D00003046EFE7F8B5964653881E0246EA13269A
:101D1000B6B213881C0244EA1324A4B293881A02B0
:101D200042EA132292B2083A92B2002301E0013350
:101D3000DBB200F5805C9CF8CCC69C4522D91F46DE
:101D400000EB031C41F28C653CF805C0B445EED1B4
:101D500003F2691300EB0313DB7A43B907F269134B
:101D600000EB0313C96859601C810121997200EBD3
:101D7000071041F29063C05820B103689B680EF1D0
:101D8000080198470020F8BDF8B505460C461646F0
:101D9000042200F5E651103104F110000CF04CF86B
:101DA00010B100263046F8BD67890023A372E372A4
:101DB000142221462846FFF773FF874201D00026F0
:101DC000F0E7A6F1140292B2637A012B03D0112B33
:101DD00021D00026E6E704F114012846FFF776FF3C
:101DE00000F114039EB2C3F3072343EA0623638082
:101DF000002323716371A371E371E368236105F527
:101E00008053D3F8D03CE360142221462846FFF7E4
:101E100047FF6081C6E7134604F1140221462846B5
:101E2000FFF770FF0026BDE738B5044600F5B65150
:101E3000103100F5AF50FFF7D3FBA0B104F5B65554
:101E4000163504F58053B3F8E2160B0243EA11236A
:101E50009BB2A0F10E0292B240F606018B4203D073
:101E6000B3F5006F0ED038BD04F5B75104312046EC
:101E7000FFF7E6FE0028F6D0024629462046FFF787
:101E8000B3FEF0E704F5B75104312046FFF77CFFBD
:101E9000F0E7000010B5044603E04FF47A7004F058
:101EA00011FA0B4B1B78002BF7D02046FFF7BCFF35
:101EB000F7F756FB074B1B68C31A41F28732934270
:101EC00001D9044B18600A2004F0FCF9E9E700BFCF
:101ED000E4140120E014012008B50068FFF7DAFFE0
:101EE00008B5FFF7F9FF00002DE9F04F85B0054672
:101EF0008B4616461C46BDF83C900023019300F526
:101F0000E6571C3703973846FDF72AFE09F12A08E1
:101F10001FFA88F840F2EE53984500F28C8009F1E0
:101F2000080A1FFA8AFA09F11C0189B2012C63D050
:101F3000022C74D01CB9DBF8003002930196414C9E
:101F40004FF0FF332360A3803F4B1A68C4F806208C
:101F50009B8863810823A3814523A3734FF0000B63
:101F600084F80FB00B0243EA11232382A4F812B0C5
:101F7000A4F814B08023A3751123E375A4F818B056
:101F800005F58053D3F8D03CC4F81A30029BC4F84E
:101F90001E30142204F10E012846FFF781FE208333
:101FA000330243EA16236384019A130243EA12239D
:101FB000A3844FEA0A2343EA1A23E384A4F828B04F
:101FC0004A460E9904F12A000BF03AFC424621469B
:101FD00005F5AF50FFF770FB25E041F2886202EB98
:101FE00003132B441A1D9B7C23B19368029393899E
:101FF0000193A4E7052417E0002305F5805292F829
:10200000CC269A4209D905EB031241F28C60125A90
:10201000B242E2D00133DBB2EFE7052404E00B4B20
:10202000029301968BE704463846FDF7C2FD204631
:1020300005B0BDE8F08F0624F6E73846FDF7B9FD98
:1020400009F028FDF00E012080000020C0A810FF3C
:102050002DE9F04105460E46002401E00134E4B2CA
:1020600005F5805393F8CC36A34245D905EB04130C
:1020700041F28C615B5AB342F0D1424F3B685B6ADC
:102080004149384698473B68D3F81880FEF770F806
:1020900001463846C0473D4F03685B69394698475B
:1020A00003685B693A49984703685B693946984712
:1020B00003689B6940F28711984703685B6935495B
:1020C000984703685B693449984703689B693146C0
:1020D000984703685B693149984705EB0414036826
:1020E0009B6941F28C62A15A984703685B692C494D
:1020F00098470020BDE8F081032B15D805F58051E5
:10210000581C81F8CC0605EB031505F5B4510023E6
:10211000CB600B614B618B6141F28C63EE5241F2FB
:102120009063EA500120E5E7164C23685B6A164984
:102130002046984723689D69FEF71AF80146204615
:10214000A847124C03685B692146984703685B699E
:102150000F49984703685B692146984703689B6964
:102160004FF4C671984703685B690A49984703684A
:102170005B690C49984703685B69094998470020E7
:10218000B8E700BFD008012014F7020820F70208C2
:1021900054FE020860F7020810FF020818FF020848
:1021A00080F7020830FF020830B504464FF0000CFB
:1021B00029E00CF1010304EB0C1E04EB03130EF5F4
:1021C000B45E0EF10C0E03F5B4530C330FCB8EE856
:1021D0000F000CF1010C5FFA8CFC6B1E9C45E8DBD8
:1021E00004EB031303F5B4530022DA601A615A6159
:1021F0009A6104F58054013D84F8CC5630BD0CF151
:10220000010C5FFA8CFC04F5805393F8CC566545BD
:10221000F4D904EB0C1341F28C629B5A8B42EED141
:10222000DBE700002DE9F04393B0044688461546ED
:102230001F46FAF767FA224B23600026E662242243
:10224000314604F130000BF007FEDFF87890C4F857
:102250005890C4F8A06041F2B832314604F1A400AD
:102260000BF0FAFD4FF4C072314604F5A3500BF0A9
:10227000F3FDC4F810802B68294641F8089B0093B1
:102280009B6802A89847694604F15800FAF788FF4E
:10229000009BDB6802A89847394604F1080004F067
:1022A00043FA09E0A36DDB6804F16000984720461B
:1022B000F9F7EAF909F0EEFB204613B0BDE8F08328
:1022C00044390308B022030830B593B005460C46E4
:1022D000264B00930290264B6A461821FFF7A2FF77
:1022E000009BDB6802A89847214605F5AF50FEF732
:1022F000D3FE05F5B1501830FFF700FB12E0009B4C
:10230000DB6802A8984709F0C5FB05F58053D3F8B0
:10231000E40508B1F3F712FA2846FFF777FA09F057
:10232000B9FBF9E705F580544022002104F28C60E6
:102330000BF092FD002184F8CC1643F6D603A4F8E6
:10234000C83CC4F8CA1CA4F8CE1CC4F8D01CC4F8FD
:10235000D41CA4F8D81CC4F8DC1C502205F5E750A6
:102360000BF07AFD284613B030BD00BF6439030876
:1023700048FF020890F85400704758307047743096
:10238000704790ED3E0A704790F8FC0070470B785C
:102390001B021BB24878184370472DE9F0410446F0
:1023A000006AF8B10F4616461D46E369E3B10368BB
:1023B000DB6B9847E06903685B699847206A0368AC
:1023C000D3F82C802B4632463946C0470546E06993
:1023D00003689B699847206A03681B6C98472846E6
:1023E000BDE8F0810125FAE70125F8E72DE9F04184
:1023F0000446006AF8B10F4616461D46E369E3B18C
:102400000368DB6B9847E06903685B699847206A5B
:102410000368D3F81C802B4632463946C047054630
:10242000E06903689B699847206A03681B6C9847BA
:102430002846BDE8F0810125FAE70125F8E730B527
:1024400083B014460023ADF804308DF80410ADF8C5
:10245000003003681D6C02236A4601A9A8479DF855
:102460000130237003B030BD10B582B08DF8041078
:102470008DF805200023ADF8003003681C6C0223A2
:102480006A4601A9A04702B010BD000010B40020A8
:102490001FE01460002069E0C2F800C0002065E081
:1024A000F4EEE56AF1EE10FA02D5146000205DE06A
:1024B000C2F800C0002059E0DFED2E6AF4EEE67AA3
:1024C000F1EE10FA04D5B4EEE67AF1EE10FA4AD441
:1024D00001305C1E844248DD00EB400401EB8404C3
:1024E00000F1010C0CEB4C0C01EB8C0CD4ED017ADF
:1024F00070EE677A9CED017A30EE477AF0EEE76A8B
:10250000F0EEC75A9FED1C6AF4EEC66AF1EE10FABF
:10251000BFD99FED196AF4EEC65AF1EE10FABBD995
:102520009FED156AF4EEC67AF1EE10FA06DD9FED26
:10253000116AB4EEC67AF1EE10FAB1D40028BBD01D
:102540009C1E8442C4D1DFED0C6AF4EEE67AF1EE13
:1025500010FABDDDB4EEE67AF1EE10FAB8DDC2F89D
:1025600000C0002002E0146000E007205DF8044B8A
:10257000704700BF0AD723BC0AD7233C30B583B0CD
:1025800014460023ADF8043041F080018DF80410AA
:10259000ADF8003003681D6C02236A4601A9A84704
:1025A0009DF80130237003B030BD2DE9F04782B0B3
:1025B0000446884691461F46DDF828A0002600E024
:1025C000013656451DDA2368DB6C3A464146204603
:1025D000984705460A20FBF7C7FF9DB923685B6C47
:1025E0000DF107024146204698470A20FBF7BCFF41
:1025F0009DF807C009EA0C0C8DF807C0BC45DFD177
:1026000000E00725284602B0BDE8F0872DE9F04339
:1026100083B00446884617469946002600E00136F6
:102620004E4519DA2368DD6C3A4641462046A847F4
:1026300005460A20FBF798FF7DB923685B6C0DF116
:1026400007024146204698470A20FBF78DFF9DF878
:102650000730BB42E3D100E00725284603B0BDE8C0
:10266000F0832DE9F843074689461646984600252B
:10267000072400E0013545450DDA3B685B6C3246C6
:1026800049463846984704460A20FBF76DFF3278E2
:10269000002AEFD000242046BDE8F8832DE9F84356
:1026A00007468946164698460025072400E001356E
:1026B00045450DDA3B685B6C3246494638469847DB
:1026C00004460A20FBF750FF3278002AEFD000249E
:1026D0002046BDE8F88310B50446C164036D23B1FC
:1026E000E268236D1A60204610BD182003F0B2FD89
:1026F0002065F5E710B504464164836C23B1E268B8
:10270000A36C1A60204610BD082003F0A3FDA0644E
:10271000F5E710B50446C163036C23B1E268236C8E
:102720001A60204610BD042003F094FD2064F5E7F4
:1027300010B504464163836B23B1E268A36B1A6052
:10274000204610BD042003F085FDA063F5E70000DE
:1027500070B584B0036A002B50D00446C369002BC7
:102760004CD08268002A49D04268002A46D05B7A61
:10277000002B64D0037E002B00F081800368DB6CAB
:1027800000224E219847E06910B10368DB68984742
:10279000D4F8000103F06AFDD4F8040103F066FDEB
:1027A0000023C4F80031C4F80431E3646363E363D5
:1027B000237684F85430514D2B685B6A5049284683
:1027C00098472B689E69FDF7D3FC01462846B04721
:1027D0004C4D03685B692946984703685B694A4921
:1027E000984703685B6929469847054661680291E6
:1027F000A268039203681B6A98476CE03F4C236809
:102800005B6A42492046984723689D69FDF7B0FC02
:1028100001462046A8473B4C03685B692146984720
:1028200003685B693849984703685B6921469847A4
:1028300003685B6936499847072004B070BD2F4C88
:1028400023685B6A31492046984723689D69FDF7F4
:102850008FFC01462046A8472A4C03685B69214645
:10286000984703685B692849984703685B69214674
:10287000984703685B69274998470720DDE71F4DA4
:102880002B685B6A2149284698472B689E69FDF7AB
:102890006FFC01462846B0471A4D03685B6929461C
:1028A000984703685B691849984703685B6929463C
:1028B0009847054661680091A268019203681B6A07
:1028C00098472B685B691449284698470023009372
:1028D00001930520B1E72B685B69104928469847AA
:1028E000002002900390A8E700230093019309F0D1
:1028F000D1F800230293039309F0CCF8D00801200B
:10290000B0F8020860F702085CFF020814F702083A
:102910006CFF02088CFF0208A4FF0208B0FF020847
:1029200070B504462B4B03600025C5610562002687
:1029300046628662C662066380F854500567C666C2
:10294000466686668665C6650666C0F88C50C0F821
:102950008860C0F88060C0F8846046678667C66794
:10296000C0F8C050C0F8A46029469030FDF7B2FB13
:10297000C4F8A850C4F8B450C4F8AC50C4F8B85067
:10298000C4F8B050C4F8BC50C4F8F450C4F8D860CF
:10299000294604F1C400FDF79DFBC4F8DC50C4F8DF
:1029A000E850C4F8E050C4F8EC50C4F8E450C4F85F
:1029B000F050C4F8F86084F8FC50E5632564656362
:1029C000A5636564A564E56425652046FEF7F2FE0F
:1029D000204670BD7C39030810B50446FFF7A0FF00
:1029E0004FF48071204608F033FF204610BD0000F0
:1029F00010B50446094B03600023C0F80031C0F84D
:102A0000043180F80831A0F8FE300022C0F810210F
:102A1000C0F80C31FFF784FF204610BDE0390308F1
:102A200010B50446FFF7E4FF4FF48A71204608F022
:102A30000FFF204610BD0000F0B5ADB004460023E6
:102A40008DF8073003685B6C0DF10702752198471C
:102A50000A20FBF789FD2368DB6C01221121204647
:102A600098471420FBF780FD23689D6C05230DF12A
:102A7000070275212046A847002866D19DF8073037
:102A8000472B62D184F8FC30804D2B685B6A80490B
:102A9000284698472B689E69FDF76AFB0146284641
:102AA000B0477C4D03685B692946984703685B69BA
:102AB0007949984703685B692946984705466168E4
:102AC0000291A268039203681B6A98472B685B69AE
:102AD00072492846984703689B699DF807109847F4
:102AE00003685B696E499847002302930393236848
:102AF0001D6D0323052213212046A8470546002803
:102B000040F09980614D2B685B6A6149284698477F
:102B10002B689E69FDF72CFB01462846B0475D4DAA
:102B200003685B692946984703685B695A49984777
:102B300003685B6929469847054661680691A26863
:102B4000079203681B6A98473AE09DF8073084F8BB
:102B5000FC304E4D2B685B6A5249284698472B68DB
:102B60009E69FDF705FB01462846B047494D0368BD
:102B70005B692946984703685B694749984703683A
:102B80005B6929469847054661680491A2680592E9
:102B900003681B6A98472B685B6940492846984739
:102BA00003689B699DF80710984703685B693C4977
:102BB0009847002304930593012528462DB0F0BDC6
:102BC0002B685B693849284698470023069307938A
:102BD00023689D6D94ED0B0A04236A463349204611
:102BE000A847009B1A788DF807209B68C4F88830A6
:102BF000264D2B685B6A2649284698472B689E69B4
:102C0000FDF7B6FA01462846B047224D03685B69D6
:102C10002946984703685B691F49984703685B69C1
:102C200029469847054661680A91A2680B92036895
:102C30001B6A98473CE0154E33685B6A1949304679
:102C4000984733689F69FDF793FA01463046B847C5
:102C5000104E03685B693146984703685B690E490B
:102C6000984703685B693146984706466168089152
:102C7000A268099203681B6A984733685B690A492E
:102C80003046984700230893099396E7D00801201F
:102C9000B0F8020860F702085CFF0208C0FF0208F3
:102CA000F400030814F70208CCFF02083C3A0308BA
:102CB0002B685B697449284698470368DB69009A6A
:102CC00092ED010A984703685B69704998470023B1
:102CD0000A930B9323689D6D94ED0C0A0F236A46AB
:102CE0006B492046A847009A13789DF807100B43BC
:102CF0008DF807309368C4F8D830664D2B685B6A4E
:102D00006549284698472B689E69FDF731FA0146C8
:102D10002846B047614D03685B69294698470368B8
:102D20005B695F49984703685B6929469847054690
:102D300061680C91A2680D9203681B6A98472B6822
:102D40005B695849284698470368DB69009A92ED09
:102D5000010A984703685B695349984700230C931D
:102D60000D9323681D6D03239DF8072050212046F5
:102D7000A847054600285BD1464D2B685B6A46494B
:102D8000284698472B689E69FDF7F2F901462846C8
:102D9000B047424D03685B692946984703685B6901
:102DA0003F49984703685B6929469847054661682B
:102DB0000E91A2680F9203681B6A98472B685B69A3
:102DC0003A492846984700230E930F9323689D6D38
:102DD00094ED090A08236A4635492046A847009B16
:102DE0001A788DF807209B68E3662A4D2B685B6A8A
:102DF0002949284698472B689E69FDF7B9F901468D
:102E00002846B047254D03685B6929469847036803
:102E10005B692349984703685B69294698470546DB
:102E200061681291A268139203681B6A984745E093
:102E3000184E33685B6A1F493046984733689F696C
:102E4000FDF796F901463046B847144E03685B69B2
:102E50003146984703685B691149984703685B6985
:102E600031469847064661681091A268119203683E
:102E70001B6A984733685B690F49304698470023BF
:102E80001093119399E600BFE4FF0208F4FF0208D3
:102E900088000020D0080120B0F8020860F702087E
:102EA0005CFF0208F8FF020814000308180003087A
:102EB0006C3A030814F70208300003082B685B69BA
:102EC0008D49284698470368DB69009A92ED010A0C
:102ED000984703685B6989499847002312931393C5
:102EE00023689D6D94ED0A0A0F236A4684492046A3
:102EF000A847009A13789DF807100B438DF8073008
:102F00009368C4F8A4307F4D2B685B6A7E492846DD
:102F100098472B689E69FDF72BF901462846B04774
:102F20007A4D03685B692946984703685B6978496D
:102F3000984703685B69294698470546616814917C
:102F4000A268159203681B6A98472B685B697149F0
:102F5000284698470368DB69009A92ED010A984772
:102F600003685B696C4998470023149315932368A1
:102F70001D6D03239DF807204F212046A8470546D5
:102F8000002857D15F4D2B685B6A5F4928469847F8
:102F90002B689E69FDF7ECF801462846B0475B4D6B
:102FA00003685B692946984703685B6958499847F5
:102FB00003685B6929469847054661681691A268CF
:102FC000179203681B6A98472B685B695349284628
:102FD000984700231693179323681D6D03236022DF
:102FE00052212046A8470546002840F09F80454DC5
:102FF0002B685B6A4449284698472B689E69FDF711
:10300000B7F801462846B047404D03685B6929463A
:10301000984703685B693E49984703685B6929469E
:103020009847054661681A91A2681B9203681B6A5B
:1030300098472AE0334E33685B6A394930469847EF
:1030400033689F69FDF794F801463046B8472F4E24
:1030500003685B693146984703685B692C49984768
:1030600003685B6931469847064661681891A26813
:10307000199203681B6A984733685B69294930468F
:10308000984700231893199397E52B685B692649A5
:103090002846984700231A931B9323681D6D03232A
:1030A000742251212046A8470546002840F09F8001
:1030B000144D2B685B6A1449284698472B689E6913
:1030C000FDF756F801462846B047104D03685B6986
:1030D0002946984703685B690D49984703685B690F
:1030E00029469847054661681E91A2681F920368A9
:1030F0001B6A984745E000BF4800030858000308D2
:1031000088000020D0080120B0F8020860F702080B
:103110005CFF020860000308140003087C00030839
:1031200014F7020890000308A8000308944E3368BF
:103130005B6A94493046984733689F69FDF718F8F1
:1031400001463046B847904E03685B693146984760
:1031500003685B698D49984703685B693146984706
:10316000064661681C91A2681D9203681B6A984715
:1031700033685B6986493046984700231C931D934A
:103180001BE52B685B6983492846984700231E93FB
:103190001F9323681D6D03230D2253212046A8474A
:1031A0000546002840F08480754D2B685B6A7A499B
:1031B000284698472B689E69FCF7DAFF01462846A7
:1031C000B047714D03685B692946984703685B699E
:1031D0006E49984703685B692946984705466168C8
:1031E0002291A268239203681B6A98472AE0644EE2
:1031F00033685B6A63493046984733689F69FCF7D8
:10320000B7FF01463046B8475F4E03685B693146F9
:10321000984703685B695D49984703685B69314675
:103220009847064661682091A268219203681B6A4C
:10323000984733685B695749304698470023209385
:103240002193BAE42B685B695449284698470023C8
:103250002293239323681D6D0323402216212046C9
:10326000A8470546002840F09D80454D2B685B6AC5
:103270004949284698472B689E69FCF779FF014623
:103280002846B047404D03685B6929469847036864
:103290005B693E49984703685B692946984705463C
:1032A00061682691A268279203681B6A98472AE002
:1032B000334E33685B6A33493046984733689F69B9
:1032C000FCF756FF01463046B8472F4E03685B694E
:1032D0003146984703685B692C49984703685B69E6
:1032E00031469847064661682491A2682592036892
:1032F0001B6A984733685B69284930469847002322
:103300002493259359E42B685B69254928469847FF
:1033100000232693279323681D6D03230B225F212F
:103320002046A8470546002868D123681E6D032360
:10333000232254212046B04723681E6D0323002218
:1033400062212046B0472368DB6C012276212046AB
:10335000984723681E6D032302227B212046B04735
:103360002368DB6C00227621204698472368DB6CBB
:103370001F224E21204698476420FBF7F5F81CE4F5
:10338000D008012014F7020860F702085CFF020869
:10339000A8000308D0000308B0F80208F8000308EA
:1033A00010010308604E33685B6A604930469847F5
:1033B00033689F69FCF7DCFE01463046B8475C4E37
:1033C00003685B693146984703685B6959499847C8
:1033D00003685B6931469847064661682891A26890
:1033E000299203681B6A984733685B6952493046E3
:1033F0009847002328932993FFF7DFBB4A4E336891
:103400005B6A4A493046984733689F69FCF7B0FECB
:1034100001463046B847464E03685B6931469847D7
:1034200003685B694349984703685B69314698477D
:10343000064661682A91A2682B9203681B6A984726
:1034400033685B693D493046984700232A932B93A4
:10345000FFF7B3BB00230293039308F01BFB002389
:103460000493059308F016FB00230693079308F0D6
:1034700011FB00230893099308F00CFB00230A9327
:103480000B9308F007FB00230C930D9308F002FB4D
:1034900000230E930F9308F0FDFA0023109311936D
:1034A00008F0F8FA00231293139308F0F3FA0023BC
:1034B0001493159308F0EEFA00231693179308F06F
:1034C000E9FA00231893199308F0E4FA00231A93F9
:1034D0001B9308F0DFFA00231C931D9308F0DAFA1F
:1034E00000231E931F9308F0D5FA00232093219305
:1034F00008F0D0FA00232293239308F0CBFA00239C
:103500002493259308F0C6FA00232693279308F006
:10351000C1FA00232893299308F0BCFA00232A93C8
:103520002B9308F0B7FA00BFD008012014F7020867
:1035300060F702085CFF020810010308300103086D
:1035400070B584B0036A002B4DD00446C0690028D2
:1035500049D0A368002B46D06368002B43D0437A40
:10356000002B62D0237E002B7FD1002323760368BB
:103570001B69984730B9E36900229A72E0690368D1
:103580009B689847206A03681B69984770B9236A4B
:1035900001221A74226A02239374226A5374236AE2
:1035A0002822DA60206A03689B6898472046FFF764
:1035B00043FA0546002840F08480D4F80031002BFF
:1035C00000F08280D4F80431002B00F08480206A5F
:1035D00003681E6B63680293A368039323464C4AF7
:1035E00002A9B0477EE04B4C23685B6A4A492046FB
:1035F000984723689D69FCF7BBFD01462046A84714
:10360000464C03685B692146984703685B694449F7
:10361000984703685B692146984703685B6941499D
:1036200098470725284604B070BD3A4C23685B6A6A
:1036300039492046984723689D69FCF799FD014662
:103640002046A847354C03685B69214698470368C4
:103650005B693349984703685B692146984703686B
:103660005B69314998470725DCE72A4D2B685B6A7F
:103670002949284698472B689E69FCF779FD014641
:103680002846B047254D03685B692946984703687B
:103690005B692349984703685B6929469847054653
:1036A00061680091A268019203681B6A98472B68C1
:1036B0005B691E492846984700230093019305251E
:1036C000B0E700232376ADE74FF4A07002F0C2FD0F
:1036D000C4F8000176E74FF4A07002F0BBFDC4F817
:1036E000040174E700230293039384F85430012308
:1036F00084F8983084F8CC30237693E70023009345
:10370000019308F0C7F900230293039308F0C2F96C
:10371000F53B0208D008012014F7020860F7020800
:103720005CFF02086CFF02088CFF0208800103089E
:1037300070B58EB004460D46164611F8013B80F870
:10374000083103689B6B9847C4F8DC0023689B6BC7
:10375000E91C20469847C4F8E00023689B6B691D6C
:1037600020469847C4F8E400D4F8DC3013F5004F45
:103770001BD0D4F8E02012F5004F16D010F5004F02
:1037800013D0D4F8E8100B44C4F8E830D4F8EC3087
:103790001A44C4F8EC20D4F8F0301844C4F8F0000F
:1037A000D4F8F4300133C4F8F43023689B6BE91D7E
:1037B00020469847C4F8A80023689B6B05F10901CF
:1037C00020469847C4F8AC0023689B6B05F10B01B9
:1037D00020469847C4F8B000D4F8A83013F5004F3D
:1037E0001BD0D4F8AC2012F5004F16D010F5004FC6
:1037F00013D0D4F8B4101944C4F8B410D4F8B810E5
:103800000A44C4F8B820D4F8BC201044C4F8BC0062
:10381000D4F8C0200132C4F8C020D4F8DC2012F55E
:10382000004F68D013F5004F65D0E36C002B62D0D9
:10383000226D002A2ED094F808315374226D03F0C3
:103840000C030C2B14BF002301231375D4F8DC20C8
:10385000236D9A80D4F8E020236DDA80D4F8E42038
:10386000236D1A81D4F8A820236D5A81D4F8AC2096
:10387000236D9A81D4F8B020236DDA81236D95F9F8
:103880000D201A7423689B6B05F10E0120469847A2
:10389000236D5882D4ED377AF8EEE77ACDED007AD1
:1038A000D4ED387AF8EEE77ACDED017AD4ED397AB5
:1038B000F8EEE77ACDED027AD4F88830059301234B
:1038C0000693D4ED2A7AF8EEE77ACDED077AD4EDB7
:1038D0002B7AF8EEE77ACDED087AD4ED2C7AF8EE73
:1038E000E77ACDED097AE26E0C920D93E36C07AAAC
:1038F0006946206D984795F90D3007EE103AB8EEFD
:10390000C77ADFED106AC7EE267AB3EE097A77EE52
:10391000877AC4ED447AC4ED3E7A23689B6B05F147
:103920000E0120469847C4F80C01102E02DC00203E
:103930000EB070BDA6F1100205F110012046FFF790
:10394000F7FEF5E7E17A0440F8B5037E002B00F0BE
:103950004081044690F8FD30002B00F03D8190F846
:103960005450052D00F23A81DFE815F006002B00D7
:103970003801430057008600994E33685B6A9949C5
:103980003046984733689F69FCF7F2FB01463046A2
:10399000B847954E03685B693146984703685B6991
:1039A0009249984703685B693146984703685B69A9
:1039B0008F499847012384F854300A2002F082FC92
:1039C00008E1032380F854300025C0F8F450C0F813
:1039D000E850C0F8EC50C0F8F050C0F8C050C0F843
:1039E000B450C0F8B850C0F8BC500A2002F06AFCCD
:1039F000F0E0D0F800314B221A70D0F800210223F9
:103A000053700268D56BD0F80421D0F80011A84794
:103A10000546042384F85430DCE0D0F80031AE22AF
:103A20001A70D0F8002100235370D0F80021937051
:103A30000368DD6B0323D0F80421D0F80011A847F8
:103A40000546D4F8041123689B6B01312046984742
:103A500080B2A4F8FE00431E9BB2B3F59F7F03D84B
:103A6000052384F85430B5E0B0F5A07FC0F0B280F3
:103A7000032384F85430ADE0D0F80031B0221A703E
:103A8000B0F8FE300268D56B0133D0F80421D0F8CD
:103A90000011A8470546D4F80411B4F8FE200131FE
:103AA0002046FFF745FED4F8C030002B10DCD4F8D8
:103AB000F430002B4CDC636C33B1A36CD4F8F820E9
:103AC0005A60636CA06C9847042384F8543081E0FA
:103AD000012104F19000FCF733FBD4ED2D7AB8EE10
:103AE000E77AD4ED307AF8EEE77AC7EE276AC4EDCC
:103AF000166A94ED2E7AB8EEC77AC7EE276AC4ED3F
:103B0000176A94ED2F7AB8EEC77AC7EE276AC4ED2C
:103B1000186A94ED297A67EE877AC4ED197AD4EDA4
:103B2000277AF8EEE77AC4ED1A7AD4F8C030236722
:103B3000636B1BB104F15801A06B98470023C4F8D4
:103B4000C030C4F8B430C4F8B830C4F8BC30AEE704
:103B5000012104F1C400FCF7F3FAD4ED3A7AB8EE8F
:103B6000E77AD4ED3D7AF8EEE77AC7EE276AC4ED3E
:103B70001D6A94ED3B7AB8EEC77AC7EE276AC4EDAA
:103B80001E6A94ED3C7AB8EEC77AC7EE276AC4ED98
:103B90001F6A94ED367A67EE877AC4ED207AD4ED09
:103BA000347AF8EEE77AC4ED217AD4F8F430C4F828
:103BB0008C30E36B1BB104F17401206C9847002337
:103BC000C4F8F430C4F8E830C4F8EC30C4F8F0308D
:103BD00071E707252846F8BD0725FBE70025F9E72B
:103BE000D0080120B0F8020860F702085CFF020864
:103BF0008C01030808B50068FFF7A6FE08BD0A8817
:103C0000D3B258400301DBB280EA030C60460302E2
:103C100043EA12231BB283EACC0383EA1C130B8012
:103C2000704730B583B004464FF6FF73ADF80630E9
:103C300006E00DF1060114F8010BFFF7E0FF29463D
:103C40004B1E9DB20029F4D1BDF8060003B030BD73
:103C500070B506460C4605E0314614F8010BFFF737
:103C6000CEFF2A46531E9DB2002AF5D170BD00003A
:103C70002DE9F04FC9B081460C46D0F808A0D0F825
:103C80000CB00369019341698369C2690292026AB7
:103C90000392426A0492002005E054F8202008AD07
:103CA00045F8202001300F28F7DD102022E0821E89
:103CB00008AC54F822404FEAF44282EA744282EAA5
:103CC0009422C41F08AD55F824402244A0F10F04EB
:103CD00055F824504FEAB54484EAF51484EAD50433
:103CE0002244A0F1100408AD55F82440224445F8C0
:103CF000202001303F28DADDDDF810E0039E029F2E
:103D00001A468846019C5D46D4460020CDF814A092
:103D1000CDF818B0079130E04FEAF22181EAB211F4
:103D200081EA7261714402EA070E26EA020A8EEA0B
:103D30000A0E8E44244951F820100EEB010A08A9FE
:103D400051F820108A444FEA7C3E8EEABC0E8EEA7F
:103D5000BC5E85EA040101EA0C0105EA040B81EA74
:103D60000B0171440130B6463E46174608EB0A0285
:103D7000A0462C4665460AEB010C3F28CCDDDDF859
:103D800014A0DDF818B007990CEB0A00C9F8080078
:103D90005D44C9F80C5001980444C9F810404144EE
:103DA000C9F814101A44C9F81820029B1F44C9F816
:103DB0001C70039B1E44C9F82060049B7344C9F81F
:103DC000243049B0BDE8F08FE04A030800B54FF455
:103DD000A27C4FF0000EE64520D20EEB0C0301331F
:103DE0005A0823F0010101EB53030E4951F8233027
:103DF00083420ED883420FD302EB4203094951F8A4
:103E0000233083420CD102EB420201EB82005DF8C9
:103E100004FB02F1FF3CDEE79646DCE77246EBE787
:103E20000020F4E7A43B03080720704790F8340013
:103E3000704730B4D0F87849312C02D90024C0F84A
:103E40007849D0F87849651CC0F8785904EB840C9F
:103E500000EBCC0CCCF8A82101228CF8B421CCF8D2
:103E6000C431CCF8C811002030BC704700F6BC202B
:103E70000FE0006848B14368002BFAD01C688C4200
:103E8000F7D19B699342F4D101205DF8044B704750
:103E9000006820B14368002BFAD010B4EEE77047F9
:103EA00000F5CE700FE0006848B14368002BFAD0EF
:103EB0001C688C42F7D1DB699342F4D101205DF894
:103EC000044B7047006820B14368002BFAD010B44F
:103ED000EEE7704710B400F6BC20002401E0006853
:103EE000013440B14368002BF9D01B688B42F6D1F6
:103EF0001460002000E007205DF8044B704710B408
:103F000000F5CE70002401E00068013440B1436840
:103F1000002BF9D01B688B42F6D11460002000E022
:103F200007205DF8044B70472C3000E0006858B162
:103F30004368002BFAD093F801C09445F6D11B7862
:103F40008B42F3D10120704770472DE9F04190B0CA
:103F500080460F461646056805EBC2030360AB4278
:103F600002D2436801334360C5F3C5050BE008F195
:103F7000280022463946284409F062FC254427449B
:103F8000361B402D06D036B3C5F14004A642EED212
:103F90003446ECE708F12802002314E002EB830E1C
:103FA0000DEB830C9EF803100DF823109EF8021001
:103FB0008CF801109EF801108CF8021012F82310F2
:103FC0008CF8031001330F2BE8DD69464046FFF7FC
:103FD0004FFE0025D7E710B0BDE8F081F0B593B0F3
:103FE00005460E460468E408C4F1770404F03F0473
:103FF00080238DF80030472200210DF1010009F0E7
:104000002BFF2B6804F150026A4402F8483C190A5D
:1040100004F14F026A4402F8481C190C04F14E02E4
:104020006A4402F8481C1B0E04F14D026A4402F86F
:10403000483C6B6804F14C026A4402F8483C190A97
:1040400004F14B026A4402F8481C190C04F14A02BC
:104050006A4402F8481C1B0E04F149020DEB0207EA
:1040600007F8483C04F1090269462846FFF76DFF4E
:10407000EB7A3370AB7A73706B7AB3702B7AF37020
:10408000EB7B3371AB7B737113B0F0BD002858D05C
:1040900070B59CB00C4616461D460146007810F0DF
:1040A000010001D11CB070BD4A78234603F8012BF2
:1040B00091ED027B8DED007B0098C4F80100BDF806
:1040C00004209A808B68CA68013342F100028B6039
:1040D000CA600023029303931B4B04931B4B05936D
:1040E0001B4B06931B4B07931B4B08931B4B0993CE
:1040F0001B4B0A9303F17453A3F52303A3F69243D6
:104100000B932022103102A8FFF71FFF2A463146E9
:1041100002A8FFF71AFF9DF88420209902A8FFF754
:1041200014FF0222229902A8FFF70FFF072221465F
:1041300002A8FFF70AFFE11D02A8FFF74FFF0D20BD
:10414000B0E70020704700BF67E6096A85AE67BB2D
:1041500072F36E3C3AF54FA57F520E518C68059B69
:10416000ABD9831F2DE9F04788B004461E469DF861
:1041700040C01B7B13F0020308D1306998B100786E
:1041800010F0010F12D100273D4601E000273D4607
:104190007BB1FE20A0704FF00608E3B904F10C0ECD
:1041A0009DF844C00EE000273D46F1E701270D25AC
:1041B000EEE7FD20A0704FF00A08EEE70CF1FF3C9F
:1041C0005FFA8CFCBCF1010F05D90EEB0C0010F866
:1041D000010C0028F2D084F803C0E17122720022A1
:1041E00022710FB10122227100226271B279A27193
:1041F0000132B271A2788DF81420E2788DF8152082
:10420000002B3BD0A3798DF81630E3798DF8173069
:10421000237A8DF81830637A8DF81930C24608F188
:10422000FF3189B20DF11500FFF7FBFCADF812006C
:1042300004F10C09E27849460DF11200FFF708FD80
:104240000DF112019DF84800FFF7D9FCE378BDF8A5
:10425000122009F80320BDF81220110AE378013377
:1042600009F80310228047BBE3789A4405EB0A0063
:1042700080B2023080B208B0BDE8F08723798DF8B3
:10428000163063798DF81730A3798DF81830E379FB
:104290008DF81930237A8DF81A30637AA27A43EABE
:1042A0000223E27A43EA02438DF81B301A128DF89A
:1042B0001C201B148DF81D30B0E7E37809EB0302D6
:1042C00002920193CDF80090434605AA04F58B7144
:1042D0003069FFF7DBFEC7E730B589B004460D460D
:1042E0009C460F9B05939DF830308DF818309DF853
:1042F00034308DF819309DF838308DF81A309DF82B
:1043000040308DF81B3003238DF81C300DF1140E56
:10431000BEE80300CCF80C00CCF810109EF800307A
:104320008CF8143000238CF809308CF80A308CF8A3
:104330000B3002EB420232230293092301930093D4
:10434000044B03EBC2032A4621466046FFF70AFFEF
:1043500009B030BDBC1B0120F0B587B00C9C25799D
:104360006679A779D4F800C0E4790494CDF80CC03C
:10437000029701960095FFF7AFFF07B0F0BD08B5B3
:1043800003460846DA780021016041600172092A7B
:1043900028BF092203F10C0109F052FA08BD000000
:1043A000002800F0DA802DE9F043A1B00C46154654
:1043B000064602F1020902F58B7802F21D1700236E
:1043C00006930793664B0893664B0993664B0A93D3
:1043D000664B0B93664B0C93664B0D93664B0E939B
:1043E00003F17453A3F52303A3F692430F93202202
:1043F00000F1100106A8FFF7A8FD0A22494606A809
:10440000FFF7A3FDEA7805F10C0106A8FFF79DFD73
:10441000022205F58A7106A8FFF797FD072241469B
:1044200006A8FFF792FD04A906A8FFF7D7FD06220C
:10443000394604A809F000FD30B1022386F8343073
:10444000002021B0BDE8F08395F81671002200230A
:10445000CDE9022305F2171ED5F817010290B5F831
:104460001B31ADF80C300CB1002306E0032386F8B5
:1044700034300020E5E701339BB222889A4215D9F7
:1044800095F807C003EBC3002044C1788C45F2D1F6
:10449000287A03EBC301214409798842EBD103EB6D
:1044A000C308A04498F80210B942E4D19A4223D13B
:1044B0000F2A17D80299314811EB000C039840F1EC
:1044C0000008B068F168844578EB01000FD3E87903
:1044D00003EBC3012144C870287A08718F70013240
:1044E00022801DE0042386F834300020A9E705234C
:1044F00086F834300020A4E700200021CDE9000137
:1045000003EBC3022244D2F805000090B2F8092060
:10451000ADF80420029A90420399019A8A4117D279
:1045200003EBC3031C44D5F81731C4F80530BEF8BB
:104530000430A4F809300299039AB068F3688842FD
:10454000934101D2B160F260012086F8340078E72F
:10455000062386F83430002073E70120704700BF3F
:1045600067E6096A85AE67BB72F36E3C3AF54FA504
:104570007F520E518C68059BABD9831F808D5B00E9
:104580002DE9F04383B005460C4690461F460A9E2F
:1045900000230B70CB78102B7CD8DFE813F01100D0
:1045A0001100350051006C009A00AA00BA00CA0040
:1045B000E90006012801420175017501B201B2014D
:1045C000B8F1FD0F11D0B8F1FE0F63D10223CB700B
:1045D0000023C37080F802800B7B43F001030B7350
:1045E0004FF0FF330370437054E00223CB7000237D
:1045F000C37080F802800B7B23F001030B734FF034
:10460000FF330370437045E080F8038000230B7193
:104610000388ADF806300DF106014046FFF7EFFACA
:10462000BDF806302B80237B13F0010F05D000234B
:104630002B716B710523E3702CE00323E37029E0F9
:1046400080F80480B8F1010F07D98B7801338B70A3
:1046500000230B700123CB701CE00388ADF80630FB
:104660000DF106014046FFF7CAFABDF806302B806F
:104670000423E3700EE080F805800388ADF806306F
:104680000DF106014046FFF7BAFABDF806302B805F
:104690000523E3702378012B00F06F810FB1EB78D5
:1046A000FB7066B1E378F37023793371637901337A
:1046B000737123893381A3787381237B3373002340
:1046C000A3702378022B00F06181207803B0BDE84D
:1046D000F08380F806800388ADF806300DF10601FE
:1046E0004046FFF78CFABDF806302B800623E370B6
:1046F000D0E780F807800388ADF806300DF1060199
:104700004046FFF77CFABDF806302B800723E370A4
:10471000C0E780F808800388ADF806300DF1060187
:104720004046FFF76CFABDF806302B800823E37093
:10473000B0E780F8098000238372C3720388ADF864
:1047400006300DF106014046FFF759FABDF8063074
:104750002B80237B13F0010F07D0EB7813B10B23D1
:10476000E37097E70C23E37094E70923E37091E784
:10477000437A827A43EA0223C27A43EA024343EA53
:1047800008224372C2F307238372120CC272038899
:10479000ADF806300DF106014046FFF730FABDF8DE
:1047A00006302B800A23E37074E7437A827A43EA67
:1047B0000223C27A43EA024343EA08424372C3F344
:1047C00007238372130CC3720388ADF806300DF112
:1047D00006014046FFF713FABDF806302B80EB7850
:1047E00013B10B23E37055E70C23E37052E700F19C
:1047F0000C030A79511C217103F802800388ADF87B
:1048000006300DF106014046FFF7F9F9BDF8063014
:104810002B802279EB789A427FF43CAF0C23E37033
:1048200038E7437A827A43EA0223C07A43EA0040B7
:10483000FFF7CCFA8146F8B100792B88ADF8063045
:104840000DF10601FFF7DBF9BDF806302B80DBB276
:10485000984516D00E23E37085F81481237999F8D2
:1048600006209342BFF416AF05F10C00D21A0021C6
:10487000184409F0F1FA0DE70E23E37085F814816E
:1048800008E70D23E370E7E70E2B03D00388B8EBAE
:10489000132F11D00223237085F815812B7913F083
:1048A000010F0FD02378022B09D00F23E3700023D0
:1048B00023700D236373EDE601230B70ECE71023E7
:1048C000E370F6E7236983B11A6B4AB16B7AA97A70
:1048D00043EA0123E97A43EA01412046904720B99F
:1048E0002378022B01D0032323700123E370002FD0
:1048F0003FF4D0AE40F223122946384608F0A0FF1C
:10490000C8E64B7BC3F10D03034483F816814B7B50
:10491000013BDBB24B73002B7FF4BCAE024649690E
:104920002069FFF73DFD804668B923691B6B53B1D1
:104930006A7AA97A42EA0122E97A42EA01412046EA
:10494000984700B18046E378102B05D0B8F1000FEE
:1049500010D00123237001E0022323700123E370B0
:10496000002F3FF497AE40F223122946384608F054
:1049700067FF8FE603232370F0E7AB796371238928
:104980000BB9002262810133238187E6002F3FF4B7
:104990009CAE95F8143195F8152143EA02233B802B
:1049A00093E6000030B583B004460D4600EB4000AE
:1049B000009313460A461A4901EBC00140F2231C3A
:1049C00018480CFB0400FFF7DBFD831EDBB2012B54
:1049D00001D903B030BD124904EB4403D80001EB08
:1049E000C3039A7801329A7000220A540122DA70C5
:1049F000FD2D01D00020ECE704EB440201EBC203E3
:104A00000222DA70074940F2231303FB04F40B1966
:104A10000022DA704FF0FF320A555A70EAE700BF01
:104A2000BC1B0120E814012010B504468166C36E4A
:104A300023B1E268E36E1A60204610BD082001F041
:104A400009FCE066F5E710B504460166436E23B144
:104A5000E268636E1A60204610BD082001F0FAFB80
:104A60006066F5E710B504468165C36D23B1E26861
:104A7000E36D1A60204610BD042001F0EBFBE065F9
:104A8000F5E710B504460165436D23B1E268636D37
:104A90001A60204610BD082001F0DCFB6065F5E7D8
:104AA00010B504468164C36C23B1E268E36C1A60FC
:104AB000204610BD082001F0CDFBE064F5E710B5FD
:104AC00004460164436C0BB1204610BD082001F080
:104AD000C1FB6064F8E710B504468163C36B23B182
:104AE0002269E36B1A60204610BD082001F0B2FB7A
:104AF000E063F5E770B586B08368002B63D00446A9
:104B00004368002B5FD0036B002B7DD0436A062BDC
:104B100000F29A80037E002B40F0C280836A13B9B2
:104B20004FF48073836263690BB918236361A06AD1
:104B300001F090FB206700256567211D04F6CC205D
:104B400001F0DFFD84F8F05A6369C4F8D43A4FF4F9
:104B50008053C4F8D83AC4F8DC4A6423C4F8E03A75
:104B6000794BC4F8E43A04F6C42001F0C5FC84F89B
:104B7000385B012384F84C3BC4F87C59C4F878595D
:104B8000724D2B685B6A7249284698472B689E696C
:104B9000FBF7EEFA01462846B0476E4D03685B69A5
:104BA0002946984703685B696B49984703685B69C6
:104BB00029469847054661680491A26805920368F2
:104BC0001B6A984798E0614C23685B6A63492046FA
:104BD000984723689D69FBF7CBFA01462046A84712
:104BE0005C4C03685B692146984703685B695A49D6
:104BF000984703685B692146984703685B69584991
:104C00009847072006B070BD504C23685B6A534933
:104C10002046984723689D69FBF7AAFA014620467B
:104C2000A8474C4C03685B692146984703685B6959
:104C30004949984703685B692146984703685B695F
:104C4000484998470720DDE7404D2B685B6A434998
:104C5000284698472B689E69FBF78AFA0146284642
:104C6000B0473C4D03685B692946984703685B6918
:104C70003949984703685B69294698470546616842
:104C80000091A268019203681B6A98472B685B69D0
:104C90003549284698470023009301930120B1E746
:104CA0002A4D2B685B6A2D49284698472B689E69D8
:104CB000FBF75EFA01462846B047264D03685B695C
:104CC0002946984703685B692349984703685B69ED
:104CD00029469847054661680291A26803920368D5
:104CE0001B6A98472B685B69204928469847002330
:104CF00002930393052085E72B685B691C492846CE
:104D0000984703689B69616A984703685B6919491A
:104D1000984703689B69A16A984703685B691649CD
:104D200098470020049005906CE7002300930193BE
:104D300006F0B0FE00230293039306F0ABFE0023BF
:104D40000493059306F0A6FEF5550208D00801204D
:104D5000B0F8020860F70208A001030814F702087F
:104D600078FF0208B4010308D4010308EC0103082A
:104D7000F8010308040203081802030870B586B09E
:104D80008368002B35D004464368002B31D0436A3A
:104D9000062B4FD8037E002B78D000F6C42001F0FC
:104DA000F2FB206F01F062FA00232376614D2B683D
:104DB0005B6A6149284698472B689E69FBF7D8F9DA
:104DC00001462846B0475D4D03685B692946984710
:104DD00003685B695A49984703685B6929469847A5
:104DE000054661680491A268059203681B6A9847AA
:104DF00078E0504C23685B6A524920469847236804
:104E00009D69FBF7B5F901462046A8474B4C03685E
:104E10005B692146984703685B694949984703687D
:104E20005B692146984703685B69474998470720B3
:104E300006B070BD3F4D2B685B6A424928469847D3
:104E40002B689E69FBF794F901462846B0473B4D15
:104E500003685B692946984703685B693849984746
:104E600003685B6929469847054661680091A26816
:104E7000019203681B6A98472B685B69334928468F
:104E800098470023009301930120D1E7294D2B6817
:104E90005B6A2C49284698472B689E69FBF768F99E
:104EA00001462846B047254D03685B692946984767
:104EB00003685B692249984703685B6929469847FC
:104EC000054661680291A268039203681B6A9847CD
:104ED0002B685B691E492846984700230293039379
:104EE0000520A5E72B685B691A492846984703689F
:104EF0009B69616A984703685B691749984703682B
:104F00009B69A16A984703685B6914499847002028
:104F1000049005908CE700230093019306F0BAFDFE
:104F200000230293039306F0B5FD00230493059339
:104F300006F0B0FDD0080120B0F8020860F70208C2
:104F4000A001030814F7020828020308D40103088B
:104F500050020308F8010308040203085C02030876
:104F6000F8B504460F46164603681B6E984790B97D
:104F7000022001F06FF9054607704670014604F102
:104F80002C0001F091FB044608B92046F8BD2846E4
:104F900001F06CF9F9E70524F7E72DE9F041054642
:104FA000884617461E4603681B6D324639469847A9
:104FB000B8B9242001F04EF90446076001230373B9
:104FC0008661C0F81C80014605F6BC2001F06CFB30
:104FD000054610B92846BDE8F081204601F046F9A3
:104FE000F8E70525F6E72DE9F0410546884617461E
:104FF0001E4603685B6D324639469847C8B928207B
:1050000001F028F90446076001230373C661069B7B
:105010008361C0F82080014605F5CE7001F044FBA5
:10502000054610B92846BDE8F081204601F01EF97A
:10503000F8E70525F6E710B582B004460023019392
:1050400003689B6D01AA984708B102B010BD019991
:1050500004F6BC2001F007FBF7E710B582B0044668
:10506000002301930368DB6D01AA984708B102B0E1
:1050700010BD019904F5CE7001F0F5FAF7E70000D4
:1050800010B504461B4B0360012343760023C36124
:105090000362436203674367836280F8343083634B
:1050A000C363036443648364C364036543658365C6
:1050B000C365036643668366C36680F87F30C0F8C5
:1050C000A031C0F8A431C0F8A831C0F87839C0F8D0
:1050D0007C3980F8873980F8A43AC0F8C03AC0F823
:1050E000D43A00F6C420F6F7F3FA2046FCF762FB48
:1050F000204610BDD43A030810B50446FFF7C0FFA0
:105100004FF43361204606F0A3FB204610BD00009B
:1051100010B50446024B0360FFF7B2FF204610BDF6
:10512000403B030810B50446054B0360FFF7A8FF9A
:1051300040F65831204606F08BFB204610BD00BFDC
:10514000403B030870B50D4600F6BC200AE0012183
:10515000201DFAF7F5FF2062294604F11C00B04734
:1051600014E0006888B14468002CFAD022686B7A99
:10517000A97A43EA0123E97A43EA01439A42F0D14A
:10518000A669002EE3D1072000E0072070BD10B50E
:1051900000F5CE74072000E0246844B16368002B5A
:1051A000FAD00021181DFAF795FF0020F4E710BD92
:1051B00070B5D0F87829D0F87C399A4248D00446A6
:1051C000312B02D90023C0F87C39D4F87C5905EB87
:1051D000850304EBC303D3F8C431002B3BD005EBAC
:1051E0008500C00000F5E47004F178012044984780
:1051F0000646C0B9636F05EB850504EBC505D5F818
:10520000CC219D18A16AA94205D8D4F87C39013374
:10521000C4F87C391DE0206F04F17A01184408F0CD
:105220000FFB6567F1E7022813D1636F05EB850576
:1052300004EBC505D5F8CC219D18A16AA94208D96F
:10524000206F04F17A01184408F0FAFA656700E06B
:105250000026304670BD0026FBE72DE9F0410446EC
:1052600000F5CE73C0F8A431072704E0D4F8A431C8
:105270001B68C4F8A431D4F8A4314BB35D68002D89
:10528000F4D0EB69002BF1D02E1DA9693046FAF756
:1052900041FF0028EAD0D5F81C8000213046FAF7FB
:1052A00019FF04F1780105F12000C04706460028E7
:1052B000DCD1636F6A6A9D18A16AA942D6D9206FB2
:1052C00004F17A01184408F0BBFA65673746CDE768
:1052D0003846BDE8F08100002DE9F04387B0044670
:1052E00000F6443728493846FAF714FF002847D01B
:1052F00004F12C0502E0002025E02D68002D3FD0B0
:105300006E68002EF9D0002103910491059196F862
:10531000008096F801903846FAF7DCFEA36E002B69
:10532000E9D0E268E36E1A60E36E72785A71E36E58
:1053300032781A71A36E03A9E06E9847E36E93F872
:10534000048093F805900028D7D103AB009304F1B3
:10535000780394F8242049464046FEF7FDFF0646B0
:10536000636F1918A26A9142C7D2206F324604F1C6
:105370007A01184408F064FA636F33446367BCE74A
:10538000022007B0BDE8F08340420F0070B584B042
:1053900004460AE0637E012B20D0042384F83430D5
:1053A000642104F6C42001F09DF894F83430072BF2
:1053B00000F2FF8001A252F823F000BF95530208CB
:1053C000EF5302081554020857540208F754020814
:1053D0002155020897550208A55502087D4904F693
:1053E0004430FAF777FE022384F83430D8E70023FC
:1053F0006367784904F64430FAF76CFE2046FFF7FD
:10540000C6FE032384F834300A2104F6C42001F0D8
:1054100069F8CAE72046FFF75FFF636F4BB1A26BE5
:105420002AB1E26B5360A36B216FE06B98470023B6
:1054300063674FF4FA72012104F6C42001F0D0F83A
:105440000128B2D1002363672046FFF7A0FE0323A3
:1054500084F83430A9E72046FFF73EFF2046FFF7E7
:10546000A7FE2046FFF7F9FE636F4BB1A26B2AB18E
:10547000E26B5360A36B216FE06B98470023636777
:1054800040F6B83104F53360FAF72EFE00282CD030
:10549000514D2B685B6A5149284698472B689E6995
:1054A000FAF766FE01462846B0474D4D03685B6932
:1054B0002946984703685B694A49984703685B69CE
:1054C00029469847054661680091A26801920368E1
:1054D0001B6A98472B685B69434928469847002315
:1054E00000930193042384F83430012104F6C4208E
:1054F00000F0F8FF59E7637E012B03D1022384F803
:10550000343052E740F6B832012104F6C42001F0ED
:1055100067F801287FF449AF052384F8343044E765
:1055200040F6B832012104F6C42001F059F80128F0
:1055300003D0042384F8343037E7274D2B685B6AA7
:105540002A49284698472B689E69FAF711FE0146BA
:105550002846B047224D03685B692946984703688F
:105560005B692049984703685B6929469847054667
:1055700061680291A268039203681B6A98472B68CE
:105580005B691B4928469847002302930393012334
:1055900084F8343009E740F6B83104F6C42000F04E
:1055A000A1FF02E740F6B83104F6C42000F09AFFEC
:1055B000FBE640F6B83104F6C42000F093FFF4E6B1
:1055C00000230093019306F065FA002302930393EE
:1055D00006F060FA40420F00D0080120E4FA020809
:1055E00060F70208A00103086C020308B0F8020883
:1055F0008002030808B5FFF7C9FE30B585B0044640
:10560000002501950295039501A900F51860FEF7A4
:10561000B6FE294604F53360FAF75CFD236E03B34A
:10562000E268636E1A60636E94F887291A71636E7C
:1056300094F888295A71236E01A9606E984705462F
:1056400060B994F83420131FDBB2012B01D9022A70
:1056500004D1012104F6C42000F0BDFF284605B0A6
:1056600030BD0025EDE770B5044600F5186600F67C
:10567000A423324690F82400FFF794F9C8B1D4F877
:1056800088391B0A04D12046FFF7B7FF022511E035
:1056900031462046FFF756FD054607280AD1A36D7F
:1056A00043B1E268E36D1A60A36D3146E06D98473F
:1056B00000E00225284670BD08B5FFF7D4FF08BDFD
:1056C000054A0260054A026000228260C260044905
:1056D00001600271704700BFE84B030858220308BD
:1056E0009C1103080B68036070470B6803607047E8
:1056F0007047000038B504460E4B03600025C561B5
:10570000056245628562C5620564456400F59A508C
:105710001030F6F7ADFF084B2365084B2365A565F0
:10572000E565074B236584F854502046FCF742F8A2
:10573000204638BD044C0308E84B030858220308F0
:105740009C11030810B50446074B0360074B036028
:1057500000238360C360064A026003714FF49851CE
:1057600006F076F8204610BDE84B030858220308DF
:105770009C11030810B50446FFF7BCFF41F67851B1
:10578000204606F065F8204610BDC3685BB110B531
:10579000044683684BB103794BB14069F4F780FC50
:1057A00038B9207102E004207047042010BD0520A4
:1057B000FCE70120FAE7C368F3B110B5044683683B
:1057C000E3B10279E2B940202061A36104F1300322
:1057D00023625023636204F18003A3624FF4945365
:1057E000E36204F118024A21F4F735FB606148B125
:1057F00001232371002010BD042070470420FAE724
:105800000520F8E70120F6E770B584B00446037E72
:10581000002B37D0C06A38B103681B69984718B1AC
:10582000E06A0368DB68984704F59A501030F6F791
:10583000FFFE04F15000FFF7A8FF00232376314D4F
:105840002B685B6A3049284698472B689E69FAF7AF
:105850008FFC01462846B0472C4D03685B692946FA
:10586000984703685B692A49984703685B6929463A
:105870009847054661680291A268039203681B6A13
:1058800098472BE01F4D2B685B6A224928469847B2
:105890002B689E69FAF76CFC01462846B0471B4D01
:1058A00003685B692946984703685B69184998470C
:1058B00003685B6929469847054661680091A268BC
:1058C000019203681B6A98472B685B691249284656
:1058D0009847002300930193052007E02B685B693C
:1058E0000E492846984700200290039004B070BDEE
:1058F00000230093019306F0CDF800230293039355
:1059000006F0C8F8D0080120B0F8020860F70208D5
:105910009002030814F70208A4FF0208B0FF02086F
:105920000368002B3CD030B583B004460D4600F030
:10593000FEFB10B9012003B030BD00F0F1FBE0B96F
:10594000EB0E6901491B63F100039B0043EA91736D
:105950008900491943F10003DD004FF47A720023F6
:10596000C80045EA5171DAF767FC01462068EFF795
:1059700099FD003818BF0120DDE70021019101AA3F
:105980002068EFF769FE003818BF0120019B002B4B
:10599000D1D04FF0E0234FF08052C3F8042DCAE776
:1059A0000020704710B504460A4B03600021416097
:1059B0008160C1600161043000F0B6FE04E00023A4
:1059C0006360A36006F066F80023636123762046D7
:1059D00010BD00BF2839030810B50446FFF7E2FFE9
:1059E0002E4B23600021E161216200236362A362E8
:1059F000E362236384F854102167E3666366A36659
:105A0000A365E3652366C4F88C10C4F88830C4F835
:105A10008030C4F884306367A367E367C4F8C010BC
:105A2000C4F8A43004F19000FAF754FB0021C4F844
:105A3000A810C4F8B410C4F8AC10C4F8B810C4F876
:105A4000B010C4F8BC10C4F8F4100023C4F8D83067
:105A500004F1C400FAF73EFB04E02046FBF7AAFE7F
:105A600006F018F80023C4F8DC30C4F8E830C4F8B5
:105A7000E030C4F8EC30C4F8E430C4F8F030002270
:105A8000C4F8F82084F8FC30E36323646363A36301
:105A90006364A364E3642365204610BD7C39030876
:105AA00010B50446FFF798FF0A4B2360012384F8E2
:105AB000FD300023C4F80031C4F8043184F8083103
:105AC000A4F8FE300022C4F81021C4F80C3120469E
:105AD00010BD00BFE03903082DE9F04186B004464F
:105AE000037E002B29D1814B18605030FFF763FEF5
:105AF00000285BD07E4D2B685B6A7E49284698471C
:105B00002B689E69FAF734FB01462846B0477A4D68
:105B100003685B692946984703685B69774998473A
:105B200003685B6929469847054661680291A26847
:105B3000039203681B6A98472EE06D4D2B685B6AE1
:105B40006C49284698472B689E69FAF711FB014675
:105B50002846B047684D03685B6929469847036843
:105B60005B696649984703685B692946984705461B
:105B700061680091A268019203681B6A98472B68CC
:105B80005B695F49284698470023009301930525E8
:105B9000284606B0BDE8F0812B685B695949284664
:105BA00098470023029303930125F1E704F59A50E7
:105BB0001030F6F755FC0546002855D1236A002B16
:105BC0004FD0636A002B4CD0E36A002B78D0E36A95
:105BD000226A1A62E36A626ADA61E36A4FF081421A
:105BE000DA62E26A484B1363E26A5362E26A9362E2
:105BF000E06A4649043000F097FDE06A03681B6ADA
:105C000043499847E06A03689B689847074600281D
:105C100000F08E80364E33685B6A364930469847CE
:105C20003368D3F81880FAF7A3FA01463046C04724
:105C3000314E03685B693146984703685B692F49B9
:105C4000984703685B693146984703685B69314947
:105C5000984703689B693946984703685B692E49F2
:105C600098470123237693E7214D2B685B6A2149EE
:105C7000284698472B689E69FAF77AFA0146284623
:105C8000B0471D4D03685B692946984703685B6907
:105C90001A49984703685B69294698470546616831
:105CA0000491A268059203681B6A98472B685B6998
:105CB0001A4928469847002304930593012567E76E
:105CC000174B1B6813F0010F02D0164BE3627EE7FF
:105CD000144E3046FFF7E4FE114B01221A60124ABF
:105CE0001249304605F03CFDEFE700BF641D01207E
:105CF000D008012014F7020860F702089002030898
:105D000080010308A002030800007A445CFF020837
:105D1000D95E0208CC02030810F70208B802030893
:105D20004C1C0120501C012000000020F129020819
:105D30001D4E33685B6A1D493046984733689F693A
:105D4000FAF716FA01463046B847194E03685B6900
:105D50003146984703685B691649984703685B6951
:105D60003146984703685B691349984706460368BC
:105D70009F69E06A03685B6B984701463046B84705
:105D800003685B690D4998476BE700230093019313
:105D900005F080FE00230293039305F07BFE0023B1
:105DA0000493059305F076FED0080120B0F80208B0
:105DB00060F7020890020308F002030810F70208D7
:105DC00001624262002070478446002318468B42DD
:105DD0000CD210B41CF803204240054CA05C0133E7
:105DE000DBB28B42F6D35DF8044B7047704700BFBF
:105DF000284C030810B50446104B036000230371C0
:105E00000F4A02608360C36003610E4A026043610F
:105E10008361C361036243628362C362083000F03E
:105E200083FC09E0064B23600023A360E360034A80
:105E30002260237105F02EFE204610BD9C11030840
:105E400058220308E84B030808B503792BB1002357
:105E50001A464069F4F772F808BD4FF0FF30FBE7CF
:105E600070B594B01C46037E9BB305461646402C85
:105E700000D940245A238DF80430A5238DF805302D
:105E80008DF806108DF80740DFF7ACFF4FF47A73FA
:105E900003FB00F002902CB126B12246314603A844
:105EA00007F0CEFC04F10806F1B201A8FFF78CFF61
:105EB00004F158030DEB030606F84C0C09348DF879
:105EC0004D4001A905F15000FFF7BEFF002014B0BE
:105ED00070BD0720FBE700003D4B1B68002B74D012
:105EE00070B588B0044600284BD0037D002B4BD101
:105EF000374E3268536C591C51640193DFF772FFBF
:105F00004FF47A7505FB00F00290B4F90430ADF857
:105F10000C30B4F90630ADF80E30B4F90830ADF8F5
:105F20001030B4F90A30ADF81230B4F90C30ADF8D5
:105F30001430B4F90E30ADF8163094F910308DF8F5
:105F40001830637C8DF81930638AADF81A303068E8
:105F5000836C07931C2301AA8021FFF781FF31681E
:105F60000A6B01320A631B4BA3FB02039B0905FB6F
:105F7000132333B90B634B634FF6FF720A874B87CA
:105F8000CB63002008B070BDDFF72CFF104B1B68FF
:105F9000DA6C1AB1821AB2F57A7F12D901229A64A8
:105FA000D8645A6B01325A63628A198F914200D9C0
:105FB0001A87598F914200D25A87D96B1144D963FD
:105FC00096E79A6C01329A64EAE70020704700BFB6
:105FD000641D0120D34D621008B51346027922B129
:105FE00000224069F4F704F808BD4FF0FF30FBE7EA
:105FF00010B594B0044605E003689B6A9DF84D20F7
:1060000001A998474FF0FF3201A904F15000FFF7B2
:10601000E3FF0028F6D1E0690028F3D0A36A002B43
:10602000EAD01A68002AE7D002211846FFF778FC68
:1060300018B9236C01332364E4E7E06903689B6AC1
:106040009DF84D2001A99847A06AF9F7B2FDD9E75C
:1060500008B50068FFF7CCFF08B5FFF7F9FF0000AF
:10606000F0B593B004460F461646FFF79BFC244B51
:1060700023600023E362236363634FF6FF7222878A
:106080006387E3631F4904F15000FFF7B3FE04F593
:106090009A5510351C4B009302941C4B6A461821EC
:1060A0002846F7F793F8009BDB6802A89847E7615A
:1060B000002323626362A662E3622364636414497B
:1060C000201D00F031FB18E0009BDB6802A8984718
:1060D000104B2365104B23650023A365E3650F4A2E
:1060E000226584F854302046FBF764FB05F0D2FCAF
:1060F0002846F6F7BDFAEBE7F5E7204613B0F0BD0A
:10610000044C030814030308184C03081C03030879
:1061100090020308E84B0308582203089C11030867
:1061200008B5F3F7DFF8003818BF012008BD08B53F
:10613000F1F726FD022814BF0020012008BD10B58C
:106140000446FFF7EDFF58B9A06858B1EFF74EFDD0
:106150000023A360E06838B1EFF7F0FA002010BD2B
:106160000220FCE70720FAE70020F8E72DE9F041DC
:1061700082B01D4683686BB304460F461646FFF790
:10618000CFFFA0B904F10C08CDF800804046F9F724
:10619000E7FC2B4632463946A068EFF779FD84B21A
:1061A0004046F9F706FD204602B0BDE8F081002325
:1061B000019301AB32463946A068EFF71EFE84B268
:1061C000019B002BEFD04FF0E0234FF08052C3F83B
:1061D000042DE8E70024E6E74046F9F7EAFC05F07D
:1061E00059FCF0B583B01E4683680BB304460F46D6
:1061F0001546FFF795FF40B933462A463946A06851
:10620000EFF794FE80B203B0F0BD0023019301AB21
:106210002A463946A068EFF71AFF80B2019B002B8F
:10622000F1D04FF0E0234FF08052C3F8042DEAE79D
:106230000020E8E708B5FFF799FF08BD08B5FFF7AC
:10624000D0FF08BD08B5EEF757F908BD08B5EDF762
:10625000EFFF08BD10B50446EDF7EAFF002302E0AA
:106260000022C2540133A342FADB10BD08B5EEF799
:10627000E5F808BD38B50A20FFF7E8FF0446064DEB
:106280002860EEF739F92B681844044B1860204653
:10629000FFF7ECFF38BD00BF6C1D0120681D012019
:1062A000064B1B68834205D2054B1B68834203D80B
:1062B0000020704700207047012070476C1D0120AE
:1062C000681D012008B5F3F768FB08BD08B5FFF7A6
:1062D000D1FF08BD074A0260002242628261C261AA
:1062E00002624261044901608260C2600349016048
:1062F000027170474C4D0308A03703089C11030836
:1063000008B503790BB9002008BD406AF3F79EFB7E
:10631000FAE708B503790BB9002008BD1346027CE3
:10632000406AF3F7D7FBF8E7C3687BB110B50446C2
:1063300083686BB102796AB940F8143FF3F747FB01
:10634000606248B101232371002010BD0420704712
:106350000420FAE70520F8E70120F6E7C3685BB1FF
:1063600010B5044683684BB103794BB1406AF3F72B
:106370001CFC38B9207102E004207047042010BDD5
:106380000520FCE70120FAE710B50446094B03603D
:10639000002343628361C36103624361064A026072
:1063A0008360C360054A02600371282105F050FA3A
:1063B000204610BD4C4D0308A03703089C1103086C
:1063C00008B50846F3F7E9FA08BD08B5C069F3F760
:1063D000E4FA08BD38B5C368002B53D0044683687F
:1063E000002B51D0006A002850D02279002A4FD1CA
:1063F000626912B94FF400726261E26912B94FF436
:106400007A72E26122690AB918222261E269626243
:106410000022A26223632369A3646369636404F1B5
:106420003002A169F3F7B0F8E06218B101232371DB
:10643000002028E0174C23685B6A174920469847DC
:1064400023689D69F9F794FE01462046A847134C3E
:1064500003685B692146984703685B691049984760
:1064600003685B692146984703689B696B219847DD
:1064700003685B690B49984703685B690A49984759
:10648000012000E0042038BD0420FCE70420FAE7E6
:106490000520F8E7D008012014F7020820F70208C9
:1064A0002403030860F702086003030810B50446DC
:1064B000C3688BB183687BB143696BB103695BB11E
:1064C000036A4BB103792BB1C06AF3F746F938B9C7
:1064D000207104E0072002E000232371042010BD96
:1064E0000120FCE708B50846F3F757FA08BD08B5E0
:1064F000C069F3F752FA08BD38B5C368002B36D02F
:1065000004468368002B34D0056A002D33D002790D
:10651000002A32D1426912B94FF400724261E26935
:1065200012B94FF47A72E26122690AB91822226123
:1065300063632369E3646369A364206B78B1F3F751
:10654000D7F8A368204640F8583FF3F740FAA06612
:10655000A8B1236BABB101232371002008E004F143
:106560003402A1692846F3F70FF82063E9E7042015
:1065700038BD0420FCE70420FAE70520F8E70120F5
:10658000F6E70120F4E710B50446C36893B18368C9
:1065900083B1436973B1036963B1036A53B1006B9B
:1065A00040B1237923B1F3F783F838B1012004E037
:1065B000072002E000232371042010BDA06EF3F732
:1065C000F4FA08B10120F8E704F1080000F0EAF855
:1065D00000202071F1E708B5806EF3F737FA08BDA7
:1065E00008B5134690F82C20806EF3F773FA08BDB7
:1065F00003680BB10520704710B50446011D01204A
:10660000EEF75CFC206008B1002010BD0120FCE723
:1066100003680BB10520704710B504460120EEF762
:1066200035FC206008B1002010BD0120FCE708B552
:10663000136831B11B6853B113600139FFF7F7FFDD
:1066400002E01B680BB1002008BD0720FCE7072013
:10665000FAE708B50B681B681BB10B60FFF7F9FF81
:1066600008BD0020FCE72DE9F04182B0019001AAAD
:10667000FFF7DDFF054668B9019C206806686EB12A
:10668000D0F8048000276760FFF7F0FD2760C4F8AA
:1066900004802660284602B0BDE8F08100266660CE
:1066A000FFF7E4FD2660F5E770B582B00C46019077
:1066B00001A9FFF7CEFF019E054610B1284602B0A2
:1066C00070BD74600820FFF7C5FD3060F6E710B5B7
:1066D00004460068FFF7E4FD08B9072010BD2068F4
:1066E000FFF7C4FD002020606060F7E738B504467E
:1066F0000D46FFF7ECFF2846FFF7A8FD20600020BD
:1067000038BD38B5044688420CD00D464968FFF7BD
:10671000EDFF20682968884202D06A6807F090F887
:106720006B686360204638BD70B5044671B10E4693
:106730000846D9F77BFE054601462046FFF7D6FFFF
:106740002A463146206807F07BF86560204670BD18
:106750002DE9F84304460F4645680846D9F766FE1A
:1067600080462846FFF772FD064605EB08092A46D3
:10677000216807F065F849462046FFF7B7FF2A462B
:106780003146206807F05CF82068424639462844C4
:1067900007F056F8C4F804903046FFF767FD20462E
:1067A000BDE8F88308B5FFF792FF08BD08B504F00F
:1067B00077FDFCE710B5054C2046FBF79FF8044A2F
:1067C0000449204604F0CCFF10BD00BF701D01201D
:1067D000000000202107020870B5F7F76BFEFFF7F5
:1067E00075FDF7F711FDF7F7A5FB04465E48036852
:1067F0005B6A5E499847072C79D0F9F7C3FC20B152
:10680000594803685B6A5A499847574C23685B6A42
:1068100058492046984723685B6A5749204698475D
:1068200023685B6A55492046984723685B6A544948
:106830002046984723685B6A524920469847236858
:106840005B69514920469847504D03685B6929466A
:10685000984723685B6A4E492046984723685B69DE
:106860004C492046984703685B6929469847236846
:106870005B6A29462046984704F04EFD464C47493E
:106880002046FFF751FFA4F10800002383614FF475
:1068900080534361424B0362FFF79CFD00282CD0DC
:1068A000314C23685B6A3F492046984723689D69BD
:1068B000F9F75EFC01462046A8473B4C03685B693C
:1068C0002146984703685B693849984703685B69C4
:1068D0002146984703689B697421984703685B6960
:1068E0003349984703685B6932499847FEE71E4879
:1068F00003685B6A304998477FE71B4C23685B6AF3
:106900002E492046984723689D69F9F731FC0146D6
:106910002046A847244D03685B69294698470368C9
:106920005B692249984703685B6929469847036871
:106930009B697B21984703685B691D4998470368F9
:106940005B691F499847054603689E69FFF77AFC13
:1069500001462846B04703685B690C4998472046C2
:10696000F7F74EFC70BD00BFD00801208C03030870
:10697000040403088404030888040308AC0403081F
:10698000C0040308E4040308B84D0308F004030836
:10699000F4040308FC040308781D0120080503081B
:1069A000AD67020814F7020820F702081005030873
:1069B00060F702082C05030894030308B0F80208E6
:1069C0004C05030808B5FFF7F5FE08BD8446002214
:1069D0004FF6FF7011E0400080B20133DBB2072BAD
:1069E00009D810F4004FF6D0400080B280F48150F6
:1069F00080F00100F1E7013292B28A4205D21CF820
:106A0000023080EA03200023E9E770470023037087
:106A100043708370838080F88630A0F88830704798
:106A200030B5A3B004460378082B00F29C80DFE861
:106A300003F0050D191F2A303E4D54005A2901D08C
:106A4000002013E00123037000200FE0A52905D0EA
:106A50005A2900D000232370002007E0022303708E
:106A6000002003E0417003230370002023B030BDF9
:106A70008170802903D8042303700020F6E7FFF714
:106A8000C5FF0020F2E70902818005230370002082
:106A9000ECE7838819438180002380F8863083786F
:106AA0001BB9072323700020E0E70623FAE790F8DC
:106AB0008620531CDBB280F88630024491718278C4
:106AC000934252D3072303700020CFE70902A0F8B6
:106AD0008810082303700020C8E7B0F888301943F5
:106AE000A0F888108422002101A807F0B5F9637886
:106AF0008DF80430A2788DF80520A388190A8DF846
:106B000006108DF80730EAB9A578291D01A8FFF70E
:106B10005DFFB4F88830984219D14FF48272002199
:106B200004F18A0007F098F9637884F88A3084F8D1
:106B30008B50A388A4F88C3075B92046FFF766FF08
:106B4000012093E7A11D02A806F07AFEDCE72046AB
:106B5000FFF75CFF002089E72A46A11D04F18E00A3
:106B600006F06EFEE9E7002080E700207EE70728B8
:106B700005D800230B700123834013707047012355
:106B80000B70083883401370704770B5036893B179
:106B9000044692B1DE680079D86020680368DB693A
:106BA0009847054618B1206803685B6A98472368D0
:106BB000DE60284670BD0725FBE70725F9E770B5BD
:106BC00003688BB10446DE680079D86020680368EA
:106BD0005B699847054618B1206803685B6A984767
:106BE0002368DE60284670BD0725FBE703689BB17C
:106BF00010B582B0044600238DF807300DF107026E
:106C00000221FFF7C2FF08B102B010BD00224F21E0
:106C10002046FFF7D4FFF7E7072070470F292FD84A
:106C200070B582B00646084615460DF106020DF114
:106C30000701FFF79CFF9DF807400634E4B20DF111
:106C4000050221463046FFF7A0FF68B975B99DF8E7
:106C500005309DF8062013438DF805309DF805207A
:106C600021463046FFF7ABFF02B070BD9DF80630FD
:106C7000DB435BB29DF8052013408DF80530EDE74E
:106C8000072070470F2930D870B582B006460846F5
:106C900015460DF106020DF10701FFF768FF9DF89B
:106CA00007400234E4B20DF1050221463046FFF7F9
:106CB0006CFF80B9012D10D09DF80630DB435BB22C
:106CC0009DF8052013408DF805309DF805202146DC
:106CD0003046FFF774FF02B070BD9DF805309DF897
:106CE000062013438DF80530EFE7072070470A8828
:106CF000D3B258400301DBB280EA030C60460302C2
:106D000043EA12231BB283EACC0383EA1C130B80F1
:106D1000704730B583B004464FF6FF73ADF80630C8
:106D200006E00DF1060114F8010BFFF7E0FF29461C
:106D30004B1E9DB20029F4D1BDF8060003B030BD52
:106D400070B506460C4605E0314614F8010BFFF716
:106D5000CEFF2A46531E9DB2002AF5D170BD000019
:106D60002DE9F04FC9B081460C46D0F808A0D0F804
:106D70000CB00369019341698369C2690292026A96
:106D80000392426A0492002005E054F8202008ADE6
:106D900045F8202001300F28F7DD102022E0821E68
:106DA00008AC54F822404FEAF44282EA744282EA84
:106DB0009422C41F08AD55F824402244A0F10F04CA
:106DC00055F824504FEAB54484EAF51484EAD50412
:106DD0002244A0F1100408AD55F82440224445F89F
:106DE000202001303F28DADDDDF810E0039E029F0D
:106DF0001A468846019C5D46D4460020CDF814A072
:106E0000CDF818B0079130E04FEAF22181EAB211D3
:106E100081EA7261714402EA070E26EA020A8EEAEA
:106E20000A0E8E44244951F820100EEB010A08A9DD
:106E300051F820108A444FEA7C3E8EEABC0E8EEA5E
:106E4000BC5E85EA040101EA0C0105EA040B81EA53
:106E50000B0171440130B6463E46174608EB0A0264
:106E6000A0462C4665460AEB010C3F28CCDDDDF838
:106E700014A0DDF818B007990CEB0A00C9F8080057
:106E80005D44C9F80C5001980444C9F810404144CD
:106E9000C9F814101A44C9F81820029B1F44C9F8F5
:106EA0001C70039B1E44C9F82060049B7344C9F8FE
:106EB000243049B0BDE8F08FF84F030870470B68E5
:106EC000036070470B680360704770470B6803608E
:106ED00070470B680360704770470B68036070472A
:106EE0000B680360704770470B68036070470B685E
:106EF0000360704770470B68036070470B6803605E
:106F0000704770470B68036070470B6803607047F9
:106F100070470B68036070470B68036070477047E9
:106F20000B68036070470B680360704770477047D9
:106F30007047704708B5836D1B686030984708BD7F
:106F40007047704770470000C36863B310B50446CC
:106F5000836853B3816D194A914228D0027942BBAC
:106F60004FF48052426102690AB918220261236318
:106F70002369A3644FF48053636404F1A40323647E
:106F80004FF4C073E36304F585530833A36304F13E
:106F9000300221460A48F2F7F7FAE06258B10123BD
:106FA0002371002010BD042070470420FAE704205C
:106FB000F8E70520F6E70020F4E700BFB022030859
:106FC000356F020810B50446C3689BB183688BB166
:106FD00043697BB103696BB1826D094B9A4209D059
:106FE00003792BB1C06AF2F7B8FB38B9207104E01D
:106FF000072002E000232371042010BD0120FCE7DC
:10700000B022030838B590F8703053B1044600F54B
:10701000C160FFF7D7FF00282FD1002384F870301C
:1070200038BD2C4C23685B6A2B492046984723685F
:107030009D69F9F79DF801462046A847274C03684B
:107040005B692146984703685B692549984703684F
:107050005B692146984703689B695E2198470368EE
:107060005B692049984703685B691F499847036833
:107070005B691E4998470720D2E7164C23685B6A74
:1070800015492046984723689D69F9F771F801462C
:107090002046A847114C03685B692146984703685E
:1070A0005B690F49984703685B6921469847036805
:1070B0009B696221984703685B690A49984703689E
:1070C0005B690B49984703685B6908499847012049
:1070D000A6E700BFD008012014F7020820F7020835
:1070E0005805030860F702089805030880F70208AE
:1070F000C80503082DE9F04190B080460F461646BA
:10710000056805EBC2030360AB4202D2436801335A
:107110004360C5F3C5050BE008F128002246394657
:10712000284406F08DFB25442744361B402D06D00D
:1071300036B3C5F14004A642EED23446ECE708F17E
:107140002802002314E002EB830E0DEB830C9EF863
:1071500003100DF823109EF802108CF801109EF811
:1071600001108CF8021012F823108CF80310013370
:107170000F2BE8DD69464046FFF7F2FD0025D7E713
:1071800010B0BDE8F081F0B593B005460E46046836
:10719000E408C4F1770404F03F0480238DF8003044
:1071A000472200210DF1010006F056FE2B6804F184
:1071B00050026A4402F8483C190A04F14F026A443A
:1071C00002F8481C190C04F14E026A4402F8481CEB
:1071D0001B0E04F14D026A4402F8483C6B6804F14E
:1071E0004C026A4402F8483C190A04F14B026A4412
:1071F00002F8481C190C04F14A026A4402F8481CBF
:107200001B0E04F149020DEB020707F8483C04F19C
:10721000090269462846FFF76DFFEB7A3370AB7AB7
:1072200073706B7AB3702B7AF370EB7B3371AB7B3B
:10723000737113B0F0BD0000002858D070B59CB039
:107240000C4616461D460146007810F0010001D19B
:107250001CB070BD4A78234603F8012B91ED027BE8
:107260008DED007B0098C4F80100BDF804209A80E1
:107270008B68CA68013342F100028B60CA60002348
:10728000029303931B4B04931B4B05931B4B0693D9
:107290001B4B07931B4B08931B4B09931B4B0A93E8
:1072A00003F17453A3F52303A3F692430B93202217
:1072B000103102A8FFF71EFF2A46314602A8FFF749
:1072C00019FF9DF88420209902A8FFF713FF0222DE
:1072D000229902A8FFF70EFF0722214602A8FFF716
:1072E00009FFE11D02A8FFF74EFF0D20B0E70020C7
:1072F000704700BF67E6096A85AE67BB72F36E3CF4
:107300003AF54FA57F520E518C68059BABD9831F70
:107310002DE9F04788B004461E469DF840C01B7B0F
:1073200013F0020308D1306998B1007810F0010F12
:1073300012D100273D4601E000273D467BB1FE20EB
:10734000A0704FF00608E3B904F10C0E9DF844C09C
:107350000EE000273D46F1E701270D25EEE7FD2071
:10736000A0704FF00A08EEE70CF1FF3C5FFA8CFCCE
:10737000BCF1010F05D90EEB0C0010F8010C002830
:10738000F2D084F803C0E1712272002222710FB1A1
:107390000122227100226271B279A2710132B271AE
:1073A000A2788DF81420E2788DF81520002B3BD0C0
:1073B000A3798DF81630E3798DF81730237A8DF89C
:1073C0001830637A8DF81930C24608F1FF3189B25E
:1073D0000DF11500FFF79DFCADF8120004F10C094A
:1073E000E27849460DF11200FFF7AAFC0DF11201F7
:1073F0009DF84800FFF77BFCE378BDF8122009F800
:107400000320BDF81220110AE378013309F80310B4
:10741000228047BBE3789A4405EB0A0080B2023031
:1074200080B208B0BDE8F08723798DF81630637913
:107430008DF81730A3798DF81830E3798DF819306D
:10744000237A8DF81A30637AA27A43EA0223E27A29
:1074500043EA02438DF81B301A128DF81C201B14CE
:107460008DF81D30B0E7E37809EB03020292019337
:10747000CDF80090434605AA04F58B713069FFF7FB
:10748000DBFEC7E730B589B004460D469C460F9B2E
:1074900005939DF830308DF818309DF834308DF814
:1074A00019309DF838308DF81A309DF840308DF83D
:1074B0001B3003238DF81C300DF1140EBEE80300C1
:1074C000CCF80C00CCF810109EF800308CF814307A
:1074D00000238CF809308CF80A308CF80B3002EB62
:1074E000420232230293092301930093044B03EBDE
:1074F000C2032A4621466046FFF70AFF09B030BDA5
:1075000058A50120F0B587B00C9C25796679A7793C
:10751000D4F800C0E4790494CDF80CC00297019629
:107520000095FFF7AFFF07B0F0BD00002DE9F04375
:1075300091B00746884615461C46189B0593199B33
:1075400006931A9B0793BDF86C30ADF82030BDF858
:107550007030ADF82230BDF97430ADF82430BDF88C
:107560007C30ADF82630BDF88030ADF82830BDF85D
:107570008430ADF82A30BDF88830ADF82C30BDF835
:107580008C30ADF82E30BDF89030ADF830309DF92C
:1075900078308DF83230259BCDF83330269BCDF8EE
:1075A0003730279BCDF83B300DF1140C04F10C0E55
:1075B0000DF1340966460FCECEF80000CEF8041067
:1075C000CEF80820CEF80C30B4460EF1100E4E4521
:1075D000F0D1BCE80300CEF80000CEF80410BCF8EF
:1075E00000209CF80230AEF808208EF80A30002304
:1075F00001226272A372E37205EB45057C230293BC
:107600002B2301931F230093054B03EBC503424635
:1076100039462046FFF77CFE11B0BDE8F08300BF7D
:1076200058A501202DE9F04F97B0209C25681095B2
:1076300066681196A7681297A5891395E68914962E
:10764000B4F910C0CDF854C094F91E50668AA78AC8
:10765000B4F816C0B4F818E0B4F81A80B4F81C9066
:10766000D4F81FA0D4F823B0D4F827400F94CDF855
:1076700038B0CDF834A0CDF83090CDF82C80CDF8CE
:1076800028E0CDF824C0089707960695159F059722
:10769000149C0494139C0394129F0297119E0196CC
:1076A000109D0095FFF742FF17B0BDE8F08F000076
:1076B00030B589B004460D469C46BDF83030ADF873
:1076C00014309DF834308DF816309DF838308DF830
:1076D00017300F9B06939DF840308DF81C309DF8B5
:1076E00044308DF81D300DF1140EBEE80300CCF8C7
:1076F0000C00CCF81010BEF80030ACF814300023A9
:107700004D218CF809108CF80A308CF80B3002EB04
:1077100042028F2302930A23019303230093054B14
:1077200003EBC2032A4621466046FFF7F1FD09B08C
:1077300030BD00BF58A50120F0B587B00C9C25884E
:10774000A678E778D4F804C094F808E0647A059441
:10775000CDF810E0CDF80CC0029701960095FFF728
:10776000A7FF07B0F0BD08B511B106F069F808BD74
:1077700006F072FBFBE700002DE9F041AAB00646D7
:107780000F4615461C469DF8C8308DF8A4309DF86C
:10779000CC308DF8A5301022309905A8FFF7E3FF13
:1077A0008022319909A8FFF7DEFF4FF09208424688
:1077B00005A904F10C0006F043F844236372012389
:1077C000A3720023E37205EB450584230293CDF8F1
:1077D0000480CDF80080054B03EBC5033A463146E3
:1077E0002046FFF795FD2AB0BDE8F08158A501209D
:1077F000F0B585B00A9C04F1100594F8906094F8F7
:1078000091700397029601950094FFF7B5FF05B0BC
:10781000F0BD00002DE9F041AAB006460F4615461E
:107820001C46BDF8CC30ADF81030BDF8D030ADF806
:1078300012309DF8C8308DF8A4301022309905A878
:10784000FFF791FF8022319909A8FFF78CFF4FF0D5
:107850009508424604A904F10C0005F0F1FF42230B
:1078600063720123A3720023E37205EB4505F32342
:107870000293CDF80480CDF80080054B03EBC503DF
:107880003A4631462046FFF743FD2AB0BDE8F08175
:1078900058A50120F0B587B00C9C251D04F11406F5
:1078A00094F89470B4F800C064880494CDF80CC0C7
:1078B000029701960095FFF7ADFF07B0F0BD0000FD
:1078C0002DE9F041ACB006460F4615461C46DDE9F1
:1078D0003423CDE90423329B0693369B0793202261
:1078E00037990DEB0200FFF73EFF2022389910A8D0
:1078F000FFF739FF1822399918A8FFF734FF18222B
:107900003A991EA8FFF72FFF20223B9924A8FFF7E2
:107910002AFF4FF0A008424604A904F10C0005F02C
:107920008FFF6FF0730363720123A3720023E3726E
:1079300005EB450532230293CDF80480CDF8008095
:10794000054B03EBC5033A4631462046FFF7E0FC02
:107950002CB0BDE8F08100BF58A501202DE9F04111
:107960008AB0109CA56894ED007BE66804F11007CE
:1079700004F1300C04F1500E04F1680880340994CD
:10798000CDF82080CDF81CE0CDF818C005970496FE
:107990008DED027B0095FFF793FF0AB0BDE8F08103
:1079A00008B503460846DA7800210160416001729B
:1079B000092A28BF092203F10C0105F041FF08BD87
:1079C00070B505460C46C678212E28BF21262122F7
:1079D0000021204606F040FA324605F10C0120460F
:1079E00005F02EFF70BD70B505460C46C678932E87
:1079F00028BF932693220021204606F02DFA324616
:107A000005F10C01204605F01BFF70BD08B584464A
:107A100008469CF8032000230B604B608B60CB6012
:107A20000B61142A28BF14220CF10C0105F008FF89
:107A300008BD08B503460846DA7800210180022A0D
:107A400028BF022203F10C0105F0FAFE08BD000078
:107A500010B50446054B0360836DDB6860309847C2
:107A60002046F3F711FE204610BD00BFF84D030875
:107A700010B50446FFF7ECFF41F22821204603F041
:107A8000E7FE204610BD08B50068F9F799F908BD72
:107A90002DE9F0410446884615460E1A361101E0DC
:107AA0001034013E002E1FDD10222946206805F00B
:107AB000ADFF002839D0271D10222946606805F047
:107AC000A5FF98B304F1080710222946A06805F025
:107AD0009DFF58B304F10C0710222946E06805F019
:107AE00095FF0028DCD121E0A8EB04039B10022BBA
:107AF0000CD0032B03D0012B0FD0474616E01022E9
:107B00002946206805F082FF98B1043410222946E6
:107B1000206805F07BFF70B10434102229462068EC
:107B200005F074FF48B1474600E027463846BDE8F7
:107B3000F0812746FAE72746F8E72746F6E708B533
:107B40004FF00003FFF7A4FF08BD30B583B0044633
:107B500002AB03E90600D0F84C01036843B14FF0D3
:107B6000FF31FDF7DDFE054650B9284603B030BDB4
:107B700002AB13E906002046F5F7E6FC0546F4E7FC
:107B800002AB13E906002046F5F7DEFC0546D4F803
:107B90004C01F8F70EF8E8E710B50446FDF702FFD0
:107BA0001D4B236004F6C420F8F71CF904E02046BE
:107BB000F9F700FE03F06EFF012363760023E36113
:107BC0002362636223676367A36284F83430A3632C
:107BD000E36323646364A364E36423656365A3656B
:107BE000E36523666366A366E36684F87F30C4F8C2
:107BF000A031C4F8A431C4F8A831C4F87839C4F865
:107C00007C3984F8873984F8A43AC4F8C03AC4F8B7
:107C1000D43A204610BD00BFD43A030810B50B4C2F
:107C20002046FFF7B9FF0A4B23600A4A0A4920465B
:107C300003F096FD094B1B6813F0010F05D1074BAC
:107C400001221A60064B00221A6010BDC41D0120DB
:107C5000403B030800000020115102081CC1002015
:107C600020C1002010B5826841698A421CD20346B7
:107C7000C268914209D900681C6904FB02F28118AC
:107C800021448150DA680132DA6058689A6801321A
:107C90009A6059698A4204D202685A6001230360DB
:107CA00010BD00225A60F9E7034B044A40F24B2111
:107CB000034805F08DFE00BFE0050308E805030852
:107CC0000C06030808B50369372B02D9FFF7CAFF72
:107CD00008BD034B034A4FF4A071034805F078FE3A
:107CE000E0050308500603080C06030838B50446EF
:107CF0001D460170114651F8083B40F8083F5B688B
:107D000008309847256300236363A363E363236418
:107D10006364204638BD38B505460C460B780370C1
:107D200051F8083F40F8083F5B6808310830984731
:107D3000236B2B6305F1340E04F1340CBCE80F0007
:107D4000AEE80F00DCF80030CEF80030284638BD31
:107D500010B50446024B0360F5F7E0FB204610BD6A
:107D6000D84D030810B50446054B0360F5F7D6FB64
:107D70004FF4A871204603F06BFD204610BD00BFF4
:107D8000D84D030810B504461B4B03600120207139
:107D90001A4B236061711A4BC4F84431194B2360AC
:107DA0002433C4F84431C4F848210023C4F84C31CA
:107DB00043F6D603A4F8503184F8520104F5AA70B2
:107DC000F8F710F80BE00E4BC4F844310B4B23606E
:107DD0002046F3F79BFD084B236003F05BFE002376
:107DE000C4F8C03184F8C43184F8C531012384F863
:107DF000C431204610BD00BF14320308E01103084F
:107E0000643203087832030838B504460D4690F80A
:107E1000C53113B9A4F8501138BDB0F85011D0F8DD
:107E20004801FAF7C1F9A4F8505104F5A2722946A5
:107E3000D4F84801FAF70CF9EEE710B5044600F55E
:107E40008053D3F8DC0C08B1EDF778FC04F5B150A1
:107E50001830F8F765FC04F58053D3F8E40508B151
:107E6000EDF76CFC2046F9F7D1FC204610BD000070
:107E700010B5044600F5F4406C30F5F7D9FC04F574
:107E8000F1402430F5F7D4FC04F5E043124AC3F87E
:107E9000542704F5EE405430F5F740FB04F5EC4070
:107EA0000830F5F73BFB04F5B1405830FFF7C5FF4C
:107EB00004F5AF400830F7F7E5FF04F52F503030F8
:107EC000F8F744FC04F15800F8F740FC206808B1CA
:107ED000EDF734FC204610BDD84D030870B50646BA
:107EE0000C460B6800F5E045C5F8F039898900F5C6
:107EF000F1402430FFF788FF237C85F8F63963686A
:107F0000C5F8B83BE18906F5F4406C30FFF77CFF1B
:107F1000637C85F8BE3BA368C5F8A83570BD00003A
:107F200030B5CFB00C4602AB00220292039204920D
:107F300012228DF80C2008228DF80D2004228DF8D5
:107F40000F2002228DF81020074D009305AB0A4642
:107F500024212878FFF7D6FA05AA21462846F4F707
:107F60006EFF4FB030BD00BF28C1002008B50978B2
:107F70000068FFF7D5FF08BD70B5D6B00D4602AC5E
:107F80002B220021204605F067FF4FF4FA73ADF86D
:107F9000143042F6E063ADF816304FF6FF73ADF8DB
:107FA00018308DF82630074E00940DAB2A46242158
:107FB0003078FFF737FB0DAA29463046F4F73FFF2C
:107FC00056B070BD28C1002008B509780068FFF7D9
:107FD000D3FF08BD30B5CFB0044602AB00220292F9
:107FE00003920492B0F85020ADF8082090F8522087
:107FF0008DF80A2090F84C208DF8102090F84D2034
:108000008DF81120084D009305AB90F84E202421E7
:108010002878FFF791FB05AA94F84E102846F4F74C
:108020000EFF4FB030BD00BF28C1002008B52AB1F7
:10803000012A01D0042302E0002300E0052380F898
:108040005230FFF7C7FF08BD2DE9F041F0B00546FB
:108050000F461646984602AC92220021204605F0B3
:10806000FBFE0B238DF898308DF899800F2239464E
:10807000204605F0DDFC7F22314606A805F0D8FC3D
:10808000084E009427AB95F8562024213078FFF74E
:10809000AFFB27AA95F856103046F4F7D0FE70B023
:1080A000BDE8F08128C1002070B5ADF5147D06460D
:1080B0000C4615469622002125A805F0CDFE0B237F
:1080C0008DF828318022002105A805F0C5FE002D7D
:1080D00030D14B492046D8F79FF9002831D0494983
:1080E0002046D8F799F9002855D047492046D8F7B7
:1080F00093F900285DD045492046D8F78DF900282E
:1081000065D043492046D8F787F9002867D0414910
:108110002046D8F781F9002869D03F492046D8F792
:108120007BF9D8B93D4B5B7D3D4A802105A805F020
:1081300057FD13E02B462AAA21463046FFF784FF5D
:1081400026E0364B5A799979D879029001910092BC
:108150001B79344A802105A805F042FD0F222146F3
:1081600026A805F065FC7F2205A92AA805F060FC79
:108170002D4C25AB00934BAB96F85620242120784C
:10818000FFF788FB4BAA96F856102046F4F757FEE7
:108190000DF5147D70BD214B5A7A997AD87A0290E8
:1081A000019100921B7A1F4A802105A805F018FD55
:1081B000D4E71A4B5A7B997BD87B029001910092AD
:1081C0001B7B184A802105A805F00AFDC6E7134B62
:1081D0001B8A134A802105A805F002FDBEE70F4B5C
:1081E0005B8A0F4A802105A805F0FAFCB6E70B4B25
:1081F0001B7D0B4A802105A805F0F2FCAEE700BF0D
:10820000F0060308FC060308080703081007030824
:108210001C070308280703083407030820C40120AB
:1082200084FA020848FE020828C1002070B5F4B0A4
:108230000C4602AEA0220021304605F00DFE1F22A2
:10824000104906A805F0F4FB1F220F490EA805F0FF
:10825000EFFB00230193009301230C4A182116A879
:1082600005F0BEFC0A4D00962BAB2246242128784F
:10827000FFF774FB2BAA21462846F4F7E0FD74B003
:1082800070BD00BF400703084807030854070308F0
:1082900028C1002070B58AB005460E46144601A9D3
:1082A0001046FFF78DFB9DF822205D4B1B789A420C
:1082B0001BD19DF82330242B17D1E279237A85F83E
:1082C0004C2085F84D3085F84E60BDF82030A5F87B
:1082D0005030F62B0BD0B3F5007F00F08C800323D9
:1082E00085F852302846FFF775FE0AB070BDDDED07
:1082F000037AB2EE047AF4EE477AF1EE10FA39D14D
:10830000484C23685B6A48492046984723689E6921
:10831000F7F72EFF01462046B047444C03685B69DF
:108320002146984703685B694149984703685B6940
:108330002146984703689B6940F2311198470368CA
:108340005B693C49984703685B693B499847036808
:108350005B693A4998472B46394A0021A86C02F0DC
:1083600033F80028C1D0022385F852302846FFF7A1
:1083700031FEBAE7B1EE007AF4EE477AF1EE10FA88
:10838000B3D1284C23685B6A274920469847236865
:108390009E69F7F7EDFE01462046B047234C03687F
:1083A0005B692146984703685B69214998470368E0
:1083B0005B692146984703689B6940F23D119847E5
:1083C00003685B691B49984703685B691D499847C7
:1083D00003685B69194998472B46194A0121A86C23
:1083E00001F0F2FF002880D0022385F852302846A1
:1083F000FFF7F0FD79E79DED017ADFED137AB4EE3A
:10840000677AF1EE10FA7FF470AF002385F85230EE
:1084100031462846FFF70AFF2846FFF7DBFD64E7F1
:1084200028C10020D0080120E4FA020820F7020841
:108430005805030860F702086007030880F7020880
:108440002D800208780703080000C64308B50978A4
:108450000068FFF71FFF08BD70B58AB004460E46DE
:10846000154605A91046FFF7D1FAEA792B7A84F868
:10847000542084F8553084F856600023009301930B
:10848000029303938DF81030102206A9684605F078
:10849000CFFA9DF81620294B1B789A4211D19DF8EE
:1084A0001730242B0DD1264D6A462946A5F124000C
:1084B000FFF745FB854206D0002269462046FFF7BC
:1084C000F3FD0AB070BD1F4D2B685B6A1E4928463C
:1084D00098472B689E69F7F74BFE01462846B04740
:1084E0001A4D03685B692946984703685B69184918
:1084F000984703685B692946984703689B694FF46E
:10850000F571984703685B691249984703685B698E
:108510001149984703685B696946984703685B6936
:108520000E49984703685B690D49984701230D4A36
:1085300069462046FFF788FDC3E700BF28C1002039
:10854000F84F0308D008012014F7020820F70208AA
:108550005805030860F702088C070308980703080A
:1085600080F7020874F6020808B509780068FFF77A
:1085700073FF08BD70B582B004460E46154601A9CA
:108580001046FFF756FAEA792B7A84F8542084F8DB
:10859000553084F856609DF804200C4B1B789A42A5
:1085A00003D19DF80530242B0ED002B070BD0022FF
:1085B00055F8041B2046FFF777FD3220FDF782FEB9
:1085C000034B9D42F3D1F0E7024DF9E728C10020AB
:1085D000F84F0308D44F030808B509780068FFF77F
:1085E000C9FF08BD10B50446431D00F10A0102E0B1
:1085F000012203F8012B9942FAD12046F3F70CFE31
:108600000A20FDF75FFEF8E710B58CB004460B7842
:108610008DF8003051F8083F02935B68083104A8D8
:1086200098479DF800302370029B084A029220462A
:1086300040F8083F9B6804A908309847029BDB6814
:1086400004A8984720460CB010BD00BF444F030853
:1086500008B503790BB9002008BDC06AF1F7AAF884
:10866000FAE710B50446F0F77BFFA062022104F19F
:108670003800FFF7EDFF10BD30B585B00546144654
:1086800001A91046FFF78CF9237A643BDBB2052B76
:1086900001D905B030BDA86CFFF7E3FFF9E708B5D5
:1086A00009780068FFF7E8FF08BD000030B593B017
:1086B0000446334B0360002303724360314820605B
:1086C00061720121E1614FF4806121622E49A16450
:1086D0002E492160A4F87020A367E367C4F88030B6
:1086E00004F184052846F9F709F9294BC4F8D83074
:1086F000002184F8DC10274BC4F8D830C4F8E0100F
:10870000C4F8E410502204F1E80005F0A5FB224B68
:10871000C4F8D830214B00930294214B6A4628219B
:1087200004F58B500830F4F751FD12E0009BDB6834
:1087300002A898472046184B40F8D83FF7F7B8FFF3
:108740002846F7F7EDFF2046F7F72AFD03F0A2F9D8
:10875000F9E7009BDB6802A898474FF4805200219C
:1087600004F5DC50103005F077FB04F500530022CF
:10877000C3F8902B83F8942B204613B030BD00BF74
:1087800000330308943803086C380308EC380308F6
:108790009C110308304D0308D0380308C44F030868
:1087A000A80703082DE9F8430446002140F8041BFC
:1087B000502205F051FB04F158084FF400620221E9
:1087C0004046FFF773FF04F52F5630364FF4006232
:1087D00003213046FFF76AFF04F5AF470837012150
:1087E0003846F7F7C7FB04F5B145583539462846F2
:1087F000F9F76AFD04F5E043DFF8E8E0C3F808E6BE
:10880000012283F80C26DFF8E0C0C3F808C6002177
:1088100083F80D163148C3F80806C3F84C8783F86F
:10882000501783F8511783F85027C3F854E783F89B
:108830005827C3F854C783F85927C3F85407C3F817
:10884000986883F89C1883F89D1883F89C28244A1C
:10885000C3F85427C3F8A04804F5F14909F12409E5
:108860002A4602214846FFF78DFA2A46032104F5DD
:10887000F4406C30FFF786FA28E04846F4F7D8FF5A
:1088800004F5E043164AC3F8542704F5EE4054308B
:10889000F4F744FE04F5EC400830F4F73FFE2846B8
:1088A000FFF7CBFA3846F7F7EDFA3046F7F74EFF09
:1088B0004046F7F74BFF206808B1ECF73FFF03F0A5
:1088C000E9F8DDE7EEE7F0E7F2E7F4E704F5E04387
:1088D000002283F8342C2046BDE8F88334320308A4
:1088E000D84D030814320308E01103080A4B1B6833
:1088F00013F0010F01D00948704710B5074C20460E
:10890000FFF750FF044B01221A60054A0549204633
:1089100002F026FF014810BD1C290120202901205A
:1089200000000020717E020808B5042002F0ECFF70
:1089300000220260034A0260034A0260034A0449BB
:1089400003F04AFC805303083054030875C302083F
:108950001C54030808B513460A4601460020FFF7D9
:10896000E3FF03689B68012B04D0C3688B4204D9E2
:10897000C1607047C1600161704703698B4200D2DA
:10898000016170472DE9F04383B0064603689B6898
:10899000002B31D17368F360336103B0BDE8F0831D
:1089A0002369DB6804F11800984723680093174B8C
:1089B0000193009C9C42F3D157F8093003E01A68F8
:1089C000002119601346114A9342F8D147F8092053
:1089D0000023C8F804300135B368AB420ED977687C
:1089E0004FEAC50907EBC508D8F80430002BF2D0D0
:1089F00057F835300093DAE70025EDE733680022B9
:108A00009A60DA601A685A60C4E700BF20C100208B
:108A100010B50446FFF7B6FF14F5187013D004F52F
:108A20002C7C0BE01A68002119601346074A934218
:108A3000F8D1CCF800200023CCF80430604502D0F7
:108A40005CF8083DF2E7204610BD00BF20C10020C1
:108A5000F0B51D4643B193FAA3F6B6FA86F6076859
:108A6000CC1B4FF0000C03E01F26F8E70CF1010CC3
:108A7000A44503DA17F80C30302BF7D0A4450DDAF3
:108A8000022D37D007EB0C0317F80C70303FFFB204
:108A9000AF4207DA17600CF1010E0CE06744076083
:108AA000012026E00360012023E01168B140194352
:108AB00011600EF1010EA64506DA036813F80E30B8
:108AC000303BDBB2AB42F0DB036873440360AEEBD8
:108AD0000C0006FB00F0022D07D077B1B7FA87F340
:108AE000183BC3F10803F61A801B2028CCBF0020D6
:108AF0000120F0BDE6460027DDE70823F1E700008E
:108B0000F0B51D4643B193FAA3F6B6FA86F60468AB
:108B1000A1EB040E002102E01F26F8E701317145A8
:108B200002DA635C302BF9D071450CDA022D37D0B4
:108B300004EB010C635C1D4CE75CAF4207DA176085
:108B400001F1010C0DE00C440460012027E0C0F8A5
:108B500000C0012023E01368B340234313600CF1ED
:108B6000010CF44506DA036813F80C300F4CE45C92
:108B7000AC42F0DB036863440360ACEB010006FB2E
:108B800000F0022D07D077B1B7FA87F3183BC3F195
:108B90000803F61A801B2028CCBF00200120F0BD5E
:108BA0008C460027DDE70823F1E700BF444E0308A9
:108BB000F0B584469E4633B1B3FA83F4013CC4F168
:108BC0001F04202015E01F24F9E70027BE4520DB05
:108BD0001568AEFB05560EBB2E46156037BB00254B
:108BE0009B191DD213600DBBDCF800300133CCF8AB
:108BF0000030DCF800308B4226D01B78303BDBB2F3
:108C0000734523DA001BE0D4156805FB0E331360AF
:108C1000EAE71568002DDBD00127D9E70127DBE75C
:108C20000125DFE7002000E0002070B1DCF8002023
:108C3000531CCCF800308B42F4D05378303BDBB27D
:108C40007345F1DA0120F0E70120F0BD0120FCE7D7
:108C5000F0B584461C463BB1B3FA83F5013DC5F13E
:108C60001F054FF0200E15E01F25F8E70027BC4236
:108C700021DB1368A4FB033616BB1E4613603FBB03
:108C8000002380191ED2106013BBDCF800300133C2
:108C9000CCF80030DCF800308B4227D01B78154828
:108CA000C05CA04224DABEEB050EDFD4136803FBE0
:108CB00004031360E9E71368002BDAD00127D8E733
:108CC0000127DAE70123DEE7002000E0002070B191
:108CD000DCF80020531CCCF800308B42F4D05378E1
:108CE000044AD35CA342F1DA0120F0E70120F0BD91
:108CF0000120FCE7444E0308F0B585B0044601911D
:108D000094461D460A9B0022026042600160614554
:108D10001FD00A782D2A17D0012700220392019E26
:108D20005A1E1A421DD1082B15DC03AA614601A860
:108D3000FFF78EFE019BB34221D0236010BB22239C
:108D40006360204605B0F0BD013101914FF0FF375F
:108D5000E3E70127E1E703AA614601A8FFF7D0FE98
:108D6000E8E70A2B05DC03AA614601A8FFF720FF0C
:108D7000E0E703AA614601A8FFF76AFFDAE71623D6
:108D80006360DEE70022039B87FB0331B1EBE37FE7
:108D900006D10399002905DB72B122236360D0E775
:108DA0000122F6E701220FB90022F5E7B7F1FF3FF4
:108DB000F2D19942F8D0EFE72B60C2E770B5AAB0C4
:108DC00004460E46154605A91046FEF70CFE9DF812
:108DD0001420924B1B789A425BD19DF81520237981
:108DE0009A4256D1EA792B7A84F8542084F8553087
:108DF00084F856608A490DF11600D7F70DFB00285C
:108E000049D088490DF11600D7F706FB002800F07D
:108E10009A8085490DF11600D7F7FEFA002800F078
:108E20009D8082490DF11600D7F7F6FA002800F070
:108E3000A0807F490DF11600D7F7EEFA002800F068
:108E4000A5807C490DF11600D7F7E6FA002800F05E
:108E5000AA8079490DF11600D7F7DEFA002800F054
:108E6000BF8076490DF11600D7F7D6FA002800F03A
:108E7000FD8073490DF11600D7F7CEFA002800F0F7
:108E80003E8101230DF126020DF116012046FFF768
:108E9000DBF82AB070BD03A90DF12600F8F744FDF8
:108EA0000028EED0674B039A5A606749081F02F00A
:108EB000A1F8002800F04581FFF718FD6249FFF78F
:108EC0000DF8624D2B685B6A6149284698472B680C
:108ED0009E69F7F74DF901462846B0475D4D036896
:108EE0005B692946984703685B695B499847036853
:108EF0005B692946984703689B694FF4E871984776
:108F000003685B695549984703685B69544998470A
:108F100003685B690DF11601984703685B69514965
:108F2000984703685B690DF12601984703685B6900
:108F30004D49984700230DF126020DF116012046F8
:108F4000FFF782F8A5E703A90DF12600F8F7ECFC7E
:108F5000002896D03B4B039A9A60A6E703A90DF12F
:108F60002600F8F7E1FC00288BD0364B039ADA6034
:108F70009BE70DF1260004F003FFA0F58063B3F535
:108F80007C4FBFF47EAF2F4B18828EE70DF1260089
:108F900004F0F6FEA0F58063B3F57C4FBFF471AF2B
:108FA000284B588281E70DF12600D7F73FFA0A23B4
:108FB000009302AB0DF1260202440DF1260103A835
:108FC000FFF79AFE049B002B7FF45BAF029B002B04
:108FD000FFF657AF022B3FF754AF1A4A137564E7F9
:108FE0000DF12600D7F722FA0A23009302AB0DF108
:108FF000260202440DF1260103A8FFF77DFE049B23
:10900000002B7FF43EAF029B002BFFF63AAF022B02
:109010003FF737AF0B4A537547E700BF28C1002021
:10902000F0060308FC0603080807030810070308F6
:109030001C0703082807030834070308B0070308C0
:109040000008030820C4012024C40120D008012006
:10905000B0F8020820F702085805030860F7020874
:109060000C0803081808030880F702080DF1260011
:10907000D7F7DCF90A23009302AB0DF12602024474
:109080000DF1260103A8FFF737FE049B002B7FF4A8
:10909000F8AE029B012B7FF4F4AE2E4D2B685B6A79
:1090A0002D49284698472B689E69F7F761F80146D5
:1090B0002846B047294D03685B69294698470368ED
:1090C0005B692749984703685B69294698470368A5
:1090D0009B6940F2A911984703685B692149984749
:1090E00003685B692049984703685B691F49984793
:1090F0003220FDF7E7F800231D4A1A60C1E60DF1A2
:109100002600D7F793F90A23009302AB0DF126024C
:1091100002440DF1260103A8FFF7EEFD049B002B8E
:109120007FF4AFAE029B012B7FF4ABAE3220FDF794
:10913000C9F8FFF7DBFB00F52F503030F7F7E6FEFC
:10914000B3E603230DF126020DF116012046FEF7CA
:109150007BFF9EE6D0080120E4FA020820F702080F
:109160005805030860F70208BC07030880F70208E7
:10917000EFBEADDE08B509780068FFF71FFE08BD39
:1091800038B505460C460B7803708B680C4A41F8DD
:10919000082F40F8083F9B68083108309847236B38
:1091A0002B6305F1340E04F1340CBCE80F00AEE87B
:1091B0000F00DCF80030CEF80030284638BD00BF84
:1091C000344E030808B5FFF7DBFF08BD38B5044689
:1091D0000D4606E0204650F8083FDB680830984707
:1091E0004834A542F6D138BD10B504460B4B036098
:1091F00000F5C160FEF72CFCD4F83013D4F82C0332
:10920000FFF7E4FFD4F82C33C4F8303304F17800CE
:10921000FFF7FEFB024B2360204610BD204E0308E3
:109220003C22030810B50446FFF7DEFF41F630018B
:10923000204602F00DFB204610BD03680B60016064
:109240007047000070B51C461B685BB905460E46AA
:1092500021461068FFF7F1FF7368013373602C60DB
:10926000284670BD034B044A40F2ED21034804F048
:10927000AFFB00BF240803082C080308E00903081B
:109280002DE9F04F97B006460D4617464B688A68A1
:1092900003EBC2030969544A15920493059106929F
:1092A0000360416082600023037328688368426919
:1092B0009A4212D03978AB68B1FBF3F403FB141473
:1092C000D5F8049009EBC408D8F8043063B1CDF8A0
:1092D000008059F83430019340E0444B444A40F256
:1092E0001B41444804F074FB434B02934FF0000AC7
:1092F000CDF80CA0FEF7E6FC8346C0F800A03B7852
:109300000372BB683D4A47F8082F03619B6807F169
:10931000080118309847CDF820805B4608AA4146DE
:1093200007A8FFF78FFF41462846FFF71AFB6B6837
:10933000AA6803EBC20359F834200C920993CDF8C4
:1093400028800B923360C6F80480B2600123337327
:1093500010E0009A126800921B680193224C0D9451
:10936000019BA34202D01C7AA142F2D11E4A0E9266
:10937000934203D0304617B0BDE8F08F1E4B0293E6
:109380004FF00009CDF80C90FEF79CFC0446C0F8A5
:1093900000903B780372BB68184A47F8082F0361B6
:1093A0009B6807F1080118309847009F10972346E3
:1093B00010AA41460FA8FFF745FF41462846FFF790
:1093C000D0FA3B6800936A68A96802EBC102149363
:1093D0001192CDF8488013933260C6F80480B360D0
:1093E00001233373C6E700BF20C10020340A0308FD
:1093F000400A0308100C0308C57C0208444F030808
:10940000F0B5A7B0074616468DF80710C4680DF1F1
:10941000070221461BA8F2F73DFF6368A26803EB31
:10942000C2022169544B25931E921F9120931D9ACD
:109430009A4214D123685A699B689A4248D09DF891
:1094400007308DF80830314651F8083B04935B68CB
:1094500006A8984702A90EA8FFF7D6F870E0474C77
:1094600023685B6A46492046984723689D69F6F75A
:109470007FFE01462046A847424C03685B692146AF
:10948000984703685B694049984703685B692146D0
:10949000984703689B699621984703685B693B4935
:1094A000984703685B693A49984703689B6939792B
:1094B000984703685B693749984703689B699DF83B
:1094C0000710984703685B6933499847052045E0D2
:1094D0002A4C23685B6A2A492046984723689D697D
:1094E000F6F746FE01462046A847264C03685B690E
:1094F0002146984703685B692349984703685B697D
:109500002146984703689B699B21984703685B69DC
:109510001E49984703685B692049984703689B691F
:109520003979984703685B691D4998473B69196811
:10953000F4F7B6F903685B691749984701200DE015
:109540000EAA214621A8FFF79BFE109BDB6812A8FC
:109550009847049BDB6806A89847002027B0F0BD19
:10956000109BDB6812A89847049BDB6806A8984705
:1095700002F090FAF8E700BF20C10020D0080120D7
:1095800014F7020820F702085C0C030860F70208D1
:10959000B80C0308EC0C03080C0D0308100D0308AD
:1095A0003C0D030808B5042002F0AEF90022026069
:1095B000034A0260034A0260034A044902F00CFEB7
:1095C000805303083054030875C302081C54030871
:1095D00008B50A4601460020FFF7E4FF70B50546CE
:1095E0000C46064656F8083BDB6830469847236829
:1095F0002146044A41F8082B2B609B683046984767
:10960000284670BD344E030870B58AB005460C4636
:109610000B78064606F8083B8B68104A41F8082F7D
:1096200000939B68083102A8984769463046FFF7C7
:10963000D5FF009BDB6802A89847236B2B6305F1DD
:10964000340E04F1340CBCE80F00AEE80F00DCF877
:109650000030CEF8003028460AB070BD344E030802
:1096600030B593B0054601466846FFF789FDA5F180
:10967000480405E021462846FFF7C6FF2546483C3A
:10968000236B0C9A9A42F5D369462846FFF7BCFF34
:10969000029BDB6804A8984713B030BD30B593B087
:1096A00005460C4601466846FFF76AFD21462846F6
:1096B000FFF7AAFF69462046FFF7A6FF029BDB687B
:1096C00004A8984713B030BD70B50D6B146BAC4255
:1096D0000FD91E6BA64205D8AE4207D91946FFF72F
:1096E000DDFF70BD1146FFF7D9FFFAE7FFF7D6FFA0
:1096F000F7E71E6BB54205D3B44206D21946FFF711
:10970000CDFFEEE7FFF7CAFFEBE71146FFF7C6FF15
:10971000E7E770B505460C46164600E04835296B6C
:10972000336B8B42FAD8483C00E0483C216B8B42BB
:10973000FBD3A54205D221462846FFF7AFFF4835A7
:10974000EDE7284670BD0000F0B583B004460D4635
:109750001646A1EB000C4FEAEC0C0E4B03FB0CFC85
:109760000CEBDC7C4FEA6C0C0CEBCC0C00F14807EA
:109770008DF80020A1F1480300EBCC023946FFF739
:10978000A3FF3346224629463846FFF7C2FF03B0FF
:10979000F0BD00BF398EE338F8B505468C46174654
:1097A0001E464C1E04EBD47464100BE00CEBCC0C86
:1097B00005EBCC00FFF728FF04F1FF3C0CEBDC735A
:1097C000A4465C10BC4507DD04EBC40105EBC101F8
:1097D0000A6B336B9A42E9D30CEBCC0C314605EBA8
:1097E000CC00FFF711FFF8BD2DE9F04397B0064616
:1097F0008846174699460C460AE005EBC50104EB7E
:10980000C40406EBC10106EBC400FFF7FDFE2C46C5
:109810007B1E03EBD373B4EB630F12DA631C5D00A2
:109820004FEA031C0CEB430C4FEACC0306EBCC0CC9
:10983000483B3344DCF830201B6B9A42DDD2013DBB
:10984000DBE717F0010F05D1023F07EBD777B4EB49
:10985000670F12D0494602A8FFF792FC15AB0093A0
:1098600002AB424621463046FFF796FF049BDB6879
:1098700006A8984717B0BDE8F083631C5D00190186
:1098800001EB4301C900483904EBC404314406EB41
:10989000C400FFF7B9FE6C1EDCE70000091A482976
:1098A00031DDF0B5A7B005461746C910164E01FBCD
:1098B00006F6B41E04EBD474641004E0013C049B6F
:1098C000DB6806A8984704EBC40105EBC10102A8B8
:1098D000FFF756FC02A914A8FFF752FC3B788DF85D
:1098E000003014AB324621462846FFF77DFF169B19
:1098F000DB6818A89847002CE0D1049BDB6806A819
:10990000984727B0F0BD7047398EE338F0B5A7B05F
:1099100005460C4616461F46114614A8FFF730FCB4
:1099200029463046FFF770FE641BE4100C4B03FB26
:1099300004F414A902A8FFF723FC3B788DF800304B
:1099400002AB224600212846FFF74EFF049BDB684E
:1099500006A89847169BDB6818A8984727B0F0BD63
:10996000398EE338F0B583B005460F4616468DF8BC
:10997000043001AAFFF792FF3C4600E04834B442AD
:109980000AD22B6B226B9A42F8D201AB224639469F
:109990002846FFF7BBFFF1E703B0F0BD70B5054601
:1099A0000C46164606E0483C3346224621462846E9
:1099B000FFF7ACFF611B4829F5DC70BD30B583B003
:1099C00004460D468DF80430DBB2FFF7CBFF01AA49
:1099D00029462046FFF7E2FF03B030BD2DE9F041F4
:1099E00006460C4615461F46A11BB1F5906F14DDC7
:1099F0006DB1013D3A4621463046FFF7A5FE80464F
:109A00003B462A462146FFF7E9FF4446ECE73B4642
:109A1000224621463046FFF7D1FFBDE8F081000025
:109A200070B50E4615460C1AE410074B03FB04F400
:109A300006E0483E483D31462846FFF7E5FD013C3B
:109A4000002CF6DC284670BD398EE338884227D0DA
:109A500070B592B005460E4600F1480405E04FF09F
:109A600000012046FFF7FCFD4834B44216D0226BBB
:109A70002B6B9A42F3D221466846FFF781FB04F133
:109A8000480221462846FFF7CBFF69462846FFF7E4
:109A9000BBFD029BDB6804A89847E5E712B070BDE8
:109AA000704738B50D460B1AB3F5906F0EDD00F513
:109AB00090642146FFF7CAFF05E04FF00001204601
:109AC000FFF7CEFD4834A542F7D138BDFFF7BEFF02
:109AD000FBE7000088421BD0F8B505460E46174646
:109AE0000C1AE4100B4B03FB04F47CB1B4FA84F4BD
:109AF000C4F11F043B46620031462846FFF76EFF63
:109B00003A4631462846FFF7CCFFF8BD2024EFE760
:109B1000704700BF398EE3382DE9F04792B0804698
:109B20000E4691469A4603695C689F683DE05A4B31
:109B30001B689C69F6F71CFB01465748A047036861
:109B40005B695649984703685B69554998470368BC
:109B50005B695249984703689B69AF21984703683E
:109B60005B695049984703685B694F4998470368A8
:109B70009B6998F80410984703685B694B499847BC
:109B800003689B693146984703685B694849984771
:109B9000029BDB6804A89847052012B0BDE8F08757
:109BA000029BDD6804A8A8474834BC420DD021467A
:109BB0006846FEF7B0F89DF800C0B445F0D13648CD
:109BC00003685B6A3B499847B1E7D8F810402268C0
:109BD000A36861685B1ADB10374901FB03F39A4203
:109BE0001AD053464A4631466846FEF77FF8694622
:109BF000A068FFF7E7FAA3684833A360029BDB681D
:109C000004A89847D8F810304FF0000299685868B7
:109C1000FFF760FF0020C0E71F4C23685B6A2549FF
:109C20002046984723689D69F6F7A2FA0146204628
:109C3000A8471A4C03685B692146984703685B692B
:109C40001749984703685B692146984703689B69F1
:109C5000B621984703685B691249984703685B69B6
:109C60001649984703689B6998F804109847036859
:109C70005B6913499847D8F810301968F3F710FE5C
:109C800003685B690A499847012086E7029BDB6805
:109C900004A8984701F0FEFED008012020F7020832
:109CA0005C0C030860F702085C0D0308980D0308BC
:109CB0000C0D030814F70208398EE338B80D0308B9
:109CC0003C0D0308F0B58BB090F87030D3B9044662
:109CD0009348EAF773FA934D2846F3F756F86B78F2
:109CE00013B901222A706A708E4B01229A708E4B32
:109CF000009302944FF47A736A4600212046FFF7DE
:109D00000BFF2BE0894C23685B6A89492046984702
:109D100023689D69F6F72CFA01462046A847854C32
:109D200003685B692146984703685B6982499847E5
:109D300003685B692146984703689B692F21984710
:109D400003685B697D49984703685B697C4998476C
:109D500003685B697B499847052587E0009BDB68C2
:109D600002A89847784B009302944FF47A736A469E
:109D700001212046FFF7D0FE009BDB6802A8984730
:109D8000724B009302946A4600212046FFF738FB8D
:109D9000009BDB6802A898476D4B009302946A46CB
:109DA0004C212046FFF72CFB009BDB6802A898475C
:109DB000684B009302946A4643212046FFF720FB3C
:109DC000009BDB6802A89847634B009302946A46A5
:109DD00040212046FFF714FB009BDB6802A8984750
:109DE0005E4B009302946A4641212046FFF708FB30
:109DF000009BDB6802A898472046F2F7A7F904F514
:109E0000C160FDF7A1F80546002832D1474E3368FE
:109E10005B6A53493046984733689F69F6F7A8F95B
:109E200001463046B847434E03685B693146984760
:109E300003685B694049984703685B693146984706
:109E400003689B695421984703685B693B499847BD
:109E500003685B694349984703685B6939499847D8
:109E6000012384F87030002384F8643028460BB056
:109E7000F0BD2E4C23685B6A2D4920469847236825
:109E80009D69F6F775F901462046A847294C0368F5
:109E90005B692146984703685B69274998470368CF
:109EA0005B692146984703689B695121984703687D
:109EB0005B692249984703685B692B4998470368A7
:109EC0005B69204998470125D0E7009BDB6802A821
:109ED000984701F0DFFD009BDB6802A8984701F07E
:109EE000D9FD009BDB6802A8984701F0D3FD009BD9
:109EF000DB6802A8984701F0CDFD009BDB6802A853
:109F0000984701F0C7FD009BDB6802A8984701F065
:109F1000C1FD009BDB6802A8984701F0BBFD00BFB4
:109F2000C8B8002028C10020B44F0308D008012081
:109F300014F7020820F702085805030860F7020822
:109F4000E80D030880F70208A44F0308944F0308A4
:109F5000844F0308744F0308644F0308544F0308E9
:109F6000B0F80208280E0308140E030808B5FDF720
:109F700055FE08BD10B50C794CB9886898B189892F
:109F80001AB10122E4F7DEFB09E02246FAE7006895
:109F900058B1897B2AB10122FCF774FE04462046A1
:109FA00010BD0022F8E70724F9E70724F7E70000CF
:109FB000F8B5074616460C4D05EB0115002404E0E4
:109FC0000A20EFF7EAFC0134E4B2022C08D832464A
:109FD00029463846FFF7CEFF03460028F0D100E0BF
:109FE00001231846F8BD00BFF850030838B590F8B3
:109FF0004430022B44D00546042B43D0012380F883
:10A0000044304FF0FF338364002424E00122102108
:10A010001D48E4F797FB0520EFF7BFFC1FE0012C7C
:10A0200005D0AC64042385F84430012027E00022E9
:10A0300010211548E4F786FBF3E74FF4FA70EFF7C9
:10A04000ACFC002210211048E4F77CFB10E00A2051
:10A05000EFF7A3FC0134062C0DDC012CD6D0012235
:10A06000E1B22846FFF7A4FF0028D8D1012CE4D0A4
:10A07000052CECDDEEE7022385F84430002038BDE6
:10A080000020FCE70120FAE70004024238B590F80E
:10A090004430CBB10546032380F84430062400E069
:10A0A000013C002C0ADB0022E1B22846FFF780FFCA
:10A0B000002CF5DD0A20EFF770FCF1E7002385F8AE
:10A0C00044304FF0FF33AB64002038BD38B5044650
:10A0D0000C4D012210212846E4F734FB0520EFF750
:10A0E0005CFC012211462046FFF762FF4FF47A70B4
:10A0F000EFF753FC002210212846E4F723FB002051
:10A1000038BD00BF0004024270B506460024254653
:10A1100004E0301DF4F71AF905440134132CF8D982
:10A12000074BA3FB05352809F06407EE900AF8EE0B
:10A13000677A9FED047A67EE877AC6ED157A70BD6F
:10A14000CDCCCCCCFCC2EB3970B5054601234373B2
:10A1500003750430F4F720F910B1034605283AD10D
:10A160002846FFF7D1FF2B68002B36D0002412E0E1
:10A170001C4B03EB04139E7B012231462868FCF73D
:10A180004DFD034638BB002231462868FCF77AFDB6
:10A19000034600BB0134062C12DC124B03EB041304
:10A1A0001B79012BE4D00F4B03EB04139868B0B17B
:10A1B0000C4B03EB041300229989E4F7C3FAE9E797
:10A1C000002210210848E4F7BDFA002385F8443046
:10A1D0004FF0FF32AA64184670BD0723FBE7072340
:10A1E000F9E700BFF850030800040242054B1B6862
:10A1F00013F0010F05D1034B01221A60024B00221C
:10A200001A6070471CC1002020C1002008B5044B13
:10A210001B681BB1186800F0B3F808BD0720FCE705
:10A22000E8A5012008B5044B1B681BB1186800F0B5
:10A23000B3F808BD0720FCE7E8A5012008B5044BEA
:10A240001B681BB1186800F0B3F808BD0720FCE7D5
:10A25000E8A5012008B5044B1B681BB1186800F085
:10A26000A7F808BD0720FCE7E8A5012008B5114BB9
:10A270001860002210491148F3F762FD034608B147
:10A28000184608BD00220E490E48F3F759FD034653
:10A290000028F5D100220C490C48F3F751FD034684
:10A2A0000028EDD100220A490A48F3F749FD034688
:10A2B000E6E700BFE8A501200DA20208780E03081A
:10A2C00025A20208840E03083DA20208900E03088E
:10A2D00055A202089C0E030808B5FFF787FF08BDCA
:10A2E000044A4260044A4260044A4260002282609A
:10A2F00002737047A4330308843303080033030850
:10A3000030B587B0856905B303460C46EC4600F1CD
:10A31000180207CA8CE8070094B100220392049245
:10A320008DF8142003AA03CA9861D961127883F8C2
:10A330002020012C0BD09DF808207AB901221A7533
:10A3400022469DF808100198A84707B030BD9DF837
:10A3500008200AB90722F2E72246F0E70722EEE7D3
:10A3600008B5037D0BB1082B05D190F82030012BE7
:10A3700002D00123037508BD0121FFF7C1FFFAE7F1
:10A3800010B504460348FFF7A1FE08B90123237561
:10A3900010BD00BF1CA6012010B504460348FFF7FE
:10A3A00025FE08B90123237510BD00BF1CA601209E
:10A3B00010B504460348FFF769FE08B90723237563
:10A3C00010BD00BF1CA60120DAB110B584B08446D0
:10A3D0000C46019202938DF80C1001AB03CBCCF824
:10A3E0001800CCF81C10E3B28CF820300CF13800C7
:10A3F0002CB90121FEF72CF9002004B010BD042176
:10A40000F8E7052070470000F8B590F82430002BDD
:10A4100064D104465D4F3846E9F7D0FE5C4D4023D9
:10A42000EB6001236B722846F4F756FB3846E9F7D8
:10A43000C5FE584E35603046FCF7D8FB3846E9F784
:10A44000BDFE55480660FFF77FFE544B1B6813F0B6
:10A45000010F04D1524B1C60504B01221A6050482E
:10A46000FFF704FF4948E9F7A9FE04F13800FCF7BB
:10A470006BFD054600285DD14A4E33685B6A4A4948
:10A480003046984733689F69F5F772FE01463046BB
:10A49000B847464E03685B693146984703685B6975
:10A4A0004349984703685B693146984703689B694D
:10A4B0004E21984703685B693E49984703685B698A
:10A4C0003D49984703685B693C499847012384F8F4
:10A4D00024300023237523722846F8BD314C2368AD
:10A4E0005B6A37492046984723689D69F5F740FE27
:10A4F00001462046A8472D4C03685B6921469847D2
:10A5000003685B692A49984703685B692146984755
:10A5100003689B693221984703685B69254998471E
:10A5200003685B692749984703685B692349984733
:10A530000525D1E71B4C23685B6A214920469847D3
:10A5400023689D69F5F714FE01462046A847174C7D
:10A5500003685B692146984703685B69144998471B
:10A5600003685B692146984703689B694B219847BC
:10A5700003685B690F49984703685B69124998470C
:10A5800003685B690D4998470125A5E7C8B8002015
:10A590007CA601203C0100201CA60120ECA5012086
:10A5A000F0A50120D0080120B0F8020820F7020829
:10A5B000AC0E030860F70208180F030880F70208C2
:10A5C00014F70208E80E0308140E030870B5FEF72E
:10A5D0008DF900F52F543034FEF788F90246264EE7
:10A5E00021463046FBF73CFD244D2A46244930469F
:10A5F00001F0B6F82348244E06600024047244603B
:10A60000224B0360224B0360046104758461C461C2
:10A6100080F8204080F8214044622A461D4901F01C
:10A620009FF81D4804604660047384601B4B4360C0
:10A630001B4B436080F844404FF0FF338364C46495
:10A640000023036543652A46164901F089F8164C34
:10A650002046F5F709F82A461449204601F080F80B
:10A66000134B1B6813F0010F05D1114B01221A6027
:10A67000104B00221A6070BDA8A601200000002027
:10A68000F55602087CA6012000330308F0360308C3
:10A69000203703085DEA01081CA601208433030863
:10A6A000A4330308E1A20208F4A5012031F5010852
:10A6B0001CC1002020C1002008B5FFF787FF08BD9E
:10A6C0002DE9F84F04460120FBF7FCFD7B4BD3F846
:10A6D000F43013F0804F1FD00120FBF7F3FD0A2068
:10A6E000FBF7F0FD4FF480717548F3F741FF754DAE
:10A6F00068720023AB722846F4F778FFFEF7F6F88D
:10A70000714E2A4600F5AF4108313046FBF758FB41
:10A710003046FBF7E1F944E06C48FFF767FCDBE704
:10A720000122D4F8D8100720EFF796F8051E75DA45
:10A7300082E02046FFF714FE73E002212046FFF777
:10A74000DFFD76E06148FFF7C1FC75E0604D2B68E6
:10A750005B6A6049284698472B689E69F5F708FDB3
:10A7600001462846B04703685B695B499847036820
:10A770009B69DF21984703685B69584998470368DC
:10A780005B69574998470368DB69504A92ED150A9F
:10A79000984703685B695349984703685B69524966
:10A7A00098474A48FFF7B0FCEEF7DAFE0546E36A41
:10A7B000C31A40F6B73293422BD9454E33685B6AD1
:10A7C00044493046984733689F69F5F7D1FC014604
:10A7D0003046B84703685B693F49984703689B69FF
:10A7E000AB21984703685B693C49984703685B69FC
:10A7F0003E4998470368DB69344A92ED150A984749
:10A8000003685B693749984703685B69364998472D
:10A81000E56294F83C30002B82D1002515F0020F40
:10A8200087D115F0010F04D0237D012B85D8022399
:10A83000237515F0040F85D1237D013B062BB0D87D
:10A8400001A252F823F000BF4DA70208CDA90208CB
:10A8500037AA0208F5A8020863AB0208ADAB0208EC
:10A8600065A802081A4D2B685B6A1A492846984762
:10A870002B689E69F5F77CFC01462846B0470368C3
:10A880005B691549984703689B69E5219847036808
:10A890005B691249984703685B69154998470368E3
:10A8A000DB690A4A92ED150A984703685B690D490E
:10A8B000984703685B690C49984772E7000C0246A9
:10A8C00000000242F4A50120A8A601201CA6012038
:10A8D000D0080120B8FC020820F7020860F702083F
:10A8E000400F03083C0F030880F70208340F0308E9
:10A8F000480F03089F4D2B685B6A9F49284698477D
:10A900002B689E69F5F734FC01462846B0479B4FFB
:10A9100003685B6939469847DFF874A203685B698E
:10A920005146984703685B693946984703689B69B5
:10A93000EC219847DFF85C9203685B6949469847C9
:10A9400003685B698E499847DFF8508203685B694A
:10A95000414698478B48FFF7B9FB06462B685B6A70
:10A960008949284698472B68D3F818B0F5F700FCBA
:10A9700001462846D84703685B693946984703680B
:10A980005B695146984703685B6939469847036895
:10A990009B69EE21984703685B69494698470368BD
:10A9A0005B697A49984703689B6931469847036811
:10A9B0005B694146984716B106232375F1E60021ED
:10A9C0002046FFF79DFC08232375EAE6694D2B68B6
:10A9D0005B6A6D49284698472B689E69F5F7C8FB66
:10A9E00001462846B047654D03685B69294698478C
:10A9F00003685B696649984703685B69294698471D
:10AA000003689B6940F20311984703685B696149D9
:10AA1000984703685B696049984703685B695F49C9
:10AA2000984700212046FFF76BFC002384F8343060
:10AA300003232375B5E694F83430002B6CD14D4DCB
:10AA40002B685B6A4C49284698472B689E69F5F746
:10AA50008FFB01462846B047484F03685B6939467B
:10AA60009847DFF82CA103685B6951469847036853
:10AA70005B693946984703689B6940F20D11984716
:10AA8000DFF8109103685B694946984703685B6982
:10AA900043499847DFF8048103685B69414698475A
:10AAA0003848FFF7F3FA06462B685B6A36492846B2
:10AAB00098472B68D3F818B0F5F75AFB014628469B
:10AAC000D84703685B693946984703685B69514614
:10AAD000984703685B693946984703689B6940F269
:10AAE0000F11984703685B694946984703685B699B
:10AAF0002C49984703689B693146984703685B690E
:10AB00004146984716B1062323754AE6EEF728FD1D
:10AB10002063012384F834301A48FFF7F5FAEEF782
:10AB20001FFD236BC31A41F28732934205D9A36AF2
:10AB3000C01A904213D8002300E00023114AD2ED3E
:10AB4000157A002B3FF42DAE9FED177AF4EEC77AFD
:10AB5000F1EE10FA7FF525AE0523237521E60123DA
:10AB6000ECE701212046FFF7CBFB6420FBF7AAFBB3
:10AB700017E600BFD0080120E4FA020820F7020817
:10AB8000540F03081CA60120B0F80208600F030848
:10AB9000AC0E030860F70208740F030880F7020880
:10ABA000840F0308900F0308CDCC4C3D02212046B2
:10ABB000FFF7A6FBF5E500BF014B00221A607047C6
:10ABC00020C4012000B50022026042608260C260A1
:10ABD0000261426102764FF0C00C80F800C0A821EB
:10ABE0004170102282704FF00A0E80F803E080F866
:10ABF00004C0417182714FF0140E80F807E080F8B4
:10AC000008C041728272E322C2726FF0290202739D
:10AC1000382242736FF01F018173C27301220274E4
:10AC2000427434224275122282755A22C2756FF024
:10AC30005A0202765DF804FB2DE9F04F89B00D460B
:10AC40009C4BD3F81520A3F1C543A3F53713A3F606
:10AC5000CC539A4200F0838101466846FFF7B2FF69
:10AC6000009A019B029803992A606B60A860E960D2
:10AC7000049A059B2A616B619DF818302B768E4CE7
:10AC800023685B6A8D492046984723689E69F5F7DB
:10AC90006FFA01462046B047894C03685B6921463C
:10ACA000984703685B698749984703685B69214651
:10ACB000984703689B691D21984703685B6982492F
:10ACC000984703685B698149984703685B698049D5
:10ACD0009847DFF81492784C23685B6A494620460F
:10ACE000984723689E69F5F743FA01462046B04726
:10ACF000DFF8CC8103685B694146984703689B692C
:10AD000026219847704F03685B6939469847036866
:10AD10005B697049984703689B69A9789847DFF891
:10AD2000CCA103685B695146984703689B69E97841
:10AD30009847674E03685B693146984723685B6AAA
:10AD40004946204698472368D3F818B0F5F710FA1B
:10AD500001462046D84703685B6941469847036827
:10AD60009B692721984703685B69394698470368C0
:10AD70005B695949984703689B69A97998470368B3
:10AD80005B695146984703689B69E979984703686E
:10AD90005B693146984723685B6A49462046984775
:10ADA0002368D3F818B0F5F7E3F901462046D847F1
:10ADB00003685B694146984703689B692821984767
:10ADC00003685B693946984703685B69434998475C
:10ADD00003689B69A97A984703685B69514698475D
:10ADE00003689B69E97A984703685B69314698472D
:10ADF00023685B6A4946204698472368D3F818A021
:10AE0000F5F7B6F901462046D04703685B6941462D
:10AE1000984703689B692921984703685B6939460D
:10AE2000984703685B692E49984703689B69A9891D
:10AE3000984703685B693146984723685B6A4946CF
:10AE4000204698472368D3F818A0F5F791F90146F2
:10AE50002046D04703685B694146984703689B6971
:10AE60002A21984703685B693946984703685B69FC
:10AE70001C49984703689B69E989984703685B699F
:10AE80003146984723685B6A4946204698472368BD
:10AE9000D3F818A0F5F76CF901462046D0470368AF
:10AEA0005B694146984703689B692B219847036873
:10AEB0001EE000BF00E00708D0080120B0F802083B
:10AEC00020F70208A40F030860F70208E00F030848
:10AED00080F70208301003083C10030848100308EC
:10AEE0005410030864100308B8FC0208A4FE02080A
:10AEF0005B693946984703685B693449984703683A
:10AF00009B69297C984703685B69314698472368A9
:10AF10005B6A4946204698472368D3F81890F5F7AE
:10AF200027F901462046C84703685B6941469847B0
:10AF300003689B692C21984703685B6939469847E9
:10AF400003685B692249984703689B69697C984755
:10AF500003685B693146984709B0BDE8F08F1D4C26
:10AF60000FCC28606960AA60EB6003CC286169613E
:10AF700023782B76184C23685B6A1849204698473B
:10AF800023689E69F5F7F4F801462046B047144C53
:10AF900003685B692146984703685B6911499847D4
:10AFA00003685B692146984703689B69232198479A
:10AFB00003685B690C49984703685B690B499847CC
:10AFC00003685B690A49984783E600BF701003086D
:10AFD0008410030800E00708D0080120B0F8020838
:10AFE00020F70208A40F030860F702080C100308FA
:10AFF00080F7020870B504460D46494A19210068D9
:10B00000F3F754FC064600282BD1464C23685B6AB4
:10B0100045492046984723689D69F5F7A9F80146F8
:10B020002046A847414C03685B692146984703685E
:10B030005B693F49984703685B6921469847036805
:10B040009B693721984703685B693A4998470368C9
:10B050005B693949984703685B69384998473046C6
:10B0600070BD19232A462E492068F3F76DFC192874
:10B070002BD02C4C23685B6A2B49204698472368C9
:10B080009D69F5F775F801462046A847274C0368E7
:10B090005B692146984703685B69254998470368BF
:10B0A0005B692146984703689B6943219847036879
:10B0B0005B692049984703685B69214998470368A1
:10B0C0005B691E4998470026C9E7164C23685B6AEE
:10B0D0001C492046984723689D69F5F749F80146C1
:10B0E0002046A847114C03685B69214698470368CE
:10B0F0005B690F49984703685B6921469847036875
:10B100009B694721984703685B690A499847036828
:10B110005B690D49984703685B69084998479EE752
:10B1200000E00708D008012014F7020820F7020801
:10B13000A40F030860F702089810030880F70208BC
:10B14000AC100308B0F80208C010030808B5FFF7F8
:10B1500033FD08BD0B68036070470B6803607047E0
:10B1600070470B68036070470B6803607047704757
:10B1700010B504463830FCF76BFC204610BD08B50E
:10B180000068FFF79DFA08BD08B50068FDF72AFAC8
:10B1900008BD000038B5044600F50055094BC5F858
:10B1A000983B00F52E501830F2F764FC064BC5F8BA
:10B1B000983B064BC5F8983B2046F5F7C7FA204662
:10B1C00038BD00BFD0320308B03203081432030880
:10B1D00000F5E04393F8343C5BBB10B50446FBF745
:10B1E00007FA04F5B1405830F6F7DAFB04F5EC4005
:10B1F0000830F2F7BDF808B1012010BD04F5EE40AB
:10B200005430F2F7B5F80028F6D104F5F1402430B7
:10B21000F2F7CCF90028EFD104F5F4406C30F2F7E6
:10B22000C5F90028E8D104F5E044012384F8343C52
:10B23000E3E70520704738B50446002505704570E2
:10B240008570858080222946063002F005FE84F84C
:10B250008650A4F888504FF48272294604F18A007F
:10B2600002F0FAFD204638BD38B504460A4B0360AB
:10B2700001230371094B0360417100218160C160AA
:10B2800000F110054FF4C772284602F0E5FD28468C
:10B29000FFF7D1FF204638BD14320308B03203084F
:10B2A00008B5EEF75DF9074B1B68C31A41F2873208
:10B2B000934201D9034B18604FF47A70FBF702F800
:10B2C00008BD00BF381C022000F1180200F51873F9
:10B2D000026043600A228260C360036100F13001B2
:10B2E0008161C16100210162416238218162C262D3
:10B2F0000922002A0CDB10B400211960054C1C60E7
:10B300005960013A0833002AF6DA5DF8044B7047B9
:10B31000704700BF20C1002038B55248E8F74EFF03
:10B3200051480446514B44F8043B2146FFF784FC46
:10B33000FDF7DCFA2146FCF7D1FDFDF7D7FAFFF760
:10B3400047FF00282AD04A4C23685B6A49492046B7
:10B35000984723689D69F4F70BFF01462046A847EC
:10B36000454C03685B692146984703685B6943491C
:10B37000984703685B692146984703689B693D21AC
:10B38000984703685B693E49984703685B693D4994
:10B39000984703685B693C49984738BD3B48FFF7CD
:10B3A00033F8002829D0324C23685B6A31492046A3
:10B3B000984723689D69F4F7DBFE01462046A847BD
:10B3C0002D4C03685B692146984703685B692B49EC
:10B3D000984703685B692146984703689B69412148
:10B3E000984703685B692649984703685B69284961
:10B3F000984703685B69244998472648FEF762FC32
:10B4000000282AD01A4C23685B6A1A4920469847BC
:10B4100023689D69F4F7ACFE01462046A847164C08
:10B4200003685B692146984703685B69134998473D
:10B4300003685B692146984703689B6944219847E4
:10B4400003685B690E49984703685B69124998472E
:10B4500003685B690C4998479FE70248E8F7AEFE2E
:10B460009BE700BFC8B8002020C40120181C0220A0
:10B47000D008012014F7020820F70208E0100308A2
:10B4800060F702080811030880F70208B8090220D3
:10B490002411030840C401204011030810B50446DC
:10B4A0004FF400620221FDF701F9002104F52E504E
:10B4B0001830FFF7D9FE04F50053074AC3F8982B5C
:10B4C000C3F8384D002283F83C2DA3F8402D83F8B3
:10B4D000422D204610BD00BFD03203082DE9F043B5
:10B4E00093B00446884615461F46F1F70BF9234BE7
:10B4F00023600026E6622422314604F1300002F087
:10B50000ABFCDFF87C90C4F85890C4F8A0604FF40E
:10B510008052314604F1A40002F09EFC4FF4C07248
:10B52000314604F58550083002F096FCC4F81080CE
:10B530002B68294641F8089B00939B6802A898470E
:10B54000694604F15800F1F72BFE009BDB6802A866
:10B550009847394604F10800FBF7E6F809E0A36DC7
:10B56000DB6804F1600098472046F0F78DF800F0A2
:10B5700091FA204613B0BDE8F08300BFF84D0308F0
:10B58000B022030810B592B004460023037583610E
:10B59000C36180F8203080F824308362C362036383
:10B5A00080F834300B4B009302900B4B6A46182105
:10B5B0003830FFF793FF05E0009BDB6802A898474F
:10B5C00000F068FA009BDB6802A89847204612B09A
:10B5D00010BD00BF785103085C11030810B5044684
:10B5E0000A2340F8103B6060A0600146FDF7EEFDC5
:10B5F0006368A360204610BD2DE9F04194B0044675
:10B600000E4600F1780700F54A78254B03602422A6
:10B6100002710025C0F805504572C760C0F810805F
:10B620000423037545751F4B40F8183B294602F06B
:10B6300013FCE56325646564A66484F8705013AA5E
:10B6400012A93846FFF740FE4046FFF7C7FF164BEA
:10B6500000930294154B6A46182104F5C160FFF768
:10B660003DFF14E0009BDB6802A89847D4F8301334
:10B67000D4F82C03FDF7AAFDD4F82C33C4F83033EA
:10B680003846FDF7C5F9064B236000F003FA009B2E
:10B69000DB6802A89847204614B0BDE8F08100BFDF
:10B6A0003C220308204E0308685103085C1103087C
:10B6B00070B51B481B4B03600023037243601A4B99
:10B6C00003601A4B03601A4C22461A4900F048F8EE
:10B6D000194D2846FFF756FF22461849284600F024
:10B6E0003FF8174E3046FFF7D9FE2246154930463F
:10B6F00000F036F8144E29463046FFF77DFF22460B
:10B700001249304600F02CF8114B1B6813F0010F62
:10B7100005D10F4B01221A600E4B00221A6070BD3A
:10B72000181C02200033030850360308A036030813
:10B730000000002049E70108B809022071B10208A1
:10B7400070DC012095B1020840C40120E991020893
:10B750001CC1002020C1002008B5FFF7A9FF08BDCB
:10B760000B460146184602F077B97FB50024102336
:10B7700015461268CDE902340368CDE900449E699C
:10B780006B46B0479DF8043003F00603062B05BF57
:10B79000009B012020462B6004B070BD00989042B1
:10B7A0000CBF062001207047034B10B50446036010
:10B7B00000F0BFFD204610BDC051030810B504467F
:10B7C000FFF7F2FF0821204600F042F8204610BDA6
:10B7D0002DE9F041DDF818801F4606461546DDE9E3
:10B7E0000834984507D1079900F0A6FD18B1657196
:10B7F0000020BDE8F0813946304600F09DFD00286C
:10B80000F6D00123C4F800802571A371F0E738B5A4
:10B8100015461C4600F090FD20B108232560E3602A
:10B820000623237138BD2DE9F04105460C46164626
:10B830001F4600F081FD48B9032F07D82368324620
:10B84000294620465B69BDE8F0411847BDE8F08114
:10B8500000F0A3BD194A50F8081C536870B5A0F158
:10B86000080413B16518AB4203D940F8043C546096
:10B8700070BD5E681FD11B680B4440E90236F6E7D5
:10B880001A1D33465E6836B1B542F9D801BF2E683D
:10B890006D6889195D6013681D685E19B44217BF31
:10B8A0005B686D1840F8081C40F8043C16BF13682C
:10B8B0001D605C60DCE70432E4E700BF3C1C022052
:10B8C0000830104A082838BF0820073020F0070346
:10B8D00052F8040F30B580B1016844688B420DD82E
:10B8E000CD1A072D8DBFC118016021464C6082BF63
:10B8F000C550106803600830116030BD021D20463D
:10B90000E9E700BF3C1C022010B500F1800420468E
:10B9100001F0A4FF034630B92046FFF7D1FF0346EC
:10B9200008B900F0F9FB80220021184602F094FAD1
:10B93000803010BD064B8038D3E90223134498426F
:10B9400003D2824201D2FFF785BF01F08FBF00BF53
:10B950003C1C022070B50D4619460368049E9D42AA
:10B9600004D92A4609490A4800F0FCFC5C1B9442B1
:10B9700028BF14463246A64228BF224622B140685C
:10B98000284402F059FA00B9A01B70BDE451030825
:10B99000FE5103082DE9F0470025394E8CB0394897
:10B9A000F5604FF00F090DF11008C6E9015501F0DF
:10B9B00077FE354B044693E8030008230693334B88
:10B9C000CDE9073509230993314B0A93042388E80D
:10B9D00003000B93B4B90B9B089D402BA8BF4023D9
:10B9E000002D08BF06253E355D43AD00F56035B13D
:10B9F000284601F033FFB06000283CD1F4600CB061
:10BA0000BDE8F08723780F22002140463A2BCDF87D
:10BA1000009008BF01342346FFF79CFF28BBE37B5F
:10BA20002E2B22D110344FF0030A06AFBAF1010ACF
:10BA30001BD03D682346002138462A460095FFF773
:10BA400089FF024610B9635D3D2B01D00C37EDE74D
:10BA5000013503A9601901F019FE039C23783A2BE4
:10BA600000D013B9002800DBB86020463A2101F06D
:10BA700083FE0446AEE77060C0E90054BFE700BF34
:10BA80003C1C02202F520308D8F40208405203083D
:10BA9000495203081EB400F09CF81EBCD4F772FC97
:10BAA0000378472B17D143784E2B14D18378552B2D
:10BAB00011D1C378432B0ED10379432B0BD143799A
:10BAC0002B2B08D183792B2B05D1C07901288CBF72
:10BAD0000020012070470020704700002DE9F3414D
:10BAE0001D4603780E460246472BC17913D1437891
:10BAF0004E2B10D18378552B0DD1C378432B0AD10F
:10BB00000379462B07D143794F2B04D18379522BEC
:10BB100001D1002930D01046FFF7C2FF80F00104A8
:10BB20000023E4B2002001904BBB54BB01290ABFA3
:10BB300052F8203CA2F12003783B01290CBF52F8B7
:10BB4000202C58321C680192236820469B68984735
:10BB5000C8B1019B02271B680193336801AA2146E3
:10BB60003046D3F810800123C04770B1019B2B6091
:10BB7000384602B0BDE8F08101230C46D2E7044C00
:10BB8000E2E7044CE0E70127E7E70746F0E700BFFC
:10BB9000445303087053030810B5044600F040F8FE
:10BBA00002462046A4F12001FFF77AFF60B154F865
:10BBB000043C0133012B44F8043C03D1936844F85E
:10BBC000083C9160012010BD9368002BF9D000F073
:10BBD000A3FA10B500F024F8826801460AB900F013
:10BBE0009BFA02F120042046FFF75AFF40B1D369C7
:10BBF000013BD36113B9906988609361204610BD01
:10BC00008860FBE7704700000048704763520308F4
:10BC100010B504460421FFF71BFE204610BD0000AE
:10BC2000004870474C1C022000231A4630B510F81B
:10BC3000015B05F07F049440073223432C06F6D4C1
:10BC40000B6030BD00231A4630B510F8014B04F0EC
:10BC50007F05954007322B432506F6D41F2A06D8C8
:10BC6000640642BF4FF0FF3404FA02F213430B6044
:10BC700030BD50282DE9F3410646884615461F463B
:10BC800008D1D01C20F0030050F8044B3C6002B0F7
:10BC9000BDE8F08100F00F030C2B2ED8DFE803F095
:10BCA00025071D25292D2D2D2D182125290001A918
:10BCB0002846FFF7B9FF019C002CE7D006F070037F
:10BCC000102B08BFA8463306444448BF2468DDE76C
:10BCD00001A92846FFF7B6FFEDE7284630F8024BEA
:10BCE000EAE7284630F9024BE6E7284650F8044BCD
:10BCF000E2E7284650F8084BDEE701F061FE08B5A0
:10BD000003460846FF2B0DD003F07003302B0FD0F5
:10BD100004D8202B08D005D901F052FE402B0BD0BF
:10BD2000502BF9D1002008BDBDE8084001F03BBC14
:10BD3000BDE8084001F034BCBDE8084001F020BC7B
:10BD400070B50C4615461E4601462046FFF7D7FF44
:10BD5000334601462A462046BDE87040FFF789BFBA
:10BD600073B50C461546064608B101F009FC22469B
:10BD7000286012F8011BFF291CD02B1D3046FFF74D
:10BD8000DFFF0246104610F8013BFF2B14D01023B2
:10BD900001A92B75FFF748FF019B0344EB6001A944
:10BDA00010F8013B6B75FFF73FFF019B03442B61CC
:10BDB00002B070BD6860E5E72B750023EEE71FB5A4
:10BDC00003AB0A4600930023194600F0C1FE039816
:10BDD00005B05DF804FB00002DE9F04F002393B09F
:10BDE00005460C46079300F003031646012B10D0BE
:10BDF000022B03D0002B3BD101073BD53146204617
:10BE000001F0A8FB18B1092013B0BDE8F08F08209D
:10BE1000FAE7020723D5022305F008050C22304675
:10BE20000C941D430CAB00930023194600F0B6FEA2
:10BE3000062D21D1D4F83080B8F1000FD4E90A7969
:10BE40000CBF4FF0010A4FF0030A15F0080500F08F
:10BE50000981BAF1010F40F0018100F05DF90F6A2C
:10BE600030460D21FFF7ABFF8742D4D10623D3E73D
:10BE700001F0A6FD0123CFE7304601F087FB8146A4
:10BE80000028BBD00CAA01463046FFF769FF9DF899
:10BE900044B0314603905846FFF731FF0F2102901E
:10BEA0000E903046FFF78BFF20F00108039A08F14F
:10BEB000FF38109F974215D800274FF0010AB84667
:10BEC000EB07C2D5BAF1020F98D0079D0D2130467D
:10BED000FFF775FFC4F83080C4E90805C4E90A79A2
:10BEE000062091E79DF845A008AB00205146FFF7DA
:10BEF00027FF09AB024651460020FFF721FF0AAB9E
:10BF0000024651460020FFF71BFF0BA9FFF78CFEEE
:10BF10000C9B089902460B44434551D809990B44A0
:10BF20004345C6D9DDF82880B8F1000F01D00D9B3C
:10BF300098440B9B002B3BD0B8F1000F3FF45EAF51
:10BF400015F0080204923DD0472222704E22627002
:10BF50005522A2704322E270462222714F22627162
:10BF60005222A2710022E271013BF81800230393D0
:10BF700009A9FFF767FE0AA90590FFF763FE099F6D
:10BF8000002F68D042DDBBF1FF0F3BD00BF0070361
:10BF9000042B3FF66DAF01A252F823F0D7BF020881
:10BFA00071BE020809C00208D7BF020801C002081A
:10BFB000B8F1000F3FF422AF00274FF0020A7FE7ED
:10BFC0003A4676E7E279012A0CBF54F8202C04F1B6
:10BFD00058020792C8E704220F990BAB584602FBA0
:10BFE00017120299FFF745FE0B9931B13CB307AB2D
:10BFF00000222046FFF772FD08B34FF0030A5FE707
:10C000000822E9E70022E7E70222E5E76FF0404275
:10C010000F9BD21B03EB820AC4B10499B1B9079BF1
:10C02000AAF1040A0B935AF8041F0029E5D00BABC0
:10C03000002251442046FFF751FD0028F3D00A9812
:10C04000002859D0059B0344184691E753F8223045
:10C05000002BF4D1D1E701230393F0E7002F1FDA7F
:10C0600000F06AF8BAF1010F02D1204600F0B4F9ED
:10C07000002F15DA0CAA49463046FFF771FE31460B
:10C080009DF84400FFF73BFEFA430F9B03EB82034E
:10C0900053F8252052BB0422C4E90A50C4E90C23FA
:10C0A00000230BAD30460B941A461946009500F05C
:10C0B00075FD002301223046194600950B9700F0CC
:10C0C0006DFD0F213046FFF77AFE00F001000023DE
:10C0D0000F2240EA0800009519460B90304600F008
:10C0E0005DFDBAF1020F03D007208DE60135CFE7E1
:10C0F0002046FFF751FDF7E7039B002B3FF47EAE90
:10C100005AE700BF08B5804701F05AFC014BD3E85D
:10C11000AF0F70474801002008B5FFF7F7FFFFF7A2
:10C12000F1FF08B58047FFF7F7FF0000014BD3E8A8
:10C13000AF0F70474401002008B5FFF7F7FFFFF786
:10C14000F0FF012810B503D951F8140CFFF7DAFFFE
:10C15000A1F12803D3E8EF2F013AC3E8E02F00282C
:10C16000F8D15AB951F81C3C01F158040BB12046E2
:10C1700098472046BDE81040FFF7DCBB10BD00002B
:10C1800038B50025044640E91E1240F8805CFFF7F0
:10C19000CDFF44F8700CFFF7B9FF472344F86C0C4F
:10C1A000A4F1800004F8583C4E2304F8515C04F8D4
:10C1B000573C552304F8563C432304F8553C04F8F7
:10C1C000543C2B2304F8533C04F8523C014B44F8F4
:10C1D000503C38BD43C1020808B504460D4616461A
:10C1E000FFF71EFD4368294632460133436020466F
:10C1F000FFF7C6FF0123044644F8283B2046D4F746
:10C20000AFF8204600F028F9FFF786FF012838BF75
:10C21000012010B50446204601F020FB00B110BDFE
:10C2200000F044F908B901F0CBFB8047F3E70000C8
:10C23000034B10B504460360FFF7B6FA204610BD65
:10C24000C853030810B50446FFF7F2FF0C2120463F
:10C25000FFF7FEFA204610BD2DE9F041DDF8188009
:10C2600006460F46154690451C460BD0B0682A4638
:10C2700039460368CDF818801E6A2346B446BDE8E7
:10C28000F0416047194600F057F80028EED006202C
:10C29000BDE8F0812DE9F14F0D461946814617465C
:10C2A0009846DDE90A4BDDE90CA600F045F890B1AF
:10C2B000002D3460377109DB2C44A24514BF0124E2
:10C2C0000624B471002001B0BDE8F08F0235F9D129
:10C2D0000123B371F6E7544506D15946484600F0AC
:10C2E0002BF808B17771EDE7D9F808003A462946EE
:10C2F0000368CDE90CA6CDE90A4BDC694346A446A8
:10C3000001B0BDE8F04F60472DE9F04107460C460B
:10C3100015461E46FFF77BFA48B9B8682A462146FB
:10C3200003689F693346BC46BDE8F0416047BDE8FD
:10C33000F081704700207047814208B50ED04068F8
:10C3400003782A2B0CD049680B782A2B08BF0131BF
:10C35000D4F762F8B0FA80F0400908BD0120FCE78C
:10C360000020FAE70FB408B501F02AFB0048704737
:10C3700072520308034B10B504460360FFF742FCFA
:10C38000204610BD3054030810B50446FFF7F2FFF5
:10C39000204600F002F8204610BD01F067BA03788D
:10C3A000472B17D143784E2B14D18378552B11D1BD
:10C3B000C378432B0ED10379432B0BD143792B2B1D
:10C3C00008D183792B2B05D1C07901288CBF00209F
:10C3D000012070470020704710B5044648B100F0B6
:10C3E0003BF82046FFF7DBFF18B154F8140CFFF7B9
:10C3F00089FEFFF791FE38B50246FFF7D0FF0446ED
:10C4000040B152F8184C0025104600F025F81DB137
:10C41000FFF792FE0125F7E72046FFF782FE03783B
:10C42000472B17D143784E2B14D18378552B11D13C
:10C43000C378432B0ED10379432B0BD143792B2B9C
:10C4400008D183792B2B05D1C07901288CBF00201E
:10C45000012070470020704738B50446FFF7E0FB25
:10C46000024605682046A4F12001FFF7D8FF28B94D
:10C470000DB1FFF751FE1160284638BD54F80C3C51
:10C480002046002BB4BFC3F1010301338D4244F8B1
:10C490000C3C536803F1FF3353601CBF44F8105C3D
:10C4A0001160656A00F052FBE6E70000014BD3E83B
:10C4B000AF0F7047581C02202DE9F04F099D0E4622
:10C4C00004460F46002B47D18A429446B2FA82F3C3
:10C4D0005AD943B102FA03FCC3F120029F409C40A9
:10C4E00020FA02F217434FEA1C461FFA8CFE220C78
:10C4F000B7FBF6F106FB117701FB0EF042EA0742AB
:10C50000904208D91CEB020201F1FF3702D290429F
:10C5100000F23C813946121AA4B2B2FBF6F006FBD7
:10C52000102200FB0EFE44EA0244A64508D91CEB8B
:10C53000040400F1FF3202D2A64500F22A8110461F
:10C5400040EA0140A4EB0E0400211DB1DC400023B1
:10C55000C5E90043BDE8F08F8B4205D90DB1C5E9AF
:10C56000000100210846F5E7B3FA83F100294FD115
:10C57000B342C0F00281824240F2FF800846002DA3
:10C58000E8D0C5E90047E5E7002B40F0AF808A1A04
:10C590004FEA1C4E1FFA8CF70121B2FBFEF60EFB90
:10C5A0001620220C42EA004207FB06F090420FD907
:10C5B0001CEB020206F1FF382CBF4FF001094FF0CF
:10C5C0000009904203D9B9F1000F00F0DC80464623
:10C5D000121AA4B2B2FBFEF00EFB102200FB07F70A
:10C5E00044EA0244A7420FD91CEB040400F1FF32D5
:10C5F0002CBF4FF0010E4FF0000EA74203D9BEF141
:10C60000000F00F0C9801046E41B40EA06409CE79A
:10C61000C1F120048B4006FA01FC00FA01FE22FA67
:10C6200004F7E6408A401F4320FA04F34FEA174814
:10C6300043EA0C031FFA87FC4FEA1349B6FBF8F0F4
:10C6400008FB106649EA064600FB0CF9B1450ED915
:10C65000BE1900F1FF3A2CBF4FF0010B4FF0000B59
:10C66000B14503D9BBF1000F00F0A2805046A6EB04
:10C6700009061FFA83F9B6FBF8F308FB136603FB00
:10C680000CFC49EA0646B4450ED9BE1903F1FF3841
:10C690002CBF4FF001094FF00009B44503D9B9F19F
:10C6A000000F00F08280434643EA0040A6EB0C06F0
:10C6B000A0FB028C66454346E14602D307D1C6453E
:10C6C00005D2B8EB02036CEB070C0138E1465DB113
:10C6D000BEEB030266EB090606FA04F422FA01F344
:10C6E000CE401C43C5E90046002133E702FA03FCB3
:10C6F000C3F1200299409C40D6404FEA1C4E20FADC
:10C7000002F21FFA8CF7B6FBFEF00A430EFB10662E
:10C71000110C41EA064100FB07F68E420ED91CEBD4
:10C72000010100F1FF382CBF4FF001094FF0000963
:10C730008E4202D9B9F1000F34D04046891B92B223
:10C74000B1FBFEF60EFB161142EA014206FB07F1B1
:10C7500091420ED91CEB020206F1FF382CBF4FF0BC
:10C7600001094FF00009914202D9B9F1000F16D02A
:10C770004646521A46EA00410FE7841A66EB030266
:10C7800001201746FBE6023E624421E7023962447B
:10C79000C1E664440238D3E66444023834E7023E1A
:10C7A0006244E6E702386144C8E7023B3E447BE767
:10C7B00002383E445BE700BF03685A004CBF43F0B9
:10C7C000004323F000431844704700BF2DE9F047B1
:10C7D00029B301F1FF3A8046914600255646A91932
:10C7E00048BF0131491008EBC107CC003846FFF7BC
:10C7F000E3FF8A450DD00834484508EB04000AD809
:10C80000FFF7DAFF01384D1C4845E8D33846BDE84C
:10C81000F0874845FAD98D4201F1FF36DFD1002774
:10C820003846BDE8F08700BF012809D0022805D0AE
:10C830000028044B14BF0020184670470248704778
:10C840000248704715CF020825CF02081DCF020805
:10C85000224B30B5044683B08D1E43B301A9284650
:10C86000AFF30080F0B101992A46FFF7AFFF014610
:10C87000C0B1FFF7A1FF4B68A064012B2AD0002BA9
:10C8800001F1040024DBFFF797FF00232365036811
:10C89000E064002B11DBFFF78FFF034600202361CC
:10C8A00003B030BD00230920236103B030BD0C4824
:10C8B0000C49091AC9100191D6E7C3F30360FFF7C9
:10C8C000B3FF031E0CBF09200020236103B030BD5D
:10C8D0000123DBE700230520E1E700BF00000000A3
:10C8E00008620308B07003080368DA0710B504464D
:10C8F00006D49B0700F1500009D5D3F7C9FC236883
:10C90000590709D51A070ED5DB0613D510BDD3F785
:10C91000B7FC23685907F5D404F1D800D3F7C0FC5D
:10C9200023681A07F0D404F5AC70D3F7C1FC236870
:10C93000DB06EBD404F5EC70BDE81040D3F7FCBC8B
:10C940000346006800B11844704700BF704700BF3D
:10C9500070B504460E46316C2046FFF779FF054658
:10C9600098B9D6F840C03246236921460120C4F860
:10C9700014C098470828EED0072806D12846316C05
:10C98000FFF7E4FF301DD3F76FFC01F019F800BF8B
:10C990002DE9F04701F1040CADF5787DC768064636
:10C9A000D0F8188014460DF1140E04AD4FF00009B4
:10C9B000BCE80F00AEE80F00BCE80F00AEE80F00C7
:10C9C000BCE80F00AEE80F009CE80F008EE80F00F7
:10C9D000C5F8009023E02B6C4FF4F47229467EA832
:10C9E000736100F02DFF33697EAA314650469847A7
:10C9F0008C9B2146814603933246039C334601209B
:10CA0000AC64CDE90058B847044628BB4FF4F47233
:10CA10007EA9284600F014FFB9F1080F19D1093496
:10CA2000296C3046FFF714FF81465FFA84FA00282C
:10CA3000D1D0AC6B334632464AF01001AC640120D1
:10CA4000CDE90058B84738B948460DF5787DBDE8BE
:10CA5000F087B9F1070F06D04FF0090948460DF5E8
:10CA6000787DBDE8F0872046296CFFF76FFF05A8A9
:10CA7000D3F7FAFBF0B5CB6BFBB001F1040C0E461B
:10CA80000B6401AC05464FF0FF37BCE80F000FC444
:10CA9000BCE80F000FC4BCE80F000FC49CE80F00F7
:10CAA00084E80F00009706E02B696A4629469847FC
:10CAB0000828044608D110992846FFF7C9FE002827
:10CAC000F2D009207BB0F0BD6846FFF70DFF062CC1
:10CAD000F7D131462846FFF73BFF00BF10B4DC6BAF
:10CAE000C1601946826100221C6410BCFFF750BF70
:10CAF00070B54369C6680B64AEB903690A4604465B
:10CB00000D46014602209847072805D008280FD176
:10CB100029462046FFF71CFF3046296CFFF716FF19
:10CB2000281DD3F7A1FB0122FFF732FF00F048FFD9
:10CB300000F046FFC26832B1D1F83CC00022C1F813
:10CB400040C0FFF725BFFFF795BF00BF704700BF8C
:10CB5000052915D8DFE801F00A03140303050120B5
:10CB60007047436C0020009A1360704743B90F2A46
:10CB700006D800EB820200205368009A13607047C9
:10CB80000220704710B584B000230A4603AC194652
:10CB90000094FFF7DDFF039804B010BD052915D8F8
:10CBA000DFE801F00A031403030501207047009B2E
:10CBB0001B6843640020704743B90F2A06D8009BC6
:10CBC00000EB820200201B68536070470220704710
:10CBD00010B584B0002303AC03920A4619460094B2
:10CBE000FFF7DCFF04B010BDF0B5D36BADF5117DE0
:10CBF000141D064613640DF15C0C0D464FF0FF3713
:10CC00000FCCACE80F000FCCACE80F000FCCACE8B9
:10CC10000F0094E80F008CE80F00169710E0FFF764
:10CC2000D7FF294616A8B047034616AA694608202A
:10CC300083B9049B9847052804460CD009280AD0DC
:10CC400026996846FFF704FE03466A460C2116A89B
:10CC5000002BE4D0092416A8FFF746FE20460DF568
:10CC6000117DF0BD2DE9F04F1646CA6C89B00D4616
:10CC700052F8041B00F0030C0692002B7CD00C0C25
:10CC800009048DF81D40E4B20591022102EB8402F3
:10CC9000BCF1020F8DF81C10296D08BFAA6B11F0B2
:10CCA000010809D005A9304600F0D4FA00285BD16C
:10CCB000082009B0BDE8F08F1768002FF2D000F00F
:10CCC0000801BB469A4667460191CDF80880BAF143
:10CCD000020F4DD0B2F800B002F10409548824F0DC
:10CCE0000102AB6C64000F2102EB03083046FFF732
:10CCF00049FF04F002040BF00103804543EA0403FA
:10CD00002CD82BF0010B012BC34472D0022B39D04D
:10CD100053BB17B1834500F2C88009F10402D2F871
:10CD200000B0BBF1000FD2D105A93046DDF8088074
:10CD300000F090FAC0B9B8F1000FB9D00F21304619
:10CD4000FFF720FF0E2102463046FFF741FF704AF1
:10CD50000F213046FFF73CFF072006E0012B66D08D
:10CD6000022B25D0002BD8D0092009B0BDE8F08FC8
:10CD7000546802F10809B2E709028DF81D300591E7
:10CD8000032185E7D9F8004024F00048B7B983456E
:10CD900005D9019B002B64D0B8F1000F61D0002CA5
:10CDA00001DA09F1040908F1010309EB8302B6E78E
:10CDB000D9F8004024F00048002FF0D0D5F820B07A
:10CDC0000D213046FFF7DEFE8345E8D1AA6A914582
:10CDD000E5D100240422C5F82880C5E90B424A4465
:10CDE0006A63D9F80020A242C0F28D800123029329
:10CDF000D9E7F7B9834517D9D9F80430D9F8002015
:10CE0000991C4FEAD272AFD005F158040133049453
:10CE100072D009F10400FFF793FD04AB01462846E8
:10CE2000FEF75CFE002853D109F1080277E7002FD6
:10CE3000FAD02C6A0D213046FFF7A4FE8442F3D1CC
:10CE4000AB6A9945F0D14846FFF7B6FC0F21024680
:10CE50003046FFF7BDFE2A4600213046FFF7B8FEF8
:10CE60007AE705F15803039709F1040B00241F46E4
:10CE70000CE0584600220497FFF762FD04AB014620
:10CE800028460BF1040BFEF729FE88BB444504F14C
:10CE90000104EED10D213046FFF774FE049B0246DB
:10CEA00006202A62C5E909395FE74846FFF784FC96
:10CEB00009F1040204462846AA63FEF76DFE002825
:10CEC0003FF452AF22460F213046FFF781FE43E781
:10CED00004460D213046049EFFF754FE022C2862C2
:10CEE00002D1EE6205F12C060620C5E909693CE78E
:10CEF000039FD9F8004052E730460D21FFF742FE6C
:10CF000026462862F0E708F1010209EB82009BE760
:10CF1000F7C302080023FFF7A5BE00BF0123FFF7F8
:10CF2000A1BE00BF0223FFF79DBE00BF2DE9F04167
:10CF30000546C4B01446052900F2B480DFE801F0CC
:10CF40000F29B2698F03836B002C40F0AB8053F83C
:10CF5000042B42648363002044B0BDE8F081002BC1
:10CF600040F0A0801FFA84FC806B01262F1D06FA7A
:10CF700003F1024611EA0C0F04D052F8041B1046CC
:10CF800047F823100133102BF1D1A204E3D4A86396
:10CF9000E1E703F0FB02260CA4B2012A40F08280F4
:10CFA000012B06EB040800F0C280B8F1200F79D8FD
:10CFB0000F2E79D9002CCED002680193530705D5E6
:10CFC00022F0040240F8D82BD3F76EF902AF6400C8
:10CFD0003846D3F769F9A6F11002A96B601E019BD0
:10CFE00007EBC202441C101F01EB840251F8044BF2
:10CFF000914240F8044FF9D1012B00F0CA800F2E66
:10D00000A96302D822A8D3F743F93846D3F748F9E1
:10D01000A1E7032B46D11FFA84F8260C08EB144431
:10D02000102C3FD803681F0700F1AB8022AF3846B1
:10D03000D3F760F9AC6B4FEA480107EBC6034A1E11
:10D0400041B1E01A013A1958561C43F8041BF9D1B2
:10D0500004EBC8043846AC63D3F72AF97BE70BBB73
:10D06000102C1FD80368D80600F1838022AF384601
:10D07000D3F76CF9AE6B394600234FF0010C0CFA74
:10D0800003F230460133224203D050F8042B064607
:10D090000A60042B01F10401F1D13846AE63D3F7E5
:10D0A0004BF958E7022057E70268B8F1100F02F079
:10D0B000010040F2898058B122F001022846019314
:10D0C00042F0020240F8502BD3F7E6F82A68019BA1
:10D0D0005107A8F1100800F18880019322AF38466B
:10D0E000D3F7DAF802A8D3F7DFF8C6F11001AA6B7C
:10D0F00007EBC6004900019B01390131043802EBFE
:10D10000810152F8044B914240F8044FF9D1B8F133
:10D11000000F4FD04FEA4802102E02AF02F1FF304D
:10D12000324638BF1022103A07EBC2025AE7B8F174
:10D13000100FB7D8102EB5D00168CA0730D521F02E
:10D1400003012846019340F8501BD3F79DF8019B3B
:10D15000012B25D022AF01933846D3F79DF8AA6B57
:10D1600074B3019B64004FF0000807EBC600611E1A
:10D17000C3E723F0100305F5EC702B60D3F7E6F856
:10D1800074E723F0080300F5AC702B60D3F7B2F816
:10D190004CE722AF04323846AA63D3F771F8DAE6D7
:10D1A00022AF01933846D3F76FF8AA6B019B002C8E
:10D1B000F0D0D7E7012BEDD00F2EA9633FF6CBAE11
:10D1C0003846D3F765F8C6E611460028C2D0052BCD
:10D1D000B5D122F001022846019342F0020240F844
:10D1E000502BD3F759F8019BB4E722F004022846EC
:10D1F000019340F8D82BD3F757F86FE7027A03462C
:10D200008AB9427AB2B14168013A4FF0030C10B4C6
:10D2100042720C1D086883F808C002025C60000EB0
:10D2200010BC1A6070470068013A1A720202000EC0
:10D230001A607047B020704710B584B000230C22EC
:10D2400003AC19460094FFF783FC039804B010BDAB
:10D25000FFF7F2BF2DE9F0434FF0000885B0064616
:10D260000D462846FFF7CAFFB028044600F01E818D
:10D27000070638D500F0F003A02B00F083800CD80F
:10D28000802B5ED0902B04D100F00D030D2B40F0CD
:10D290008F80092005B0BDE8F083B02B68D0C02B8B
:10D2A0003ED1C62800F0EF80C72800F0048100F0CE
:10D2B000F803C02B00F01181C82800F01C81C92898
:10D2C000E7D12846FFF79AFF020300F00F0002F4AF
:10D2D000702201300243012105233046FFF726FE6C
:10D2E0000028BED0D5E783000DF108090D22304695
:10D2F000DBB2CDF800901F1D00231946FFF728FC74
:10D30000029B60064FF00D023046CDF800904CBFF6
:10D31000DF1BFF18002302971946FFF73FFCA0E729
:10D3200000F0F803D02BB4D100F00702052301214F
:10D330003046013242F40022FFF7F8FD002890D079
:10D34000A7E724022846FFF759FF2043B0F5004F16
:10D350009FD0040100233046A2B21946FFF7E6FD34
:10D36000002896D114F4004F18BF4FF0010878E759
:10D37000A0F1B103042B00F2DA80DFE803F07B5068
:10D380003D332A00C3434FF47F62010703F00703D4
:10D3900042FA03F202F47F6201D542F48042002394
:10D3A00030461946FFF7C2FD00283FF45AAF70E738
:10D3B00002AF002300F00F02304619460097FFF736
:10D3C000C7FB00230D22304619460097FFF7E6FB06
:10D3D00047E703AA00233046009219460D22FFF7C3
:10D3E000B7FB3EE70023052130461A46FFF79EFDB6
:10D3F00000283FF436AF4CE72846FFF7FFFE012335
:10D40000020300F00F001946013002F470220243BB
:10D410003046FFF78BFD00283FF423AF39E70023A8
:10D420000DF108090D2230461946CDF80090FFF79E
:10D430008FFB2846FFF7E2FE0206029C4FF0020730
:10D440000AD500F07F00B84007370444284602940C
:10D45000FFF7D4FE0306F4D4B84004F501740023AA
:10D460000D222044CDF80090194602903046FFF777
:10D4700095FBF6E62846FFF7C1FE431E0246DBB2E7
:10D480000E2B8CD905E72846FFF7B8FE03230203CD
:10D4900000F00F001946013002F4702202433046BA
:10D4A000FFF744FD00283FF4DCAEF2E6B8F1000FD0
:10D4B0002DD00020EEE62846FFF7A0FE431E0246D0
:10D4C000DBB20E2B3FF6E5AE002304213046FFF71A
:10D4D0002DFD00283FF4C5AEDBE600F00F0203236C
:10D4E00030460132194642F42022FFF71FFD002882
:10D4F0003FF4B7AECDE62846FFF780FE00F0F0021D
:10D5000000F00F031032013343EA0232E3E602ACCB
:10D51000434641460E2230460094FFF719FB0F2286
:10D520004346414630460094FFF738FBC1E700F020
:10D53000FC03B42B3FF4ADAE00F0070201233046EC
:10D540001A44194642F40022FFF7F0FC00283FF489
:10D5500088AE9EE6024603230846D26C10B584B01E
:10D5600008328DF80C3001A952F8043C1C021B0E45
:10D57000CDE901428DF80D30FFF76CFE04B010BD0F
:10D5800008B5FFF765FE806C08BD00BF08B5FFF762
:10D590005FFEC06CC37900EB8300083008BD00BF9C
:10D5A00008B500F00DFA08B5FFF7FAFF2DE9F043D2
:10D5B00086460D46334E284615F8014B375D17F069
:10D5C0000807F8D12D2C10D12C780127851C33F0B9
:10D5D000100015D1302C0DD1287800F0DF0058282C
:10D5E00008D16C78023510230AE02B2C04BF2C786C
:10D5F000851CECE7002BF6D1302C14BF0A2308233E
:10D600004FF0FF380026B8FBF3F803FB08F930466B
:10D610006FEA0909A4F1300CBCF1090F10D8644677
:10D62000A3421EDDB6F1FF3F07D0804516D301D1DE
:10D63000A14513DB00FB0340012615F8014BE9E788
:10D64000A4F1410CBCF1190F01D8373CE8E7A4F173
:10D65000610CBCF1190F04D8573CE1E74FF0FF36DD
:10D66000EBE7731C06D122233046CEF8003032B9E6
:10D67000BDE8F08307B14042002AF9D006B1691E27
:10D680001160F5E73D540308FFF790BF13460A46C3
:10D69000014602480068FFF789BF00BF4C01002027
:10D6A000044B07B5014601AA186800F005F803B05D
:10D6B0005DF804FB4C0100202DE9F84FDFF86CA069
:10D6C00006468946174600F0CFFBDAF8004034B131
:10D6D0004B46984613F8012B3AB13D2AF9D1304612
:10D6E00000F0C8FB0020BDE8F88FA8EB0908A346AE
:10D6F00054F8040B0028F2D04246494600F086F95F
:10D700000028F4D154F8043C03EB080513F8083062
:10D710003D2BECD1DAF800303046ABEB03039B1025
:10D720003B6000F0A7FB681CDDE700BF3000002075
:10D7300070B50D4D00260D4C641BA410A64209D1F6
:10D740000B4D00260B4C01F0ABFE641BA410A6424F
:10D7500005D170BD55F8043B01369847EEE755F802
:10D76000043B01369847F2E7B0700308B070030835
:10D77000B070030804710308C9B20346184613F8D1
:10D78000012B12B18A42F9D17047002918BF00203D
:10D7900070470000294B1B68834270B504464BD08C
:10D7A000C369ABB1DB686BB10025E369DB6859592C
:10D7B00000293BD10435802DF7D1E3692046D96893
:10D7C00000F05EFBE369196811B1204600F058FBD8
:10D7D000616911B1204600F053FBE16911B12046A7
:10D7E00000F04EFB216B11B1204600F049FB616B4C
:10D7F00011B1204600F044FBA16B11B1204600F0AE
:10D800003FFBA16C11B1204600F03AFB616C11B1F5
:10D81000204600F035FBE16A11B1204600F030FBF4
:10D82000236A4BB12046BDE8704018470E68204679
:10D8300000F026FB3146BBE770BD00BF4C01002065
:10D840000A44431E914200D1704710B511F8014BB4
:10D85000914203F8014FF9D110BD0000024B01467F
:10D86000186800F02DB800BF4C010020024B0146A3
:10D87000186800F005BB00BF4C01002070B50F4ECA
:10D880000C460546316811B900F090FA3060214627
:10D89000284600F08BFA431C03D14FF0FF3420469A
:10D8A00070BDC41C24F00304A042F8D0211A2846FD
:10D8B00000F07CFA0130F2D1EFE700BF601C0220DB
:10D8C0002DE9F843CD1C064625F0030508350C2D3F
:10D8D00038BF0C25002D01DBA94204D90C2333608D
:10D8E0000020BDE8F883DFF8D48000F03DFAD8F8D6
:10D8F00000301C4644BB29463046FFF7BFFF431C9F
:10D90000044658D1D8F800402746002F43D1002CB8
:10D910004BD023683946304604EB030900F046FA41
:10D92000814542D1216830466D1A2946FFF7A6FF8E
:10D9300001303AD023682B442360D8F800305A686D
:10D9400062BBC8F800700FE02268521B20D40B2A7B
:10D9500017D96119A342256018BF5960636808BFD1
:10D96000C8F8001062514B60304600F003FA04F131
:10D970000B00231D20F00700C21A1CBF1B1AA35066
:10D98000AFE76268A3420CBFC8F800205A60EBE71B
:10D9900023466468AEE73C467F68B6E71A465B6894
:10D9A000A342FBD100235360DEE70C2330463360F3
:10D9B00000F0E0F994E70560D6E700BF641C0220A0
:10D9C000062008B501F0FAFB0120EDF7E3FD0000A9
:10D9D0001FB514461A46094B05461B68D8684CB15A
:10D9E000074B00910749CDE901342B4600F0E6F8DA
:10D9F000FFF7E6FF044B1C46F3E700BF4C01002095
:10DA00008452030891520308BF52030810B56AB14B
:10DA10000139841810F8012B11F8013F9A4203D103
:10DA2000A04201D0002AF5D1D01A10BD1046FCE763
:10DA30000139034610B532B111F8014F013A03F82C
:10DA4000014B002CF7D11A440021934200D110BDA4
:10DA500003F8011BF9E7000010B50446044813461B
:10DA600020B10A4602202146AFF3008010BD00BF5E
:10DA700000000000002310B5044683608181194630
:10DA80004366C28108228361C0E90033C0E90433E0
:10DA90005C3000F0E1F90D4B246263620C4BA36231
:10DAA0000C4BE3620C4B23630C4B9C4206D003F1FE
:10DAB0006802944202D0D0339C4205D104F1580050
:10DAC000BDE8104000F0ACBA10BD00BFDDDC0208BC
:10DAD00003DD02083BDD02085FDD0208681C02204E
:10DAE000024A0349034800F089B900BF9C010020A5
:10DAF00001F102085001002041680C4B994210B519
:10DB0000044601D001F0FCFAA168094B994202D009
:10DB1000204601F0F5FAE168064B994204D0204610
:10DB2000BDE8104001F0ECBA10BD00BF681C022037
:10DB3000D01C0220381D022010B50B4B04210B4CC9
:10DB40000B4A20461A600022FFF794FF04F1680098
:10DB500001220921FFF78EFF04F1D00002221221D9
:10DB6000BDE81040FFF786BFA01D0220681C022000
:10DB7000E1DA0208014800F054BA00BFA61D0220F5
:10DB8000014800F04FBA00BFA61D022010B50446A0
:10DB9000FFF7F0FF236A1BB1BDE81040FFF7F0BFAD
:10DBA000044B2362044B1B68002BF5D1FFF7C4FF25
:10DBB000F2E700BFF9DA0208A01D02200EB403B597
:10DBC00003AB0146054853F8042B0068019300F0AD
:10DBD0007BFD02B05DF804EB03B070474C01002000
:10DBE0000CB4184B30B50C1E9DB01D6808DA8B23A1
:10DBF0004FF0FF302B601DB0BDE8304002B07047E1
:10DC00004FF402730290069002A9ADF8143014BFCD
:10DC100004F1FF332346209A2846049307934FF6D6
:10DC2000FF73ADF8163021AB019300F057FA431C97
:10DC3000BCBF8B232B60002CDDD0029B00221A700E
:10DC4000D9E700BF4C0100200EB400B59CB06FF0C6
:10DC500000411DAB029006900791049108480949C4
:10DC600053F8042B059102A90068019300F036FADD
:10DC7000029B00221A701CB05DF804EB03B07047E1
:10DC80004C0100200802FFFF0EB430B59CB04FF4E9
:10DC900001721FACADF81420029054F8045B06909A
:10DCA000D2F7C4FB0B4B2A46039002A90B93002327
:10DCB00007900F9314934FF6FF730748ADF8163093
:10DCC00023460068019400F05FFB1CB0BDE83040C3
:10DCD00003B07047FFDC02084C01002010B50C4671
:10DCE000B1F90E1000F050F80028ABBF636DA389A6
:10DCF0001B1823F48053ACBF6365A38110BD0020C3
:10DD000070472DE9F0411F468B8905460C46DB051F
:10DD1000164605D502230022B1F90E1001F056FA7D
:10DD2000A3893246B4F90E10284623F48053A38108
:10DD30003B46BDE8F04100F049B810B50C46B1F9DA
:10DD40000E1001F043FA431CA38915BF606523F44C
:10DD5000805343F48053A38118BFA38110BDB1F950
:10DD60000E1001F039B90000014800F05AB900BFA7
:10DD7000A51D0220014800F055B900BFA51D0220D5
:10DD80000A22002100F042B938B50446064D084683
:10DD9000114600222A601A46EDF702FC431C02D10C
:10DDA0002B6803B1236038BD5C1C022038B500230A
:10DDB000054D044608462B60EDF7BEFB431C02D11F
:10DDC0002B6803B1236038BD5C1C022038B50446C3
:10DDD000064D0846114600222A601A46EDF7F0FB70
:10DDE000431C02D12B6803B1236038BD5C1C0220A8
:10DDF000014B1868704700BF4C0100202DE9F84323
:10DE00000746884614460026D4E90195B9F1010970
:10DE100005D52468002CF7D13046BDE8F883AB89DE
:10DE2000012B07D9B5F90E30013303D02946384606
:10DE3000C04706436835E9E70139024410B590420E
:10DE400001D1002005E0037811F8014FA34201D071
:10DE5000181B10BD0130F2E702440346934200D183
:10DE6000704703F8011BF9E7014800F0DAB800BF7A
:10DE7000A41D0220014800F0D5B800BFA41D022057
:10DE800038B50546002941D051F8043C0C1F002B41
:10DE9000B8BFE418FFF768FF1D4A136833B9636021
:10DEA00014602846BDE83840FFF764BFA34208D994
:10DEB000206821188B4201BF19685B68091821602E
:10DEC000EDE71A465B680BB1A342FAD91168501806
:10DED000A0420BD120680144501811608342E0D168
:10DEE00018685B68084453601060DAE702D90C23B5
:10DEF0002B60D6E7206821188B4202BF19685B6847
:10DF00000918636008BF21605460CAE738BD00BFCC
:10DF1000641C0220242B2DE9F0478646904601D848
:10DF2000012B06D1FFF764FF162303600020BDE834
:10DF3000F0870D4633482A4615F8014B065D16F06A
:10DF40000806F8D12D2C10D12C780126951C33F021
:10DF5000100215D1302C0DD12A7802F0DF02582A98
:10DF600008D16C78023510230AE02B2C04BF2C78E2
:10DF7000951CECE7002BF6D1302C14BF0A230823A4
:10DF800006F1004C00220CF1FF3C1046BCFBF3F9FB
:10DF900003FB19CAA4F13007092F0FD83C46A3424E
:10DFA0001BDD571C07D0814514D301D1A24511DBDD
:10DFB00000FB0340012215F8014BEBE7A4F14107F8
:10DFC000192F01D8373CEAE7A4F16107192F04D8CB
:10DFD000573CE4E74FF0FF32EDE7531C08D1222312
:10DFE0006046CEF80030B8F1000FA0D0691E06E000
:10DFF00006B14042B8F1000F99D0002AF6D1C8F816
:10E00000001094E73D540308FFF784BF13460A4607
:10E01000014602480068FFF77DBF00BF4C010020A9
:10E020007047704770472DE9F0471F468E6882465B
:10E030000C46BE4290460B682DD8B1F90C2012F464
:10E04000906F26D06569096905EB4505A3EB0109C9
:10E050007B1C05EBD5754B446D109D4238BF1D46AA
:10E06000530527D52946FFF72BFC064660B34A46E1
:10E070002169FFF7E5FBA38923F4906343F0800354
:10E08000A38126614E446561A5EB090526603E46E5
:10E09000A560BE4200D93E4632464146206801F0A6
:10E0A000F5F8A36800209B1BA3602368334423601A
:10E0B000BDE8F0872A4601F03AF906460028E0D18B
:10E0C00021695046FFF7DCFE0C234FF0FF30CAF801
:10E0D0000030A38943F04003A381E9E72DE9F04F25
:10E0E00098468B899DB007461B060D46144610D5F1
:10E0F0000B6973B94021FFF7E3FB2860286130B951
:10E100000C233B604FF0FF301DB0BDE8F08F402383
:10E110006B610023CDF80C804FF00109DFF8A0817E
:10E12000099320238DF8293030238DF82A30234697
:10E130009A4613F8012B0AB1252AF9D1BAEB040B40
:10E140000BD05B46224629463846FFF76CFF01306C
:10E1500000F0A780099A5A4409929AF80030002BDF
:10E1600000F09F8000234FF0FF320AF1010A049370
:10E1700007938DF853301A93CDE9052354460522B1
:10E180004F4814F8011B00F0E3FF049AD8B9D006F9
:10E1900044BF20238DF85330110744BF2B238DF843
:10E1A00053309AF800302A2B15D0079A5446002095
:10E1B0004FF00A0C214611F8013B303B092B4BD99B
:10E1C000B0B1079214E0A0EB0803A24609FA03F3EA
:10E1D00013430493D2E7039B191D1B68002B039183
:10E1E000BBBF5B4242F0020207930793B8BF0492A1
:10E1F00023782E2B0AD163782A2B32D1039B023449
:10E200001A1D1B6843EAE37303920593DFF8C0A06D
:10E2100003222178504600F09BFF38B1A0EB0A00A2
:10E220004022049B013482401343049314F8011BE1
:10E23000062224488DF8281000F08AFF002836D0E6
:10E24000214B1BBB039B073323F0070308330393C6
:10E25000099B334409936AE70CFB02320C46012008
:10E26000A8E7002301344FF00A0C19460593204615
:10E2700010F8012B303A092A03D9002BC6D005919A
:10E28000C4E70CFB012104460123F0E703AB2A4657
:10E2900004A9384600930D4BAFF30080421C06469C
:10E2A000D6D1AB895B063FF52DAF09982CE703ABC0
:10E2B0002A4604A938460093044B00F023FCEDE7FE
:10E2C000C0520308CA5203080000000027E00208F9
:10E2D000C652030838B54B1C144603D14FF0FF3526
:10E2E000284638BD9389CDB223F020039381636B18
:10E2F00052688BB1A36B934208DD23685A1E2260DB
:10E3000003F8015C636801336360E9E7214600F0CC
:10E31000D7FF0028F1D0E1E72169236851B1994284
:10E3200008D213F8011CA94204D1013B0132236039
:10E330006260D5E7C4E90F3204F144036363032349
:10E34000A363234603F8465F23600123DCE710B58F
:10E350000C46496B69B104F14403994201D0FFF7BF
:10E360008FFD0020236C6063636013B1E36B236057
:10E3700010BD23694FF0FF30236000236360A38941
:10E3800043F02003A381F3E72DE9F04F0C46ADF5F0
:10E39000237D002106460DF10408A64F0093CDF819
:10E3A0001881CDE94411A449A091A449A19192F802
:10E3B0000090B9F1000F00F0588117F80930551C92
:10E3C00013F0080319D06368002B0FDD23681A7857
:10E3D000BA5C120701D42A46E9E7459A01330132B3
:10E3E000236045926268013A6260ECE7A19B214696
:10E3F000304698470028E9D0EDE7B9F1250F40F005
:10E4000086804193439353782A2B04BF1023951C95
:10E410004FF00A0208BF4193AA461AF8011BA1F166
:10E420003003092B1ED9DFF818B20322584600F03A
:10E430008FFE38B1A0EB0B000123419A5546834073
:10E440001343419315F8013B782B06D8572B10D86E
:10E45000252B5CD056D8002B74D0032347930A2376
:10E46000429387E0439B554602FB031130394391A9
:10E47000D2E7A3F15802202AEFD801A151F822F0E7
:10E4800053E502085BE402085BE40208ADE502081C
:10E490005BE402085BE402085BE402085BE4020858
:10E4A0005BE402085BE402085BE40208C3E50208DF
:10E4B000A9E502080BE502080BE502080BE50208D6
:10E4C0005BE4020865E502085BE402085BE402081D
:10E4D0005BE402085BE40208D3E502086DE502088C
:10E4E0004BE502085BE402085BE40208CFE50208A2
:10E4F0005BE40208A9E502085BE402085BE40208A9
:10E5000053E50208453B022BA7D8052331E0636899
:10E51000002B0DDD23681A784A4540F0A6800133B0
:10E5200062682360013A459B62600133459352E77C
:10E53000A19B2146304698470028EBD044980028FC
:10E5400040F08B804FF0FF308BE0419A42F0200288
:10E550004192419A42F40072419210226E2B4292F3
:10E5600002D905E000234293032302E008234293EB
:10E57000042347936368002B3ADD419B590604D47A
:10E5800023681A78BA5C120739D4479B022B48DCFF
:10E590006B46224641A9304600F0D2FB012864D0E8
:10E5A00002287FF418AFC9E70A22D7E72946404678
:10E5B00000F01EFE419B054643F0400341930123BA
:10E5C000D7E7419B43F0400341930023D1E7022367
:10E5D000CFE74198C3063FF5FEAE009BC007459AC2
:10E5E00003F1040100911B684CBF1A801A60F2E627
:10E5F000A19B2146304698470028BED09EE7459A09
:10E60000013245926268013A002A626002DD0133FC
:10E610002360B5E7A19B2146304698470028AFD03C
:10E620008CE7042B0EDC6B46224641A9304600F0F5
:10E63000E1FBB3E73D540308D5E202084FE30208CB
:10E64000C65203080A4B002B3FF4C5AE6B46224668
:10E6500041A93046AFF30080A0E7A3895B063FF5F0
:10E6600071AF0DF5237DBDE8F08F4498F9E700BF49
:10E67000000000009368013B002B936010B408DA9F
:10E680009469A34201DB0A2903D15DF8044B00F031
:10E6900033B91368581C1060084619705DF8044BB4
:10E6A0007047F8B506460F461446D518AC4201D15E
:10E6B000002007E03A4614F8011B3046FFF7DAFF66
:10E6C000431CF3D1F8BD00002DE9F04F0D469DB07D
:10E6D00014469846064618B1036A0BB9FFF756FA76
:10E6E0006B6ED90705D4AB899A0502D4A86DFFF7E4
:10E6F00098FCAB891B0701D52B699BB9294630468D
:10E7000000F038F970B16B6EDC0704D54FF0FF30C4
:10E710001DB0BDE8F08FAB899805F7D4A86DFFF761
:10E7200081FCF3E70023CDF80C804FF00109DFF8FE
:10E73000B481099320238DF8293030238DF82A30B5
:10E7400023469A4613F8012B0AB1252AF9D1BAEBD0
:10E75000040B0BD05B46224629463046FFF7A1FF4B
:10E76000013000F0A780099A5A4409929AF80030C3
:10E77000002B00F09F8000234FF0FF320AF1010AC6
:10E78000049307938DF853301A93CDE9052354462B
:10E790000522544814F8011B00F0DAFC049AD8B999
:10E7A000D10644BF20238DF85330130744BF2B23D9
:10E7B0008DF853309AF800302A2B15D0079A54461A
:10E7C00000204FF00A0C214611F8013B303B092B89
:10E7D0004BD9B0B1079214E0A0EB0803A24609FAA6
:10E7E00003F313430493D2E7039B191D1B68002B0B
:10E7F0000391BBBF5B4242F0020207930793B8BF8D
:10E80000049223782E2B0AD163782A2B32D1039BD2
:10E8100002341A1D1B6843EAE37303920593DFF881
:10E82000D4A003222178504600F092FC38B1A0EB2E
:10E830000A004022049B013482401343049314F8DD
:10E84000011B062228488DF8281000F081FC0028C2
:10E850003FD0264B1BBB039B073323F00703083332
:10E860000393099B3B4409936AE70CFB02320C4675
:10E870000120A8E7002301344FF00A0C1946059344
:10E88000204610F8012B303A092A03D9002BC6D0B4
:10E890000591C4E70CFB012104460123F0E703AB1B
:10E8A0002A4604A930460093114BAFF30080074677
:10E8B000781CD6D16B6ED90705D4AB899A0502D4E2
:10E8C000A86DFFF7AFFBAB895B063FF51FAF09985B
:10E8D0001EE703AB2A4604A930460093044B00F020
:10E8E00011F9E4E7C0520308CA520308000000000F
:10E8F000A3E60208C6520308F8B50E4614460546BC
:10E9000018B1036A0BB9FFF741F9A369A360A389A2
:10E910001A0701D5236943B92146284600F02AF891
:10E9200018B14FF0FF373846F8BD2368F6B22269B8
:10E930003746981A6369834205DC2146284600F071
:10E94000DFFB0028EDD1A368013BA36023685A1CBC
:10E9500022601E70431C62699A4204D0A389DB07BF
:10E96000E1D50A2EDFD12146284600F0C9FB002858
:10E97000D9D0D6E738B5294B05460C46186818B1EA
:10E98000036A0BB9FFF702F9B4F90C30190722D466
:10E99000DA0607D409222A6043F040034FF0FF3023
:10E9A000A38133E0580712D5616B41B104F14403F0
:10E9B000994202D02846FFF763FA00236363A389D4
:10E9C00023F02403A3810023636023692360A389C8
:10E9D00043F00803A38123694BB9A38903F420738F
:10E9E000B3F5007F03D02146284600F0F3FCB4F9CC
:10E9F0000C3013F001020AD00022A2606269524278
:10EA0000A261226942B913F08000C5D138BD9907CF
:10EA100058BF6269A260F4E70020F7E74C010020CC
:10EA20002DE9F047164698468A6807460B690C465A
:10EA3000DDF820909342B8BF1346336091F843202D
:10EA40000AB1013333602368990642BF3368023349
:10EA50003360256815F0060506D104F1190AE3684C
:10EA600032689B1AAB422BDC94F843302268003B9F
:10EA700018BF0123920630D404F1430241463846C0
:10EA8000C847013023D023681A3454F80A2C03F005
:10EA90000603042B0ABF54F80E5C002533684FF0C0
:10EAA000000608BFED1A54F8123C08BF25EAE575C8
:10EAB0009342C4BF9B1AED18B5421AD1002008E05A
:10EAC0000123524641463846C847013003D14FF032
:10EAD000FF30BDE8F0870135C1E7E1185A1C30204E
:10EAE0000233224481F8430094F8451082F8431021
:10EAF000C2E70123224641463846C8470130E6D0E6
:10EB00000136D9E72DE9FF470F7E914680460C4636
:10EB1000782F9A460C9E01F1430207D8622F0AD83B
:10EB2000002F00F0D180582F00F0B88004F1420689
:10EB300084F842703AE0A7F16303152BF6D801A1DF
:10EB400051F823F09DEB0208B1EB02082DEB02080F
:10EB50002DEB02082DEB02082DEB0208B1EB0208A9
:10EB60002DEB02082DEB02082DEB02082DEB02081D
:10EB7000AFEC0208DBEB020869EC02082DEB02089F
:10EB80002DEB0208D1EC02082DEB0208DBEB0208AA
:10EB90002DEB02082DEB020871EC020833681A1DF8
:10EBA0001B68326004F1420684F8423001239CE085
:10EBB00033682068191D3160060601D51D6803E021
:10EBC0004506FBD5B3F90050002D03DA2D236D4225
:10EBD00084F8433058480A2311E021683368080656
:10EBE00053F8045B02D4490648BFADB26F2F3360BF
:10EBF000514814BF0A230823002184F84310666893
:10EC0000002EA66005DB21682E4321F0040121605F
:10EC10004BD01646B5FBF3F103FB1157C75D06F861
:10EC2000017D2F460D46BB42F4D9082B0BD123683A
:10EC3000DF0708D5236961689942DEBF302306F8F3
:10EC4000013C06F1FF36921B22614B4603AA214686
:10EC50004046CDF800A0FFF7E3FE01304AD14FF067
:10EC6000FF3004B0BDE8F087236843F02003236041
:10EC700078273248236884F845701F06316851F8B8
:10EC8000045B02D45F0648BFADB23160D90744BF10
:10EC900043F0200323601DB11023ADE72648E9E7C8
:10ECA000236823F020032360F6E71646BDE73368A8
:10ECB0002568181D616930602E061B6801D5196032
:10ECC00002E06806FBD51980002316462361BCE7E5
:10ECD000336800211A1D32601E686268304600F0F9
:10ECE00037FA08B1801B606063682361002384F8F1
:10ECF0004330AAE72369324649464046D0470130AF
:10ED0000ADD023689B0713D4E068039B9842B8BF3B
:10ED10001846A6E70123324649464046D04701300F
:10ED20009DD00135E36803995B1AAB42F2DCEBE757
:10ED3000002504F11906F5E7D1520308E252030851
:10ED40002DE9F84315468A6880460C4632B98A692F
:10ED5000002A14BF4FF0FF3201228A602268002788
:10ED6000DFF88C90D1065FBF1A68111D1960166814
:10ED7000A06988B1012807D12B681A7863699B5C68
:10ED800053B9002F31D022E0022820D12B681B7804
:10ED900019F803301B071AD423680137DA065EBF5F
:10EDA0002B681B7806F8013B2A686B680132013B2F
:10EDB0002A60A2686B60013AA26042B1002BD7DCE6
:10EDC000D4F880312946404698470028D0D023689F
:10EDD00013F0100305D1E2680132E260A26902B1CA
:10EDE0003370236900203B442361BDE8F88300BFF2
:10EDF0003D5403082DE9F04F984687B0724B0C46FE
:10EE00008246164627464FF0000B93E8070003ABF7
:10EE100083E807006D4BA1696D4A032908BF1A46B4
:10EE2000A36801925A1EB2F5AE7F89BF6FF4AE752A
:10EE30004FF0000903EB050940F25D1388BFA360A2
:10EE400057F81C3B43F450633D462360316803ABE5
:10EE50000222097853F82B0000F07AF928B3BBF1AD
:10EE6000010F59D162682AB92268082142F4007260
:10EE700061602260226822F4A0622260A268511EB2
:10EE8000A16092B13268511C3160127805F8012BF3
:10EE90007268013A002A726007DCD4F8802131469A
:10EEA00050469047002840F085800BF1010BBBF1E4
:10EEB000030FCBD163680BB90A23636063684FF01B
:10EEC000000B44496069C91A00F092F9A3682268EE
:10EED000002B3DD03168606991F800C010F80C003B
:10EEE000002835D0BCF1300F24D1100522D50BF10C
:10EEF000010BB9F1000F03D0013309F1FF39A36011
:10EF00007368013B002B73601BDD33680133336092
:10EF1000A368013BA360D9E7BBF1020FAED1226821
:10EF200002F4C061B1F5007FBFD1102142F48072BC
:10EF30006160A2E722F4106222600B7805F8013BC1
:10EF4000DEE7D4F880313146504698470028DFD0BC
:10EF50002368D9050DD5BD4209D905F1FF3915F84A
:10EF6000011CD4F87C3132464D4650469847BD428C
:10EF700028D0226812F0100213D12A703946636833
:10EF80005046019EB047D8F8003021681A1D11F094
:10EF9000200FC8F800201B680FD01860E368013309
:10EFA000E360ED1B236900205D442B44236107B01F
:10EFB000BDE8F08F4FF0000BCAE7CA074CBF1880BE
:10EFC0001860EBE70120F2E7E0F4020809E002082C
:10EFD00089D602080353030838B50023054D0446BB
:10EFE00008462B60ECF7FAFA431C02D12B6803B1F8
:10EFF000236038BD5C1C0220B1F90C202DE9F041E2
:10F00000160705460C4654D44B68002B02DC0B6CEB
:10F01000002B48DDE66A002E45D0002312F4805212
:10F020002F68216A2B6030D0626DA389590705D5FE
:10F030006368D21A636B0BB1236CD21A0023E66AA1
:10F04000216A2846B047431CA38906D129681D2997
:10F050002BD82A4ACA40D60727D50022D904626095
:10F060002269226004D5421C01D12B6803B9606576
:10F07000616B2F60B9B104F14403994202D0284674
:10F08000FEF7FEFE002363630DE001232846B04730
:10F090000246501CC9D12B68002BC6D01D2B01D0B5
:10F0A000162B1DD12F60002021E043F040031BB23E
:10F0B0001AE00F69002FF6D093070E680F600CBF9F
:10F0C0004B690023A6EB07088B60B8F1000FEADD5F
:10F0D00043463A46216A2846A66AB047002808DC1B
:10F0E000B4F90C3043F040034FF0FF30A381BDE88A
:10F0F000F0810744A8EB0008E7E700BF01004020CB
:10F1000038B50B6905460C4613B90025284638BDAD
:10F1100018B1036A0BB9FEF739FDB4F90C30002BB6
:10F12000F3D0626ED00704D4990502D4A06DFEF727
:10F1300078FF28462146FFF75FFF636E0546DA0732
:10F14000E4D4A3899B05E1D4A06DFEF76BFFDDE756
:10F15000C9B20346024410B59342184601D10020BB
:10F1600003E0047801338C42F6D110BD1F2938B575
:10F1700005460C4604D9162303604FF0FF3038BD16
:10F18000C26B12B152F821304BB9284600F07CF81E
:10F19000224601462846BDE8384000F063B8012BFE
:10F1A0000AD0591C03D1162303600120E7E7002190
:10F1B000204642F8241098470020E0E7024B014621
:10F1C0001868FFF7D3BF00BF4C01002038B50446D4
:10F1D000064D0846114600222A601A46ECF708FA46
:10F1E000431C02D12B6803B1236038BD5C1C022094
:10F1F00070B50B78044601385E2B04F1FF0513BF90
:10F200004A1C8A1C4B78002108BF012100F8011F0D
:10F21000A842FBD10BB9501E70BD81F00101104610
:10F22000E154024612F8015B2D2D05D05D2D16D05C
:10F23000002DF1D02B46F2E746785D2EFAD0B3428E
:10F24000F8DC02301A4601329642A154FBDCF21A75
:10F250005D1C013AB342A8BF0022AB18E1E710469B
:10F26000DAE7000038B50023064D0446084611468B
:10F270002B60ECF787F9431C02D12B6803B12360A4
:10F2800038BD00BF5C1C0220ECF77AB9884210B58B
:10F2900001EB020402D98442234607D8431EA1424F
:10F2A00008D011F8012B03F8012FF8E702440146BA
:10F2B0008A4200D110BD13F8014D02F8014DF7E765
:10F2C0002DE9F0410C46496B04F1440399421AD1EF
:10F2D0004FF48061FEF7F4FA18B94FF0FF30BDE843
:10F2E000F0814FF48063606300F2FD30A36394F813
:10F2F0004630837094F84530437094F8443003707E
:10F3000020600020EBE7A66B77003A4600F00FF88C
:10F3100005460028E1D000EB06080146324640468B
:10F32000FEF78EFAC4F80080C4E90D57E9E72DE92D
:10F33000F041074614460D4621B91146BDE8F0419B
:10F34000FEF7BEBA2AB92546FEF79AFD2846BDE863
:10F35000F08100F09DF88442064602D8B4EB500FCD
:10F36000F4D821463846FEF7ABFA804608B9454640
:10F37000ECE7B4422246294628BF3246FEF760FA3F
:10F3800029463846FEF77CFDF1E770B50C46B1F929
:10F390000E1096B0154600291E460CDAA3890021EE
:10F3A00013F0800F14BF40234FF4806300203160BE
:10F3B0002B6016B070BD6A4600F048F80028EDDBFF
:10F3C000019901F47041A1F50053594259414FF49C
:10F3D0008063EBE78B89F7B59D0706460C4607D59A
:10F3E00004F14703236023610123636103B0F0BD8F
:10F3F00001AB6A46FFF7C9FF009F05463046394614
:10F40000FEF75EFA48B9B4F90C309A05EED423F051
:10F41000030343F00203A381E2E7A389206043F0E2
:10F420008003A381019BC4E904075BB1B4F90E100A
:10F43000304600F01DF828B1A38923F0030343F000
:10F440000103A381A3891D43A581CFE738B500231C
:10F45000064D0446084611462B60ECF7C2F8431CE3
:10F4600002D12B6803B1236038BD00BF5C1C0220B1
:10F4700038B50023054D044608462B60ECF7B6F876
:10F48000431C02D12B6803B1236038BD5C1C0220F1
:10F4900051F8043C181F002BBCBF0B58C018704714
:10F4A000F8B500BFF8BC08BC9E467047F8B500BF71
:08F4B000F8BC08BC9E46704741
:10F4B80049444C4500000000546D722053766300A7
:10F4C800546D7251000000000000000000000000B0
:10F4D8000F0000005352030805530308085303089C
:10F4E8000B530308000000000000000001020304A1
:10F4F800060708090000000001020304006CDC0292
:10F5080000366E010024F400001BB70000093D001E
:10F5180080841E00504B140040420F0000E02E0073
:10F528000070170000A00F0000B80B00801A06003A
:10F53800400D030088070200A08601000000024277
:10F548000100000000000242030000000000024227
:10F55800060000000004024201000000000402420C
:10F568000A0000000008024202000000000C0242EB
:10F578000D000000000C02420200000000080242D8
:10F588000A000000000402420000000000080242D5
:10F598000C000000000402420300000000040242C4
:10F5A80004000000001002420000000000100242A7
:10F5B80002000000001002420300000001000200E7
:10F5C8000400060008000A000C001000200040009B
:10F5D8008000000101010103070100000804020482
:10F5E80008010101370000002A2A2A204C6173749F
:10F5F8002072657365743A205757444720287379F9
:10F608007374656D2068616E6729202A2A2A0D0A9D
:10F61800000000002A2A2A204C6173742072657346
:10F6280065743A2049574447202A2A2A0D0A0000BF
:10F638004C6173742072657365743A20536F6674F5
:10F64800776172650D0A00004C61737420726573EE
:10F6580065743A2042726F776E6F75742028706FE8
:10F66800776572206973737565290D0A00000000BB
:10F678004C6173742072657365743A2050494E204A
:10F6880072657365740D0A004C617374207265733A
:10F6980065743A204F7074696F6E206279746520C2
:10F6A8006C6F616465720D0A000000006465666134
:10F6B800756C745461736B0050432020203D2030DA
:10F6C800782530386C58200D0A4C522020203D20D7
:10F6D80030782530386C580D0A43465352203D2067
:10F6E80030782530386C580D0A48465352203D2052
:10F6F80030782530386C580D0A42464152203D205A
:10F7080030782530386C580D0A0000000D1B5B3925
:10F71800316D7C4552524F527C0000004C69627238
:10F7280061726965732F4472697665722F4D6176CF
:10F738006C696E6B2F5372632F6472697665725FA2
:10F748006D61766C696E6B5F636F6D706F6E656E01
:10F75800742E6370700000007C2000004D61766C90
:10F76800696E6B206D616E61676572206F70656E82
:10F77800206661696C0000001B5B306D0A000000A8
:10F788004C69627261726965732F44726976657239
:10F798002F4D61766C696E6B2F5372632F6472699B
:10F7A8007665725F6D61766C696E6B5F6D616E61B7
:10F7B8006765722E6370700043616E6E6F742061AE
:10F7C8006464206D61766C696E6B20636F6D706F19
:10F7D8006E656E740000000054727920746F207298
:10F7E800656D6F7665206E6F6E20657869737465D8
:10F7F8006E74206D61766C696E6B20636F6D706FCF
:10F808006E656E74206174204D41565F434F4D50B4
:10F818005F7B307D0000000054727920746F206196
:10F828006464206E6577206D61766C696E6B204329
:10F838004F4D20706F727420746F20616C72656117
:10F848006479206578697374656E7420706F72745A
:10F85800206174204D41564C494E4B5F434F4D4DEE
:10F868005F7B307D0000000054727920746F207235
:10F87800656D6F7665206E6F6E2065786973746547
:10F888006E74206D61766C696E6B20434F4D2070ED
:10F898006F7274206174204D41564C494E4B5F4342
:10F8A8004F4D4D5F7B307D000D1B5B306D7C494EAD
:10F8B800464F7C005458205175657565204F70651A
:10F8C8006E204661696C20005458205461736B2087
:10F8D8004F70656E204661696C2000004D6178208C
:10F8E8006D61766C696E6B20726F757465732072CA
:10F8F800656163686564000043616E6E6F742061C2
:10F908006C6C6F63617465206D656D6F72792066CC
:10F918006F72206E6577206D61766C696E6B2072F0
:10F928006F757465000000004D616E616765725403
:10F938005800000054585155455545004C696272AD
:10F9480061726965732F4472697665722F4D6176AD
:10F958006C696E6B2F5372632F6472697665725F80
:10F968006D61766C696E6B5F73657269616C5F63FC
:10F978006F6D5F706F72742E637070005472796966
:10F988006E6720746F206F70656E20616E20616CE9
:10F998007265616479206F70656E20434F4D2070E9
:10F9A8006F727400547279696E6720746F206F707B
:10F9B800656E20616E20756E696E697469616C6927
:10F9C8007A656420434F4D20706F72740000000008
:10F9D800547279696E6720746F20636C6F73652049
:10F9E800616E20616C726561647920636C6F736508
:10F9F8006420434F4D20706F727400004C6962722E
:10FA080061726965732F4472697665722F4D6176EC
:10FA18006C696E6B2F5372632F6472697665725FBF
:10FA28006D61766C696E6B5F7564705F636F6D5F37
:10FA3800706F72742E6370700000000054727969E0
:10FA48006E6720746F206F70656E20436F6D207035
:10FA58006F72742062617365206661696C000000D2
:10FA68005265676973746572205544502052656306
:10FA78006569766572204661696C0000256400003E
:10FA88004C69627261726965732F44726976657236
:10FA98002F674C696E6B2F5372632F64726976659A
:10FAA800725F676C696E6B5F636F6D5F706F7274A6
:10FAB8002E63707000000000674C696E6B206469EB
:10FAC800737061746368206D73673D30780000005F
:10FAD800207061796C6F61643D0000000D1B5B391B
:10FAE800356D7C5741524E7C00000000674C696EB2
:10FAF8006B2064697370617463682063616C6C6205
:10FB080061636B206973206E756C6C00434D444CC7
:10FB1800494E45002D2D2D2D2D2D2D2D2D2D2D2DE5
:10FB28002D2D2D2D2D2D2D2D2D2D2D2D2D2D2D2DFD
:10FB38002D2D2D2D2D2D2D2D2D2D0A00436F6D7062
:10FB4800616E793A204772656D73790A000000008A
:10FB5800417574686F723A20204669726D776172D8
:10FB680065205465616D0A0056657273696F6E3A57
:10FB780020312E302E300A00506C6174666F726D21
:10FB88003A2053746D3332483778780A0000000001
:10FB980025642E25640000004C4F47004C6F6720F9
:10FBA8006B686F6E6720686F2074726F207472754F
:10FBB80079656E20756172742071756120646D615C
:10FBC800212043616E206361692064617420747828
:10FBD80020646D612064652073752064756E672EDE
:10FBE8000A00000050414745300000005041474599
:10FBF8003100000050414745320000005041474560
:10FC0800330000005041474534000000504147454B
:10FC18003500000050414745360000005041474537
:10FC28003700000050414745380000005041474523
:10FC380039000000504147453130000050414745E8
:10FC48003131000053504932000000004144435F05
:10FC580043485F4E4F4E45004144435F4348370099
:10FC68004144435F4E4F4E4500000000414443313C
:10FC7800000000004932435F4E4F4E45000000002F
:10FC88004932433100000000554152543100000010
:10FC9800554152543300000055415254340000007D
:10FCA80054494D45350000005F455654000000009A
:10FCB8000D1B5B33326D7C494E464F7C00000000C3
:10FCC800556172742069643A20000000206E6F74D8
:10FCD800206F70656E6564002043616E6E6F7420DE
:10FCE8004F70656E205F74785461736B000000007C
:10FCF800554152545B0000005D206572726F72209E
:10FD080068616E646C65642C20636F64653D0000F7
:10FD18005D206572726F7220636F64653D0000003C
:10FD2800553320230000000020636E74446D613D4C
:10FD38000000000020636E743D00000020707472A3
:10FD48004F6C643D00000000206E3D00207374611C
:10FD580074653D00206572723D0000002530325800
:10FD680020000000554152545B325D205258202833
:10FD7800000000004229204845583A2000000000B1
:10FD88004C69627261726965732F48617264776148
:10FD980072652F53746D333255352F5372632F6844
:10FDA800617264776172655F75355F7065726970DD
:10FDB800686572616C5F756172742E6370700000A3
:10FDC80049443A20000000002020205F74785374D2
:10FDD8007265616D427566206E6F74206F70656E16
:10FDE80020313233210A0000526573657420554171
:10FDF80052545B004C69627261726965732F4D6F72
:10FE080064756C65732F454E4332384A36302F651A
:10FE18006E6332386A36302E6370700052656164E2
:10FE28004275666665724D656D206661696C207302
:10FE3800697A653D200000007265742000000000AA
:10FE480025642E25642E25642E2564004C69627273
:10FE580061726965732F4D6F64756C65732F457496
:10FE68006865726E65745F434F4D2F45746865729F
:10FE78006E65745F434F4D2E637070004F776E2030
:10FE88004950206E6F74207365742C207573696EE9
:10FE9800672064656661756C743A20002E00000066
:10FEA800496E697469616C697A696E67204574681E
:10FEB80065726E657420434F4D20776974682049D8
:10FEC800503A20004661696C656420746F20696E41
:10FED800697469616C697A6520454E4332384A36DF
:10FEE80030000000454E4332384A363020696E698A
:10FEF8007469616C697A656420737563636573738B
:10FF080066756C6C79000000506F727420000000F8
:10FF180020616C72656164792072656769737465C4
:10FF28007265643A2000000055445020726563658C
:10FF380069766572207461626C652066756C6C0008
:10FF480065746865726E657420636F6D2074617383
:10FF58006B000000494D555F49434D3432363838FF
:10FF680000000000705350492C204353204F72204A
:10FF78004E616D65206E6F742073657474696E6769
:10FF8800210A000043532050696E206E6F7420735D
:10FF9800657474696E67210A0000000020436C6F65
:10FFA800736564210A00000020436C6F7365206448
:10FFB8006F6E65210A00000020436869702049447B
:10FFC8003A20000020636F6E66696720535049200D
:10FFD800736C657720726174652E0A002061636313
:10FFE800656C2072616E67653A200000470A000060
:08FFF80020616363656C206F5A
:020000040803EF
:100000007574707574206461746120726174653AEE
:1000100020000000487A0A0020616363656C206359
:100020006F6E66696720646F6E65210A00000000CC
:1000300020616363656C20636F6E6669672065721B
:10004000726F72210A000000206779726F2072615E
:100050006E67653A200000006470730A00000000BB
:10006000206779726F206F75747075742064617485
:100070006120726174653A20000000002067797287
:100080006F20636F6E66696720646F6E65210A007A
:10009000206779726F20636F6E6669672065727280
:1000A0006F72210A0000000020636F6E666967208E
:1000B0006779726F202D20616363656C2066696CBF
:1000C0007465722062616E6477696474682E0A00D8
:1000D00020636F6E6669672074656D706572617408
:1000E0007572652066696C7465722062616E6477F2
:1000F000696474682E0A000020636F6E6669672069
:10010000616363656C2066696C7465722E0A000019
:10011000206669666F206D6F64653A20737472653E
:10012000616D20746F206669666F2E0A0000000002
:10013000206669666F20737472756374203136208F
:10014000627974653A20686561646572287831293E
:100150002C20616363656C287836292C20677972BE
:100160006F287836292C2074656D70657228783177
:10017000292C2074696D65287832292E0A00000028
:10018000204F70656E6564210A00000069636D2070
:1001900073746174652069646C65210A0000000055
:1001A00050524F544F434F4C5F4D41564C494E4B6C
:1001B0005F56320053797374656D49442C20436F48
:1001C0006D704944206E6F742073657474696E6736
:1001D000210A0000206368616E6E656C206F757483
:1001E000206F662072616E6765210A00206F70655E
:1001F0006E6564210A000000204368616E6E656CC4
:100200003A2000002C205772697465427566665367
:10021000697A653A20000000206F70656E20646F77
:100220006E65210A6E00000053797374656D494450
:100230002C20436F6D704944206F72204E616D65B4
:10024000206E6F742073657474696E67210A0000F4
:1002500020636C6F736564210A00000020636C6F7B
:10026000736520646F6E65210A000000204C6F7377
:100270007420636F6E6E656374696F6E210A00008F
:10028000205265636F6E6E656374696F6E210A003C
:1002900053656E736F7253747265616D0000000078
:1002A0002054585175657565204F70656E20466104
:1002B000696C210A000000002054585461736B20BF
:1002C0004F70656E204661696C210A00494D5520CA
:1002D00049434D3432363838204F70656E204661C0
:1002E000696C212052657420436F6465203D2000B5
:1002F000494D552049434D3432363838204F7065CA
:100300006E204F4B212043686970204944203D20D6
:100310000000000053656E735458510053656E73AE
:10032000545800004C69627261726965732F5254AF
:100330004F532F434D5349535F4F535F56322F5303
:1003400072632F72746F735F636D7369735F6F7322
:100350005F76325F7461736B2E6370700000000013
:100360005461736B206C6F6F70206B686F6E6720C9
:10037000636169206461742064756F63C3A1646103
:100380007364617364210A0D000000000D1B63207B
:10039000000000005761726E696E673A20436F6D0E
:1003A0006D616E64206C696E65206B686F6E67208E
:1003B00073752064756E672064756F632E204D75AC
:1003C0006F6E20636861792064756F6320636F6D61
:1003D0006D616E64206C696E652078696E20656E53
:1003E00061626C65207561727420727820646D6141
:1003F000206D6F64652063697263756C61720A0DAC
:10040000000000005761726E696E673A2050657295
:100410006970686572616C2074696D65206B686FC6
:100420006E672073752064756E672064756F632E28
:10043000204D756F6E20636861792064756F63204D
:100440007065726970686572616C2074696D652091
:1004500078696E206361702063686F20504552494F
:1004600050484552414C5F54494D452067696120D1
:100470007472692074696D652068616E646C650AC8
:100480000D0000000A0A00002D2D2D2D2D2D2D2DE3
:100490002D2D2D2D2D2D2D2D2D2D2D2D2D2D2D2D8C
:1004A0002D2D2D2D2D2D2D0A0D00000020436F6DBB
:1004B00070616E793A204752454D5359200A0D001C
:1004C00020417574686F723A204772656D737920A8
:1004D0004669726D77617265205465616D200A0D01
:1004E000000000002056657273696F6E3A200000AC
:1004F0000A0D000020446174653A200041756720B0
:1005000032352032303236004C4F4F500000000060
:100510004C69627261726965732F6772656D737978
:100520005F6D61696E2E6370700000005461736BC3
:10053000206C6F6F70206B686F6E6720636169203D
:100540006461742064756F63210A0D0048656170F1
:100550002073697A653A20004578616D706C652F6B
:100560004461742F536C6565704D6F64652F5573CE
:1005700065722F4D61766C696E6B48616E646C6557
:10058000722F4D61766C696E6B48616E646C65723A
:100590002E63707000000000547279696E672074D9
:1005A0006F20636C6F736520616E20616C72656192
:1005B000647920636C6F736564206D61766C696E1D
:1005C0006B207461736B00004D61696E2074617300
:1005D0006B20436C6F7365204641494C000000005E
:1005E0002866616C73652900636861722A206574EE
:1005F0006C3A3A69706F6F6C3A3A616C6C6F636118
:1006000074655F6974656D28290000004578616D27
:10061000706C652F4461742F536C6565704D6F6409
:10062000652F2E2E2F2E2E2F2E2E2F5375626D6F8F
:1006300064756C652F65746C2F696E636C75646589
:100640002F65746C2F69706F6F6C2E68000000004E
:10065000542A2065746C3A3A69706F6F6C3A3A614B
:100660006C6C6F636174652829205B7769746820FE
:1006700054203D2065746C3A3A69756E6F726465FA
:100680007265645F6D61703C756E7369676E6564F9
:1006900020636861722C207374646578743A3A69D7
:1006A0006E706C6163655F66756E6374696F6E3CD6
:1006B000766F6964286D61766C696E6B5F636861E3
:1006C0006E6E656C5F742C20636F6E7374205F5F59
:1006D0006D61766C696E6B5F6D65737361676526BE
:1006E000293E203E3A3A6E6F64655F745D000000FB
:1006F00044524F4E455F4950000000004445564962
:1007000043455F49500000004F574E5F495000007D
:1007100044524F4E455F504F525400004445564995
:1007200043455F504F5254005544505F4D4F444530
:100730005F4452005544505F4D4F44455F4456005E
:100740004772656D73790000536C6565704D6F6419
:100750006500000025642E25642E2564000000003D
:100760005265636569766564206F666620636F6DA8
:100770006D616E64000000005265636569766564B2
:10078000206F6E20636F6D6D616E640050617261E9
:100790006D2069643A20000020726571756573747C
:1007A000204641494C0000005561727454780000A5
:1007B000544553545F575744470000005445535421
:1007C0005F57574447207472696767657265642193
:1007D0002044657265666572656E63696E67206E3A
:1007E000756C6C70747220746F20747269676765C1
:1007F0007220486172644661756C742E2E2E000062
:1008000052455345545F5541525400005061726146
:100810006D2049443A2000002056616C75653A20ED
:100820000000000066616C736500000065746C3A3E
:100830003A696E747275736976655F666F72776117
:1008400072645F6C6973743C5456616C75652C20DE
:10085000544C696E6B3E3A3A6974657261746F729A
:100860002065746C3A3A696E747275736976655F67
:10087000666F72776172645F6C6973743C54566121
:100880006C75652C20544C696E6B3E3A3A696E73F8
:100890006572745F616674657228697465726174EB
:1008A0006F722C2076616C75655F7479706526298E
:1008B000205B77697468205456616C7565203D2013
:1008C00065746C3A3A69756E6F7264657265645FDF
:1008D0006D61703C756E7369676E656420636861F5
:1008E000722C207374646578743A3A696E706C6126
:1008F00063655F66756E6374696F6E3C766F69647D
:10090000286D61766C696E6B5F6368616E6E656C95
:100910005F742C20636F6E7374205F5F6D61766C03
:10092000696E6B5F6D65737361676526293E203E56
:100930003A3A6E6F64655F743B20544C696E6B206D
:100940003D2065746C3A3A666F72776172645F6CD1
:10095000696E6B3C303E3B2076616C75655F7479E7
:100960007065203D2065746C3A3A69756E6F7264EB
:10097000657265645F6D61703C756E7369676E6505
:100980006420636861722C207374646578743A3AE9
:10099000696E706C6163655F66756E6374696F6EB6
:1009A0003C766F6964286D61766C696E6B5F636815
:1009B000616E6E656C5F742C20636F6E7374205F64
:1009C0005F6D61766C696E6B5F6D65737361676592
:1009D00026293E203E3A3A6E6F64655F745D0000E2
:1009E0004578616D706C652F4461742F536C65653B
:1009F000704D6F64652F2E2E2F2E2E2F2E2E2F53DF
:100A000075626D6F64756C652F65746C2F696E63AC
:100A10006C7564652F65746C2F696E74727573697B
:100A200076655F666F72776172645F6C6973742E4E
:100A300068000000282166756C6C282929000000D8
:100A40007374643A3A706169723C65746C3A3A69DD
:100A5000756E6F7264657265645F6D61703C544B56
:100A600065792C20542C2054486173682C20544BF9
:100A70006579457175616C3E3A3A69746572617465
:100A80006F722C20626F6F6C3E2065746C3A3A690D
:100A9000756E6F7264657265645F6D61703C544B16
:100AA00065792C20542C2054486173682C20544BB9
:100AB0006579457175616C3E3A3A696E7365727419
:100AC000287276616C75655F7265666572656E63C6
:100AD0006529205B7769746820544B6579203D2037
:100AE000756E7369676E656420636861723B20543C
:100AF000203D207374646578743A3A696E706C6155
:100B000063655F66756E6374696F6E3C766F69646A
:100B1000286D61766C696E6B5F6368616E6E656C83
:100B20005F742C20636F6E7374205F5F6D61766CF1
:100B3000696E6B5F6D65737361676526293E3B2047
:100B40005448617368203D2065746C3A3A6861735B
:100B5000683C756E7369676E656420636861723E98
:100B60003B20544B6579457175616C203D2065745F
:100B70006C3A3A657175616C5F746F3C756E736940
:100B8000676E656420636861723E3B207276616CBB
:100B900075655F7265666572656E6365203D20737D
:100BA00074643A3A706169723C636F6E7374207555
:100BB0006E7369676E656420636861722C2073745C
:100BC000646578743A3A696E706C6163655F6675E6
:100BD0006E6374696F6E3C766F6964286D61766CC4
:100BE000696E6B5F6368616E6E656C5F742C206309
:100BF0006F6E7374205F5F6D61766C696E6B5F6D95
:100C000065737361676526293E203E26265D0000D8
:100C10004578616D706C652F4461742F536C656508
:100C2000704D6F64652F2E2E2F2E2E2F2E2E2F53AC
:100C300075626D6F64756C652F65746C2F696E637A
:100C40006C7564652F65746C2F756E6F7264657258
:100C500065645F6D61702E68000000004578616D0D
:100C6000706C652F4461742F536C6565704D6F64B3
:100C7000652F2E2E2F2E2E2F2E2E2F4C6962726155
:100C8000726965732F4472697665722F4D61766C57
:100C9000696E6B2F496E632F6472697665725F6D42
:100CA00061766C696E6B5F636F6D706F6E656E748D
:100CB0002E6870700000000054727920746F2061FB
:100CC0006464206E6577206D61766C696E6B206D53
:100CD00073672063616C6C6261636B20666F722066
:100CE000636F6D706F6E656E74207B007D20746F16
:100CF00020616C7265616479206578697374656ED2
:100D000074206D73676964207B2000007D00000003
:100D10004D61766C696E6B206D73672063616C6CDE
:100D20006261636B207461626C65206F6620636F23
:100D30006D706F6E656E74207B0000007D2069739E
:100D40002066756C6C2E2043757272656E7420631C
:100D500061706163697479207B00000054727920AE
:100D6000746F20616464206E6577206D61766C69B4
:100D70006E6B20706572696F6469632073656E6461
:100D8000206D736720666F7220636F6D706F6E6584
:100D90006E74207B000000007D20746F20616C72F7
:100DA00065616479206578697374656E74206D730C
:100DB000676964207B0000004D61766C696E6B2072
:100DC000706572696F6469632073656E64206D730A
:100DD00067207461626C65206F6620636F6D706F51
:100DE0006E656E74207B0000547279696E672074A2
:100DF0006F206F70656E20616E20616C726561643A
:100E000079206F70656E206D61766C696E6B2074F1
:100E100061736B004D61696E207461736B204F705C
:100E2000656E204641494C004D61766C696E6B20C1
:100E30006D61696E207461736B204F70656E000088
:100E400047494D42414C00003132565F534F4D00EF
:100E50003132565F535953003356335F5359530061
:100E600035565F43414D00003156345F43414D00DC
:100E70003156385F5359530077616B6575705F73F6
:100E80006F6D0000706F7765726F6E5F73797300BE
:100E9000736C6565705F736F6D000000706F7765D0
:100EA000726F66665F737973000000004578616D4C
:100EB000706C652F4461742F536C6565704D6F6461
:100EC000652F557365722F536C6565704D6F646542
:100ED0005F436F6D2F536C6565704D6F64655F4345
:100EE0006F6D2E6370700000547279696E672074A4
:100EF0006F206F70656E20616E20616C7265616439
:100F000079206F70656E20736C656570206D6F64FD
:100F100065207461736B0000536C656570206D6FA4
:100F20006465206D61696E207461736B204F70651C
:100F30006E0000005057203A2000000041000000E1
:100F40005057206F6E3A20005057206F66663A2047
:100F5000000000005057204F4E20534F4D0000001E
:100F6000506F7765724F6E20726573756C743A209E
:100F700000000000536F6D20737461746520736C02
:100F8000656570005057204F464620534F4D000076
:100F9000506F7765724F666620726573756C743A30
:100FA000200000004578616D706C652F4461742FDE
:100FB000536C6565704D6F64652F557365722F5363
:100FC000746F72616765506172616D2F53746F72D7
:100FD000616765506172616D2E6370700000000082
:100FE000466C61736820656D7074792C2075736927
:100FF0006E672064656661756C74206E6574776FCA
:10100000726B20636F6E6669670000004E657477CF
:101010006F726B20636F6E666967206C6F616465C9
:10102000642066726F6D20666C617368000000005A
:1010300044726F6E652049503A200000534F4D2096
:1010400049503A20000000004F776E2049503A2066
:101050000000000044726F6E6520506F72743A2079
:1010600000000000534F4D20506F72743A20000072
:10107000554450204D6F64652044726F6E653A2070
:1010800000000000554450204D6F64652044657693
:101090006963653A20000000466C617368206572E0
:1010A000617365206661696C65640000466C6173FC
:1010B00068207772697465206661696C65640000F8
:1010C0004E6574776F726B20636F6E66696720730D
:1010D0006176656420746F20666C6173680000003F
:1010E0004578616D706C652F4461742F536C656534
:1010F000704D6F64652F557365722F70726F6772D4
:10110000616D2E6370700000434F4D20706F7274DC
:10111000206D616E61676572204F70656E2046615B
:10112000696C0000536C656570204D6F64652043E9
:101130006F6D204F70656E204661696C0000000085
:101140004D61766C696E6B2068616E646C657220AF
:101150004F70656E204661696C0000006D61766CB1
:10116000696E6B20636F6D207461736B000000000B
:10117000B4F60208000000000000000000000000BB
:101180000000000000020000180000000000000045
:1011900000000000000000000000000049B6010847
:1011A0006DB6010859B601085DB6010861B60108BF
:1011B000000000000000000089B60108BDB601086B
:1011C00059B601085DB6010861B6010865B60108A7
:1011D00069B601086BB601080000000000000000BD
:1011E000000000000000000000000000F9B8010845
:1011F0000DB90108E9C0010800000000320909002A
:1012000000000000010000007C1F2B000000000017
:1012100002000000890C0C00000000000400000027
:10122000ED0E0E030C0D000005000000D91C1C0182
:10123000000000000600000068030300000000003A
:1012400007000000772020000000000008000000D8
:1012500075242400000000000B0000005906060160
:101260000400000014000000D61414030203000060
:10127000150000009F02020300010000160000009C
:10128000DC1919000000000017000000A817170360
:101290000405000018000000181E340000000000C3
:1012A0001900000017656500000000001A0000002A
:1012B000AA161800000000001B000000901A1D0074
:1012C000000000001C00000043101000000000009F
:1012D0001D000000730E1000000000001E00000042
:1012E000271C1C00000000001F000000F62030003A
:1012F0000000000020000000B91C1C0000000000DD
:1013000021000000681C1C000000000022000000FA
:10131000ED1616000000000023000000F416160071
:101320000000000024000000DE1525000000000081
:1013300025000000D4060703040500002600000075
:10134000090607030405000027000000FE25260308
:101350002021000028000000E6040503020300002D
:10136000290000001C040403020300002A000000FE
:101370001C021200000000002B0000008402030386
:10138000000100002C000000DD040903020300003E
:101390002D000000E8020303000100002E00000001
:1013A0000B020200000000002F0000009903080358
:1013B0000001000030000000290D15010C000000A4
:1013C00031000000270C1400000000003200000073
:1013D0004E2525031213000033000000C40405034A
:1013E00002030000360000000F1B1B031819000049
:1013F0003700000003191900000000003D00000044
:10140000A7484800000000003E000000B71A1A007C
:10141000000000003F00000077B5B50000000000AC
:1014200040000000BFE1E1000000000041000000BA
:10143000762A2A00000000004200000094060603FD
:101440000203000043000000150404000000000037
:1014500045000000F30B1E010A00000046000000DA
:101460007C122603101100004900000026252603E7
:10147000202100004A0000001414140000000000A5
:101480004B0000009E2323031E1F00004C000000A1
:10149000982121031E1F00004D0000008F030A0346
:1014A00008090000500000000E04040302030000BD
:1014B000510000006A1616000000000052000000F3
:1014C0003127330324250000530000001625250092
:1014D00000000000540000008F3535033233000057
:1014E000550000008C33330000000000560000005F
:1014F00005353503323300005700000096333300C2
:101500000000000059000000E71C1C000000000063
:101510005A000000B7383800000000005B000000EF
:101520003F2A2A00000000005C0000003621210054
:10153000000000005D0000002F515100000000007D
:1015400064000000AF1A22000000000065000000E7
:101550006620750000000000660000009E207500F7
:101560000000000067000000D014390000000000F7
:1015700068000000382074000000000069000000CE
:101580005D3E3F00000000006A0000008A2C2C0035
:10159000000000006B0000006C40410000000000F3
:1015A0006C00000020545C00000000006D00000092
:1015B000B9090900000000006E00000054FEFE039F
:1015C000010200006F000000221012031011000041
:1015D00070000000AE0C0C00000000007100000064
:1015E0007C2427000000000072000000ED2C2C007D
:1015F00000000000730000000440400000000000F4
:10160000740000004C161800000000007500000077
:10161000800606030405000076000000380E0E0068
:101620000000000077000000740C0C030A0B00009F
:101630007800000086616100000000007900000071
:10164000ED020203000100007A000000CB02020359
:10165000000100007B000000FA717103000100002E
:101660007C00000057233900000000007D000000CE
:10167000CB060600000000007E000000DC4F510396
:101680004F5000007F0000001923230000000000DD
:1016900080000000E2232300000000008100000021
:1016A0002E16180000000000820000001D0D0D0025
:1016B0000000000083000000DFFFFF0000000000CA
:1016C00084000000550E2700000000008500000087
:1016D000061212000000000086000000E52B2B001F
:1016E0000000000087000000CB0808000000000098
:1016F00088000000011616000000000089000000AC
:10170000C30E1000000000008A0000006D24780065
:10171000000000008B000000A82B2B03292A0000EA
:101720008C000000B5292900000000008D00000099
:101730002F202000000000008E00000048F3F3007E
:10174000000000008F000000830E10000000000069
:10175000900000007F5D5D0000000000920000002E
:101760006764640000000000930000009A243600C3
:101770000000000094000000B23C4E000000000099
:1017800095000000C81E3C0000000000960000000C
:10179000862A2A000000000097000000DB080803EA
:1017A0000607000098000000D004080000000000B8
:1017B00099000000BC0C0C00000000009A00000022
:1017C000540F0F03060700009B000000160D0D03C9
:1017D000040500009C000000130606030001000041
:1017E0009D000000150F0F030C0D00009E0000006F
:1017F000860E0F030C0D0000A00000004E0C0C0321
:1018000008090000A10000004403030300010000D8
:10181000A2000000BD08090000000000A3000000B5
:101820007F1C1C0000000000A40000009A2C2C006B
:1018300000000000A50000001503030000000000E8
:10184000A60000001509090000000000A700000024
:101850009016160000000000A8000000010C0C000B
:1018600000000000A9000000EA12120000000000C1
:10187000AA0000004922220000000000AB00000086
:10188000B542420000000000AC0000001662620099
:1018900000000000AD000000530808000000000038
:1018A000AE000000A730300000000000AF000000D4
:1018B0008A1313030E0F0000B0000000EA030303B5
:1018C00000010000B1000000F0141400000000004E
:1018D000B20000002F18180000000000B300000044
:1018E000BD1D1D011A000000B4000000342D2F01A1
:1018F0002A000000B5000000AE0404000000000053
:10190000B6000000E528280000000000B700000035
:101910005502020300010000B80000009FCECE0374
:1019200004050000B9000000BA0707030405000021
:10193000BA000000481D1D0300010000BF000000A8
:101940005C1B1B0000000000C0000000242C3600BF
:1019500000000000C100000047161A00000000004F
:10196000C20000006219210000000000C300000056
:101970007825250000000000C8000000862A2A0300
:1019800028290000C9000000CD0E0E030C0D000038
:10199000D60000004508080306070000D700000035
:1019A0006503030000000000D800000032030303B9
:1019B00000010000D9000000CA0606000000000077
:1019C000DA0000001107070300010000DB0000003F
:1019D000A202020000000000E1000000D041490026
:1019E00000000000E2000000CF0808000000000036
:1019F000E6000000A32A2A0000000000E700000023
:101A00006928280000000000E8000000973F41001E
:101A100000000000E900000023B6B600000000004E
:101A2000EA0000009628280000000000EB000000FB
:101A3000B32A2A0000000000F10000005A20200014
:101A400000000000F200000068343C0000000000CC
:101A5000F300000055353D0134000000F4000000A3
:101A60005F06060000000000F50000008202020090
:101A700000000000F6000000B8262600000000006C
:101A8000F70000005113130000000000F8000000F0
:101A900008FEFE0303040000F9000000CC2424002B
:101AA00000000000FA000000311E1E0000000000CF
:101AB000FB000000AA12120000000000FC00000061
:101AC0002C12120000000000FD000000533336000D
:101AD00000000000FE0000002E09090000000000C8
:101AE00000010000472A2A03080900000101000044
:101AF000830909000000000002010000BB20E80388
:101B000000010000030100005CEBED00000000009C
:101B10000401000092050E00000000000501000015
:101B2000B31B3D0000000000060100000C1217006E
:101B3000000000000701000085FFFF00000000001A
:101B400008010000311C2000000000000901000015
:101B50001A101400000000000A010000C1FFFF037A
:101B6000020300000B01000023FFFF03020300003B
:101B70000C0100000E040403020300000D0100002C
:101B80006DD5D700000000000E0100003B131400CB
:101B9000000000000F0100001634350000000000B6
:101BA000130100007E1F200000000000140100004F
:101BB0001231320000000000150100003E1E1E0020
:101BC0000000000018010000462121000000000074
:101BD00019010000300D0D00000000001A01000086
:101BE0007B232303202100001B0100004A90950065
:101BF000000000001C010000632020031E1F0000E5
:101C00001D01000089283103262700001E01000065
:101C1000D2353903323300001F01000001171703CA
:101C200014150000200100001417170314150000FC
:101C300022010000FB2E2E00000000002301000006
:101C40000A3939000000000027010000EA0C0C00EE
:101C500000000000280100009E292903242500001F
:101C60002B01000013606200000000002C01000046
:101C7000D9161600000000002D010000F33A3A00CA
:101C800000000000360100001C11110000000000DF
:101C9000370100005F747400000000004001000084
:101CA000F314140302030000410100005802020370
:101CB0000001000042010000F395950000000000C3
:101CC000430100004E939303000100004401000013
:101CD00084929200000000004A010000179EA700B5
:101CE000000000004B0100005BE6E900000000007E
:101CF0004C010000ECEFEF00000000004D0100007F
:101D0000E76D6D00000000004E010000480A35003C
:101D1000000000004F010000E11818000000000062
:101D200050010000F5545400000000005301000071
:101D3000C70505000000000054010000634646008E
:101D40000000000059010000D11515030203000036
:101D50005E010000E814FC000000000068010000C3
:101D60000B19190000000000690100005D2121002D
:101D700000000000720100004B576D0000000000E1
:101D8000730100000A1A1A0000000000740100002C
:101D90001A8C8C000000000075010000752A2A00D2
:101DA0000000000077010000FB8C8C0000000000A8
:101DB00078010000C7080800000000007C01000056
:101DC000E8141400000000008101000093858503E1
:101DD00002030000820100008410100304050000CB
:101DE000830100000448480304050000840100004A
:101DF0000825250320210000860100009CEEF0004C
:101E0000000000008B01000000D4D400000000009E
:101E10008C01000032A0A000000000008D01000035
:101E2000B66C6C0000000000900100006EFEFE0326
:101E30000405000091010000B70606030405000038
:101E40009A010000A0353500000000009B01000051
:101E50006A030300000000009C0100002106060345
:101E6000040500009D0100004D0707030405000064
:101E7000B3010000862E2E0000000000B401000017
:101E8000C109090000000000B50100001E010100A9
:101E900000000000B8010000422323000000000001
:101EA0002823000071898900000000002D23000014
:101EB000752222000000000011270000D114140038
:101EC0000000000012270000BA29290000000000CD
:101ED0001327000004010100000000001427000087
:101EE00085090900000000001527000067090900A6
:101EF0000000000016270000C104040000000000DC
:101F000017270000471111000000000018270000EB
:101F1000F00E0E0000000000A7270000C35555007A
:101F200000000000F82A0000863334030405000096
:101F3000F92A00000F87880000000000FA2A00003C
:101F4000EAB3B40304050000FB2A000040050500C5
:101F500000000000FC2A00000BE8E803080900006C
:101F6000FD2A00005DE6E60000000000022B0000F4
:101F70002E31310000000000032B00006A2C2C00E1
:101F8000000000000C2B0000CD101000000000002D
:101F9000162B0000902C2C0000000000172B0000D6
:101FA000852C2C0000000000182B0000552C2C0064
:101FB00000000000192B0000C325250310110000AC
:101FC0001A2B00004F050500000000001B2B00002D
:101FD00080080803040500001C2B0000B122220029
:101FE000000000001D2B0000821C1C0000000000EF
:101FF0001E2B00002F262600000000001F2B0000D3
:102000008E09090000000000202B0000842C2C0009
:1020100000000000212B0000D02C2C00000000004C
:10202000222B0000C92C2C0000000000232B0000F4
:10203000C12C2C0000000000242B0000BD2C2C0023
:1020400000000000342B0000A24E4E0000000000F3
:1020500064320000722C2C03000100006532000085
:10206000FE3B3B031E1F0000663200008C3535032B
:102070000405000067320000F92E2E030001000065
:10208000683200004D3636031C1D00006932000026
:10209000312B2B0300010000733200005EF9F903BD
:1020A00000010000763200008B3333000000000096
:1020B000773200000712120310110000783200007E
:1020C000140505000000000010A40000E301010059
:1020D0000000000011A40000EF2E2E000000000000
:1020E00051C30000F62020000000000052C3000091
:1020F000B5F6F6000000000053C300003E131300C5
:102100000000000054C30000F00A0A0308090000A0
:1021100055C30000980606030405000020CB00000C
:102120000D6464000000000021CB0000EF010100FD
:1021300000000000982F8A4291443771CFFBC0B550
:10214000A5DBB5E95BC25639F111F159A4823F9282
:10215000D55E1CAB98AA07D8015B8312BE853124DB
:10216000C37D0C55745DBE72FEB1DE80A706DC9B9C
:1021700074F19BC1C1699BE48647BEEFC69DC10F48
:10218000CCA10C246F2CE92DAA84744ADCA9B05C84
:10219000DA88F97652513E986DC631A8C82703B047
:1021A000C77F59BFF30BE0C64791A7D55163CA0655
:1021B00067292914850AB72738211B2EFC6D2C4D61
:1021C000130D385354730A65BB0A6A762EC9C2814F
:1021D000852C7292A1E8BFA24B661AA8708B4BC2E5
:1021E000A3516CC719E892D1240699D685350EF40F
:1021F00070A06A1016C1A419086C371E4C774827C6
:10220000B5BCB034B30C1C394AAAD84E4FCA9C5B3B
:10221000F36F2E68EE828F746F63A5781478C8848C
:102220000802C78CFAFFBE90EB6C50A4F7A3F9BE6E
:10223000F27871C6000000000000000000000000FD
:1022400000000000000000004DC1010801C20108AB
:102250000000000000000000ADC30108ADC501088A
:1022600059B601085DB6010861B60108000000001A
:102270000000000071C6010891C6010861C4010890
:1022800031C6010861B6010865B6010869B60108E2
:102290006BB601080000000000000000C9C301087F
:1022A000D5C501080DC4010805C6010861B60108BD
:1022B00095D10108FBC30108FDC30108FFC3010854
:1022C00063D10108EDC30108F3C30108F9C3010894
:1022D00000000000320909000000000001000000B9
:1022E0007C1F2B000000000002000000890C0C0085
:1022F0000000000004000000ED0E0E030C0D0000B5
:1023000005000000D91C1C010000000006000000B0
:102310006803030000000000070000007720200091
:1023200000000000080000007524240000000000E8
:102330000B00000059060601040000001400000014
:10234000D614140302030000150000009F020203CC
:102350000001000016000000DC1919000000000058
:1023600017000000A817170304050000180000005C
:10237000181E3400000000001900000017656500F9
:10238000000000001A000000AA161800000000005B
:102390001B000000901A1D00000000001C0000003F
:1023A00043101000000000001D000000730E10001C
:1023B000000000001E000000271C1C0000000000A0
:1023C0001F000000F6203000000000002000000088
:1023D000B91C1C000000000021000000681C1C004B
:1023E0000000000022000000ED16160000000000B2
:1023F00023000000F4161600000000002400000076
:10240000DE1525000000000025000000D4060703AB
:10241000040500002600000009060703040500006B
:1024200027000000FE2526032021000028000000D0
:10243000E604050302030000290000001C04040355
:10244000020300002A0000001C021200000000002D
:102450002B00000084020303000100002C00000098
:10246000DD040903020300002D000000E80203035D
:10247000000100002E0000000B020200000000001E
:102480002F00000099030803000100003000000045
:10249000290D15010C00000031000000270C14006C
:1024A00000000000320000004E252503121300003A
:1024B00033000000C40405030203000036000000DE
:1024C0000F1B1B0318190000370000000319190027
:1024D000000000003D000000A74848000000000088
:1024E0003E000000B71A1A00000000003F00000084
:1024F00077B5B5000000000040000000BFE1E1003A
:102500000000000041000000762A2A0000000000C0
:10251000420000009406060302030000430000008E
:10252000150404000000000045000000F30B1E012C
:102530000A000000460000007C1226031011000073
:102540004900000026252603202100004A00000043
:1025500014141400000000004B0000009E2323030D
:102560001E1F00004C000000982121031E1F0000C8
:102570004D0000008F030A0308090000500000000E
:102580000E04040302030000510000006A16160046
:102590000000000052000000312733032425000012
:1025A0005300000016252500000000005400000024
:1025B0008F35350332330000550000008C33330073
:1025C00000000000560000000535350332330000DE
:1025D000570000009633330000000000590000004F
:1025E000E71C1C00000000005A000000B73838004B
:1025F000000000005B0000003F2A2A0000000000ED
:102600005C00000036212100000000005D00000099
:102610002F5151000000000064000000AF1A22009A
:10262000000000006500000066207500000000004A
:10263000660000009E20750000000000670000009A
:10264000D014390000000000680000003820740039
:1026500000000000690000005D3E3F000000000037
:102660006A0000008A2C2C00000000006B000000B3
:102670006C404100000000006C00000020545C0031
:10268000000000006D000000B90909000000000012
:102690006E00000054FEFE03010200006F00000007
:1026A000221012031011000070000000AE0C0C008C
:1026B00000000000710000007C24270000000000E2
:1026C00072000000ED2C2C000000000073000000E0
:1026D0000440400000000000740000004C16180088
:1026E00000000000750000008006060304050000DD
:1026F00076000000380E0E00000000007700000099
:10270000740C0C030A0B0000780000008661610065
:102710000000000079000000ED020203000100004B
:102720007A000000CB020203000100007B000000E1
:10273000FA717103000100007C000000572339008A
:10274000000000007D000000CB0606000000000035
:102750007E000000DC4F51034F5000007F0000005E
:10276000192323000000000080000000E223230062
:1027700000000000810000002E161800000000007C
:10278000820000001D0D0D0000000000830000000D
:10279000DFFFFF000000000084000000550E27004E
:1027A000000000008500000006121200000000007A
:1027B00086000000E52B2B000000000087000000D1
:1027C000CB08080000000000880000000116160079
:1027D0000000000089000000C30E1000000000008F
:1027E0008A0000006D247800000000008B000000CB
:1027F000A82B2B03292A00008C000000B5292900F2
:10280000000000008D0000002F20200000000000CC
:102810008E00000048F3F300000000008F0000006D
:10282000830E100000000000900000007F5D5D003E
:1028300000000000920000006764640000000000D7
:10284000930000009A24360000000000940000006D
:10285000B23C4E000000000095000000C81E3C0085
:102860000000000096000000862A2A0000000000F8
:1028700097000000DB08080306070000980000002E
:10288000D00408000000000099000000BC0C0C00FF
:10289000000000009A000000540F0F03060700001C
:1028A0009B000000160D0D03040500009C000000B5
:1028B00013060603000100009D000000150F0F0322
:1028C0000C0D00009E000000860E0F030C0D000092
:1028D000A00000004E0C0C0308090000A10000003D
:1028E0004403030300010000A2000000BD0809002A
:1028F00000000000A30000007F1C1C00000000007E
:10290000A40000009A2C2C0000000000A50000008C
:102910001503030000000000A600000015090900CF
:1029200000000000A7000000901616000000000044
:10293000A8000000010C0C0000000000A90000002D
:10294000EA12120000000000AA0000004922220042
:1029500000000000AB000000B54242000000000093
:10296000AC0000001662620000000000AD00000034
:102970005308080000000000AE000000A73030003F
:1029800000000000AF0000008A1313030E0F0000C8
:10299000B0000000EA03030300010000B1000000E2
:1029A000F014140000000000B20000002F181800FE
:1029B00000000000B3000000BD1D1D011A00000052
:1029C000B4000000342D2F012A000000B5000000E3
:1029D000AE04040000000000B6000000E528280056
:1029E00000000000B70000005502020300010000D3
:1029F000B80000009FCECE0304050000B90000001F
:102A0000BA07070304050000BA000000481D1D03B3
:102A100000010000BF0000005C1B1B000000000064
:102A2000C0000000242C360000000000C10000009F
:102A300047161A0000000000C200000062192100C1
:102A400000000000C3000000782525000000000001
:102A5000C8000000862A2A0328290000C9000000B7
:102A6000CD0E0E030C0D0000D60000004508080333
:102A700006070000D7000000650303000000000007
:102A8000D80000003203030300010000D900000059
:102A9000CA06060000000000DA0000001107070364
:102AA00000010000DB000000A202020000000000A4
:102AB000E1000000D041490000000000E2000000F9
:102AC000CF08080000000000E6000000A32A2A004A
:102AD00000000000E7000000692828000000000056
:102AE000E8000000973F410000000000E9000000FE
:102AF00023B6B60000000000EA0000009628280077
:102B000000000000EB000000B32A2A0000000000D3
:102B1000F10000005A20200000000000F200000038
:102B200068343C0000000000F300000055353D0112
:102B300034000000F40000005F0606000000000002
:102B4000F50000008202020000000000F600000014
:102B5000B826260000000000F70000005113130003
:102B600000000000F800000008FEFE03030400005F
:102B7000F9000000CC24240000000000FA0000004E
:102B8000311E1E0000000000FB000000AA1212000F
:102B900000000000FC0000002C12120000000000E9
:102BA000FD0000005333360000000000FE0000006E
:102BB0002E0909000000000000010000472A2A0336
:102BC000080900000101000083090900000000005D
:102BD00002010000BB20E803000100000301000027
:102BE0005CEBED00000000000401000092050E0007
:102BF0000000000005010000B31B3D0000000000C4
:102C0000060100000C121700000000000701000080
:102C100085FFFF000000000008010000311C2000BB
:102C200000000000090100001A101400000000005C
:102C30000A010000C1FFFF03020300000B010000B6
:102C400023FFFF03020300000C0100000E04040335
:102C5000020300000D0100006DD5D7000000000048
:102C60000E0100003B131400000000000F010000E3
:102C70001634350000000000130100007E1F200004
:102C800000000000140100001231320000000000BA
:102C9000150100003E1E1E0000000000180100008B
:102CA000462121000000000019010000300D0D0038
:102CB000000000001A0100007B23230320210000F4
:102CC0001B0100004A909500000000001C0100005C
:102CD000632020031E1F00001D010000892831030E
:102CE000262700001E010000D235390332330000D0
:102CF0001F01000001171703141500002001000038
:102D0000141717031415000022010000FB2E2E00DB
:102D100000000000230100000A3939000000000013
:102D200027010000EA0C0C00000000002801000050
:102D30009E292903242500002B0100001360620056
:102D4000000000002C010000D91616000000000051
:102D50002D010000F33A3A000000000036010000A7
:102D60001C11110000000000370100005F747400A6
:102D70000000000040010000F314140302030000EF
:102D8000410100005802020300010000420100005E
:102D9000F395950000000000430100004E9393035B
:102DA0000001000044010000849292000000000035
:102DB0004A010000179EA700000000004B01000020
:102DC0005BE6E900000000004C010000ECEFEF00C2
:102DD000000000004D010000E76D6D0000000000E4
:102DE0004E010000480A3500000000004F010000BD
:102DF000E11818000000000050010000F5545400D4
:102E00000000000053010000C7050500000000009D
:102E10005401000063464600000000005901000014
:102E2000D1151503020300005E010000E814FC0048
:102E300000000000680100000B19190000000000EC
:102E4000690100005D212100000000007201000006
:102E50004B576D0000000000730100000A1A1A00B1
:102E600000000000740100001A8C8C0000000000BB
:102E700075010000752A2A0000000000770100009B
:102E8000FB8C8C000000000078010000C7080800DF
:102E9000000000007C010000E814140000000000A5
:102EA0008101000093858503020300008201000078
:102EB0008410100304050000830100000448480347
:102EC00004050000840100000825250320210000DE
:102ED000860100009CEEF000000000008B01000065
:102EE00000D4D400000000008C01000032A0A0003B
:102EF000000000008D010000B66C6C0000000000B6
:102F0000900100006EFEFE03040500009101000028
:102F1000B7060603040500009A010000A03535003D
:102F2000000000009B0100006A0303000000000095
:102F30009C01000021060603040500009D0100001D
:102F40004D07070304050000B3010000862E2E0084
:102F500000000000B4010000C109090000000000E9
:102F6000B50100001E01010000000000B8010000D2
:102F700042232300000000002823000071898900FB
:102F8000000000002D230000752222000000000038
:102F900011270000D11414000000000012270000C7
:102FA000BA292900000000001327000004010100D5
:102FB000000000001427000085090900000000003F
:102FC000152700006709090000000000162700000F
:102FD000C104040000000000172700004711110081
:102FE0000000000018270000F00E0E000000000096
:102FF000A7270000C355550000000000F82A000074
:103000008633340304050000F92A00000F87880086
:1030100000000000FA2A0000EAB3B403040500002F
:10302000FB2A00004005050000000000FC2A00000B
:103030000BE8E80308090000FD2A00005DE6E60051
:1030400000000000022B00002E31310000000000C3
:10305000032B00006A2C2C00000000000C2B000049
:10306000CD10100000000000162B0000902C2C004A
:1030700000000000172B0000852C2C000000000031
:10308000182B0000552C2C0000000000192B00000C
:10309000C3252503101100001A2B00004F05050061
:1030A000000000001B2B000080080803040500003E
:1030B0001C2B0000B1222200000000001D2B00008C
:1030C000821C1C00000000001E2B00002F26260082
:1030D000000000001F2B00008E0909000000000006
:1030E000202B0000842C2C0000000000212B00006D
:1030F000D02C2C0000000000222B0000C92C2C003A
:1031000000000000232B0000C12C2C000000000058
:10311000242B0000BD2C2C0000000000342B0000EC
:10312000A24E4E000000000064320000722C2C03FE
:103130000001000065320000FE3B3B031E1F000043
:10314000663200008C35350304050000673200004C
:10315000F92E2E0300010000683200004D363603C0
:103160001C1D000069320000312B2B030001000000
:10317000733200005EF9F9030001000076320000AE
:103180008B33330000000000773200000712120377
:103190001011000078320000140505000000000046
:1031A00010A40000E30101000000000011A40000D1
:1031B000EF2E2E000000000051C30000F62020007A
:1031C0000000000052C30000B5F6F6000000000049
:1031D00053C300003E1313000000000054C300005E
:1031E000F00A0A030809000055C300009806060308
:1031F0000405000020CB00000D6464000000000006
:1032000021CB0000EF0101000000000000000000E1
:1032100000000000000000000000000000000000AE
:1032200021D3010825D3010829D30108000000009B
:103230000000000049D501081DD501086BD5010823
:1032400071D3010891D40108E9C0010855D30108E0
:1032500061D3010867D301086DD3010800000000A5
:10326000000000000000000000000000000000005E
:103270000000000000000000FDD7010831D801085F
:103280007DD80108ADD501086DD70108E9C0010856
:1032900081D50108BCFEFFFF0000000075D80108C1
:1032A00093D80108A3D50108000000000000000029
:1032B00000000000000000000000000099D8010894
:1032C0009DD80108C5D901080000000000000000D9
:1032D000D7DA010899DA0108F9DA010821DA0108D8
:1032E00075DA0108C5D90108BDDA0108C9DA010893
:1032F000CFDA0108D5DA0108000000000000000064
:10330000C9DF0108E5E10108D9DF0108DDDF0108B7
:10331000E1DF01080000000000000000EDDF01080F
:10332000C1E10108D9DF0108DDDF0108E1DF0108A3
:10333000E5DF0108E7DF0108E9DF010805E0010832
:1033400009E001080DE00108000000000000000095
:1033500075E0010895E10108D9DF0108DDDF01080A
:10336000E1DF01080FE0010869E1010815E101084A
:1033700095E00108E5E001081DE0010800000000FB
:103380000000000015E3010891E40108D9DF0108FD
:10339000DDDF0108E1DF0108EDE2010800000000C7
:1033A000000000002DE3010865E4010899E301082D
:1033B000F1E20108E1DF01084DE3010880FC0208A9
:1033C00000000000000000000000000000000000FD
:1033D000ECFB0208000000000000000800200000D4
:1033E00000000000F4FB02080100000000200008BB
:1033F0000020000001000000FCFB020802000000A9
:1034000000400008002000000200000004FC020848
:10341000030000000060000800200000030000001E
:103420000CFC0208040000000080000800200000DE
:103430000400000014FC02080500000000A00008C1
:1034400000200000050000001CFC0208060000002F
:1034500000C00008002000000600000024FC020854
:103460000700000000E00008002000000700000046
:103470002CFC0208080000000000010800200000E9
:103480000800000034FC02080900000000200108C8
:1034900000200000090000003CFC02080A000000B7
:1034A00000400108002000000A00000044FC02085F
:1034B0000B00000000600108002000000B0000006D
:1034C00000000000000000000000001000000020CC
:1034D00000000030000000400000005000000060CC
:1034E000000000700000000000000000000000016B
:1034F00000000000000000000000000200000000CA
:10350000070000000F00000080FC0208000000001F
:1035100000000000000000000000000000000000AB
:1035200000000000000000004CFC020864B1002014
:10353000000000000000000000000000000000008B
:10354000000000000000000054FC02080000000021
:10355000000000000000000060FC02088000001C69
:10356000000002420400000068FC020800000000A5
:1035700074FC020864AF00207CFC0208000000001C
:10358000000000000000000000000000000000003B
:1035900088FC0208F0AF00200000000000000000DE
:1035A000000000000000000000000000000000001B
:1035B00000100000000000000020000000000000DB
:1035C000000400000006000080FC0208000000006B
:1035D00000000000000000000000000000000000EB
:1035E00090FC020838B70020000000000000000036
:1035F000000000000000000098FC020870B60020E7
:1036000000000000000000000000000000000000BA
:10361000A0FC020800B8002000000000000000002C
:10362000000000000000000001000200040008008B
:10363000100020004000800000010002000400088B
:10364000001000200040008000000000000000008A
:1036500031E7010889E80108D9DF0108DDDF010849
:10366000E1DF0108DDE50108E1E50108E5E5010824
:10367000E9E50108EDE50108F1E50108F5E50108D6
:10368000F9E50108FDE5010801E6010805E6010884
:1036900009E601080DE60108000000000000000036
:1036A00049E701085DE80108E1E6010811E70108C2
:1036B000E1DF010869E70108D3E60108A9E701088D
:1036C0003FE8010811E6010829E6010841E6010882
:1036D00057E601086DE60108A3E60108AFE6010818
:1036E000BBE60108C7E6010800000000000000007A
:1036F00045EA0108D5EC0108D9DF0108DDDF010842
:10370000E1DF010809EA01080DEA010811EA0108F0
:1037100015EA010819EA0108000000000000000095
:103720005DEA0108A9EC0108D9EA010839EC0108B1
:10373000E1DF010815EF0108CBEF01086FEF010889
:1037400027F001087DEA01080000000000000000E9
:1037500019F5010851F50108D9DF0108DDDF01087D
:10376000E1DF01080DF5010811F5010815F5010863
:10377000000000000000000031F5010875F50108A7
:10378000EDF501084DF60108E1DF0108A1F501089A
:10379000B9F50108D5F5010800000000000000009F
:1037A0009DF601086DF7010859B601085DB60108DC
:1037B00061B6010895F6010899F6010800000000BD
:1037C000000000001DFE010871FE0108D9DF01089C
:1037D000DDDF0108E1DF010845F701087D0002088F
:1037E000B9F60108BDF60108C1F60108CFF60108D7
:1037F000D3F60108D7F60108DBF60108DFF6010869
:10380000E3F60108E5F60108E7F60108E9F6010824
:10381000EBF60108000000000000000085FE010832
:10382000F9FE01082DFA010861F90108E1DF01083C
:1038300045F701087D00020807FC01085DFC01084E
:10384000A7FC010823FD01086DFD010807F9010827
:10385000DBF6010895F70108A9FB0108FDFB01084B
:103860009FF80108ABF80108B5F70108410002080C
:103870003FF7010841F7010843F70108E80300009A
:103880000100000040420F000100000000000000A5
:1038900000000000A101020845060208D9DF010866
:1038A000DDDF0108E1DF0108A50202088702020846
:1038B000C50F020869020208F9010208FD010208A9
:1038C00001020208070202080000000000000000D8
:1038D000D9060208ED060208C30202083F61020889
:1038E00061B6010800000000000000004D0702085A
:1038F000850702080903020891050208E1DF0108B3
:10390000A502020887020208C50F02086902020820
:10391000C90E0208ED0E02080D0202081302020889
:103920000000000000000000B5170208DD170208C3
:10393000A7170208AB170208AF1702080000000023
:10394000000000000D180208E51802086D180208B2
:103950002D18020861B6010865B6010869B60108AC
:103960006BB60108E11E0208F1170208F7170208FA
:10397000FD170208000000000000000021290208D5
:10398000D9290208A7170208AB170208AF170208C7
:103990003127020813270208F5260208D726020855
:1039A000752302087B2302087F2302088323020871
:1039B000892302088F2302089B230208ED230208B3
:1039C0003F2402089D260208692402080D260208E9
:1039D000AB2502088D240208000000000000000052
:1039E000F1290208212A020841350208512702085C
:1039F000AF1702083127020813270208F52602082C
:103A0000D7260208752302087B2302087F230208B9
:103A100083230208892302088F2302089B230208BC
:103A2000ED2302087D2502086326020869240208A6
:103A30000D260208AB2502088D2402086000000054
:103A40000000004000008046400000000000804070
:103A500000000046200000000000004100008045FA
:103A6000000000000000804100000045E000000070
:103A700000007A4133130345C00000000000FA4102
:103A800033138344A000000000007A423313034440
:103A9000800000000000FA42000083436000000044
:103AA00000007A4300000343400000000000FA4396
:103AB000000083422000000000007A4433330342B8
:103AC000000000000000FA4433338341000000008E
:103AD0000000000081500208F9500208A7170208F0
:103AE000AB170208AF170208D74A0208BF4A0208FC
:103AF000A14A0208834A0208654A0208474A0208A6
:103B0000294A0208293E02082D3E0208E74F020812
:103B10005B5002089B4F020837500208333E0208F0
:103B2000614F02086D3E0208A13E0208D53E020820
:103B3000FF3E0208293F02080000000000000000CC
:103B40001151020825510208F54A02087D4D02086C
:103B5000AF170208D74A0208BF4A0208A14A020862
:103B6000834A0208654A0208474A0208294A0208AD
:103B7000B95602082D3E0208E74F02085B500208C2
:103B80009B4F020837500208333E0208614F02087B
:103B90006D3E0208A13E0208D53E0208FF3E020823
:103BA000293F02080000000032090900000000005F
:103BB000010000007C1F2B0000000000020000003C
:103BC000890C0C000000000004000000ED0E0E0344
:103BD0000C0D000005000000D91C1C0100000000B5
:103BE000060000006803030000000000070000005A
:103BF0007720200000000000080000007524240049
:103C0000000000000B00000059060601040000003F
:103C100014000000D6141403020300001500000075
:103C20009F0202030001000016000000DC191900C9
:103C30000000000017000000A8171703040500008B
:103C400018000000181E34000000000019000000D9
:103C500017656500000000001A000000AA16180091
:103C6000000000001B000000901A1D000000000072
:103C70001C00000043101000000000001D000000A8
:103C8000730E1000000000001E000000271C1C0026
:103C9000000000001F000000F620300000000000BF
:103CA00020000000B91C1C000000000021000000E2
:103CB000681C1C000000000022000000ED16160029
:103CC0000000000023000000F416160000000000B1
:103CD00024000000DE152500000000002500000083
:103CE000D4060703040500002600000009060703A8
:103CF0000405000027000000FE2526032021000007
:103D000028000000E604050302030000290000006B
:103D10001C040403020300002A0000001C0212001D
:103D2000000000002B0000008402030300010000DB
:103D30002C000000DD040903020300002D00000038
:103D4000E8020303000100002E0000000B02020045
:103D5000000000002F00000099030803000100008C
:103D600030000000290D15010C000000310000009A
:103D7000270C140000000000320000004E2525032F
:103D80001213000033000000C40405030203000006
:103D9000360000000F1B1B0318190000370000003D
:103DA00003191900000000003D000000A74848006A
:103DB000000000003E000000B71A1A0000000000DA
:103DC0003F00000077B5B500000000004000000093
:103DD000BFE1E1000000000041000000762A2A0057
:103DE00000000000420000009406060302030000E9
:103DF000430000001504040000000000450000001E
:103E0000F30B1E010A000000460000007C1226038E
:103E10001011000049000000262526032021000083
:103E20004A00000014141400000000004B000000C1
:103E30009E2323031E1F00004C0000009821210335
:103E40001E1F00004D0000008F030A030809000038
:103E5000500000000E0404030203000051000000A3
:103E60006A161600000000005200000031273303DC
:103E70002425000053000000162525000000000046
:103E8000540000008F353503323300005500000028
:103E90008C33330000000000560000000535350368
:103EA000323300005700000096333300000000005A
:103EB00059000000E71C1C00000000005A00000030
:103EC000B7383800000000005B0000003F2A2A00DD
:103ED000000000005C00000036212100000000000E
:103EE0005D0000002F515100000000006400000040
:103EF000AF1A220000000000650000006620750077
:103F000000000000660000009E2075000000000018
:103F100067000000D01439000000000068000000B5
:103F20003820740000000000690000005D3E3F0082
:103F3000000000006A0000008A2C2C000000000035
:103F40006B0000006C404100000000006C000000AD
:103F500020545C00000000006D000000B909090059
:103F6000000000006E00000054FEFE03010200008D
:103F70006F000000221012031011000070000000FA
:103F8000AE0C0C0000000000710000007C24270033
:103F90000000000072000000ED2C2C00000000006A
:103FA00073000000044040000000000074000000A6
:103FB0004C16180000000000750000008006060383
:103FC0000405000076000000380E0E00000000001E
:103FD00077000000740C0C030A0B0000780000004E
:103FE000866161000000000079000000ED0202031C
:103FF000000100007A000000CB0202030001000073
:104000007B000000FA717103000100007C000000D9
:1040100057233900000000007D000000CB06060099
:10402000000000007E000000DC4F51034F500000F4
:104030007F00000019232300000000008000000022
:10404000E223230000000000810000002E1618006B
:1040500000000000820000001D0D0D0000000000A7
:1040600083000000DFFFFF0000000000840000006C
:10407000550E270000000000850000000612120007
:104080000000000086000000E52B2B00000000006F
:1040900087000000CB080800000000008800000036
:1040A000011616000000000089000000C30E100079
:1040B000000000008A0000006D247800000000006D
:1040C0008B000000A82B2B03292A00008C00000085
:1040D000B5292900000000008D0000002F202000DD
:1040E000000000008E00000048F3F3000000000014
:1040F0008F000000830E1000000000009000000000
:104100007F5D5D00000000009200000067646400B5
:1041100000000000930000009A2436000000000018
:1041200094000000B23C4E0000000000950000002A
:10413000C81E3C000000000096000000862A2A00ED
:104140000000000097000000DB08080306070000DD
:1041500098000000D0040800000000009900000052
:10416000BC0C0C00000000009A000000540F0F036C
:10417000060700009B000000160D0D03040500005B
:104180009C00000013060603000100009D000000D3
:10419000150F0F030C0D00009E000000860E0F038C
:1041A0000C0D0000A00000004E0C0C0308090000DC
:1041B000A10000004403030300010000A20000006E
:1041C000BD08090000000000A30000007F1C1C00C7
:1041D00000000000A40000009A2C2C000000000049
:1041E000A50000001503030000000000A600000069
:1041F0001509090000000000A70000009016160035
:1042000000000000A8000000010C0C0000000000ED
:10421000A9000000EA12120000000000AA0000003D
:104220004922220000000000AB000000B54242001D
:1042300000000000AC0000001662620000000000F8
:10424000AD0000005308080000000000AE000000B0
:10425000A730300000000000AF0000008A131303F5
:104260000E0F0000B0000000EA030303000100008D
:10427000B1000000F014140000000000B2000000C3
:104280002F18180000000000B3000000BD1D1D0124
:104290001A000000B4000000342D2F012A00000095
:1042A000B5000000AE04040000000000B6000000ED
:1042B000E528280000000000B700000055020203B6
:1042C00000010000B80000009FCECE0304050000EE
:1042D000B9000000BA07070304050000BA00000097
:1042E000481D1D0300010000BF0000005C1B1B00F7
:1042F00000000000C0000000242C36000000000078
:10430000C100000047161A0000000000C2000000B3
:104310006219210000000000C3000000782525007C
:1043200000000000C8000000862A2A032829000097
:10433000C9000000CD0E0E030C0D0000D6000000D9
:104340004508080306070000D700000065030300C6
:1043500000000000D8000000320303030001000049
:10436000D9000000CA06060000000000DA000000C4
:104370001107070300010000DB000000A202020099
:1043800000000000E1000000D041490000000000F2
:10439000E2000000CF08080000000000E600000076
:1043A000A32A2A0000000000E70000006928280076
:1043B00000000000E8000000973F410000000000FE
:1043C000E900000023B6B60000000000EA0000008B
:1043D0009628280000000000EB000000B32A2A0005
:1043E00000000000F10000005A2020000000000042
:1043F000F200000068343C0000000000F300000000
:1044000055353D0134000000F40000005F06060051
:1044100000000000F5000000820202000000000021
:10442000F6000000B826260000000000F70000009B
:104430005113130000000000F800000008FEFE0306
:1044400003040000F9000000CC2424000000000058
:10445000FA000000311E1E0000000000FB000000FA
:10446000AA12120000000000FC0000002C12120032
:1044700000000000FD000000533336000000000083
:10448000FE0000002E0909000000000000010000ED
:10449000472A2A03080900000101000083090900D6
:1044A0000000000002010000BB20E8030001000042
:1044B000030100005CEBED000000000004010000BF
:1044C00092050E000000000005010000B31B3D0036
:1044D00000000000060100000C12170000000000A0
:1044E0000701000085FFFF00000000000801000038
:1044F000311C200000000000090100001A10140007
:10450000000000000A010000C1FFFF0302030000D9
:104510000B01000023FFFF03020300000C01000059
:104520000E040403020300000D0100006DD5D70046
:10453000000000000E0100003B131400000000000A
:104540000F010000163435000000000013010000C8
:104550007E1F200000000000140100001231320014
:1045600000000000150100003E1E1E0000000000BB
:104570001801000046212100000000001901000080
:10458000300D0D00000000001A0100007B23230302
:10459000202100001B0100004A909500000000004F
:1045A0001C010000632020031E1F00001D010000ED
:1045B00089283103262700001E010000D235390367
:1045C000323300001F01000001171703141500000B
:1045D0002001000014171703141500002201000029
:1045E000FB2E2E0000000000230100000A393900D4
:1045F0000000000027010000EA0C0C000000000091
:10460000280100009E292903242500002B01000019
:1046100013606200000000002C010000D916160093
:10462000000000002D010000F33A3A0000000000F5
:10463000360100001C1111000000000037010000CD
:104640005F7474000000000040010000F3141403C4
:1046500002030000410100005802020300010000B3
:1046600042010000F39595000000000043010000A6
:104670004E939303000100004401000084929200D5
:10468000000000004A010000179EA7000000000083
:104690004B0100005BE6E900000000004C01000057
:1046A000ECEFEF00000000004D010000E76D6D0031
:1046B000000000004E010000480A35000000000024
:1046C0004F010000E1181800000000005001000038
:1046D000F55454000000000053010000C705050018
:1046E0000000000054010000634646000000000086
:1046F00059010000D1151503020300005E010000FE
:10470000E814FC0000000000680100000B1919000B
:1047100000000000690100005D2121000000000090
:10472000720100004B576D00000000007301000093
:104730000A1A1A0000000000740100001A8C8C0094
:104740000000000075010000752A2A00000000002A
:1047500077010000FB8C8C00000000007801000055
:10476000C7080800000000007C010000E8141400E5
:104770000000000081010000938585030203000012
:104780008201000084101003040500008301000072
:10479000044848030405000084010000082525039F
:1047A00020210000860100009CEEF00000000000C7
:1047B0008B01000000D4D400000000008C01000038
:1047C00032A0A000000000008D010000B66C6C005B
:1047D00000000000900100006EFEFE0304050000D2
:1047E00091010000B7060603040500009A010000CD
:1047F000A0353500000000009B0100006A030300A3
:10480000000000009C0100002106060304050000D2
:104810009D0100004D07070304050000B3010000DF
:10482000862E2E0000000000B4010000C10909001E
:1048300000000000B50100001E01010000000000A2
:10484000B8010000422323000000000028230000DC
:1048500071898900000000002D23000075222200CC
:104860000000000011270000D11414000000000017
:1048700012270000BA2929000000000013270000B9
:104880000401010000000000142700008509090050
:104890000000000015270000670909000000000063
:1048A00016270000C10404000000000017270000C4
:1048B000471111000000000018270000F00E0E0044
:1048C00000000000A7270000C355550000000000AD
:1048D000F82A00008633340304050000F92A00009A
:1048E0000F87880000000000FA2A0000EAB3B40332
:1048F00004050000FB2A0000400505000000000040
:10490000FC2A00000BE8E80308090000FD2A00006B
:104910005DE6E60000000000022B00002E313100B1
:1049200000000000032B00006A2C2C000000000097
:104930000C2B0000CD10100000000000162B000012
:10494000902C2C0000000000172B0000852C2C0060
:1049500000000000182B0000552C2C000000000067
:10496000192B0000C3252503101100001A2B00008D
:104970004F050500000000001B2B00008008080305
:10498000040500001C2B0000B122220000000000E2
:104990001D2B0000821C1C00000000001E2B0000CC
:1049A0002F262600000000001F2B00008E090900A2
:1049B00000000000202B0000842C2C0000000000D0
:1049C000212B0000D02C2C0000000000222B000026
:1049D000C92C2C0000000000232B0000C12C2C004F
:1049E00000000000242B0000BD2C2C000000000063
:1049F000342B0000A24E4E00000000006432000084
:104A0000722C2C030001000065320000FE3B3B03CA
:104A10001E1F0000663200008C35350304050000BF
:104A200067320000F92E2E030001000068320000FA
:104A30004D3636031C1D000069320000312B2B035C
:104A400000010000733200005EF9F903000100006C
:104A5000763200008B333300000000007732000014
:104A6000071212031011000078320000140505002F
:104A70000000000010A40000E3010100000000009D
:104A800011A40000EF2E2E000000000051C3000012
:104A9000F62020000000000052C30000B5F6F6002A
:104AA0000000000053C300003E131300000000008C
:104AB00054C30000F00A0A030809000055C30000AF
:104AC000980606030405000020CB00000D64640076
:104AD0000000000021CB0000EF01010000000000F9
:104AE000982F8A4291443771CFFBC0B5A5DBB5E959
:104AF0005BC25639F111F159A4823F92D55E1CABCD
:104B000098AA07D8015B8312BE853124C37D0C555A
:104B1000745DBE72FEB1DE80A706DC9B74F19BC1A2
:104B2000C1699BE48647BEEFC69DC10FCCA10C2492
:104B30006F2CE92DAA84744ADCA9B05CDA88F97676
:104B400052513E986DC631A8C82703B0C77F59BFE0
:104B5000F30BE0C64791A7D55163CA06672929140C
:104B6000850AB72738211B2EFC6D2C4D130D3853A9
:104B700054730A65BB0A6A762EC9C281852C72926B
:104B8000A1E8BFA24B661AA8708B4BC2A3516CC799
:104B900019E892D1240699D685350EF470A06A10D2
:104BA00016C1A419086C371E4C774827B5BCB03421
:104BB000B30C1C394AAAD84E4FCA9C5BF36F2E68BF
:104BC000EE828F746F63A5781478C8840802C78C4E
:104BD000FAFFBE90EB6C50A4F7A3F9BEF27871C651
:104BE0000000000000000000C156020845570208FE
:104BF000B75702088B57020861B601080000000091
:104C000000000000F556020875570208D95A02083C
:104C100009580208AF17020859600208E556020851
:104C2000EB560208F156020800316253C4F5A6970C
:104C3000B988DBEA7D4C1F2E4372211087B6E5D47C
:104C4000FACB98A93E0F5C6D86B7E4D5427320116C
:104C50003F0E5D6CFBCA99A8C5F4A796013063525C
:104C60007C4D1E2FB889DAEB3D0C5F6EF9C89BAA0C
:104C700084B5E6D7407122137E4F1C2DBA8BD8E93C
:104C8000C7F6A59403326150BB8AD9E87F4E1D2C2C
:104C900002336051C6F7A495F8C99AAB3C0D5E6F1C
:104CA0004170231285B4E7D67A4B1829BE8FDCED0C
:104CB000C3F2A1900736655439085B6AFDCC9FAEFC
:104CC00080B1E2D344752617FCCD9EAF38095A6BEC
:104CD0004574271681B0E3D2BF8EDDEC7B4A1928DC
:104CE00006376455C2F3A0914776251483B2E1D00C
:104CF000FECF9CAD3A0B586904356657C0F1A293BC
:104D0000BD8CDFEE79481B2AE1D083B225144776AB
:104D100058693A0B9CADFECFA293C0F1665704359B
:104D20001B2A7948DFEEBD8C000000000000000067
:104D3000B10602080D07020859B601083F610208D2
:104D400061B601080000000000000000D562020802
:104D500089630208296302085D63020861B60108DD
:104D60000163020813630208000000000000000055
:104D7000210702089B070208D5630208AD640208F8
:104D800061B6010865B60108C1630208CB63020879
:104D90000000000000000000D1B6010809B70108BA
:104DA000F96402088765020861B6010865B6010862
:104DB000E5640208EF640208382E302E302E3230BF
:104DC0003236303832353136313932310000000078
:104DD00000000000000000004B7B0208517D02082B
:104DE000657D020871D3010891D40108E9C001086A
:104DF0000000000000000000517A0208717A0208E9
:104E0000496F0208C56F020861B6010865B601085E
:104E100069B601086BB60108000000000000000040
:104E2000BD6E0208E991020825920208C59C02089D
:104E300005700208D1950208416F0208436F02080D
:104E4000456F02087F7F7F7F7F7F7F7F7F7F7F7FB0
:104E50007F7F7F7F7F7F7F7F7F7F7F7F7F7F7F7F62
:104E60007F7F7F7F7F7F7F7F7F7F7F7F7F7F7F7F52
:104E70007F7F7F7F000102030405060708097F7F0B
:104E80007F7F7F7F7F0A0B0C0D0E0F101112131402
:104E900015161718191A1B1C1D1E1F202122237FEF
:104EA0007F7F7F7F7F0A0B0C0D0E0F1011121314E2
:104EB00015161718191A1B1C1D1E1F202122237FCF
:104EC0007F7F7F7F7F7F7F7F7F7F7F7F7F7F7F7FF2
:104ED0007F7F7F7F7F7F7F7F7F7F7F7F7F7F7F7FE2
:104EE0007F7F7F7F7F7F7F7F7F7F7F7F7F7F7F7FD2
:104EF0007F7F7F7F7F7F7F7F7F7F7F7F7F7F7F7FC2
:104F00007F7F7F7F7F7F7F7F7F7F7F7F7F7F7F7FB1
:104F10007F7F7F7F7F7F7F7F7F7F7F7F7F7F7F7FA1
:104F20007F7F7F7F7F7F7F7F7F7F7F7F7F7F7F7F91
:104F30007F7F7F7F7F7F7F7F7F7F7F7F7F7F7F7F81
:104F40007F7F7F7F558902082F6F0208316F02082B
:104F5000336F0208D9850208216F0208276F020803
:104F60002D6F020869850208136F0208196F020885
:104F70001F6F020875910208056F02080B6F020887
:104F8000116F02084D840208F76E0208FD6E0208D8
:104F9000036F02089F860208E96E0208EF6E02089E
:104FA000F56E0208C97F0208DB6E0208E16E020896
:104FB000E76E02086D7F0208CD6E0208D36E02080C
:104FC000D96E0208877A0208BF6E0208C56E020811
:104FD000CB6E0208F0060308FC0603080807030866
:104FE000100703081C0703082807030834070308F1
:104FF000B007030800080308982F8A4291443771CC
:10500000CFFBC0B5A5DBB5E95BC25639F111F1594B
:10501000A4823F92D55E1CAB98AA07D8015B83128D
:10502000BE853124C37D0C55745DBE72FEB1DE8039
:10503000A706DC9B74F19BC1C1699BE48647BEEF68
:10504000C69DC10FCCA10C246F2CE92DAA84744AF3
:10505000DCA9B05CDA88F97652513E986DC631A869
:10506000C82703B0C77F59BFF30BE0C64791A7D548
:105070005163CA0667292914850AB72738211B2ED0
:10508000FC6D2C4D130D385354730A65BB0A6A76B8
:105090002EC9C281852C7292A1E8BFA24B661AA8C4
:1050A000708B4BC2A3516CC719E892D1240699D6D4
:1050B00085350EF470A06A1016C1A419086C371E4D
:1050C0004C774827B5BCB034B30C1C394AAAD84E2B
:1050D0004FCA9C5BF36F2E68EE828F746F63A57866
:1050E0001478C8840802C78CFAFFBE90EB6C50A4F9
:1050F000F7A3F9BEF27871C6400E03080000000065
:105100000000024200100000480E030800000000EA
:105110000004024208000000500E030801000000D5
:105120000000000000000100580E0308000000000D
:105130000008024200400000600E03080100000069
:105140000000000000000200680E030801000000DB
:105150000000000000000300700E030801000000C2
:10516000000000000000000089B1020863B10208DD
:1051700069B102086FB102087FB1020855B1020897
:105180005BB1020861B102084E31305F5F6378782D
:10519000616269763131375F5F636C6173735F742D
:1051A0007970655F696E666F45000000C85303083B
:1051B00088510308FC53030800000000AC510308A9
:1051C000A9B70208BDB7020835C3020835C30208F3
:1051D00027B802086BB702080FB80208D1B7020857
:1051E0009DB7020862617369635F737472696E6769
:1051F0005F766965773A3A737562737472002573E6
:105200003A205F5F706F7320287768696368206950
:105210007320257A7529203E205F5F73697A6520A7
:1052200028776869636820697320257A75290047A3
:105230004C49424358585F54554E41424C455300E7
:105240006F626A5F73697A65006F626A5F636F7528
:105250006E7400676C69626378782E65685F706F42
:105260006F6C007374643A3A657863657074696F43
:105270006E006261645F66756E6374696F6E5F6312
:10528000616C6C002C2066756E6374696F6E3A20D9
:1052900000617373657274696F6E2022257322201A
:1052A0006661696C65643A2066696C6520222573C5
:1052B000222C206C696E65202564257325730A00F5
:1052C000232D302B2000686C4C00656667454647EF
:1052D0000030313233343536373839414243444572
:1052E00046003031323334353637383961626364E1
:1052F000656600412D46612D6638393031323334D0
:105300003536375D002B2D0030300078580053744F
:1053100039657863657074696F6E0000C051030869
:105320000E5303084E31305F5F63787861626976AF
:105330003131355F5F666F726365645F756E776983
:105340006E644500C0510308245303084E31305F9A
:105350005F637878616269763131395F5F666F7259
:105360006569676E5F657863657074696F6E450027
:10537000C05103084C530308000000001C530308ED
:1053800005BC020811BC020809BC02084E31305F9E
:105390005F637878616269763132305F5F73695F2D
:1053A000636C6173735F747970655F696E666F4576
:1053B00000000000C85303088C530308AC510308D5
:1053C00000000000B453030831C2020845C20208BD
:1053D00035C3020835C3020827B802086BB70208B4
:1053E00009C3020895C2020859C2020853743974ED
:1053F0007970655F696E666F00000000C051030838
:10540000EC530308537431376261645F66756E63F1
:1054100074696F6E5F63616C6C000000C8530308B1
:10542000045403081C530308000000001C54030824
:1054300075C3020889C302086DC30208002020203A
:105440002020202020202828282828202020202034
:105450002020202020202020202020202088101004
:105460001010101010101010101010101004040460
:10547000040404040404041010101010101041411E
:10548000414141410101010101010101010101010C
:105490000101010101010101101010101010424220
:1054A00042424242020202020202020202020202DC
:1054B000020202020202020210101010200000007C
:1054C00000000000000000000000000000000000DC
:1054D00000000000000000000000000000000000CC
:1054E00000000000000000000000000000000000BC
:1054F00000000000000000000000000000000000AC
:10550000000000000000000000000000000000009B
:10551000000000000000000000000000000000008B
:10552000000000000000000000000000000000007B
:0D553000000000000000000000000000006E
:105540009968FF7FB0B0A800FFFF010008B101819A
:10555000B0B000840000000008B10181B0B0008448
:105560000000000008B10181B0B00084000000001C
:1055700008B10181B0B00084000000005D68FF7FC9
:10558000B0B0A800FFFF01005168FF7FB0B0A800D5
:10559000FFFF01081A0420002C0400003D68FF7F73
:1055A000B0B0A800FFFF01082A043000400400004A
:1055B00008B10181B0B000840000000008B1018191
:1055C000B0B000840000000008B10181B0B00084D8
:1055D0000000000008B10181B0B0008400000000AC
:1055E00008B10181B0B0008400000000ED67FF7FCA
:1055F000B0B0AA00FFFF0100E167FF7FB0AD12006D
:10560000FFFF010E0E0400007A04800100900104E7
:1056100000000000C567FF7FB0A91200FFFF010C6A
:1056200026043E0038044A00460E000008B10181FD
:10563000B0B0008400000000A167FF7FB0A90A009D
:10564000FFFF0115209E010000D20102F20100E4DB
:1056500001020000FA010400000000007D67FF7FE6
:10566000B0B0A800FFFF01007167FF7FB0B0A800D5
:10567000FFFF01006567FF7FB0A80900FFFF010C75
:105680001C0244002E0200004C0400004D67FF7F06
:10569000B0B0A800FFFF010008B10181B0B00084E4
:1056A000000000003567FF7FB0B0A800FFFF0100D9
:1056B00008B10181B0B000840000000008B1018190
:1056C000B0B000840000000008B10181B0B00084D7
:1056D0000000000008B10181B0B0008400000000AB
:1056E00008B10181B0B000840000000008B1018160
:1056F000B0B000840000000008B10181B0B00084A7
:105700000000000008B10181B0B00084000000007A
:1057100008B10181B0B000840000000008B101812F
:10572000B0B000840000000008B10181B0B0008476
:105730000000000008B10181B0B00084000000004A
:105740009966FF7FA908B100FFFF010008B1018140
:10575000B0B000840000000008B10181B0B0008446
:105760000000000008B10181B0B00084000000001A
:1057700008B10181B0B000840000000008B10181CF
:10578000B0B000840000000008B10181B0B0008416
:105790000000000008B10181B0B0008400000000EA
:1057A00008B10181B0B000840000000008B101819F
:1057B000B0B00084000000002166FF7FB0AC0300A1
:1057C000FFFF010C260400003E044C0052040000C0
:1057D0000966FF7FB0AB0200FFFF010C1E04000052
:1057E0003204400046040000F165FF7FB0AA0300C8
:1057F000FFFF010C2404000036267200780400002C
:10580000D965FF7FB0AB0200FFFF010C120400005E
:105810002A04400046040000C165FF7FB0AC0100CF
:10582000FFFF011026040000341E6C0064046C00AD
:1058300072040000A565FF7FA908B100FFFF010009
:105840009965FF7FB0B0A800FFFF01008D65FF7F65
:10585000B0B0A800FFFF010814041A0024040000DF
:1058600008B10181B0B000840000000008B10181DE
:10587000B0B000840000000008B10181B0B0008425
:105880000000000008B10181B0B0008400000000F9
:105890004965FF7FB0B0AA00FFFF01003D65FF7FB3
:1058A000B0A80900FFFF01003165FF7FA908B10022
:1058B000FFFF01002565FF7FB0B0A800FFFF0100DA
:1058C00008B10181B0B000840000000008B101817E
:1058D000B0B000840000000008B10181B0B00084C5
:1058E00000000000F564FF7FB0A80900FFFF010081
:1058F00008B10181B0B000840000000008B101814E
:10590000B0B000840000000008B10181B0B0008494
:1059100000000000C564FF7FB0AA0100FFFF010E78
:105920000C04000016688801008E010400000000CD
:1059300008B10181B0B00084000000009D64FF7FC9
:10594000B0AB0200FFFF010F0E040000169801CA61
:105950000100D001040000008164FF7FB0AD0200AF
:10596000FFFF010F160400001AB401E40100EA0170
:10597000040000006564FF7FA908B100FFFF01007B
:1059800008B10181B0B00084000000004D64FF7FC9
:10599000B0B0A800FFFF01004164FF7FB0AB020080
:1059A000FFFF010C140400003A0448004E040000FC
:1059B00008B10181B0B000840000000008B101818D
:1059C000B0B00084000000001164FF7FB0AF04009D
:1059D000FFFF010F20040000EC0104D20200D802F6
:1059E00004000000F563FF7FB0AD1200FFFF010E61
:1059F0000E0400007A048001009001040000000001
:105A0000D963FF7FB0A91200FFFF01141404360010
:105A100026045A00300442003E04000056040000F0
:105A2000B963FF7FB0AA0300FFFF012134660000C5
:105A3000A80102A20300B601AC010000F0020C981C
:105A400003008E0302A203009E030E00000000006C
:105A50008963FF7FB0B0AA00FFFF01007D63FF7F75
:105A6000B0AB2C00FFFF019702166E000092011EE2
:105A70009C1400C2013E00008E0202B01400A40279
:105A80002A0000DC021EA61400900302B01400A835
:105A900003440000FA0302C4140088042A0000C072
:105AA000040CBA1400800516C41400AC054A0000AA
:105AB000840620CE1400B8063C000082070CD814DF
:105AC00000A407420000F40702EC140082082A0038
:105AD00000BA080CE214008C0916EC1400B8094A4C
:105AE0000000900A20F61400C40A3C00008E0B0C43
:105AF000801500AC0B3E0000F80B02941500860CDC
:105B00002A0000BE0C0C8A1500DA0C02941500EE77
:105B10000C3E0000BA0D02A81500FE0D2A0000B6CA
:105B20000E0C9E1500D20E02A81500E60E3E0000D7
:105B3000B20F02BC1500C00F2A0000F80F0CB215FE
:105B400000941002BC1500A8103E0000F41002D012
:105B5000150082112A0000BA110CC61500D61102D8
:105B6000D01500EA11B6010000AE130CDA1500CE14
:105B7000132A000086140CE41500A214CC010000C6
:105B80005962FF7FB0AA0300FFFF011B32400000F3
:105B9000A20102C60300B001AE010000EC020CBC81
:105BA00003008C034400000008B10181B0B0008400
:105BB000000000002562FF7FB0AA0500FFFF012D55
:105BC0003C84010000CE0102CA0400DC01AC0100EB
:105BD0000096030CB60400B6032A0000EE030CC0C6
:105BE00004008C0422CA0400BC0418000000000059
:105BF000E961FF7FB0AA0500FFFF012A22420000F1
:105C00007202AE030080016C0000FA010C9A0300DE
:105C10009A022A0000D2020CA40300F00222AE0372
:105C200000A0031800000000B161FF7FB0AA0300CC
:105C3000FFFF011B1A9E020000C6020CB40400E420
:105C4000027E0000F0030CBE040092043600000047
:105C500008B10181B0B000840000000008B10181EA
:105C6000B0B00084000000007161FF7FB0AA0300A3
:105C7000FFFF011F145600007802F2010086012A7E
:105C80000000BE010CE80100DC0102F20100EE019F
:105C90000E0000004561FF7FB0B0A800FFFF0108C3
:105CA00014041A00200400003161FF7FB0B0A80086
:105CB000FFFF010E0404000050308201008801043F
:105CC000000000001561FF7FB0AC0500FFFF012B55
:105CD000143C00005E02BC05006C2A0000A4010C0C
:105CE000B20500C80102BC0500DA01EA010000D2D9
:105CF000030CC60500FC03D401000000DD60FF7F3B
:105D0000B0B0A800FFFF01082A04300040040000E2
:105D100008B10181B0B000840000000008B1018129
:105D2000B0B000840000000008B10181B0B0008470
:105D30000000000008B10181B0B000840000000044
:105D40009960FF7FB0AB1200FFFF01170A0400004B
:105D50002A049801004204680062049001008C014A
:105D60000400000008B10181B0B000840000000010
:105D700008B10181B0B00084000000005D60FF7FC9
:105D8000B0AC0100FFFF0110121400002E046C00E3
:105D90004E0400007204000008B10181B0B000841C
:105DA0000000000008B10181B0B0008400000000D4
:105DB00008B10181B0B000840000000008B1018189
:105DC000B0B000840000000008B10181B0B00084D0
:105DD0000000000008B10181B0B0008400000000A4
:105DE00008B10181B0B000840000000008B1018159
:105DF000B0B000840000000008B10181B0B00084A0
:105E00000000000008B10181B0B000840000000073
:105E100008B10181B0B000840000000008B1018128
:105E2000B0B000840000000008B10181B0B000846F
:105E30000000000008B10181B0B000840000000043
:105E400008B10181B0B000840000000008B10181F8
:105E5000B0B000840000000008B10181B0B000843F
:105E60000000000008B10181B0B000840000000013
:105E7000695FFF7FB0B0A800FFFF010008B101819A
:105E8000B0B0008400000000515FFF7FB0B0A800F8
:105E9000FFFF010C04040000100416001C040000A5
:105EA00008B10181B0B00084000000002D5FFF7FC9
:105EB000B0B0A800FFFF01083C04420056040000F7
:105EC000195FFF7FB0B0A800FFFF01000D5FFF7FEB
:105ED000B0B0A800FFFF010008B10181B0B000849C
:105EE0000000000008B10181B0B000840000000093
:105EF00008B10181B0B000840000000008B1018148
:105F0000B0B000840000000008B10181B0B000848E
:105F10000000000008B10181B0B000840000000062
:105F2000B95EFF7FB0A80B00FFFF0104180200005C
:105F300008B10181B0B000840000000008B1018107
:105F4000B0B0008400000000915EFF7FB0A9120095
:105F5000FFFF010F3A04A401007A04800100A001B0
:105F600004000000755EFF7FAD08B100FFFF012552
:105F70001E04A602003004A402003E04A202004C4B
:105F800004A00200C201049E0200D00104D6010058
:105F90009A0204000000000008B10181B0B0008442
:105FA0000000000008B10181B0B0008400000000D2
:105FB000295EFF7FB0AD0200FFFF010008B1018143
:105FC000B0B0008400000000115EFF7FA908B1009E
:105FD000FFFF0100055EFF7FA908B100FFFF010080
:105FE000F95DFF7FB0AF1600FFFF010E64140000E3
:105FF000A2016A0000B6020400000000DD5DFF7F20
:10600000B0AB2600FFFF0119520200005804F40251
:106010000068D4010000C60204E00200F00204009F
:106020000000000008B10181B0B000840000000051
:1060300008B10181B0B00084000000009D5DFF7FC9
:10604000B0B0AA00FFFF0100915DFF7FB0AA090078
:10605000FFFF0100855DFF7FB0A91200FFFF010077
:10606000795DFF7FB0A91200FFFF01006D5DFF7F2A
:10607000B0AD1600FFFF0100615DFF7FB0AB2600F1
:10608000FFFF0100555DFF7FB0AB2600FFFF010061
:10609000495DFF7FB0AA1100FFFF01003D5DFF7F5A
:1060A000B0AE1100FFFF011F1C5CF402009A010456
:1060B0000000AE0102F40200D2010400008A026670
:1060C0000000FC0204000000115DFF7FB0AB0A007D
:1060D000FFFF015A0E0C00003A048604004A4A00F1
:1060E00000B00104920400C801049E0400E0010411
:1060F000AA0400F80104B60400900204C20400A837
:106100000204CE0400B602CC0100008E040400009C
:106110009A04040000A604040000B204040000BEB7
:1061200004040000CA04040000D6040400000000B7
:1061300008B10181B0B000840000000008B1018105
:10614000B0B000840000000008B10181B0B000844C
:106150000000000008B10181B0B000840000000020
:1061600008B10181B0B000840000000008B10181D5
:10617000B0B000840000000008B10181B0B000841C
:106180000000000008B10181B0B0008400000000F0
:10619000495CFF7FA908B100FFFF010008B1018140
:1061A000B0B0008400000000315CFF7FB0AD120091
:1061B000FFFF010E0E0400007C0482010092010426
:1061C00000000000155CFF7FB0A81100FFFF010870
:1061D0002E0434003C040000015CFF7FB0AC1300CF
:1061E000FFFF010966046C0092010400000000003A
:1061F00008B10181B0B000840000000008B1018145
:08620000B0B0008400000000B2
:1062080010A2FC7F010000007854FE7F2CF3FF7F72
:10621800A454FE7F01000000D856FE7F28F3FF7FBC
:10622800E456FE7F2CF3FF7FEC56FE7F0100000052
:10623800085AFE7FB0AD0280245EFE7FB0A90280BE
:10624800A05EFE7FB0AB0280DC5EFE7F0100000036
:10625800F45EFE7FB0AB0280A05FFE7F00F3FF7F9D
:10626800B05FFE7FB0AD02802460FE7F01000000B9
:106278008060FE7FB0AA0980C860FE7F0100000030
:106288007861FE7FE4F2FF7F7C61FE7FB0B0A8807A
:106298004062FE7F010000006463FE7FB0B0A8800A
:1062A800C863FE7FD0F2FF7FE063FE7F010000003D
:1062B8004C64FE7FCCF2FF7F9464FE7FB0A904801B
:1062C8005465FE7FB0B0AA80F066FE7FA908B18051
:1062D800D467FE7FAB08B180B469FE7F010000007F
:1062E800A26AFE7FA908B180C46AFE7FA8F2FF7F78
:1062F800106BFE7FA83F09803E6BFE7F0084028002
:10630800606BFE7FAB08B1807E6BFE7FB0AF06800E
:10631800746DFE7FB0AB0280C26DFE7F8CF2FF7F92
:10632800D26DFE7FAA3F0B802A6EFE7F88F2FF7F28
:106338002A6EFE7F8CF2FF7F286EFE7F90F2FF7F31
:106348004C6EFE7F94F2FF7F506EFE7F98F2FF7FC7
:10635800746EFE7F9CF2FF7F106FFE7FB0F2FF7FAE
:10636800706FFE7F01000000C46FFE7FB0A801803F
:10637800DC6FFE7FB0F2FF7FE06FFE7F0100000060
:10638800E86FFE7FACF2FF7F0071FE7FA908B18045
:106398008471FE7FC0F2FF7FA871FE7F00840280B7
:1063A800C271FE7F01000000D071FE7F0084028070
:1063B800EA71FE7FB0B0B080EC71FE7FAB08B180AF
:1063C800A473FE7FA908B1802C74FE7F008404802A
:1063D8005874FE7F8CF2FF7F9474FE7F01000000EA
:1063E800B874FE7FA908B180DC74FE7FAB08B18069
:1063F800CC75FE7FB0AA0180FE75FE7FB0A8018033
:106408001876FE7F68F2FF7F6476FE7FB0B0A880C2
:106418008076FE7F70F2FF7F9C76FE7F74F2FF7FAE
:10642800A076FE7F01000000A676FE7F0084028031
:10643800C076FE7F68F2FF7FE876FE7F01000000ED
:106448003878FE7F64F2FF7F7878FE7F68F2FF7FFE
:10645800B078FE7F01000000E078FE7FB0B0AC802D
:106468004079FE7FAF08B180C47AFE7FB0B0A880C3
:10647800507BFE7F010000008E7BFE7FB0B0A880BD
:10648800947BFE7FA908B180E47BFE7F01000000B9
:10649800FC7BFE7FB0B0A880447CFE7FA908B18059
:1064A800587CFE7F1CF2FF7F647CFE7FA908B180C8
:1064B800DC7CFE7F01000000487DFE7FB0B0A88034
:1064C800247EFE7F010000007C7EFE7FA908B1804B
:1064D800C07EFE7FB0B0AA80847FFE7F01000000EE
:1064E8008080FE7FE8F1FF7F8080FE7F0100000052
:1064F8001881FE7FB0A801806C81FE7F010000003A
:106508009A81FE7FB0B0A880C281FE7F01000000A2
:106518005082FE7FB0A805808882FE7FB0AD0480DF
:106528001683FE7FAB08B1802C83FE7F010000003C
:106538007483FE7FB0A803800884FE7FAB08B18017
:10654800C084FE7F010000002C85FE7FB0B0A880CB
:106558008085FE7FA908B1807486FE7FB0B0A880D0
:106568008E86FE7F74F1FF7F9686FE7F78F1FF7F2F
:106578009E86FE7F7CF1FF7FA686FE7F80F1FF7FEF
:10658800B086FE7FB0B0AA801887FE7F01000000A9
:106598006087FE7FB0B0A880B887FE7F0084068041
:1065A800D887FE7FB0A80380F487FE7F008402802E
:1065B8004488FE7FB0A80180AA88FE7FA908B18020
:1065C8001489FE7FB0A801804489FE7F3CF1FF7FDB
:1065D8006089FE7FB0A801808E89FE7F38F1FF7F39
:1065E800AA89FE7FA908B180DA89FE7F34F1FF7F8E
:1065F800F689FE7FA908B180268AFE7F30F1FF7FE9
:10660800448AFE7F01000000588AFE7FA908B180F5
:10661800C88AFE7F01000000F08AFE7F1CF1FF7F20
:10662800048BFE7F01000000708FFE7F18F1FF7F52
:10663800808FFE7F1CF1FF7F948FFE7F20F1FF7F0C
:10664800A48FFE7FB0B0AA80FC8FFE7FB0B0A88078
:106658001090FE7F01000000B490FE7F0CF1FF7FD8
:10666800BC90FE7F10F1FF7FC490FE7F14F1FF7F86
:10667800C690FE7F01000000C490FE7FB0B0A880E5
:10668800E490FE7F010000000491FE7FB0B0A88076
:106698000692FE7FF8F0FF7F0A92FE7FB0B0AA80D4
:1066A8005E92FE7FB0B0AC807C93FE7FAB08B18079
:1066B800A894FE7FB0A80180E894FE7FDCF0FF7FFD
:1066C800EA94FE7FB0A801802C95FE7FD8F0FF7F6A
:1066D8002E95FE7FDCF0FF7F7C95FE7FECF0FF7F40
:1066E800BE95FE7FFCF0FF7F3296FE7F0CF1FF7FA8
:1066F8007496FE7F1CF1FF7FE496FE7FB0B0A88001
:106708001497FE7F28F1FF7F6097FE7F010000004D
:106718006C97FE7F24F1FF7FD897FE7F0100000071
:10672800E897FE7F20F1FF7F4498FE7FB0B0AA80F3
:10673800C098FE7F24F1FF7FC498FE7F28F1FF7F79
:10674800CC98FE7F2CF1FF7FF098FE7F30F1FF7F21
:10675800F898FE7F34F1FF7F1C99FE7F38F1FF7FA8
:106768004899FE7F01000000149AFE7FB0B0A8800F
:10677800289AFE7F2CF1FF7F789AFE7F01000000A7
:10678800E09AFE7FB0B0A880329BFE7FB0A904805B
:10679800709BFE7FAB08B180F09DFE7FB0B0AA80F1
:1067A8009C9EFE7F01000000009FFE7F00F1FF7F9E
:1067B800209FFE7F0100000064A0FE7FB0AE3F80F6
:1067C800BCA5FE7FF4F0FF7FBAA5FE7FF8F0FF7F3F
:1067D800D8A5FE7FFCF0FF7FE0A5FE7FB0B0AA80C1
:1067E800A8A6FE7FB0A80180D8A6FE7F00840280FC
:1067F80014A7FE7FB0B0AA80C4A7FE7FE0F0FF7F99
:10680800F0A7FE7FE4F0FF7FFAA7FE7F00840280F6
:1068180028A8FE7FE0F0FF7F2EA8FE7F0100000081
:1068280088A8FE7FA908B180B0A8FE7F00840280F6
:10683800E4A8FE7F008404800CA9FE7F010000000C
:1068480014A9FE7FBCF0FF7F24A9FE7FB0B0AA8008
:1068580098A9FE7FAB08B1808EAAFE7FB0B0AA804F
:10686800A4AAFE7FA8F0FF7F34ABFE7FB0B0AA8059
:1068780058ABFE7FB0B0AC802CACFE7FB0B0A88027
:1068880054ACFE7FA4F0FF7F58ACFE7FA908B1800E
:1068980048ADFE7FA0F0FF7F18AEFE7FB4F0FF7F0B
:1068A800FEAEFE7F0100000004AFFE7FC0F0FF7F58
:1068B80024AFFE7F010000003EAFFE7FBCF0FF7FEB
:1068C80044AFFE7FC0F0FF7F5CAFFE7FB0B0A88012
:1068D8000CB0FE7F010000001CB0FE7FB0B0A880A5
:1068E80040B0FE7F01000000B0B0FE7FAB08B18071
:1068F800F0B2FE7F9CF0FF7F40B3FE7F01000000F6
:10690800FCB3FE7FAB08B18018B5FE7FA908B18043
:106918007CB5FE7FB0B0A880B8B5FE7F8CF0FF7F55
:10692800B8B5FE7F90F0FF7FB8B5FE7F94F0FF7F8B
:1069380018B7FE7FB0B0AC8068B8FE7F01000000D9
:10694800DCB8FE7F98F0FF7F78B9FE7FACF0FF7F60
:106958001CBAFE7F010000003ABAFE7FB0B0AC80DE
:10696800D6BAFE7FB0A90280F8BAFE7FB0A801802F
:1069780014BBFE7F01000000FCBBFE7FB0A90280B3
:1069880022BCFE7FB0AE01807CBCFE7FB0AD028031
:10699800CABCFE7FAD08B18036BDFE7FB0B0A8800E
:1069A800A8BDFE7F74F0FF7F70BFFE7F9CF0FF7F65
:1069B80020C0FE7F0100000078C0FE7F98F0FF7FB6
:1069C80078CBFE7FB4F1FF7F60CDFE7FB0AA0D804B
:1069D80070CFFE7FAB08B18014D2FE7FC4F1FF7F79
:1069E80016D2FE7F0100000090DBFE7FB0AD028072
:1069F800ACDFFE7FB0A9028028E0FE7FB0B0A8809F
:106A0800ECE0FE7FA8F1FF7F6CE3FE7FDCF1FF7F07
:106A180048E5FE7FAB08B1807AE5FE7FB0B0AC8078
:106A28000EE6FE7FB0A8018050E6FE7F0100000060
:106A38000CE7FE7FB0B0AA804EE7FE7FB0B0A8801A
:106A480068E7FE7FB0B0AA800AE8FE7FB0B0AC80ED
:106A580080E8FE7FB0AD06802CE9FE7FC4F1FF7FA1
:106A68008CEBFE7FE4F1FF7F8AEBFE7FB0A9048008
:106A7800EEEBFE7FB0B0AA8038ECFE7FD8F1FF7F46
:106A880038ECFE7F01000000FAECFE7FB0B0A88071
:106A980070EDFE7FCCF1FF7F80EEFE7FB0A9028013
:106AA800FCEEFE7FE8F1FF7F28EFFE7FF4F1FF7F29
:106AB800E8EFFE7FB0B0A88018F0FE7F00F2FF7FFD
:106AC800F8F2FE7F0100000024F3FE7F28F2FF7F2A
:106AD80070F3FE7F34F2FF7F80F3FE7FB0AA13804D
:106AE800F0F3FE7FB0AA0780E8F4FE7F28F2FF7F6C
:106AF800F8F4FE7FB0A8138050F5FE7F24F2FF7FE4
:106B080050F5FE7F28F2FF7F50F5FE7F2CF2FF7FC5
:106B180008F6FE7F48F2FF7F0EF6FE7F4CF2FF7FFD
:106B280016F6FE7FB0B0A8803CF6FE7F48F2FF7FE5
:106B3800AAF6FE7FB0AB0280F4F6FE7F54F2FF7F28
:106B4800F4F6FE7F58F2FF7FF4F6FE7F5CF2FF7FDB
:106B5800F4F6FE7F60F2FF7FF4F6FE7FB0B0A88007
:106B680004F7FE7F5CF2FF7F04F7FE7FA908B1807F
:106B780028F7FE7F0100000044F7FE7F50F2FF7FF8
:106B880044F7FE7F54F2FF7F44F7FE7F01000000C8
:106B980068F7FE7F50F2FF7F72F7FE7F54F2FF7FA7
:106BA80080F7FE7FB0B0A880D8F7FE7F0100000014
:106BB80008F8FE7F48F2FF7F0AF8FE7F4CF2FF7F5D
:106BC8000CF8FE7FA908B180DCF8FE7FB0B0A88081
:106BD8000CF9FE7F40F2FF7F0EF9FE7F44F2FF7F43
:106BE80010F9FE7FA908B18096F9FE7FB0B0A880A1
:106BF800DEF9FE7F38F2FF7FE0F9FE7F3CF2FF7F8F
:106C0800E8F9FE7FB0B0A8801EFAFE7F0100000000
:106C18004EFAFE7FB0AC018088FAFE7FB0AA0180F0
:106C2800A6FAFE7FB0B0A880BCFAFE7FA908B180A2
:106C3800F0FAFE7FB0B0AA8010FBFE7FAD08B180ED
:106C48005CFBFE7F00F2FF7F5CFBFE7F04F2FF7FB0
:106C58005CFBFE7F0100000078FBFE7FB0B0AA80DD
:106C68005CFDFE7F010000001AFFFE7FB0B0AA8025
:106C780074FFFE7FB0A801809CFFFE7FB0AA018050
:106C88006600FF7F01000000A402FF7FD0F1FF7FB4
:106C9800A802FF7F01000000A802FF7FB0B0A88013
:106CA8005C03FF7FA908B1804404FF7F0100000056
:106CB800980DFF7FB4F1FF7FB00DFF7F010000004A
:106CC800BE0DFF7FB0F1FF7FC00DFF7F0100000008
:106CD800720EFF7FB0A90280B80EFF7FA4F1FF7F7C
:106CE800340FFF7F01000000740FFF7FB0B0A88051
:106CF800CC0FFF7FA4F1FF7FEC0FFF7FA908B180C5
:106D08004810FF7F010000007410FF7F98F1FF7F9B
:106D1800F010FF7FA908B1801A11FF7F9CF1FF7F57
:106D28004811FF7FA0F1FF7FAC11FF7FB0B0AA80B0
:106D3800E811FF7FA93F0E802C12FF7F94F1FF7F9F
:106D48003012FF7FAA3F15807812FF7F90F1FF7FF6
:106D58007C12FF7FA93F0E80CC12FF7F8CF1FF7F52
:106D6800E012FF7FAC3F2F803813FF7FAA13B28059
:106D7800B414FF7FAA3F33801415FF7FB0AA09809F
:106D8800C416FF7F70F1FF7FC816FF7FB0AA098085
:106D9800D017FF7F6CF1FF7FD417FF7FB0AA018067
:106DA8003018FF7F68F1FF7F3418FF7FB0B0A880EC
:106DB8005018FF7F64F1FF7F9018FF7F6CF1FF7F11
:106DC8009A18FF7FB0B0A880A818FF7FB0A90480E8
:106DD800C618FF7F60F1FF7FCC18FF7F64F1FF7F4B
:106DE800BC19FF7F78F1FF7FFC1AFF7FB0B0A88045
:106DF800301BFF7F9CF1FF7F541BFF7FA0F1FF7FBB
:106E08005A1BFF7F01000000741BFF7F9CF1FF7F6E
:106E1800F81BFF7F010000009C1FFF7FB0AA29809C
:106E28004C23FF7F90F1FF7F5023FF7F94F1FF7F7A
:106E38008C23FF7F010000008C23FF7F90F1FF7FF0
:106E4800A023FF7F01000000F423FF7FB0B0AA80D9
:106E58002824FF7F84F1FF7FA025FF7F98F1FF7F23
:106E68003C27FF7FB8F1FF7F6027FF7FBCF1FF7FE2
:106E78006427FF7FC0F1FF7F8827FF7FC4F1FF7F72
:106E8800D827FF7FC8F1FF7F0C28FF7FCCF1FF7F59
:106E98003028FF7F010000004829FF7FC8F1FF7FED
:106EA800F429FF7FCCF1FF7F5C2AFF7FD0F1FF7FC1
:106EB800AC2AFF7F010000008C2BFF7FCCF1FF7F05
:106EC800DA2BFF7F01000000482CFF7FC8F1FF7F0D
:106ED800EC2DFF7FECF1FF7F8C30FF7F010000007D
:106EE8008C30FF7FB0B0A880C030FF7FAB08B18086
:106EF800F430FF7FA908B1800832FF7FB0B0AA80C4
:106F0800E432FF7F01000000FC32FF7F1CF2FF7FAC
:106F18000C33FF7F20F2FF7F1C33FF7F24F2FF7FBB
:106F28002C33FF7F28F2FF7F3C33FF7F2CF2FF7F5B
:106F3800A033FF7F01000000C033FF7FB0A90680A7
:106F48001834FF7F20F2FF7F3034FF7FB0B0A88075
:106F58007034FF7FB0A80380A834FF7FAB08B180EE
:106F68006436FF7F010000005037FF7FAF08B18013
:106F7800403CFF7F01000000B83CFF7FB0AF0880B5
:106F88006C40FF7FB0B0AA80BC41FF7F01000000C9
:106F9800E641FF7FDCF1FF7FE841FF7FE0F1FF7F03
:106FA800EC41FF7FE4F1FF7F2042FF7FB0B0A88073
:106FB8007E42FF7F01000000E042FF7FD8F1FF7FA3
:106FC8000043FF7F010000004843FF7FA908B1800C
:106FD800C444FF7FB0B0A880FC44FF7FC4F1FF7FAA
:106FE8009C45FF7FD8F1FF7FEC45FF7F0100000043
:106FF8000046FF7FDCF1FF7FB046FF7F0100000005
:107008004858FF7FB0A90280D858FF7FB0B0A88049
:107018002859FF7F010000003059FF7FB0B0AA80D7
:107028006859FF7FAE77B280445AFF7FAB3F3A8002
:10703800A45AFF7F01000000B05AFF7FB0B0AA80B9
:10704800EC5AFF7F01000000985BFF7FAB10B28015
:107058000C5CFF7FB0AF0880B45EFF7F01000000CA
:10706800C45EFF7FAC3F03808C61FF7F010000009E
:10707800C061FF7FB0A80380D061FF7F01000000DE
:10708800CC61FF7FB0AD0480C464FF7FB0A80380EB
:10709800E864FF7F54F1FF7FEC64FF7F58F1FF7FC6
:0870A800F864FF7F0100000005
:1070B000A904000849C3010819D3010849DB0108E4
:1070C00071DB010899DB0108C1DB0108E9DB01087C
:1070D00011DC010839DC010861DC010843F1010819
:1070E0004F10020891100208C56902086D9F02083E
:1070F000D9A20208B9A602084DB1020859B7020880
:0471000095B9020833
:0471040081040008FA
:107108000000000000093D00100000000100000020
:107118000000000000000000000000000000000067
:10712800010000000000000000000000AAAAAAAAAE
:10713800B4B90020000002420004024200080242E2
:10714800000C024200100242000000000018024237
:10715800001C0242000000000000000000000000C7
:107168000000000000000000000000000000000017
:10717800000000000001020304050700C0A810E396
:10718800001722EDA50100000E0000000000C83F16
:107198000AD7233F0D000000000048400AD7A33E4D
:1071A8000C0000000000C8400AD7233E0B00000076
:1071B800000048410AD7A33D0A0000000000C8416A
:1071C8000AD7233D09000000000048420AD7A33C23
:1071D800080000000000C8420AD7233C070000004E
:1071E800000048430AD7A33B0F0000000000FA4301
:1071F8006F12033B0600000000007A446F12833AC6
:10720800050000000000FA446F12033A0400000071
:1072180000007A456F128339030000000000FA4528
:107228006F1203390200000000007A460AD7233A99
:10723800010000000000FA466F1203380000000049
:107248004000000019C10208C1D9020850010020FD
:1072580000000000681C0220D01C0220381D0220FB
:107268000000000000000000000000000000000016
:107278000000000000000000000000000000000006
:1072880000000000000000000000000000000000F6
:1072980000000000000000000000000000000000E6
:0872A80003000000681C022035
:040000050801B5F544
:00000001FF
